"MTU (UTC)","Area","Actual Total Load (MW)","Day-ahead Total Load Forecast (MW)"
"01/01/2025 00:00 - 01/01/2025 01:00","CTA|SE","14933.00","15512.00"
"01/01/2025 01:00 - 01/01/2025 02:00","CTA|SE","14510.00","15308.00"
"01/01/2025 02:00 - 01/01/2025 03:00","CTA|SE","14287.00","15162.00"
"01/01/2025 03:00 - 01/01/2025 04:00","CTA|SE","14519.00","15125.00"
"01/01/2025 04:00 - 01/01/2025 05:00","CTA|SE","14604.00","15152.00"
"01/01/2025 05:00 - 01/01/2025 06:00","CTA|SE","14893.00","15424.00"
"01/01/2025 06:00 - 01/01/2025 07:00","CTA|SE","15100.00","15788.00"
"01/01/2025 07:00 - 01/01/2025 08:00","CTA|SE","15539.00","16153.00"
"01/01/2025 08:00 - 01/01/2025 09:00","CTA|SE","15705.00","16497.00"
"01/01/2025 09:00 - 01/01/2025 10:00","CTA|SE","16416.00","16855.00"
"01/01/2025 10:00 - 01/01/2025 11:00","CTA|SE","16879.00","17179.00"
"01/01/2025 11:00 - 01/01/2025 12:00","CTA|SE","17175.00","17400.00"
"01/01/2025 12:00 - 01/01/2025 13:00","CTA|SE","17609.00","17624.00"
"01/01/2025 13:00 - 01/01/2025 14:00","CTA|SE","17820.00","17962.00"
"01/01/2025 14:00 - 01/01/2025 15:00","CTA|SE","18012.00","18450.00"
"01/01/2025 15:00 - 01/01/2025 16:00","CTA|SE","18232.00","18854.00"
"01/01/2025 16:00 - 01/01/2025 17:00","CTA|SE","18516.00","18909.00"
"01/01/2025 17:00 - 01/01/2025 18:00","CTA|SE","18099.00","18729.00"
"01/01/2025 18:00 - 01/01/2025 19:00","CTA|SE","17797.00","18457.00"
"01/01/2025 19:00 - 01/01/2025 20:00","CTA|SE","17209.00","18080.00"
"01/01/2025 20:00 - 01/01/2025 21:00","CTA|SE","17021.00","17621.00"
"01/01/2025 21:00 - 01/01/2025 22:00","CTA|SE","17241.00","17218.00"
"01/01/2025 22:00 - 01/01/2025 23:00","CTA|SE","16893.00","16828.00"
"01/01/2025 23:00 - 02/01/2025 00:00","CTA|SE","16921.00","16604.00"
"02/01/2025 00:00 - 02/01/2025 01:00","CTA|SE","16478.00","16518.00"
"02/01/2025 01:00 - 02/01/2025 02:00","CTA|SE","16808.00","16412.00"
"02/01/2025 02:00 - 02/01/2025 03:00","CTA|SE","16698.00","16422.00"
"02/01/2025 03:00 - 02/01/2025 04:00","CTA|SE","17126.00","16640.00"
"02/01/2025 04:00 - 02/01/2025 05:00","CTA|SE","17578.00","17239.00"
"02/01/2025 05:00 - 02/01/2025 06:00","CTA|SE","18734.00","18441.00"
"02/01/2025 06:00 - 02/01/2025 07:00","CTA|SE","19513.00","19582.00"
"02/01/2025 07:00 - 02/01/2025 08:00","CTA|SE","19869.00","20224.00"
"02/01/2025 08:00 - 02/01/2025 09:00","CTA|SE","20109.00","20468.00"
"02/01/2025 09:00 - 02/01/2025 10:00","CTA|SE","20295.00","20663.00"
"02/01/2025 10:00 - 02/01/2025 11:00","CTA|SE","20489.00","20717.00"
"02/01/2025 11:00 - 02/01/2025 12:00","CTA|SE","20437.00","20718.00"
"02/01/2025 12:00 - 02/01/2025 13:00","CTA|SE","20050.00","20634.00"
"02/01/2025 13:00 - 02/01/2025 14:00","CTA|SE","19923.00","20783.00"
"02/01/2025 14:00 - 02/01/2025 15:00","CTA|SE","20806.00","21135.00"
"02/01/2025 15:00 - 02/01/2025 16:00","CTA|SE","21258.00","21515.00"
"02/01/2025 16:00 - 02/01/2025 17:00","CTA|SE","21320.00","21566.00"
"02/01/2025 17:00 - 02/01/2025 18:00","CTA|SE","21006.00","21199.00"
"02/01/2025 18:00 - 02/01/2025 19:00","CTA|SE","20719.00","20748.00"
"02/01/2025 19:00 - 02/01/2025 20:00","CTA|SE","20067.00","20231.00"
"02/01/2025 20:00 - 02/01/2025 21:00","CTA|SE","19344.00","19571.00"
"02/01/2025 21:00 - 02/01/2025 22:00","CTA|SE","19110.00","18991.00"
"02/01/2025 22:00 - 02/01/2025 23:00","CTA|SE","18724.00","18404.00"
"02/01/2025 23:00 - 03/01/2025 00:00","CTA|SE","18399.00","17877.00"
"03/01/2025 00:00 - 03/01/2025 01:00","CTA|SE","18006.00","17610.00"
"03/01/2025 01:00 - 03/01/2025 02:00","CTA|SE","17926.00","17492.00"
"03/01/2025 02:00 - 03/01/2025 03:00","CTA|SE","17792.00","17485.00"
"03/01/2025 03:00 - 03/01/2025 04:00","CTA|SE","17850.00","17630.00"
"03/01/2025 04:00 - 03/01/2025 05:00","CTA|SE","18368.00","18090.00"
"03/01/2025 05:00 - 03/01/2025 06:00","CTA|SE","19254.00","19161.00"
"03/01/2025 06:00 - 03/01/2025 07:00","CTA|SE","19956.00","20309.00"
"03/01/2025 07:00 - 03/01/2025 08:00","CTA|SE","20680.00","20981.00"
"03/01/2025 08:00 - 03/01/2025 09:00","CTA|SE","20973.00","21236.00"
"03/01/2025 09:00 - 03/01/2025 10:00","CTA|SE","21589.00","21493.00"
"03/01/2025 10:00 - 03/01/2025 11:00","CTA|SE","21388.00","21539.00"
"03/01/2025 11:00 - 03/01/2025 12:00","CTA|SE","21759.00","21547.00"
"03/01/2025 12:00 - 03/01/2025 13:00","CTA|SE","21595.00","21502.00"
"03/01/2025 13:00 - 03/01/2025 14:00","CTA|SE","21163.00","21575.00"
"03/01/2025 14:00 - 03/01/2025 15:00","CTA|SE","20860.00","21885.00"
"03/01/2025 15:00 - 03/01/2025 16:00","CTA|SE","21846.00","22151.00"
"03/01/2025 16:00 - 03/01/2025 17:00","CTA|SE","21777.00","22216.00"
"03/01/2025 17:00 - 03/01/2025 18:00","CTA|SE","21820.00","21769.00"
"03/01/2025 18:00 - 03/01/2025 19:00","CTA|SE","21402.00","21324.00"
"03/01/2025 19:00 - 03/01/2025 20:00","CTA|SE","20659.00","20851.00"
"03/01/2025 20:00 - 03/01/2025 21:00","CTA|SE","19965.00","20242.00"
"03/01/2025 21:00 - 03/01/2025 22:00","CTA|SE","19647.00","19672.00"
"03/01/2025 22:00 - 03/01/2025 23:00","CTA|SE","19082.00","19147.00"
"03/01/2025 23:00 - 04/01/2025 00:00","CTA|SE","19085.00","18583.00"
"04/01/2025 00:00 - 04/01/2025 01:00","CTA|SE","18712.00","18278.00"
"04/01/2025 01:00 - 04/01/2025 02:00","CTA|SE","18538.00","18117.00"
"04/01/2025 02:00 - 04/01/2025 03:00","CTA|SE","18448.00","18059.00"
"04/01/2025 03:00 - 04/01/2025 04:00","CTA|SE","18509.00","18042.00"
"04/01/2025 04:00 - 04/01/2025 05:00","CTA|SE","18541.00","18135.00"
"04/01/2025 05:00 - 04/01/2025 06:00","CTA|SE","18726.00","18494.00"
"04/01/2025 06:00 - 04/01/2025 07:00","CTA|SE","18722.00","18938.00"
"04/01/2025 07:00 - 04/01/2025 08:00","CTA|SE","19352.00","19392.00"
"04/01/2025 08:00 - 04/01/2025 09:00","CTA|SE","19972.00","19715.00"
"04/01/2025 09:00 - 04/01/2025 10:00","CTA|SE","20578.00","20016.00"
"04/01/2025 10:00 - 04/01/2025 11:00","CTA|SE","20494.00","19976.00"
"04/01/2025 11:00 - 04/01/2025 12:00","CTA|SE","20606.00","19936.00"
"04/01/2025 12:00 - 04/01/2025 13:00","CTA|SE","20272.00","19853.00"
"04/01/2025 13:00 - 04/01/2025 14:00","CTA|SE","20236.00","19886.00"
"04/01/2025 14:00 - 04/01/2025 15:00","CTA|SE","20405.00","20285.00"
"04/01/2025 15:00 - 04/01/2025 16:00","CTA|SE","20973.00","20720.00"
"04/01/2025 16:00 - 04/01/2025 17:00","CTA|SE","21085.00","20876.00"
"04/01/2025 17:00 - 04/01/2025 18:00","CTA|SE","20974.00","20586.00"
"04/01/2025 18:00 - 04/01/2025 19:00","CTA|SE","20663.00","20149.00"
"04/01/2025 19:00 - 04/01/2025 20:00","CTA|SE","20234.00","19694.00"
"04/01/2025 20:00 - 04/01/2025 21:00","CTA|SE","19709.00","19195.00"
"04/01/2025 21:00 - 04/01/2025 22:00","CTA|SE","19170.00","18741.00"
"04/01/2025 22:00 - 04/01/2025 23:00","CTA|SE","19097.00","18286.00"
"04/01/2025 23:00 - 05/01/2025 00:00","CTA|SE","19007.00","18146.00"
"05/01/2025 00:00 - 05/01/2025 01:00","CTA|SE","18699.00","17935.00"
"05/01/2025 01:00 - 05/01/2025 02:00","CTA|SE","18466.00","17818.00"
"05/01/2025 02:00 - 05/01/2025 03:00","CTA|SE","18548.00","17779.00"
"05/01/2025 03:00 - 05/01/2025 04:00","CTA|SE","18620.00","17817.00"
"05/01/2025 04:00 - 05/01/2025 05:00","CTA|SE","18759.00","17889.00"
"05/01/2025 05:00 - 05/01/2025 06:00","CTA|SE","18981.00","18203.00"
"05/01/2025 06:00 - 05/01/2025 07:00","CTA|SE","19450.00","18709.00"
"05/01/2025 07:00 - 05/01/2025 08:00","CTA|SE","20002.00","19202.00"
"05/01/2025 08:00 - 05/01/2025 09:00","CTA|SE","20244.00","19600.00"
"05/01/2025 09:00 - 05/01/2025 10:00","CTA|SE","20624.00","20063.00"
"05/01/2025 10:00 - 05/01/2025 11:00","CTA|SE","21206.00","20169.00"
"05/01/2025 11:00 - 05/01/2025 12:00","CTA|SE","21230.00","20185.00"
"05/01/2025 12:00 - 05/01/2025 13:00","CTA|SE","20840.00","20177.00"
"05/01/2025 13:00 - 05/01/2025 14:00","CTA|SE","20790.00","20266.00"
"05/01/2025 14:00 - 05/01/2025 15:00","CTA|SE","21130.00","20529.00"
"05/01/2025 15:00 - 05/01/2025 16:00","CTA|SE","21984.00","20937.00"
"05/01/2025 16:00 - 05/01/2025 17:00","CTA|SE","22057.00","21034.00"
"05/01/2025 17:00 - 05/01/2025 18:00","CTA|SE","21828.00","20767.00"
"05/01/2025 18:00 - 05/01/2025 19:00","CTA|SE","21351.00","20355.00"
"05/01/2025 19:00 - 05/01/2025 20:00","CTA|SE","20873.00","19898.00"
"05/01/2025 20:00 - 05/01/2025 21:00","CTA|SE","20333.00","19264.00"
"05/01/2025 21:00 - 05/01/2025 22:00","CTA|SE","19750.00","18651.00"
"05/01/2025 22:00 - 05/01/2025 23:00","CTA|SE","19269.00","18080.00"
"05/01/2025 23:00 - 06/01/2025 00:00","CTA|SE","18599.00","18219.00"
"06/01/2025 00:00 - 06/01/2025 01:00","CTA|SE","18573.00","17938.00"
"06/01/2025 01:00 - 06/01/2025 02:00","CTA|SE","18601.00","17760.00"
"06/01/2025 02:00 - 06/01/2025 03:00","CTA|SE","18524.00","17655.00"
"06/01/2025 03:00 - 06/01/2025 04:00","CTA|SE","18491.00","17602.00"
"06/01/2025 04:00 - 06/01/2025 05:00","CTA|SE","18492.00","17711.00"
"06/01/2025 05:00 - 06/01/2025 06:00","CTA|SE","18945.00","18116.00"
"06/01/2025 06:00 - 06/01/2025 07:00","CTA|SE","19452.00","18662.00"
"06/01/2025 07:00 - 06/01/2025 08:00","CTA|SE","19851.00","19200.00"
"06/01/2025 08:00 - 06/01/2025 09:00","CTA|SE","20060.00","19557.00"
"06/01/2025 09:00 - 06/01/2025 10:00","CTA|SE","20352.00","19894.00"
"06/01/2025 10:00 - 06/01/2025 11:00","CTA|SE","20697.00","20010.00"
"06/01/2025 11:00 - 06/01/2025 12:00","CTA|SE","20685.00","20024.00"
"06/01/2025 12:00 - 06/01/2025 13:00","CTA|SE","20467.00","19943.00"
"06/01/2025 13:00 - 06/01/2025 14:00","CTA|SE","20434.00","20011.00"
"06/01/2025 14:00 - 06/01/2025 15:00","CTA|SE","20601.00","20281.00"
"06/01/2025 15:00 - 06/01/2025 16:00","CTA|SE","21103.00","20551.00"
"06/01/2025 16:00 - 06/01/2025 17:00","CTA|SE","21428.00","20537.00"
"06/01/2025 17:00 - 06/01/2025 18:00","CTA|SE","21042.00","20215.00"
"06/01/2025 18:00 - 06/01/2025 19:00","CTA|SE","20644.00","19775.00"
"06/01/2025 19:00 - 06/01/2025 20:00","CTA|SE","20299.00","19196.00"
"06/01/2025 20:00 - 06/01/2025 21:00","CTA|SE","19251.00","18558.00"
"06/01/2025 21:00 - 06/01/2025 22:00","CTA|SE","18985.00","17952.00"
"06/01/2025 22:00 - 06/01/2025 23:00","CTA|SE","18548.00","17311.00"
"06/01/2025 23:00 - 07/01/2025 00:00","CTA|SE","18210.00","17390.00"
"07/01/2025 00:00 - 07/01/2025 01:00","CTA|SE","18232.00","17153.00"
"07/01/2025 01:00 - 07/01/2025 02:00","CTA|SE","18034.00","17091.00"
"07/01/2025 02:00 - 07/01/2025 03:00","CTA|SE","17725.00","17078.00"
"07/01/2025 03:00 - 07/01/2025 04:00","CTA|SE","18111.00","17193.00"
"07/01/2025 04:00 - 07/01/2025 05:00","CTA|SE","18600.00","17792.00"
"07/01/2025 05:00 - 07/01/2025 06:00","CTA|SE","19882.00","19114.00"
"07/01/2025 06:00 - 07/01/2025 07:00","CTA|SE","21003.00","20417.00"
"07/01/2025 07:00 - 07/01/2025 08:00","CTA|SE","21235.00","20860.00"
"07/01/2025 08:00 - 07/01/2025 09:00","CTA|SE","21115.00","20909.00"
"07/01/2025 09:00 - 07/01/2025 10:00","CTA|SE","21499.00","20919.00"
"07/01/2025 10:00 - 07/01/2025 11:00","CTA|SE","21367.00","20921.00"
"07/01/2025 11:00 - 07/01/2025 12:00","CTA|SE","20828.00","20850.00"
"07/01/2025 12:00 - 07/01/2025 13:00","CTA|SE","20826.00","20769.00"
"07/01/2025 13:00 - 07/01/2025 14:00","CTA|SE","20827.00","20764.00"
"07/01/2025 14:00 - 07/01/2025 15:00","CTA|SE","20944.00","20986.00"
"07/01/2025 15:00 - 07/01/2025 16:00","CTA|SE","21216.00","21240.00"
"07/01/2025 16:00 - 07/01/2025 17:00","CTA|SE","21564.00","21331.00"
"07/01/2025 17:00 - 07/01/2025 18:00","CTA|SE","21287.00","21023.00"
"07/01/2025 18:00 - 07/01/2025 19:00","CTA|SE","21088.00","20575.00"
"07/01/2025 19:00 - 07/01/2025 20:00","CTA|SE","20329.00","20041.00"
"07/01/2025 20:00 - 07/01/2025 21:00","CTA|SE","19738.00","19372.00"
"07/01/2025 21:00 - 07/01/2025 22:00","CTA|SE","18905.00","18664.00"
"07/01/2025 22:00 - 07/01/2025 23:00","CTA|SE","17908.00","17969.00"
"07/01/2025 23:00 - 08/01/2025 00:00","CTA|SE","17599.00","17383.00"
"08/01/2025 00:00 - 08/01/2025 01:00","CTA|SE","17392.00","17115.00"
"08/01/2025 01:00 - 08/01/2025 02:00","CTA|SE","17113.00","16998.00"
"08/01/2025 02:00 - 08/01/2025 03:00","CTA|SE","17031.00","16967.00"
"08/01/2025 03:00 - 08/01/2025 04:00","CTA|SE","17471.00","17107.00"
"08/01/2025 04:00 - 08/01/2025 05:00","CTA|SE","17903.00","17646.00"
"08/01/2025 05:00 - 08/01/2025 06:00","CTA|SE","19708.00","18982.00"
"08/01/2025 06:00 - 08/01/2025 07:00","CTA|SE","21084.00","20262.00"
"08/01/2025 07:00 - 08/01/2025 08:00","CTA|SE","21223.00","20613.00"
"08/01/2025 08:00 - 08/01/2025 09:00","CTA|SE","21176.00","20632.00"
"08/01/2025 09:00 - 08/01/2025 10:00","CTA|SE","21290.00","20675.00"
"08/01/2025 10:00 - 08/01/2025 11:00","CTA|SE","21301.00","20633.00"
"08/01/2025 11:00 - 08/01/2025 12:00","CTA|SE","21365.00","20600.00"
"08/01/2025 12:00 - 08/01/2025 13:00","CTA|SE","21172.00","20540.00"
"08/01/2025 13:00 - 08/01/2025 14:00","CTA|SE","21435.00","20625.00"
"08/01/2025 14:00 - 08/01/2025 15:00","CTA|SE","21581.00","20890.00"
"08/01/2025 15:00 - 08/01/2025 16:00","CTA|SE","22065.00","21202.00"
"08/01/2025 16:00 - 08/01/2025 17:00","CTA|SE","22264.00","21319.00"
"08/01/2025 17:00 - 08/01/2025 18:00","CTA|SE","22053.00","21021.00"
"08/01/2025 18:00 - 08/01/2025 19:00","CTA|SE","21590.00","20582.00"
"08/01/2025 19:00 - 08/01/2025 20:00","CTA|SE","20995.00","20040.00"
"08/01/2025 20:00 - 08/01/2025 21:00","CTA|SE","20401.00","19321.00"
"08/01/2025 21:00 - 08/01/2025 22:00","CTA|SE","19539.00","18671.00"
"08/01/2025 22:00 - 08/01/2025 23:00","CTA|SE","18940.00","17999.00"
"08/01/2025 23:00 - 09/01/2025 00:00","CTA|SE","18598.00","17342.00"
"09/01/2025 00:00 - 09/01/2025 01:00","CTA|SE","18526.00","17112.00"
"09/01/2025 01:00 - 09/01/2025 02:00","CTA|SE","18175.00","17022.00"
"09/01/2025 02:00 - 09/01/2025 03:00","CTA|SE","17988.00","17001.00"
"09/01/2025 03:00 - 09/01/2025 04:00","CTA|SE","18183.00","17192.00"
"09/01/2025 04:00 - 09/01/2025 05:00","CTA|SE","18735.00","17796.00"
"09/01/2025 05:00 - 09/01/2025 06:00","CTA|SE","20260.00","19212.00"
"09/01/2025 06:00 - 09/01/2025 07:00","CTA|SE","21520.00","20495.00"
"09/01/2025 07:00 - 09/01/2025 08:00","CTA|SE","21893.00","20899.00"
"09/01/2025 08:00 - 09/01/2025 09:00","CTA|SE","21534.00","20881.00"
"09/01/2025 09:00 - 09/01/2025 10:00","CTA|SE","21382.00","20947.00"
"09/01/2025 10:00 - 09/01/2025 11:00","CTA|SE","21052.00","20917.00"
"09/01/2025 11:00 - 09/01/2025 12:00","CTA|SE","20933.00","20865.00"
"09/01/2025 12:00 - 09/01/2025 13:00","CTA|SE","20868.00","20756.00"
"09/01/2025 13:00 - 09/01/2025 14:00","CTA|SE","20937.00","20818.00"
"09/01/2025 14:00 - 09/01/2025 15:00","CTA|SE","21261.00","21158.00"
"09/01/2025 15:00 - 09/01/2025 16:00","CTA|SE","21673.00","21494.00"
"09/01/2025 16:00 - 09/01/2025 17:00","CTA|SE","21894.00","21665.00"
"09/01/2025 17:00 - 09/01/2025 18:00","CTA|SE","21539.00","21361.00"
"09/01/2025 18:00 - 09/01/2025 19:00","CTA|SE","21126.00","20925.00"
"09/01/2025 19:00 - 09/01/2025 20:00","CTA|SE","20454.00","20406.00"
"09/01/2025 20:00 - 09/01/2025 21:00","CTA|SE","19755.00","19742.00"
"09/01/2025 21:00 - 09/01/2025 22:00","CTA|SE","19319.00","19081.00"
"09/01/2025 22:00 - 09/01/2025 23:00","CTA|SE","18796.00","18424.00"
"09/01/2025 23:00 - 10/01/2025 00:00","CTA|SE","18194.00","17830.00"
"10/01/2025 00:00 - 10/01/2025 01:00","CTA|SE","18053.00","17588.00"
"10/01/2025 01:00 - 10/01/2025 02:00","CTA|SE","17916.00","17441.00"
"10/01/2025 02:00 - 10/01/2025 03:00","CTA|SE","17792.00","17415.00"
"10/01/2025 03:00 - 10/01/2025 04:00","CTA|SE","17808.00","17568.00"
"10/01/2025 04:00 - 10/01/2025 05:00","CTA|SE","18409.00","18207.00"
"10/01/2025 05:00 - 10/01/2025 06:00","CTA|SE","20001.00","19697.00"
"10/01/2025 06:00 - 10/01/2025 07:00","CTA|SE","21496.00","20995.00"
"10/01/2025 07:00 - 10/01/2025 08:00","CTA|SE","22000.00","21451.00"
"10/01/2025 08:00 - 10/01/2025 09:00","CTA|SE","22026.00","21480.00"
"10/01/2025 09:00 - 10/01/2025 10:00","CTA|SE","21902.00","21509.00"
"10/01/2025 10:00 - 10/01/2025 11:00","CTA|SE","21678.00","21392.00"
"10/01/2025 11:00 - 10/01/2025 12:00","CTA|SE","21352.00","21288.00"
"10/01/2025 12:00 - 10/01/2025 13:00","CTA|SE","21416.00","21139.00"
"10/01/2025 13:00 - 10/01/2025 14:00","CTA|SE","21343.00","21109.00"
"10/01/2025 14:00 - 10/01/2025 15:00","CTA|SE","21375.00","21348.00"
"10/01/2025 15:00 - 10/01/2025 16:00","CTA|SE","21358.00","21709.00"
"10/01/2025 16:00 - 10/01/2025 17:00","CTA|SE","21347.00","21846.00"
"10/01/2025 17:00 - 10/01/2025 18:00","CTA|SE","21168.00","21499.00"
"10/01/2025 18:00 - 10/01/2025 19:00","CTA|SE","20742.00","20965.00"
"10/01/2025 19:00 - 10/01/2025 20:00","CTA|SE","20162.00","20406.00"
"10/01/2025 20:00 - 10/01/2025 21:00","CTA|SE","19450.00","19782.00"
"10/01/2025 21:00 - 10/01/2025 22:00","CTA|SE","18884.00","19219.00"
"10/01/2025 22:00 - 10/01/2025 23:00","CTA|SE","18391.00","18729.00"
"10/01/2025 23:00 - 11/01/2025 00:00","CTA|SE","18208.00","18240.00"
"11/01/2025 00:00 - 11/01/2025 01:00","CTA|SE","17761.00","18007.00"
"11/01/2025 01:00 - 11/01/2025 02:00","CTA|SE","17413.00","17894.00"
"11/01/2025 02:00 - 11/01/2025 03:00","CTA|SE","17263.00","17863.00"
"11/01/2025 03:00 - 11/01/2025 04:00","CTA|SE","17129.00","17863.00"
"11/01/2025 04:00 - 11/01/2025 05:00","CTA|SE","17681.00","17977.00"
"11/01/2025 05:00 - 11/01/2025 06:00","CTA|SE","17945.00","18348.00"
"11/01/2025 06:00 - 11/01/2025 07:00","CTA|SE","18255.00","18827.00"
"11/01/2025 07:00 - 11/01/2025 08:00","CTA|SE","18434.00","19348.00"
"11/01/2025 08:00 - 11/01/2025 09:00","CTA|SE","19114.00","19785.00"
"11/01/2025 09:00 - 11/01/2025 10:00","CTA|SE","19754.00","20145.00"
"11/01/2025 10:00 - 11/01/2025 11:00","CTA|SE","19466.00","20226.00"
"11/01/2025 11:00 - 11/01/2025 12:00","CTA|SE","19936.00","20113.00"
"11/01/2025 12:00 - 11/01/2025 13:00","CTA|SE","19831.00","19966.00"
"11/01/2025 13:00 - 11/01/2025 14:00","CTA|SE","19262.00","19957.00"
"11/01/2025 14:00 - 11/01/2025 15:00","CTA|SE","19598.00","20337.00"
"11/01/2025 15:00 - 11/01/2025 16:00","CTA|SE","20763.00","20870.00"
"11/01/2025 16:00 - 11/01/2025 17:00","CTA|SE","21180.00","21052.00"
"11/01/2025 17:00 - 11/01/2025 18:00","CTA|SE","20750.00","20815.00"
"11/01/2025 18:00 - 11/01/2025 19:00","CTA|SE","19944.00","20365.00"
"11/01/2025 19:00 - 11/01/2025 20:00","CTA|SE","19408.00","19865.00"
"11/01/2025 20:00 - 11/01/2025 21:00","CTA|SE","19146.00","19312.00"
"11/01/2025 21:00 - 11/01/2025 22:00","CTA|SE","18291.00","18866.00"
"11/01/2025 22:00 - 11/01/2025 23:00","CTA|SE","17689.00","18416.00"
"11/01/2025 23:00 - 12/01/2025 00:00","CTA|SE","17720.00","18340.00"
"12/01/2025 00:00 - 12/01/2025 01:00","CTA|SE","17749.00","18114.00"
"12/01/2025 01:00 - 12/01/2025 02:00","CTA|SE","17772.00","17975.00"
"12/01/2025 02:00 - 12/01/2025 03:00","CTA|SE","17366.00","17912.00"
"12/01/2025 03:00 - 12/01/2025 04:00","CTA|SE","17579.00","17937.00"
"12/01/2025 04:00 - 12/01/2025 05:00","CTA|SE","17863.00","18067.00"
"12/01/2025 05:00 - 12/01/2025 06:00","CTA|SE","18303.00","18434.00"
"12/01/2025 06:00 - 12/01/2025 07:00","CTA|SE","18889.00","18960.00"
"12/01/2025 07:00 - 12/01/2025 08:00","CTA|SE","19511.00","19485.00"
"12/01/2025 08:00 - 12/01/2025 09:00","CTA|SE","20052.00","19977.00"
"12/01/2025 09:00 - 12/01/2025 10:00","CTA|SE","20419.00","20343.00"
"12/01/2025 10:00 - 12/01/2025 11:00","CTA|SE","20415.00","20466.00"
"12/01/2025 11:00 - 12/01/2025 12:00","CTA|SE","20096.00","20400.00"
"12/01/2025 12:00 - 12/01/2025 13:00","CTA|SE","19881.00","20268.00"
"12/01/2025 13:00 - 12/01/2025 14:00","CTA|SE","19786.00","20321.00"
"12/01/2025 14:00 - 12/01/2025 15:00","CTA|SE","20438.00","20720.00"
"12/01/2025 15:00 - 12/01/2025 16:00","CTA|SE","21718.00","21411.00"
"12/01/2025 16:00 - 12/01/2025 17:00","CTA|SE","22011.00","21768.00"
"12/01/2025 17:00 - 12/01/2025 18:00","CTA|SE","22086.00","21622.00"
"12/01/2025 18:00 - 12/01/2025 19:00","CTA|SE","21912.00","21262.00"
"12/01/2025 19:00 - 12/01/2025 20:00","CTA|SE","21281.00","20872.00"
"12/01/2025 20:00 - 12/01/2025 21:00","CTA|SE","20417.00","20330.00"
"12/01/2025 21:00 - 12/01/2025 22:00","CTA|SE","19740.00","19756.00"
"12/01/2025 22:00 - 12/01/2025 23:00","CTA|SE","19680.00","19225.00"
"12/01/2025 23:00 - 13/01/2025 00:00","CTA|SE","19597.00","18981.00"
"13/01/2025 00:00 - 13/01/2025 01:00","CTA|SE","19149.00","18738.00"
"13/01/2025 01:00 - 13/01/2025 02:00","CTA|SE","18540.00","18644.00"
"13/01/2025 02:00 - 13/01/2025 03:00","CTA|SE","18285.00","18599.00"
"13/01/2025 03:00 - 13/01/2025 04:00","CTA|SE","18513.00","18665.00"
"13/01/2025 04:00 - 13/01/2025 05:00","CTA|SE","19270.00","19175.00"
"13/01/2025 05:00 - 13/01/2025 06:00","CTA|SE","20717.00","20521.00"
"13/01/2025 06:00 - 13/01/2025 07:00","CTA|SE","21942.00","21771.00"
"13/01/2025 07:00 - 13/01/2025 08:00","CTA|SE","22899.00","22123.00"
"13/01/2025 08:00 - 13/01/2025 09:00","CTA|SE","23187.00","21933.00"
"13/01/2025 09:00 - 13/01/2025 10:00","CTA|SE","23162.00","21773.00"
"13/01/2025 10:00 - 13/01/2025 11:00","CTA|SE","22948.00","21569.00"
"13/01/2025 11:00 - 13/01/2025 12:00","CTA|SE","22915.00","21327.00"
"13/01/2025 12:00 - 13/01/2025 13:00","CTA|SE","22773.00","21130.00"
"13/01/2025 13:00 - 13/01/2025 14:00","CTA|SE","21668.00","21058.00"
"13/01/2025 14:00 - 13/01/2025 15:00","CTA|SE","21519.00","21210.00"
"13/01/2025 15:00 - 13/01/2025 16:00","CTA|SE","21715.00","21345.00"
"13/01/2025 16:00 - 13/01/2025 17:00","CTA|SE","21815.00","21437.00"
"13/01/2025 17:00 - 13/01/2025 18:00","CTA|SE","21243.00","21006.00"
"13/01/2025 18:00 - 13/01/2025 19:00","CTA|SE","20913.00","20445.00"
"13/01/2025 19:00 - 13/01/2025 20:00","CTA|SE","20395.00","19804.00"
"13/01/2025 20:00 - 13/01/2025 21:00","CTA|SE","19503.00","19044.00"
"13/01/2025 21:00 - 13/01/2025 22:00","CTA|SE","18700.00","18143.00"
"13/01/2025 22:00 - 13/01/2025 23:00","CTA|SE","17469.00","17337.00"
"13/01/2025 23:00 - 14/01/2025 00:00","CTA|SE","16918.00","16926.00"
"14/01/2025 00:00 - 14/01/2025 01:00","CTA|SE","16669.00","16591.00"
"14/01/2025 01:00 - 14/01/2025 02:00","CTA|SE","16243.00","16421.00"
"14/01/2025 02:00 - 14/01/2025 03:00","CTA|SE","15951.00","16346.00"
"14/01/2025 03:00 - 14/01/2025 04:00","CTA|SE","15986.00","16432.00"
"14/01/2025 04:00 - 14/01/2025 05:00","CTA|SE","16617.00","16996.00"
"14/01/2025 05:00 - 14/01/2025 06:00","CTA|SE","18398.00","18390.00"
"14/01/2025 06:00 - 14/01/2025 07:00","CTA|SE","19902.00","19672.00"
"14/01/2025 07:00 - 14/01/2025 08:00","CTA|SE","19950.00","19972.00"
"14/01/2025 08:00 - 14/01/2025 09:00","CTA|SE","19961.00","19927.00"
"14/01/2025 09:00 - 14/01/2025 10:00","CTA|SE","20023.00","19908.00"
"14/01/2025 10:00 - 14/01/2025 11:00","CTA|SE","19895.00","19858.00"
"14/01/2025 11:00 - 14/01/2025 12:00","CTA|SE","19835.00","19821.00"
"14/01/2025 12:00 - 14/01/2025 13:00","CTA|SE","19842.00","19707.00"
"14/01/2025 13:00 - 14/01/2025 14:00","CTA|SE","19605.00","19678.00"
"14/01/2025 14:00 - 14/01/2025 15:00","CTA|SE","19072.00","19903.00"
"14/01/2025 15:00 - 14/01/2025 16:00","CTA|SE","20298.00","20222.00"
"14/01/2025 16:00 - 14/01/2025 17:00","CTA|SE","19864.00","20417.00"
"14/01/2025 17:00 - 14/01/2025 18:00","CTA|SE","19644.00","20097.00"
"14/01/2025 18:00 - 14/01/2025 19:00","CTA|SE","19246.00","19682.00"
"14/01/2025 19:00 - 14/01/2025 20:00","CTA|SE","18849.00","19177.00"
"14/01/2025 20:00 - 14/01/2025 21:00","CTA|SE","18208.00","18499.00"
"14/01/2025 21:00 - 14/01/2025 22:00","CTA|SE","17446.00","17784.00"
"14/01/2025 22:00 - 14/01/2025 23:00","CTA|SE","16991.00","17105.00"
"14/01/2025 23:00 - 15/01/2025 00:00","CTA|SE","16361.00","16680.00"
"15/01/2025 00:00 - 15/01/2025 01:00","CTA|SE","16061.00","16465.00"
"15/01/2025 01:00 - 15/01/2025 02:00","CTA|SE","16122.00","16383.00"
"15/01/2025 02:00 - 15/01/2025 03:00","CTA|SE","16209.00","16406.00"
"15/01/2025 03:00 - 15/01/2025 04:00","CTA|SE","16398.00","16604.00"
"15/01/2025 04:00 - 15/01/2025 05:00","CTA|SE","16965.00","17286.00"
"15/01/2025 05:00 - 15/01/2025 06:00","CTA|SE","18441.00","18823.00"
"15/01/2025 06:00 - 15/01/2025 07:00","CTA|SE","20020.00","20198.00"
"15/01/2025 07:00 - 15/01/2025 08:00","CTA|SE","20065.00","20539.00"
"15/01/2025 08:00 - 15/01/2025 09:00","CTA|SE","19798.00","20501.00"
"15/01/2025 09:00 - 15/01/2025 10:00","CTA|SE","19583.00","20436.00"
"15/01/2025 10:00 - 15/01/2025 11:00","CTA|SE","19084.00","20261.00"
"15/01/2025 11:00 - 15/01/2025 12:00","CTA|SE","18886.00","20014.00"
"15/01/2025 12:00 - 15/01/2025 13:00","CTA|SE","18896.00","19784.00"
"15/01/2025 13:00 - 15/01/2025 14:00","CTA|SE","19098.00","19745.00"
"15/01/2025 14:00 - 15/01/2025 15:00","CTA|SE","19558.00","19955.00"
"15/01/2025 15:00 - 15/01/2025 16:00","CTA|SE","20097.00","20246.00"
"15/01/2025 16:00 - 15/01/2025 17:00","CTA|SE","20189.00","20382.00"
"15/01/2025 17:00 - 15/01/2025 18:00","CTA|SE","19971.00","20007.00"
"15/01/2025 18:00 - 15/01/2025 19:00","CTA|SE","19533.00","19485.00"
"15/01/2025 19:00 - 15/01/2025 20:00","CTA|SE","19180.00","18918.00"
"15/01/2025 20:00 - 15/01/2025 21:00","CTA|SE","18536.00","18185.00"
"15/01/2025 21:00 - 15/01/2025 22:00","CTA|SE","17724.00","17383.00"
"15/01/2025 22:00 - 15/01/2025 23:00","CTA|SE","17296.00","16616.00"
"15/01/2025 23:00 - 16/01/2025 00:00","CTA|SE","16155.00","15987.00"
"16/01/2025 00:00 - 16/01/2025 01:00","CTA|SE","15876.00","15659.00"
"16/01/2025 01:00 - 16/01/2025 02:00","CTA|SE","15560.00","15464.00"
"16/01/2025 02:00 - 16/01/2025 03:00","CTA|SE","15477.00","15382.00"
"16/01/2025 03:00 - 16/01/2025 04:00","CTA|SE","15520.00","15477.00"
"16/01/2025 04:00 - 16/01/2025 05:00","CTA|SE","16142.00","16085.00"
"16/01/2025 05:00 - 16/01/2025 06:00","CTA|SE","17628.00","17564.00"
"16/01/2025 06:00 - 16/01/2025 07:00","CTA|SE","19094.00","18867.00"
"16/01/2025 07:00 - 16/01/2025 08:00","CTA|SE","19468.00","19211.00"
"16/01/2025 08:00 - 16/01/2025 09:00","CTA|SE","19098.00","19182.00"
"16/01/2025 09:00 - 16/01/2025 10:00","CTA|SE","19027.00","19178.00"
"16/01/2025 10:00 - 16/01/2025 11:00","CTA|SE","18940.00","19123.00"
"16/01/2025 11:00 - 16/01/2025 12:00","CTA|SE","18832.00","19057.00"
"16/01/2025 12:00 - 16/01/2025 13:00","CTA|SE","18871.00","18935.00"
"16/01/2025 13:00 - 16/01/2025 14:00","CTA|SE","18925.00","18961.00"
"16/01/2025 14:00 - 16/01/2025 15:00","CTA|SE","19416.00","19204.00"
"16/01/2025 15:00 - 16/01/2025 16:00","CTA|SE","19825.00","19519.00"
"16/01/2025 16:00 - 16/01/2025 17:00","CTA|SE","19594.00","19718.00"
"16/01/2025 17:00 - 16/01/2025 18:00","CTA|SE","19037.00","19362.00"
"16/01/2025 18:00 - 16/01/2025 19:00","CTA|SE","18476.00","18921.00"
"16/01/2025 19:00 - 16/01/2025 20:00","CTA|SE","18049.00","18401.00"
"16/01/2025 20:00 - 16/01/2025 21:00","CTA|SE","17805.00","17744.00"
"16/01/2025 21:00 - 16/01/2025 22:00","CTA|SE","17195.00","17000.00"
"16/01/2025 22:00 - 16/01/2025 23:00","CTA|SE","16145.00","16287.00"
"16/01/2025 23:00 - 17/01/2025 00:00","CTA|SE","15392.00","15846.00"
"17/01/2025 00:00 - 17/01/2025 01:00","CTA|SE","15257.00","15579.00"
"17/01/2025 01:00 - 17/01/2025 02:00","CTA|SE","15196.00","15439.00"
"17/01/2025 02:00 - 17/01/2025 03:00","CTA|SE","15104.00","15384.00"
"17/01/2025 03:00 - 17/01/2025 04:00","CTA|SE","15378.00","15521.00"
"17/01/2025 04:00 - 17/01/2025 05:00","CTA|SE","15925.00","16156.00"
"17/01/2025 05:00 - 17/01/2025 06:00","CTA|SE","17409.00","17682.00"
"17/01/2025 06:00 - 17/01/2025 07:00","CTA|SE","18826.00","18950.00"
"17/01/2025 07:00 - 17/01/2025 08:00","CTA|SE","19327.00","19316.00"
"17/01/2025 08:00 - 17/01/2025 09:00","CTA|SE","19206.00","19278.00"
"17/01/2025 09:00 - 17/01/2025 10:00","CTA|SE","19543.00","19155.00"
"17/01/2025 10:00 - 17/01/2025 11:00","CTA|SE","19658.00","18984.00"
"17/01/2025 11:00 - 17/01/2025 12:00","CTA|SE","18599.00","18697.00"
"17/01/2025 12:00 - 17/01/2025 13:00","CTA|SE","18320.00","18397.00"
"17/01/2025 13:00 - 17/01/2025 14:00","CTA|SE","18546.00","18314.00"
"17/01/2025 14:00 - 17/01/2025 15:00","CTA|SE","18498.00","18453.00"
"17/01/2025 15:00 - 17/01/2025 16:00","CTA|SE","19302.00","18781.00"
"17/01/2025 16:00 - 17/01/2025 17:00","CTA|SE","19537.00","19013.00"
"17/01/2025 17:00 - 17/01/2025 18:00","CTA|SE","18960.00","18643.00"
"17/01/2025 18:00 - 17/01/2025 19:00","CTA|SE","18943.00","18014.00"
"17/01/2025 19:00 - 17/01/2025 20:00","CTA|SE","18920.00","17339.00"
"17/01/2025 20:00 - 17/01/2025 21:00","CTA|SE","18310.00","16717.00"
"17/01/2025 21:00 - 17/01/2025 22:00","CTA|SE","17324.00","16152.00"
"17/01/2025 22:00 - 17/01/2025 23:00","CTA|SE","16789.00","15592.00"
"17/01/2025 23:00 - 18/01/2025 00:00","CTA|SE","16615.00","15100.00"
"18/01/2025 00:00 - 18/01/2025 01:00","CTA|SE","16947.00","14874.00"
"18/01/2025 01:00 - 18/01/2025 02:00","CTA|SE","16399.00","14729.00"
"18/01/2025 02:00 - 18/01/2025 03:00","CTA|SE","15917.00","14712.00"
"18/01/2025 03:00 - 18/01/2025 04:00","CTA|SE","14972.00","14722.00"
"18/01/2025 04:00 - 18/01/2025 05:00","CTA|SE","15010.00","14881.00"
"18/01/2025 05:00 - 18/01/2025 06:00","CTA|SE","15136.00","15315.00"
"18/01/2025 06:00 - 18/01/2025 07:00","CTA|SE","15970.00","15816.00"
"18/01/2025 07:00 - 18/01/2025 08:00","CTA|SE","16513.00","16322.00"
"18/01/2025 08:00 - 18/01/2025 09:00","CTA|SE","17372.00","16794.00"
"18/01/2025 09:00 - 18/01/2025 10:00","CTA|SE","17990.00","17114.00"
"18/01/2025 10:00 - 18/01/2025 11:00","CTA|SE","17950.00","17213.00"
"18/01/2025 11:00 - 18/01/2025 12:00","CTA|SE","17355.00","17212.00"
"18/01/2025 12:00 - 18/01/2025 13:00","CTA|SE","17072.00","17147.00"
"18/01/2025 13:00 - 18/01/2025 14:00","CTA|SE","17109.00","17169.00"
"18/01/2025 14:00 - 18/01/2025 15:00","CTA|SE","17550.00","17350.00"
"18/01/2025 15:00 - 18/01/2025 16:00","CTA|SE","17946.00","17738.00"
"18/01/2025 16:00 - 18/01/2025 17:00","CTA|SE","17799.00","17918.00"
"18/01/2025 17:00 - 18/01/2025 18:00","CTA|SE","17001.00","17673.00"
"18/01/2025 18:00 - 18/01/2025 19:00","CTA|SE","16784.00","17205.00"
"18/01/2025 19:00 - 18/01/2025 20:00","CTA|SE","16815.00","16712.00"
"18/01/2025 20:00 - 18/01/2025 21:00","CTA|SE","16229.00","16254.00"
"18/01/2025 21:00 - 18/01/2025 22:00","CTA|SE","15634.00","15797.00"
"18/01/2025 22:00 - 18/01/2025 23:00","CTA|SE","15311.00","15336.00"
"18/01/2025 23:00 - 19/01/2025 00:00","CTA|SE","15215.00","15041.00"
"19/01/2025 00:00 - 19/01/2025 01:00","CTA|SE","15156.00","14875.00"
"19/01/2025 01:00 - 19/01/2025 02:00","CTA|SE","14461.00","14767.00"
"19/01/2025 02:00 - 19/01/2025 03:00","CTA|SE","14120.00","14722.00"
"19/01/2025 03:00 - 19/01/2025 04:00","CTA|SE","13918.00","14757.00"
"19/01/2025 04:00 - 19/01/2025 05:00","CTA|SE","14132.00","14934.00"
"19/01/2025 05:00 - 19/01/2025 06:00","CTA|SE","15254.00","15333.00"
"19/01/2025 06:00 - 19/01/2025 07:00","CTA|SE","15814.00","15776.00"
"19/01/2025 07:00 - 19/01/2025 08:00","CTA|SE","16270.00","16292.00"
"19/01/2025 08:00 - 19/01/2025 09:00","CTA|SE","17004.00","16776.00"
"19/01/2025 09:00 - 19/01/2025 10:00","CTA|SE","17117.00","17193.00"
"19/01/2025 10:00 - 19/01/2025 11:00","CTA|SE","17487.00","17380.00"
"19/01/2025 11:00 - 19/01/2025 12:00","CTA|SE","17706.00","17400.00"
"19/01/2025 12:00 - 19/01/2025 13:00","CTA|SE","17748.00","17346.00"
"19/01/2025 13:00 - 19/01/2025 14:00","CTA|SE","18182.00","17430.00"
"19/01/2025 14:00 - 19/01/2025 15:00","CTA|SE","18294.00","17798.00"
"19/01/2025 15:00 - 19/01/2025 16:00","CTA|SE","18876.00","18494.00"
"19/01/2025 16:00 - 19/01/2025 17:00","CTA|SE","19801.00","18922.00"
"19/01/2025 17:00 - 19/01/2025 18:00","CTA|SE","19482.00","18828.00"
"19/01/2025 18:00 - 19/01/2025 19:00","CTA|SE","19426.00","18515.00"
"19/01/2025 19:00 - 19/01/2025 20:00","CTA|SE","19037.00","18118.00"
"19/01/2025 20:00 - 19/01/2025 21:00","CTA|SE","18598.00","17651.00"
"19/01/2025 21:00 - 19/01/2025 22:00","CTA|SE","17576.00","17136.00"
"19/01/2025 22:00 - 19/01/2025 23:00","CTA|SE","17222.00","16645.00"
"19/01/2025 23:00 - 20/01/2025 00:00","CTA|SE","16716.00","16427.00"
"20/01/2025 00:00 - 20/01/2025 01:00","CTA|SE","16430.00","16265.00"
"20/01/2025 01:00 - 20/01/2025 02:00","CTA|SE","16136.00","16226.00"
"20/01/2025 02:00 - 20/01/2025 03:00","CTA|SE","15864.00","16276.00"
"20/01/2025 03:00 - 20/01/2025 04:00","CTA|SE","16586.00","16497.00"
"20/01/2025 04:00 - 20/01/2025 05:00","CTA|SE","17215.00","17202.00"
"20/01/2025 05:00 - 20/01/2025 06:00","CTA|SE","18822.00","18700.00"
"20/01/2025 06:00 - 20/01/2025 07:00","CTA|SE","19948.00","20082.00"
"20/01/2025 07:00 - 20/01/2025 08:00","CTA|SE","20252.00","20480.00"
"20/01/2025 08:00 - 20/01/2025 09:00","CTA|SE","20513.00","20450.00"
"20/01/2025 09:00 - 20/01/2025 10:00","CTA|SE","20266.00","20457.00"
"20/01/2025 10:00 - 20/01/2025 11:00","CTA|SE","19764.00","20416.00"
"20/01/2025 11:00 - 20/01/2025 12:00","CTA|SE","19629.00","20293.00"
"20/01/2025 12:00 - 20/01/2025 13:00","CTA|SE","19581.00","20195.00"
"20/01/2025 13:00 - 20/01/2025 14:00","CTA|SE","19740.00","20194.00"
"20/01/2025 14:00 - 20/01/2025 15:00","CTA|SE","20013.00","20370.00"
"20/01/2025 15:00 - 20/01/2025 16:00","CTA|SE","20657.00","20653.00"
"20/01/2025 16:00 - 20/01/2025 17:00","CTA|SE","20763.00","20912.00"
"20/01/2025 17:00 - 20/01/2025 18:00","CTA|SE","20527.00","20578.00"
"20/01/2025 18:00 - 20/01/2025 19:00","CTA|SE","20286.00","20144.00"
"20/01/2025 19:00 - 20/01/2025 20:00","CTA|SE","19874.00","19615.00"
"20/01/2025 20:00 - 20/01/2025 21:00","CTA|SE","19260.00","18968.00"
"20/01/2025 21:00 - 20/01/2025 22:00","CTA|SE","18515.00","18202.00"
"20/01/2025 22:00 - 20/01/2025 23:00","CTA|SE","17621.00","17447.00"
"20/01/2025 23:00 - 21/01/2025 00:00","CTA|SE","16990.00","17010.00"
"21/01/2025 00:00 - 21/01/2025 01:00","CTA|SE","16937.00","16747.00"
"21/01/2025 01:00 - 21/01/2025 02:00","CTA|SE","16675.00","16631.00"
"21/01/2025 02:00 - 21/01/2025 03:00","CTA|SE","16651.00","16594.00"
"21/01/2025 03:00 - 21/01/2025 04:00","CTA|SE","17107.00","16745.00"
"21/01/2025 04:00 - 21/01/2025 05:00","CTA|SE","18011.00","17380.00"
"21/01/2025 05:00 - 21/01/2025 06:00","CTA|SE","19631.00","18856.00"
"21/01/2025 06:00 - 21/01/2025 07:00","CTA|SE","20954.00","20169.00"
"21/01/2025 07:00 - 21/01/2025 08:00","CTA|SE","21462.00","20485.00"
"21/01/2025 08:00 - 21/01/2025 09:00","CTA|SE","21161.00","20458.00"
"21/01/2025 09:00 - 21/01/2025 10:00","CTA|SE","20982.00","20457.00"
"21/01/2025 10:00 - 21/01/2025 11:00","CTA|SE","20946.00","20453.00"
"21/01/2025 11:00 - 21/01/2025 12:00","CTA|SE","20743.00","20434.00"
"21/01/2025 12:00 - 21/01/2025 13:00","CTA|SE","20816.00","20344.00"
"21/01/2025 13:00 - 21/01/2025 14:00","CTA|SE","20724.00","20334.00"
"21/01/2025 14:00 - 21/01/2025 15:00","CTA|SE","20758.00","20492.00"
"21/01/2025 15:00 - 21/01/2025 16:00","CTA|SE","21136.00","20752.00"
"21/01/2025 16:00 - 21/01/2025 17:00","CTA|SE","21297.00","20988.00"
"21/01/2025 17:00 - 21/01/2025 18:00","CTA|SE","20967.00","20650.00"
"21/01/2025 18:00 - 21/01/2025 19:00","CTA|SE","20567.00","20162.00"
"21/01/2025 19:00 - 21/01/2025 20:00","CTA|SE","19858.00","19632.00"
"21/01/2025 20:00 - 21/01/2025 21:00","CTA|SE","19257.00","18933.00"
"21/01/2025 21:00 - 21/01/2025 22:00","CTA|SE","18530.00","18158.00"
"21/01/2025 22:00 - 21/01/2025 23:00","CTA|SE","17899.00","17425.00"
"21/01/2025 23:00 - 22/01/2025 00:00","CTA|SE","17142.00","16871.00"
"22/01/2025 00:00 - 22/01/2025 01:00","CTA|SE","16955.00","16615.00"
"22/01/2025 01:00 - 22/01/2025 02:00","CTA|SE","16839.00","16501.00"
"22/01/2025 02:00 - 22/01/2025 03:00","CTA|SE","16627.00","16468.00"
"22/01/2025 03:00 - 22/01/2025 04:00","CTA|SE","16391.00","16616.00"
"22/01/2025 04:00 - 22/01/2025 05:00","CTA|SE","17110.00","17217.00"
"22/01/2025 05:00 - 22/01/2025 06:00","CTA|SE","18331.00","18696.00"
"22/01/2025 06:00 - 22/01/2025 07:00","CTA|SE","19795.00","19974.00"
"22/01/2025 07:00 - 22/01/2025 08:00","CTA|SE","20253.00","20287.00"
"22/01/2025 08:00 - 22/01/2025 09:00","CTA|SE","20161.00","20236.00"
"22/01/2025 09:00 - 22/01/2025 10:00","CTA|SE","19961.00","20218.00"
"22/01/2025 10:00 - 22/01/2025 11:00","CTA|SE","20156.00","20208.00"
"22/01/2025 11:00 - 22/01/2025 12:00","CTA|SE","19771.00","20161.00"
"22/01/2025 12:00 - 22/01/2025 13:00","CTA|SE","19613.00","20041.00"
"22/01/2025 13:00 - 22/01/2025 14:00","CTA|SE","19580.00","20044.00"
"22/01/2025 14:00 - 22/01/2025 15:00","CTA|SE","20009.00","20219.00"
"22/01/2025 15:00 - 22/01/2025 16:00","CTA|SE","20368.00","20503.00"
"22/01/2025 16:00 - 22/01/2025 17:00","CTA|SE","20504.00","20751.00"
"22/01/2025 17:00 - 22/01/2025 18:00","CTA|SE","20206.00","20433.00"
"22/01/2025 18:00 - 22/01/2025 19:00","CTA|SE","19795.00","20000.00"
"22/01/2025 19:00 - 22/01/2025 20:00","CTA|SE","19286.00","19509.00"
"22/01/2025 20:00 - 22/01/2025 21:00","CTA|SE","18531.00","18866.00"
"22/01/2025 21:00 - 22/01/2025 22:00","CTA|SE","17891.00","18141.00"
"22/01/2025 22:00 - 22/01/2025 23:00","CTA|SE","17292.00","17465.00"
"22/01/2025 23:00 - 23/01/2025 00:00","CTA|SE","16686.00","16960.00"
"23/01/2025 00:00 - 23/01/2025 01:00","CTA|SE","16480.00","16716.00"
"23/01/2025 01:00 - 23/01/2025 02:00","CTA|SE","16438.00","16605.00"
"23/01/2025 02:00 - 23/01/2025 03:00","CTA|SE","16349.00","16587.00"
"23/01/2025 03:00 - 23/01/2025 04:00","CTA|SE","16412.00","16766.00"
"23/01/2025 04:00 - 23/01/2025 05:00","CTA|SE","17024.00","17383.00"
"23/01/2025 05:00 - 23/01/2025 06:00","CTA|SE","18578.00","18906.00"
"23/01/2025 06:00 - 23/01/2025 07:00","CTA|SE","19830.00","20229.00"
"23/01/2025 07:00 - 23/01/2025 08:00","CTA|SE","20136.00","20527.00"
"23/01/2025 08:00 - 23/01/2025 09:00","CTA|SE","20244.00","20509.00"
"23/01/2025 09:00 - 23/01/2025 10:00","CTA|SE","20349.00","20528.00"
"23/01/2025 10:00 - 23/01/2025 11:00","CTA|SE","20170.00","20547.00"
"23/01/2025 11:00 - 23/01/2025 12:00","CTA|SE","20257.00","20546.00"
"23/01/2025 12:00 - 23/01/2025 13:00","CTA|SE","20529.00","20480.00"
"23/01/2025 13:00 - 23/01/2025 14:00","CTA|SE","20769.00","20462.00"
"23/01/2025 14:00 - 23/01/2025 15:00","CTA|SE","21197.00","20624.00"
"23/01/2025 15:00 - 23/01/2025 16:00","CTA|SE","21524.00","20850.00"
"23/01/2025 16:00 - 23/01/2025 17:00","CTA|SE","21738.00","21035.00"
"23/01/2025 17:00 - 23/01/2025 18:00","CTA|SE","21563.00","20668.00"
"23/01/2025 18:00 - 23/01/2025 19:00","CTA|SE","21327.00","20193.00"
"23/01/2025 19:00 - 23/01/2025 20:00","CTA|SE","20656.00","19663.00"
"23/01/2025 20:00 - 23/01/2025 21:00","CTA|SE","19834.00","19005.00"
"23/01/2025 21:00 - 23/01/2025 22:00","CTA|SE","19102.00","18266.00"
"23/01/2025 22:00 - 23/01/2025 23:00","CTA|SE","18438.00","17529.00"
"23/01/2025 23:00 - 24/01/2025 00:00","CTA|SE","18247.00","17098.00"
"24/01/2025 00:00 - 24/01/2025 01:00","CTA|SE","17549.00","16825.00"
"24/01/2025 01:00 - 24/01/2025 02:00","CTA|SE","16995.00","16718.00"
"24/01/2025 02:00 - 24/01/2025 03:00","CTA|SE","16955.00","16685.00"
"24/01/2025 03:00 - 24/01/2025 04:00","CTA|SE","17057.00","16855.00"
"24/01/2025 04:00 - 24/01/2025 05:00","CTA|SE","17716.00","17419.00"
"24/01/2025 05:00 - 24/01/2025 06:00","CTA|SE","19416.00","18858.00"
"24/01/2025 06:00 - 24/01/2025 07:00","CTA|SE","20534.00","20177.00"
"24/01/2025 07:00 - 24/01/2025 08:00","CTA|SE","20883.00","20524.00"
"24/01/2025 08:00 - 24/01/2025 09:00","CTA|SE","20492.00","20470.00"
"24/01/2025 09:00 - 24/01/2025 10:00","CTA|SE","20535.00","20396.00"
"24/01/2025 10:00 - 24/01/2025 11:00","CTA|SE","20233.00","20321.00"
"24/01/2025 11:00 - 24/01/2025 12:00","CTA|SE","20040.00","20183.00"
"24/01/2025 12:00 - 24/01/2025 13:00","CTA|SE","19813.00","19914.00"
"24/01/2025 13:00 - 24/01/2025 14:00","CTA|SE","19828.00","19768.00"
"24/01/2025 14:00 - 24/01/2025 15:00","CTA|SE","19982.00","19781.00"
"24/01/2025 15:00 - 24/01/2025 16:00","CTA|SE","20425.00","20019.00"
"24/01/2025 16:00 - 24/01/2025 17:00","CTA|SE","20612.00","20228.00"
"24/01/2025 17:00 - 24/01/2025 18:00","CTA|SE","20136.00","19820.00"
"24/01/2025 18:00 - 24/01/2025 19:00","CTA|SE","19512.00","19222.00"
"24/01/2025 19:00 - 24/01/2025 20:00","CTA|SE","18770.00","18516.00"
"24/01/2025 20:00 - 24/01/2025 21:00","CTA|SE","17823.00","17886.00"
"24/01/2025 21:00 - 24/01/2025 22:00","CTA|SE","17417.00","17287.00"
"24/01/2025 22:00 - 24/01/2025 23:00","CTA|SE","16953.00","16704.00"
"24/01/2025 23:00 - 25/01/2025 00:00","CTA|SE","16951.00","16102.00"
"25/01/2025 00:00 - 25/01/2025 01:00","CTA|SE","16420.00","15807.00"
"25/01/2025 01:00 - 25/01/2025 02:00","CTA|SE","15968.00","15626.00"
"25/01/2025 02:00 - 25/01/2025 03:00","CTA|SE","15437.00","15525.00"
"25/01/2025 03:00 - 25/01/2025 04:00","CTA|SE","15536.00","15504.00"
"25/01/2025 04:00 - 25/01/2025 05:00","CTA|SE","15795.00","15663.00"
"25/01/2025 05:00 - 25/01/2025 06:00","CTA|SE","15720.00","16110.00"
"25/01/2025 06:00 - 25/01/2025 07:00","CTA|SE","16386.00","16631.00"
"25/01/2025 07:00 - 25/01/2025 08:00","CTA|SE","16896.00","17114.00"
"25/01/2025 08:00 - 25/01/2025 09:00","CTA|SE","17293.00","17575.00"
"25/01/2025 09:00 - 25/01/2025 10:00","CTA|SE","17658.00","17813.00"
"25/01/2025 10:00 - 25/01/2025 11:00","CTA|SE","17577.00","17828.00"
"25/01/2025 11:00 - 25/01/2025 12:00","CTA|SE","17465.00","17738.00"
"25/01/2025 12:00 - 25/01/2025 13:00","CTA|SE","17492.00","17629.00"
"25/01/2025 13:00 - 25/01/2025 14:00","CTA|SE","17517.00","17640.00"
"25/01/2025 14:00 - 25/01/2025 15:00","CTA|SE","17594.00","17902.00"
"25/01/2025 15:00 - 25/01/2025 16:00","CTA|SE","18329.00","18416.00"
"25/01/2025 16:00 - 25/01/2025 17:00","CTA|SE","18458.00","18754.00"
"25/01/2025 17:00 - 25/01/2025 18:00","CTA|SE","17972.00","18531.00"
"25/01/2025 18:00 - 25/01/2025 19:00","CTA|SE","17493.00","18086.00"
"25/01/2025 19:00 - 25/01/2025 20:00","CTA|SE","17187.00","17601.00"
"25/01/2025 20:00 - 25/01/2025 21:00","CTA|SE","16729.00","17109.00"
"25/01/2025 21:00 - 25/01/2025 22:00","CTA|SE","16404.00","16642.00"
"25/01/2025 22:00 - 25/01/2025 23:00","CTA|SE","16148.00","16181.00"
"25/01/2025 23:00 - 26/01/2025 00:00","CTA|SE","15895.00","15812.00"
"26/01/2025 00:00 - 26/01/2025 01:00","CTA|SE","15895.00","15609.00"
"26/01/2025 01:00 - 26/01/2025 02:00","CTA|SE","15803.00","15524.00"
"26/01/2025 02:00 - 26/01/2025 03:00","CTA|SE","15509.00","15466.00"
"26/01/2025 03:00 - 26/01/2025 04:00","CTA|SE","15447.00","15477.00"
"26/01/2025 04:00 - 26/01/2025 05:00","CTA|SE","15642.00","15613.00"
"26/01/2025 05:00 - 26/01/2025 06:00","CTA|SE","15722.00","16016.00"
"26/01/2025 06:00 - 26/01/2025 07:00","CTA|SE","16036.00","16462.00"
"26/01/2025 07:00 - 26/01/2025 08:00","CTA|SE","16921.00","16921.00"
"26/01/2025 08:00 - 26/01/2025 09:00","CTA|SE","17539.00","17402.00"
"26/01/2025 09:00 - 26/01/2025 10:00","CTA|SE","18128.00","17706.00"
"26/01/2025 10:00 - 26/01/2025 11:00","CTA|SE","18413.00","17786.00"
"26/01/2025 11:00 - 26/01/2025 12:00","CTA|SE","18209.00","17744.00"
"26/01/2025 12:00 - 26/01/2025 13:00","CTA|SE","18195.00","17649.00"
"26/01/2025 13:00 - 26/01/2025 14:00","CTA|SE","18201.00","17704.00"
"26/01/2025 14:00 - 26/01/2025 15:00","CTA|SE","18086.00","18073.00"
"26/01/2025 15:00 - 26/01/2025 16:00","CTA|SE","18541.00","18805.00"
"26/01/2025 16:00 - 26/01/2025 17:00","CTA|SE","18696.00","19340.00"
"26/01/2025 17:00 - 26/01/2025 18:00","CTA|SE","19038.00","19268.00"
"26/01/2025 18:00 - 26/01/2025 19:00","CTA|SE","18776.00","18942.00"
"26/01/2025 19:00 - 26/01/2025 20:00","CTA|SE","18579.00","18531.00"
"26/01/2025 20:00 - 26/01/2025 21:00","CTA|SE","18020.00","18043.00"
"26/01/2025 21:00 - 26/01/2025 22:00","CTA|SE","17653.00","17506.00"
"26/01/2025 22:00 - 26/01/2025 23:00","CTA|SE","17501.00","17033.00"
"26/01/2025 23:00 - 27/01/2025 00:00","CTA|SE","17058.00","16679.00"
"27/01/2025 00:00 - 27/01/2025 01:00","CTA|SE","16062.00","16489.00"
"27/01/2025 01:00 - 27/01/2025 02:00","CTA|SE","16008.00","16429.00"
"27/01/2025 02:00 - 27/01/2025 03:00","CTA|SE","16423.00","16484.00"
"27/01/2025 03:00 - 27/01/2025 04:00","CTA|SE","16491.00","16674.00"
"27/01/2025 04:00 - 27/01/2025 05:00","CTA|SE","17197.00","17394.00"
"27/01/2025 05:00 - 27/01/2025 06:00","CTA|SE","18845.00","18964.00"
"27/01/2025 06:00 - 27/01/2025 07:00","CTA|SE","20744.00","20345.00"
"27/01/2025 07:00 - 27/01/2025 08:00","CTA|SE","21359.00","20728.00"
"27/01/2025 08:00 - 27/01/2025 09:00","CTA|SE","21526.00","20689.00"
"27/01/2025 09:00 - 27/01/2025 10:00","CTA|SE","21471.00","20666.00"
"27/01/2025 10:00 - 27/01/2025 11:00","CTA|SE","20711.00","20623.00"
"27/01/2025 11:00 - 27/01/2025 12:00","CTA|SE","20261.00","20558.00"
"27/01/2025 12:00 - 27/01/2025 13:00","CTA|SE","20343.00","20456.00"
"27/01/2025 13:00 - 27/01/2025 14:00","CTA|SE","20691.00","20453.00"
"27/01/2025 14:00 - 27/01/2025 15:00","CTA|SE","21091.00","20556.00"
"27/01/2025 15:00 - 27/01/2025 16:00","CTA|SE","21627.00","20740.00"
"27/01/2025 16:00 - 27/01/2025 17:00","CTA|SE","22153.00","20967.00"
"27/01/2025 17:00 - 27/01/2025 18:00","CTA|SE","21157.00","20578.00"
"27/01/2025 18:00 - 27/01/2025 19:00","CTA|SE","20308.00","20064.00"
"27/01/2025 19:00 - 27/01/2025 20:00","CTA|SE","19942.00","19462.00"
"27/01/2025 20:00 - 27/01/2025 21:00","CTA|SE","18907.00","18727.00"
"27/01/2025 21:00 - 27/01/2025 22:00","CTA|SE","18255.00","17895.00"
"27/01/2025 22:00 - 27/01/2025 23:00","CTA|SE","17568.00","17114.00"
"27/01/2025 23:00 - 28/01/2025 00:00","CTA|SE","16963.00","16663.00"
"28/01/2025 00:00 - 28/01/2025 01:00","CTA|SE","16563.00","16373.00"
"28/01/2025 01:00 - 28/01/2025 02:00","CTA|SE","16257.00","16221.00"
"28/01/2025 02:00 - 28/01/2025 03:00","CTA|SE","16342.00","16195.00"
"28/01/2025 03:00 - 28/01/2025 04:00","CTA|SE","16478.00","16321.00"
"28/01/2025 04:00 - 28/01/2025 05:00","CTA|SE","16885.00","16915.00"
"28/01/2025 05:00 - 28/01/2025 06:00","CTA|SE","18264.00","18418.00"
"28/01/2025 06:00 - 28/01/2025 07:00","CTA|SE","19748.00","19759.00"
"28/01/2025 07:00 - 28/01/2025 08:00","CTA|SE","20033.00","20032.00"
"28/01/2025 08:00 - 28/01/2025 09:00","CTA|SE","19739.00","19986.00"
"28/01/2025 09:00 - 28/01/2025 10:00","CTA|SE","19473.00","19930.00"
"28/01/2025 10:00 - 28/01/2025 11:00","CTA|SE","19529.00","19833.00"
"28/01/2025 11:00 - 28/01/2025 12:00","CTA|SE","19183.00","19698.00"
"28/01/2025 12:00 - 28/01/2025 13:00","CTA|SE","19042.00","19578.00"
"28/01/2025 13:00 - 28/01/2025 14:00","CTA|SE","18949.00","19578.00"
"28/01/2025 14:00 - 28/01/2025 15:00","CTA|SE","19725.00","19736.00"
"28/01/2025 15:00 - 28/01/2025 16:00","CTA|SE","19838.00","20042.00"
"28/01/2025 16:00 - 28/01/2025 17:00","CTA|SE","20073.00","20353.00"
"28/01/2025 17:00 - 28/01/2025 18:00","CTA|SE","19713.00","20105.00"
"28/01/2025 18:00 - 28/01/2025 19:00","CTA|SE","19281.00","19632.00"
"28/01/2025 19:00 - 28/01/2025 20:00","CTA|SE","18824.00","19108.00"
"28/01/2025 20:00 - 28/01/2025 21:00","CTA|SE","18025.00","18415.00"
"28/01/2025 21:00 - 28/01/2025 22:00","CTA|SE","17127.00","17656.00"
"28/01/2025 22:00 - 28/01/2025 23:00","CTA|SE","16442.00","16948.00"
"28/01/2025 23:00 - 29/01/2025 00:00","CTA|SE","15856.00","16372.00"
"29/01/2025 00:00 - 29/01/2025 01:00","CTA|SE","15355.00","16103.00"
"29/01/2025 01:00 - 29/01/2025 02:00","CTA|SE","15227.00","15968.00"
"29/01/2025 02:00 - 29/01/2025 03:00","CTA|SE","15610.00","15944.00"
"29/01/2025 03:00 - 29/01/2025 04:00","CTA|SE","15760.00","16081.00"
"29/01/2025 04:00 - 29/01/2025 05:00","CTA|SE","16378.00","16721.00"
"29/01/2025 05:00 - 29/01/2025 06:00","CTA|SE","18029.00","18306.00"
"29/01/2025 06:00 - 29/01/2025 07:00","CTA|SE","19512.00","19686.00"
"29/01/2025 07:00 - 29/01/2025 08:00","CTA|SE","19606.00","20010.00"
"29/01/2025 08:00 - 29/01/2025 09:00","CTA|SE","19842.00","20006.00"
"29/01/2025 09:00 - 29/01/2025 10:00","CTA|SE","20054.00","20038.00"
"29/01/2025 10:00 - 29/01/2025 11:00","CTA|SE","20196.00","20021.00"
"29/01/2025 11:00 - 29/01/2025 12:00","CTA|SE","19957.00","19969.00"
"29/01/2025 12:00 - 29/01/2025 13:00","CTA|SE","19907.00","19821.00"
"29/01/2025 13:00 - 29/01/2025 14:00","CTA|SE","19905.00","19783.00"
"29/01/2025 14:00 - 29/01/2025 15:00","CTA|SE","20141.00","19944.00"
"29/01/2025 15:00 - 29/01/2025 16:00","CTA|SE","20630.00","20218.00"
"29/01/2025 16:00 - 29/01/2025 17:00","CTA|SE","21049.00","20536.00"
"29/01/2025 17:00 - 29/01/2025 18:00","CTA|SE","20639.00","20271.00"
"29/01/2025 18:00 - 29/01/2025 19:00","CTA|SE","20289.00","19777.00"
"29/01/2025 19:00 - 29/01/2025 20:00","CTA|SE","19551.00","19235.00"
"29/01/2025 20:00 - 29/01/2025 21:00","CTA|SE","19287.00","18546.00"
"29/01/2025 21:00 - 29/01/2025 22:00","CTA|SE","18731.00","17732.00"
"29/01/2025 22:00 - 29/01/2025 23:00","CTA|SE","18502.00","16996.00"
"29/01/2025 23:00 - 30/01/2025 00:00","CTA|SE","17574.00","16413.00"
"30/01/2025 00:00 - 30/01/2025 01:00","CTA|SE","16675.00","16147.00"
"30/01/2025 01:00 - 30/01/2025 02:00","CTA|SE","16607.00","16040.00"
"30/01/2025 02:00 - 30/01/2025 03:00","CTA|SE","16532.00","16026.00"
"30/01/2025 03:00 - 30/01/2025 04:00","CTA|SE","16736.00","16187.00"
"30/01/2025 04:00 - 30/01/2025 05:00","CTA|SE","17179.00","16791.00"
"30/01/2025 05:00 - 30/01/2025 06:00","CTA|SE","18730.00","18326.00"
"30/01/2025 06:00 - 30/01/2025 07:00","CTA|SE","20510.00","19662.00"
"30/01/2025 07:00 - 30/01/2025 08:00","CTA|SE","20619.00","19970.00"
"30/01/2025 08:00 - 30/01/2025 09:00","CTA|SE","20382.00","19946.00"
"30/01/2025 09:00 - 30/01/2025 10:00","CTA|SE","20005.00","19918.00"
"30/01/2025 10:00 - 30/01/2025 11:00","CTA|SE","19708.00","19860.00"
"30/01/2025 11:00 - 30/01/2025 12:00","CTA|SE","19595.00","19790.00"
"30/01/2025 12:00 - 30/01/2025 13:00","CTA|SE","19789.00","19639.00"
"30/01/2025 13:00 - 30/01/2025 14:00","CTA|SE","19668.00","19603.00"
"30/01/2025 14:00 - 30/01/2025 15:00","CTA|SE","19853.00","19758.00"
"30/01/2025 15:00 - 30/01/2025 16:00","CTA|SE","20312.00","20033.00"
"30/01/2025 16:00 - 30/01/2025 17:00","CTA|SE","20688.00","20356.00"
"30/01/2025 17:00 - 30/01/2025 18:00","CTA|SE","20025.00","20081.00"
"30/01/2025 18:00 - 30/01/2025 19:00","CTA|SE","19792.00","19610.00"
"30/01/2025 19:00 - 30/01/2025 20:00","CTA|SE","19157.00","19105.00"
"30/01/2025 20:00 - 30/01/2025 21:00","CTA|SE","18503.00","18445.00"
"30/01/2025 21:00 - 30/01/2025 22:00","CTA|SE","17785.00","17710.00"
"30/01/2025 22:00 - 30/01/2025 23:00","CTA|SE","17236.00","16997.00"
"30/01/2025 23:00 - 31/01/2025 00:00","CTA|SE","17093.00","16480.00"
"31/01/2025 00:00 - 31/01/2025 01:00","CTA|SE","16793.00","16245.00"
"31/01/2025 01:00 - 31/01/2025 02:00","CTA|SE","16505.00","16128.00"
"31/01/2025 02:00 - 31/01/2025 03:00","CTA|SE","16232.00","16123.00"
"31/01/2025 03:00 - 31/01/2025 04:00","CTA|SE","16374.00","16306.00"
"31/01/2025 04:00 - 31/01/2025 05:00","CTA|SE","16966.00","16963.00"
"31/01/2025 05:00 - 31/01/2025 06:00","CTA|SE","18319.00","18580.00"
"31/01/2025 06:00 - 31/01/2025 07:00","CTA|SE","19630.00","19975.00"
"31/01/2025 07:00 - 31/01/2025 08:00","CTA|SE","19987.00","20353.00"
"31/01/2025 08:00 - 31/01/2025 09:00","CTA|SE","19677.00","20313.00"
"31/01/2025 09:00 - 31/01/2025 10:00","CTA|SE","19869.00","20184.00"
"31/01/2025 10:00 - 31/01/2025 11:00","CTA|SE","19835.00","19973.00"
"31/01/2025 11:00 - 31/01/2025 12:00","CTA|SE","19597.00","19731.00"
"31/01/2025 12:00 - 31/01/2025 13:00","CTA|SE","19355.00","19345.00"
"31/01/2025 13:00 - 31/01/2025 14:00","CTA|SE","19127.00","19199.00"
"31/01/2025 14:00 - 31/01/2025 15:00","CTA|SE","19410.00","19346.00"
"31/01/2025 15:00 - 31/01/2025 16:00","CTA|SE","19861.00","19822.00"
"31/01/2025 16:00 - 31/01/2025 17:00","CTA|SE","20100.00","20229.00"
"31/01/2025 17:00 - 31/01/2025 18:00","CTA|SE","19836.00","19954.00"
"31/01/2025 18:00 - 31/01/2025 19:00","CTA|SE","19182.00","19348.00"
"31/01/2025 19:00 - 31/01/2025 20:00","CTA|SE","18554.00","18745.00"
"31/01/2025 20:00 - 31/01/2025 21:00","CTA|SE","17995.00","18150.00"
"31/01/2025 21:00 - 31/01/2025 22:00","CTA|SE","17760.00","17619.00"
"31/01/2025 22:00 - 31/01/2025 23:00","CTA|SE","17811.00","17110.00"
"31/01/2025 23:00 - 01/02/2025 00:00","CTA|SE","17474.00","16615.00"
"01/02/2025 00:00 - 01/02/2025 01:00","CTA|SE","17086.00","16378.00"
"01/02/2025 01:00 - 01/02/2025 02:00","CTA|SE","16430.00","16233.00"
"01/02/2025 02:00 - 01/02/2025 03:00","CTA|SE","16374.00","16196.00"
"01/02/2025 03:00 - 01/02/2025 04:00","CTA|SE","16584.00","16211.00"
"01/02/2025 04:00 - 01/02/2025 05:00","CTA|SE","16495.00","16407.00"
"01/02/2025 05:00 - 01/02/2025 06:00","CTA|SE","16753.00","16864.00"
"01/02/2025 06:00 - 01/02/2025 07:00","CTA|SE","17534.00","17394.00"
"01/02/2025 07:00 - 01/02/2025 08:00","CTA|SE","17828.00","17890.00"
"01/02/2025 08:00 - 01/02/2025 09:00","CTA|SE","18073.00","18337.00"
"01/02/2025 09:00 - 01/02/2025 10:00","CTA|SE","18306.00","18509.00"
"01/02/2025 10:00 - 01/02/2025 11:00","CTA|SE","18197.00","18366.00"
"01/02/2025 11:00 - 01/02/2025 12:00","CTA|SE","18001.00","18144.00"
"01/02/2025 12:00 - 01/02/2025 13:00","CTA|SE","17926.00","17947.00"
"01/02/2025 13:00 - 01/02/2025 14:00","CTA|SE","17979.00","17917.00"
"01/02/2025 14:00 - 01/02/2025 15:00","CTA|SE","18278.00","18233.00"
"01/02/2025 15:00 - 01/02/2025 16:00","CTA|SE","18771.00","18918.00"
"01/02/2025 16:00 - 01/02/2025 17:00","CTA|SE","19009.00","19479.00"
"01/02/2025 17:00 - 01/02/2025 18:00","CTA|SE","19114.00","19426.00"
"01/02/2025 18:00 - 01/02/2025 19:00","CTA|SE","19159.00","19064.00"
"01/02/2025 19:00 - 01/02/2025 20:00","CTA|SE","18970.00","18623.00"
"01/02/2025 20:00 - 01/02/2025 21:00","CTA|SE","18424.00","18175.00"
"01/02/2025 21:00 - 01/02/2025 22:00","CTA|SE","18153.00","17753.00"
"01/02/2025 22:00 - 01/02/2025 23:00","CTA|SE","17685.00","17352.00"
"01/02/2025 23:00 - 02/02/2025 00:00","CTA|SE","17162.00","17325.00"
"02/02/2025 00:00 - 02/02/2025 01:00","CTA|SE","17080.00","17108.00"
"02/02/2025 01:00 - 02/02/2025 02:00","CTA|SE","17302.00","16977.00"
"02/02/2025 02:00 - 02/02/2025 03:00","CTA|SE","17401.00","16930.00"
"02/02/2025 03:00 - 02/02/2025 04:00","CTA|SE","17493.00","16929.00"
"02/02/2025 04:00 - 02/02/2025 05:00","CTA|SE","17519.00","17072.00"
"02/02/2025 05:00 - 02/02/2025 06:00","CTA|SE","17856.00","17531.00"
"02/02/2025 06:00 - 02/02/2025 07:00","CTA|SE","18661.00","18015.00"
"02/02/2025 07:00 - 02/02/2025 08:00","CTA|SE","18967.00","18436.00"
"02/02/2025 08:00 - 02/02/2025 09:00","CTA|SE","19124.00","18851.00"
"02/02/2025 09:00 - 02/02/2025 10:00","CTA|SE","19503.00","19090.00"
"02/02/2025 10:00 - 02/02/2025 11:00","CTA|SE","19706.00","19059.00"
"02/02/2025 11:00 - 02/02/2025 12:00","CTA|SE","19720.00","18910.00"
"02/02/2025 12:00 - 02/02/2025 13:00","CTA|SE","19678.00","18770.00"
"02/02/2025 13:00 - 02/02/2025 14:00","CTA|SE","19604.00","18784.00"
"02/02/2025 14:00 - 02/02/2025 15:00","CTA|SE","19798.00","19037.00"
"02/02/2025 15:00 - 02/02/2025 16:00","CTA|SE","20626.00","19695.00"
"02/02/2025 16:00 - 02/02/2025 17:00","CTA|SE","21180.00","20326.00"
"02/02/2025 17:00 - 02/02/2025 18:00","CTA|SE","21074.00","20258.00"
"02/02/2025 18:00 - 02/02/2025 19:00","CTA|SE","20704.00","19903.00"
"02/02/2025 19:00 - 02/02/2025 20:00","CTA|SE","20198.00","19443.00"
"02/02/2025 20:00 - 02/02/2025 21:00","CTA|SE","19890.00","18910.00"
"02/02/2025 21:00 - 02/02/2025 22:00","CTA|SE","19352.00","18365.00"
"02/02/2025 22:00 - 02/02/2025 23:00","CTA|SE","18773.00","17855.00"
"02/02/2025 23:00 - 03/02/2025 00:00","CTA|SE","18244.00","17598.00"
"03/02/2025 00:00 - 03/02/2025 01:00","CTA|SE","18167.00","17406.00"
"03/02/2025 01:00 - 03/02/2025 02:00","CTA|SE","18132.00","17328.00"
"03/02/2025 02:00 - 03/02/2025 03:00","CTA|SE","18049.00","17387.00"
"03/02/2025 03:00 - 03/02/2025 04:00","CTA|SE","18064.00","17573.00"
"03/02/2025 04:00 - 03/02/2025 05:00","CTA|SE","18660.00","18258.00"
"03/02/2025 05:00 - 03/02/2025 06:00","CTA|SE","20107.00","19786.00"
"03/02/2025 06:00 - 03/02/2025 07:00","CTA|SE","21486.00","21234.00"
"03/02/2025 07:00 - 03/02/2025 08:00","CTA|SE","21579.00","21585.00"
"03/02/2025 08:00 - 03/02/2025 09:00","CTA|SE","21708.00","21529.00"
"03/02/2025 09:00 - 03/02/2025 10:00","CTA|SE","21297.00","21442.00"
"03/02/2025 10:00 - 03/02/2025 11:00","CTA|SE","21371.00","21328.00"
"03/02/2025 11:00 - 03/02/2025 12:00","CTA|SE","21213.00","21184.00"
"03/02/2025 12:00 - 03/02/2025 13:00","CTA|SE","21238.00","21073.00"
"03/02/2025 13:00 - 03/02/2025 14:00","CTA|SE","21193.00","21054.00"
"03/02/2025 14:00 - 03/02/2025 15:00","CTA|SE","21541.00","21161.00"
"03/02/2025 15:00 - 03/02/2025 16:00","CTA|SE","22070.00","21421.00"
"03/02/2025 16:00 - 03/02/2025 17:00","CTA|SE","22210.00","21778.00"
"03/02/2025 17:00 - 03/02/2025 18:00","CTA|SE","22471.00","21486.00"
"03/02/2025 18:00 - 03/02/2025 19:00","CTA|SE","21882.00","20988.00"
"03/02/2025 19:00 - 03/02/2025 20:00","CTA|SE","21529.00","20455.00"
"03/02/2025 20:00 - 03/02/2025 21:00","CTA|SE","20937.00","19753.00"
"03/02/2025 21:00 - 03/02/2025 22:00","CTA|SE","20118.00","19000.00"
"03/02/2025 22:00 - 03/02/2025 23:00","CTA|SE","19654.00","18305.00"
"03/02/2025 23:00 - 04/02/2025 00:00","CTA|SE","19017.00","17863.00"
"04/02/2025 00:00 - 04/02/2025 01:00","CTA|SE","18842.00","17563.00"
"04/02/2025 01:00 - 04/02/2025 02:00","CTA|SE","18802.00","17430.00"
"04/02/2025 02:00 - 04/02/2025 03:00","CTA|SE","18514.00","17398.00"
"04/02/2025 03:00 - 04/02/2025 04:00","CTA|SE","18438.00","17549.00"
"04/02/2025 04:00 - 04/02/2025 05:00","CTA|SE","19113.00","18171.00"
"04/02/2025 05:00 - 04/02/2025 06:00","CTA|SE","20347.00","19658.00"
"04/02/2025 06:00 - 04/02/2025 07:00","CTA|SE","20734.00","20898.00"
"04/02/2025 07:00 - 04/02/2025 08:00","CTA|SE","20861.00","21117.00"
"04/02/2025 08:00 - 04/02/2025 09:00","CTA|SE","20979.00","21049.00"
"04/02/2025 09:00 - 04/02/2025 10:00","CTA|SE","21241.00","20970.00"
"04/02/2025 10:00 - 04/02/2025 11:00","CTA|SE","21718.00","20866.00"
"04/02/2025 11:00 - 04/02/2025 12:00","CTA|SE","21649.00","20770.00"
"04/02/2025 12:00 - 04/02/2025 13:00","CTA|SE","21440.00","20661.00"
"04/02/2025 13:00 - 04/02/2025 14:00","CTA|SE","21851.00","20582.00"
"04/02/2025 14:00 - 04/02/2025 15:00","CTA|SE","21855.00","20660.00"
"04/02/2025 15:00 - 04/02/2025 16:00","CTA|SE","21954.00","20891.00"
"04/02/2025 16:00 - 04/02/2025 17:00","CTA|SE","22463.00","21213.00"
"04/02/2025 17:00 - 04/02/2025 18:00","CTA|SE","21781.00","20946.00"
"04/02/2025 18:00 - 04/02/2025 19:00","CTA|SE","21678.00","20482.00"
"04/02/2025 19:00 - 04/02/2025 20:00","CTA|SE","20859.00","19937.00"
"04/02/2025 20:00 - 04/02/2025 21:00","CTA|SE","20184.00","19230.00"
"04/02/2025 21:00 - 04/02/2025 22:00","CTA|SE","19145.00","18472.00"
"04/02/2025 22:00 - 04/02/2025 23:00","CTA|SE","18498.00","17733.00"
"04/02/2025 23:00 - 05/02/2025 00:00","CTA|SE","17877.00","17172.00"
"05/02/2025 00:00 - 05/02/2025 01:00","CTA|SE","17234.00","16883.00"
"05/02/2025 01:00 - 05/02/2025 02:00","CTA|SE","16559.00","16749.00"
"05/02/2025 02:00 - 05/02/2025 03:00","CTA|SE","16330.00","16694.00"
"05/02/2025 03:00 - 05/02/2025 04:00","CTA|SE","16474.00","16799.00"
"05/02/2025 04:00 - 05/02/2025 05:00","CTA|SE","17106.00","17358.00"
"05/02/2025 05:00 - 05/02/2025 06:00","CTA|SE","18632.00","18841.00"
"05/02/2025 06:00 - 05/02/2025 07:00","CTA|SE","20389.00","20083.00"
"05/02/2025 07:00 - 05/02/2025 08:00","CTA|SE","20361.00","20293.00"
"05/02/2025 08:00 - 05/02/2025 09:00","CTA|SE","20134.00","20233.00"
"05/02/2025 09:00 - 05/02/2025 10:00","CTA|SE","19817.00","20172.00"
"05/02/2025 10:00 - 05/02/2025 11:00","CTA|SE","19589.00","20269.00"
"05/02/2025 11:00 - 05/02/2025 12:00","CTA|SE","19135.00","20160.00"
"05/02/2025 12:00 - 05/02/2025 13:00","CTA|SE","18702.00","19979.00"
"05/02/2025 13:00 - 05/02/2025 14:00","CTA|SE","18435.00","19843.00"
"05/02/2025 14:00 - 05/02/2025 15:00","CTA|SE","18936.00","19898.00"
"05/02/2025 15:00 - 05/02/2025 16:00","CTA|SE","18685.00","20111.00"
"05/02/2025 16:00 - 05/02/2025 17:00","CTA|SE","18948.00","20444.00"
"05/02/2025 17:00 - 05/02/2025 18:00","CTA|SE","19447.00","20310.00"
"05/02/2025 18:00 - 05/02/2025 19:00","CTA|SE","19127.00","19965.00"
"05/02/2025 19:00 - 05/02/2025 20:00","CTA|SE","18788.00","19533.00"
"05/02/2025 20:00 - 05/02/2025 21:00","CTA|SE","18253.00","18900.00"
"05/02/2025 21:00 - 05/02/2025 22:00","CTA|SE","17515.00","18180.00"
"05/02/2025 22:00 - 05/02/2025 23:00","CTA|SE","17264.00","17515.00"
"05/02/2025 23:00 - 06/02/2025 00:00","CTA|SE","16902.00","17006.00"
"06/02/2025 00:00 - 06/02/2025 01:00","CTA|SE","16797.00","16783.00"
"06/02/2025 01:00 - 06/02/2025 02:00","CTA|SE","16458.00","16715.00"
"06/02/2025 02:00 - 06/02/2025 03:00","CTA|SE","16341.00","16728.00"
"06/02/2025 03:00 - 06/02/2025 04:00","CTA|SE","16829.00","16929.00"
"06/02/2025 04:00 - 06/02/2025 05:00","CTA|SE","17346.00","17576.00"
"06/02/2025 05:00 - 06/02/2025 06:00","CTA|SE","18686.00","19170.00"
"06/02/2025 06:00 - 06/02/2025 07:00","CTA|SE","20064.00","20472.00"
"06/02/2025 07:00 - 06/02/2025 08:00","CTA|SE","20384.00","20720.00"
"06/02/2025 08:00 - 06/02/2025 09:00","CTA|SE","20401.00","20757.00"
"06/02/2025 09:00 - 06/02/2025 10:00","CTA|SE","20267.00","20534.00"
"06/02/2025 10:00 - 06/02/2025 11:00","CTA|SE","20010.00","20221.00"
"06/02/2025 11:00 - 06/02/2025 12:00","CTA|SE","19162.00","19891.00"
"06/02/2025 12:00 - 06/02/2025 13:00","CTA|SE","18474.00","19631.00"
"06/02/2025 13:00 - 06/02/2025 14:00","CTA|SE","18458.00","19531.00"
"06/02/2025 14:00 - 06/02/2025 15:00","CTA|SE","18886.00","19708.00"
"06/02/2025 15:00 - 06/02/2025 16:00","CTA|SE","20088.00","20122.00"
"06/02/2025 16:00 - 06/02/2025 17:00","CTA|SE","20554.00","20733.00"
"06/02/2025 17:00 - 06/02/2025 18:00","CTA|SE","20121.00","20653.00"
"06/02/2025 18:00 - 06/02/2025 19:00","CTA|SE","20102.00","20320.00"
"06/02/2025 19:00 - 06/02/2025 20:00","CTA|SE","19939.00","19864.00"
"06/02/2025 20:00 - 06/02/2025 21:00","CTA|SE","19339.00","19255.00"
"06/02/2025 21:00 - 06/02/2025 22:00","CTA|SE","18695.00","18549.00"
"06/02/2025 22:00 - 06/02/2025 23:00","CTA|SE","17589.00","17886.00"
"06/02/2025 23:00 - 07/02/2025 00:00","CTA|SE","16620.00","17468.00"
"07/02/2025 00:00 - 07/02/2025 01:00","CTA|SE","16726.00","17221.00"
"07/02/2025 01:00 - 07/02/2025 02:00","CTA|SE","17051.00","17114.00"
"07/02/2025 02:00 - 07/02/2025 03:00","CTA|SE","17234.00","17146.00"
"07/02/2025 03:00 - 07/02/2025 04:00","CTA|SE","17428.00","17324.00"
"07/02/2025 04:00 - 07/02/2025 05:00","CTA|SE","18250.00","17998.00"
"07/02/2025 05:00 - 07/02/2025 06:00","CTA|SE","19368.00","19506.00"
"07/02/2025 06:00 - 07/02/2025 07:00","CTA|SE","20507.00","20791.00"
"07/02/2025 07:00 - 07/02/2025 08:00","CTA|SE","21080.00","21069.00"
"07/02/2025 08:00 - 07/02/2025 09:00","CTA|SE","21095.00","20982.00"
"07/02/2025 09:00 - 07/02/2025 10:00","CTA|SE","20774.00","20709.00"
"07/02/2025 10:00 - 07/02/2025 11:00","CTA|SE","20760.00","20397.00"
"07/02/2025 11:00 - 07/02/2025 12:00","CTA|SE","20195.00","20128.00"
"07/02/2025 12:00 - 07/02/2025 13:00","CTA|SE","19823.00","19820.00"
"07/02/2025 13:00 - 07/02/2025 14:00","CTA|SE","19414.00","19672.00"
"07/02/2025 14:00 - 07/02/2025 15:00","CTA|SE","19489.00","19785.00"
"07/02/2025 15:00 - 07/02/2025 16:00","CTA|SE","19521.00","20143.00"
"07/02/2025 16:00 - 07/02/2025 17:00","CTA|SE","20131.00","20549.00"
"07/02/2025 17:00 - 07/02/2025 18:00","CTA|SE","19970.00","20280.00"
"07/02/2025 18:00 - 07/02/2025 19:00","CTA|SE","19779.00","19690.00"
"07/02/2025 19:00 - 07/02/2025 20:00","CTA|SE","19002.00","19037.00"
"07/02/2025 20:00 - 07/02/2025 21:00","CTA|SE","18262.00","18426.00"
"07/02/2025 21:00 - 07/02/2025 22:00","CTA|SE","17680.00","17877.00"
"07/02/2025 22:00 - 07/02/2025 23:00","CTA|SE","17316.00","17405.00"
"07/02/2025 23:00 - 08/02/2025 00:00","CTA|SE","16696.00","16967.00"
"08/02/2025 00:00 - 08/02/2025 01:00","CTA|SE","16605.00","16769.00"
"08/02/2025 01:00 - 08/02/2025 02:00","CTA|SE","16510.00","16590.00"
"08/02/2025 02:00 - 08/02/2025 03:00","CTA|SE","15798.00","16575.00"
"08/02/2025 03:00 - 08/02/2025 04:00","CTA|SE","15985.00","16632.00"
"08/02/2025 04:00 - 08/02/2025 05:00","CTA|SE","16435.00","16802.00"
"08/02/2025 05:00 - 08/02/2025 06:00","CTA|SE","16502.00","17230.00"
"08/02/2025 06:00 - 08/02/2025 07:00","CTA|SE","17201.00","17764.00"
"08/02/2025 07:00 - 08/02/2025 08:00","CTA|SE","17846.00","18257.00"
"08/02/2025 08:00 - 08/02/2025 09:00","CTA|SE","18311.00","18711.00"
"08/02/2025 09:00 - 08/02/2025 10:00","CTA|SE","18874.00","18985.00"
"08/02/2025 10:00 - 08/02/2025 11:00","CTA|SE","19076.00","19031.00"
"08/02/2025 11:00 - 08/02/2025 12:00","CTA|SE","18907.00","18956.00"
"08/02/2025 12:00 - 08/02/2025 13:00","CTA|SE","18575.00","18834.00"
"08/02/2025 13:00 - 08/02/2025 14:00","CTA|SE","18601.00","18826.00"
"08/02/2025 14:00 - 08/02/2025 15:00","CTA|SE","18979.00","18986.00"
"08/02/2025 15:00 - 08/02/2025 16:00","CTA|SE","19385.00","19441.00"
"08/02/2025 16:00 - 08/02/2025 17:00","CTA|SE","20094.00","19876.00"
"08/02/2025 17:00 - 08/02/2025 18:00","CTA|SE","19710.00","19803.00"
"08/02/2025 18:00 - 08/02/2025 19:00","CTA|SE","18814.00","19361.00"
"08/02/2025 19:00 - 08/02/2025 20:00","CTA|SE","18227.00","18839.00"
"08/02/2025 20:00 - 08/02/2025 21:00","CTA|SE","17447.00","18324.00"
"08/02/2025 21:00 - 08/02/2025 22:00","CTA|SE","17286.00","17882.00"
"08/02/2025 22:00 - 08/02/2025 23:00","CTA|SE","17127.00","17420.00"
"08/02/2025 23:00 - 09/02/2025 00:00","CTA|SE","17133.00","17040.00"
"09/02/2025 00:00 - 09/02/2025 01:00","CTA|SE","17067.00","16833.00"
"09/02/2025 01:00 - 09/02/2025 02:00","CTA|SE","16817.00","16714.00"
"09/02/2025 02:00 - 09/02/2025 03:00","CTA|SE","16747.00","16662.00"
"09/02/2025 03:00 - 09/02/2025 04:00","CTA|SE","16311.00","16672.00"
"09/02/2025 04:00 - 09/02/2025 05:00","CTA|SE","16481.00","16766.00"
"09/02/2025 05:00 - 09/02/2025 06:00","CTA|SE","16821.00","17103.00"
"09/02/2025 06:00 - 09/02/2025 07:00","CTA|SE","17438.00","17444.00"
"09/02/2025 07:00 - 09/02/2025 08:00","CTA|SE","17768.00","17861.00"
"09/02/2025 08:00 - 09/02/2025 09:00","CTA|SE","18052.00","18344.00"
"09/02/2025 09:00 - 09/02/2025 10:00","CTA|SE","18214.00","18663.00"
"09/02/2025 10:00 - 09/02/2025 11:00","CTA|SE","18382.00","18744.00"
"09/02/2025 11:00 - 09/02/2025 12:00","CTA|SE","18642.00","18695.00"
"09/02/2025 12:00 - 09/02/2025 13:00","CTA|SE","18565.00","18622.00"
"09/02/2025 13:00 - 09/02/2025 14:00","CTA|SE","18194.00","18659.00"
"09/02/2025 14:00 - 09/02/2025 15:00","CTA|SE","18214.00","18802.00"
"09/02/2025 15:00 - 09/02/2025 16:00","CTA|SE","18563.00","19403.00"
"09/02/2025 16:00 - 09/02/2025 17:00","CTA|SE","19214.00","20103.00"
"09/02/2025 17:00 - 09/02/2025 18:00","CTA|SE","19316.00","20113.00"
"09/02/2025 18:00 - 09/02/2025 19:00","CTA|SE","19078.00","19800.00"
"09/02/2025 19:00 - 09/02/2025 20:00","CTA|SE","18750.00","19333.00"
"09/02/2025 20:00 - 09/02/2025 21:00","CTA|SE","18279.00","18834.00"
"09/02/2025 21:00 - 09/02/2025 22:00","CTA|SE","17707.00","18281.00"
"09/02/2025 22:00 - 09/02/2025 23:00","CTA|SE","17463.00","17777.00"
"09/02/2025 23:00 - 10/02/2025 00:00","CTA|SE","17475.00","17399.00"
"10/02/2025 00:00 - 10/02/2025 01:00","CTA|SE","17130.00","17247.00"
"10/02/2025 01:00 - 10/02/2025 02:00","CTA|SE","17176.00","17211.00"
"10/02/2025 02:00 - 10/02/2025 03:00","CTA|SE","17056.00","17286.00"
"10/02/2025 03:00 - 10/02/2025 04:00","CTA|SE","17432.00","17520.00"
"10/02/2025 04:00 - 10/02/2025 05:00","CTA|SE","17766.00","18284.00"
"10/02/2025 05:00 - 10/02/2025 06:00","CTA|SE","18985.00","19917.00"
"10/02/2025 06:00 - 10/02/2025 07:00","CTA|SE","20239.00","21320.00"
"10/02/2025 07:00 - 10/02/2025 08:00","CTA|SE","20326.00","21628.00"
"10/02/2025 08:00 - 10/02/2025 09:00","CTA|SE","20635.00","21511.00"
"10/02/2025 09:00 - 10/02/2025 10:00","CTA|SE","20642.00","21250.00"
"10/02/2025 10:00 - 10/02/2025 11:00","CTA|SE","21122.00","20932.00"
"10/02/2025 11:00 - 10/02/2025 12:00","CTA|SE","20722.00","20587.00"
"10/02/2025 12:00 - 10/02/2025 13:00","CTA|SE","20193.00","20318.00"
"10/02/2025 13:00 - 10/02/2025 14:00","CTA|SE","20083.00","20267.00"
"10/02/2025 14:00 - 10/02/2025 15:00","CTA|SE","20134.00","20475.00"
"10/02/2025 15:00 - 10/02/2025 16:00","CTA|SE","20352.00","20890.00"
"10/02/2025 16:00 - 10/02/2025 17:00","CTA|SE","20419.00","21427.00"
"10/02/2025 17:00 - 10/02/2025 18:00","CTA|SE","19700.00","21369.00"
"10/02/2025 18:00 - 10/02/2025 19:00","CTA|SE","19885.00","20937.00"
"10/02/2025 19:00 - 10/02/2025 20:00","CTA|SE","20032.00","20466.00"
"10/02/2025 20:00 - 10/02/2025 21:00","CTA|SE","18927.00","19816.00"
"10/02/2025 21:00 - 10/02/2025 22:00","CTA|SE","18282.00","19068.00"
"10/02/2025 22:00 - 10/02/2025 23:00","CTA|SE","17813.00","18390.00"
"10/02/2025 23:00 - 11/02/2025 00:00","CTA|SE","17537.00","17899.00"
"11/02/2025 00:00 - 11/02/2025 01:00","CTA|SE","17275.00","17666.00"
"11/02/2025 01:00 - 11/02/2025 02:00","CTA|SE","17137.00","17600.00"
"11/02/2025 02:00 - 11/02/2025 03:00","CTA|SE","17124.00","17613.00"
"11/02/2025 03:00 - 11/02/2025 04:00","CTA|SE","17560.00","17785.00"
"11/02/2025 04:00 - 11/02/2025 05:00","CTA|SE","17915.00","18377.00"
"11/02/2025 05:00 - 11/02/2025 06:00","CTA|SE","19401.00","19945.00"
"11/02/2025 06:00 - 11/02/2025 07:00","CTA|SE","20904.00","21212.00"
"11/02/2025 07:00 - 11/02/2025 08:00","CTA|SE","21161.00","21450.00"
"11/02/2025 08:00 - 11/02/2025 09:00","CTA|SE","21258.00","21304.00"
"11/02/2025 09:00 - 11/02/2025 10:00","CTA|SE","20943.00","21090.00"
"11/02/2025 10:00 - 11/02/2025 11:00","CTA|SE","20584.00","20855.00"
"11/02/2025 11:00 - 11/02/2025 12:00","CTA|SE","20302.00","20615.00"
"11/02/2025 12:00 - 11/02/2025 13:00","CTA|SE","19938.00","20358.00"
"11/02/2025 13:00 - 11/02/2025 14:00","CTA|SE","19952.00","20267.00"
"11/02/2025 14:00 - 11/02/2025 15:00","CTA|SE","19819.00","20469.00"
"11/02/2025 15:00 - 11/02/2025 16:00","CTA|SE","19893.00","20884.00"
"11/02/2025 16:00 - 11/02/2025 17:00","CTA|SE","20563.00","21422.00"
"11/02/2025 17:00 - 11/02/2025 18:00","CTA|SE","20799.00","21304.00"
"11/02/2025 18:00 - 11/02/2025 19:00","CTA|SE","20464.00","20933.00"
"11/02/2025 19:00 - 11/02/2025 20:00","CTA|SE","20790.00","20389.00"
"11/02/2025 20:00 - 11/02/2025 21:00","CTA|SE","19851.00","19726.00"
"11/02/2025 21:00 - 11/02/2025 22:00","CTA|SE","19127.00","18979.00"
"11/02/2025 22:00 - 11/02/2025 23:00","CTA|SE","18501.00","18249.00"
"11/02/2025 23:00 - 12/02/2025 00:00","CTA|SE","17426.00","17835.00"
"12/02/2025 00:00 - 12/02/2025 01:00","CTA|SE","17111.00","17611.00"
"12/02/2025 01:00 - 12/02/2025 02:00","CTA|SE","17300.00","17549.00"
"12/02/2025 02:00 - 12/02/2025 03:00","CTA|SE","17429.00","17551.00"
"12/02/2025 03:00 - 12/02/2025 04:00","CTA|SE","17405.00","17712.00"
"12/02/2025 04:00 - 12/02/2025 05:00","CTA|SE","17993.00","18351.00"
"12/02/2025 05:00 - 12/02/2025 06:00","CTA|SE","19110.00","19884.00"
"12/02/2025 06:00 - 12/02/2025 07:00","CTA|SE","20817.00","21100.00"
"12/02/2025 07:00 - 12/02/2025 08:00","CTA|SE","21173.00","21337.00"
"12/02/2025 08:00 - 12/02/2025 09:00","CTA|SE","21226.00","21264.00"
"12/02/2025 09:00 - 12/02/2025 10:00","CTA|SE","21043.00","21143.00"
"12/02/2025 10:00 - 12/02/2025 11:00","CTA|SE","21215.00","20970.00"
"12/02/2025 11:00 - 12/02/2025 12:00","CTA|SE","21025.00","20726.00"
"12/02/2025 12:00 - 12/02/2025 13:00","CTA|SE","20773.00","20518.00"
"12/02/2025 13:00 - 12/02/2025 14:00","CTA|SE","20794.00","20463.00"
"12/02/2025 14:00 - 12/02/2025 15:00","CTA|SE","21246.00","20645.00"
"12/02/2025 15:00 - 12/02/2025 16:00","CTA|SE","21380.00","20975.00"
"12/02/2025 16:00 - 12/02/2025 17:00","CTA|SE","22042.00","21525.00"
"12/02/2025 17:00 - 12/02/2025 18:00","CTA|SE","21758.00","21418.00"
"12/02/2025 18:00 - 12/02/2025 19:00","CTA|SE","21312.00","21068.00"
"12/02/2025 19:00 - 12/02/2025 20:00","CTA|SE","20757.00","20557.00"
"12/02/2025 20:00 - 12/02/2025 21:00","CTA|SE","20043.00","19911.00"
"12/02/2025 21:00 - 12/02/2025 22:00","CTA|SE","19385.00","19171.00"
"12/02/2025 22:00 - 12/02/2025 23:00","CTA|SE","18969.00","18465.00"
"12/02/2025 23:00 - 13/02/2025 00:00","CTA|SE","18508.00","18089.00"
"13/02/2025 00:00 - 13/02/2025 01:00","CTA|SE","18168.00","17842.00"
"13/02/2025 01:00 - 13/02/2025 02:00","CTA|SE","17929.00","17740.00"
"13/02/2025 02:00 - 13/02/2025 03:00","CTA|SE","17701.00","17731.00"
"13/02/2025 03:00 - 13/02/2025 04:00","CTA|SE","18171.00","17897.00"
"13/02/2025 04:00 - 13/02/2025 05:00","CTA|SE","18822.00","18553.00"
"13/02/2025 05:00 - 13/02/2025 06:00","CTA|SE","20163.00","20071.00"
"13/02/2025 06:00 - 13/02/2025 07:00","CTA|SE","21372.00","21286.00"
"13/02/2025 07:00 - 13/02/2025 08:00","CTA|SE","21393.00","21516.00"
"13/02/2025 08:00 - 13/02/2025 09:00","CTA|SE","21472.00","21444.00"
"13/02/2025 09:00 - 13/02/2025 10:00","CTA|SE","21423.00","21328.00"
"13/02/2025 10:00 - 13/02/2025 11:00","CTA|SE","21268.00","21193.00"
"13/02/2025 11:00 - 13/02/2025 12:00","CTA|SE","21012.00","20980.00"
"13/02/2025 12:00 - 13/02/2025 13:00","CTA|SE","21013.00","20754.00"
"13/02/2025 13:00 - 13/02/2025 14:00","CTA|SE","21037.00","20648.00"
"13/02/2025 14:00 - 13/02/2025 15:00","CTA|SE","21427.00","20746.00"
"13/02/2025 15:00 - 13/02/2025 16:00","CTA|SE","21634.00","21142.00"
"13/02/2025 16:00 - 13/02/2025 17:00","CTA|SE","22517.00","21733.00"
"13/02/2025 17:00 - 13/02/2025 18:00","CTA|SE","22206.00","21695.00"
"13/02/2025 18:00 - 13/02/2025 19:00","CTA|SE","21744.00","21342.00"
"13/02/2025 19:00 - 13/02/2025 20:00","CTA|SE","21087.00","20862.00"
"13/02/2025 20:00 - 13/02/2025 21:00","CTA|SE","20211.00","20294.00"
"13/02/2025 21:00 - 13/02/2025 22:00","CTA|SE","19615.00","19619.00"
"13/02/2025 22:00 - 13/02/2025 23:00","CTA|SE","19288.00","18991.00"
"13/02/2025 23:00 - 14/02/2025 00:00","CTA|SE","18523.00","18659.00"
"14/02/2025 00:00 - 14/02/2025 01:00","CTA|SE","18467.00","18461.00"
"14/02/2025 01:00 - 14/02/2025 02:00","CTA|SE","18418.00","18397.00"
"14/02/2025 02:00 - 14/02/2025 03:00","CTA|SE","18304.00","18474.00"
"14/02/2025 03:00 - 14/02/2025 04:00","CTA|SE","18350.00","18720.00"
"14/02/2025 04:00 - 14/02/2025 05:00","CTA|SE","19281.00","19454.00"
"14/02/2025 05:00 - 14/02/2025 06:00","CTA|SE","20917.00","21027.00"
"14/02/2025 06:00 - 14/02/2025 07:00","CTA|SE","22015.00","22283.00"
"14/02/2025 07:00 - 14/02/2025 08:00","CTA|SE","22102.00","22519.00"
"14/02/2025 08:00 - 14/02/2025 09:00","CTA|SE","21958.00","22344.00"
"14/02/2025 09:00 - 14/02/2025 10:00","CTA|SE","21583.00","21989.00"
"14/02/2025 10:00 - 14/02/2025 11:00","CTA|SE","20871.00","21499.00"
"14/02/2025 11:00 - 14/02/2025 12:00","CTA|SE","20238.00","21033.00"
"14/02/2025 12:00 - 14/02/2025 13:00","CTA|SE","19500.00","20623.00"
"14/02/2025 13:00 - 14/02/2025 14:00","CTA|SE","19426.00","20428.00"
"14/02/2025 14:00 - 14/02/2025 15:00","CTA|SE","20075.00","20464.00"
"14/02/2025 15:00 - 14/02/2025 16:00","CTA|SE","20249.00","20875.00"
"14/02/2025 16:00 - 14/02/2025 17:00","CTA|SE","20940.00","21518.00"
"14/02/2025 17:00 - 14/02/2025 18:00","CTA|SE","20995.00","21517.00"
"14/02/2025 18:00 - 14/02/2025 19:00","CTA|SE","20851.00","20973.00"
"14/02/2025 19:00 - 14/02/2025 20:00","CTA|SE","20499.00","20387.00"
"14/02/2025 20:00 - 14/02/2025 21:00","CTA|SE","20218.00","19868.00"
"14/02/2025 21:00 - 14/02/2025 22:00","CTA|SE","19896.00","19399.00"
"14/02/2025 22:00 - 14/02/2025 23:00","CTA|SE","19672.00","18973.00"
"14/02/2025 23:00 - 15/02/2025 00:00","CTA|SE","19003.00","18525.00"
"15/02/2025 00:00 - 15/02/2025 01:00","CTA|SE","18644.00","18294.00"
"15/02/2025 01:00 - 15/02/2025 02:00","CTA|SE","18532.00","18154.00"
"15/02/2025 02:00 - 15/02/2025 03:00","CTA|SE","18034.00","18101.00"
"15/02/2025 03:00 - 15/02/2025 04:00","CTA|SE","18293.00","18092.00"
"15/02/2025 04:00 - 15/02/2025 05:00","CTA|SE","18805.00","18218.00"
"15/02/2025 05:00 - 15/02/2025 06:00","CTA|SE","18794.00","18607.00"
"15/02/2025 06:00 - 15/02/2025 07:00","CTA|SE","19026.00","19100.00"
"15/02/2025 07:00 - 15/02/2025 08:00","CTA|SE","19189.00","19503.00"
"15/02/2025 08:00 - 15/02/2025 09:00","CTA|SE","19727.00","19897.00"
"15/02/2025 09:00 - 15/02/2025 10:00","CTA|SE","20498.00","20053.00"
"15/02/2025 10:00 - 15/02/2025 11:00","CTA|SE","20380.00","20001.00"
"15/02/2025 11:00 - 15/02/2025 12:00","CTA|SE","20436.00","19824.00"
"15/02/2025 12:00 - 15/02/2025 13:00","CTA|SE","20118.00","19617.00"
"15/02/2025 13:00 - 15/02/2025 14:00","CTA|SE","20231.00","19526.00"
"15/02/2025 14:00 - 15/02/2025 15:00","CTA|SE","20176.00","19675.00"
"15/02/2025 15:00 - 15/02/2025 16:00","CTA|SE","20023.00","20241.00"
"15/02/2025 16:00 - 15/02/2025 17:00","CTA|SE","20432.00","20919.00"
"15/02/2025 17:00 - 15/02/2025 18:00","CTA|SE","20658.00","21071.00"
"15/02/2025 18:00 - 15/02/2025 19:00","CTA|SE","20486.00","20710.00"
"15/02/2025 19:00 - 15/02/2025 20:00","CTA|SE","20146.00","20263.00"
"15/02/2025 20:00 - 15/02/2025 21:00","CTA|SE","19892.00","19785.00"
"15/02/2025 21:00 - 15/02/2025 22:00","CTA|SE","19514.00","19411.00"
"15/02/2025 22:00 - 15/02/2025 23:00","CTA|SE","19171.00","19058.00"
"15/02/2025 23:00 - 16/02/2025 00:00","CTA|SE","18469.00","18984.00"
"16/02/2025 00:00 - 16/02/2025 01:00","CTA|SE","18491.00","18846.00"
"16/02/2025 01:00 - 16/02/2025 02:00","CTA|SE","18599.00","18785.00"
"16/02/2025 02:00 - 16/02/2025 03:00","CTA|SE","18429.00","18812.00"
"16/02/2025 03:00 - 16/02/2025 04:00","CTA|SE","18592.00","18907.00"
"16/02/2025 04:00 - 16/02/2025 05:00","CTA|SE","18922.00","19092.00"
"16/02/2025 05:00 - 16/02/2025 06:00","CTA|SE","19043.00","19479.00"
"16/02/2025 06:00 - 16/02/2025 07:00","CTA|SE","19484.00","19789.00"
"16/02/2025 07:00 - 16/02/2025 08:00","CTA|SE","20088.00","20122.00"
"16/02/2025 08:00 - 16/02/2025 09:00","CTA|SE","20582.00","20414.00"
"16/02/2025 09:00 - 16/02/2025 10:00","CTA|SE","20441.00","20366.00"
"16/02/2025 10:00 - 16/02/2025 11:00","CTA|SE","20237.00","20097.00"
"16/02/2025 11:00 - 16/02/2025 12:00","CTA|SE","19795.00","19809.00"
"16/02/2025 12:00 - 16/02/2025 13:00","CTA|SE","19134.00","19598.00"
"16/02/2025 13:00 - 16/02/2025 14:00","CTA|SE","18887.00","19537.00"
"16/02/2025 14:00 - 16/02/2025 15:00","CTA|SE","18939.00","19705.00"
"16/02/2025 15:00 - 16/02/2025 16:00","CTA|SE","19783.00","20355.00"
"16/02/2025 16:00 - 16/02/2025 17:00","CTA|SE","20598.00","21194.00"
"16/02/2025 17:00 - 16/02/2025 18:00","CTA|SE","20285.00","21413.00"
"16/02/2025 18:00 - 16/02/2025 19:00","CTA|SE","20067.00","21119.00"
"16/02/2025 19:00 - 16/02/2025 20:00","CTA|SE","19839.00","20688.00"
"16/02/2025 20:00 - 16/02/2025 21:00","CTA|SE","19188.00","20152.00"
"16/02/2025 21:00 - 16/02/2025 22:00","CTA|SE","18773.00","19623.00"
"16/02/2025 22:00 - 16/02/2025 23:00","CTA|SE","18879.00","19111.00"
"16/02/2025 23:00 - 17/02/2025 00:00","CTA|SE","18603.00","18887.00"
"17/02/2025 00:00 - 17/02/2025 01:00","CTA|SE","18471.00","18702.00"
"17/02/2025 01:00 - 17/02/2025 02:00","CTA|SE","18445.00","18637.00"
"17/02/2025 02:00 - 17/02/2025 03:00","CTA|SE","18402.00","18638.00"
"17/02/2025 03:00 - 17/02/2025 04:00","CTA|SE","18570.00","18815.00"
"17/02/2025 04:00 - 17/02/2025 05:00","CTA|SE","18826.00","19460.00"
"17/02/2025 05:00 - 17/02/2025 06:00","CTA|SE","20368.00","20907.00"
"17/02/2025 06:00 - 17/02/2025 07:00","CTA|SE","20876.00","22131.00"
"17/02/2025 07:00 - 17/02/2025 08:00","CTA|SE","21666.00","22344.00"
"17/02/2025 08:00 - 17/02/2025 09:00","CTA|SE","21877.00","22138.00"
"17/02/2025 09:00 - 17/02/2025 10:00","CTA|SE","21757.00","21799.00"
"17/02/2025 10:00 - 17/02/2025 11:00","CTA|SE","21062.00","21349.00"
"17/02/2025 11:00 - 17/02/2025 12:00","CTA|SE","20554.00","20929.00"
"17/02/2025 12:00 - 17/02/2025 13:00","CTA|SE","20004.00","20657.00"
"17/02/2025 13:00 - 17/02/2025 14:00","CTA|SE","20184.00","20553.00"
"17/02/2025 14:00 - 17/02/2025 15:00","CTA|SE","20653.00","20704.00"
"17/02/2025 15:00 - 17/02/2025 16:00","CTA|SE","20857.00","21107.00"
"17/02/2025 16:00 - 17/02/2025 17:00","CTA|SE","21854.00","21838.00"
"17/02/2025 17:00 - 17/02/2025 18:00","CTA|SE","21653.00","21916.00"
"17/02/2025 18:00 - 17/02/2025 19:00","CTA|SE","21623.00","21588.00"
"17/02/2025 19:00 - 17/02/2025 20:00","CTA|SE","21040.00","21137.00"
"17/02/2025 20:00 - 17/02/2025 21:00","CTA|SE","21048.00","20555.00"
"17/02/2025 21:00 - 17/02/2025 22:00","CTA|SE","20432.00","19908.00"
"17/02/2025 22:00 - 17/02/2025 23:00","CTA|SE","19872.00","19252.00"
"17/02/2025 23:00 - 18/02/2025 00:00","CTA|SE","19588.00","18717.00"
"18/02/2025 00:00 - 18/02/2025 01:00","CTA|SE","19666.00","18488.00"
"18/02/2025 01:00 - 18/02/2025 02:00","CTA|SE","19261.00","18388.00"
"18/02/2025 02:00 - 18/02/2025 03:00","CTA|SE","18788.00","18375.00"
"18/02/2025 03:00 - 18/02/2025 04:00","CTA|SE","18814.00","18539.00"
"18/02/2025 04:00 - 18/02/2025 05:00","CTA|SE","19307.00","19228.00"
"18/02/2025 05:00 - 18/02/2025 06:00","CTA|SE","20892.00","20698.00"
"18/02/2025 06:00 - 18/02/2025 07:00","CTA|SE","21668.00","21866.00"
"18/02/2025 07:00 - 18/02/2025 08:00","CTA|SE","21968.00","21951.00"
"18/02/2025 08:00 - 18/02/2025 09:00","CTA|SE","21831.00","21682.00"
"18/02/2025 09:00 - 18/02/2025 10:00","CTA|SE","21792.00","21201.00"
"18/02/2025 10:00 - 18/02/2025 11:00","CTA|SE","21410.00","20708.00"
"18/02/2025 11:00 - 18/02/2025 12:00","CTA|SE","20463.00","20282.00"
"18/02/2025 12:00 - 18/02/2025 13:00","CTA|SE","20085.00","19986.00"
"18/02/2025 13:00 - 18/02/2025 14:00","CTA|SE","19980.00","19898.00"
"18/02/2025 14:00 - 18/02/2025 15:00","CTA|SE","19994.00","20083.00"
"18/02/2025 15:00 - 18/02/2025 16:00","CTA|SE","20805.00","20477.00"
"18/02/2025 16:00 - 18/02/2025 17:00","CTA|SE","21584.00","21213.00"
"18/02/2025 17:00 - 18/02/2025 18:00","CTA|SE","20829.00","21339.00"
"18/02/2025 18:00 - 18/02/2025 19:00","CTA|SE","20864.00","21026.00"
"18/02/2025 19:00 - 18/02/2025 20:00","CTA|SE","20660.00","20577.00"
"18/02/2025 20:00 - 18/02/2025 21:00","CTA|SE","20341.00","20004.00"
"18/02/2025 21:00 - 18/02/2025 22:00","CTA|SE","20104.00","19330.00"
"18/02/2025 22:00 - 18/02/2025 23:00","CTA|SE","19793.00","18684.00"
"18/02/2025 23:00 - 19/02/2025 00:00","CTA|SE","19142.00","18545.00"
"19/02/2025 00:00 - 19/02/2025 01:00","CTA|SE","19299.00","18376.00"
"19/02/2025 01:00 - 19/02/2025 02:00","CTA|SE","18924.00","18337.00"
"19/02/2025 02:00 - 19/02/2025 03:00","CTA|SE","19123.00","18384.00"
"19/02/2025 03:00 - 19/02/2025 04:00","CTA|SE","19536.00","18644.00"
"19/02/2025 04:00 - 19/02/2025 05:00","CTA|SE","20367.00","19375.00"
"19/02/2025 05:00 - 19/02/2025 06:00","CTA|SE","21786.00","20862.00"
"19/02/2025 06:00 - 19/02/2025 07:00","CTA|SE","23035.00","22031.00"
"19/02/2025 07:00 - 19/02/2025 08:00","CTA|SE","22786.00","22041.00"
"19/02/2025 08:00 - 19/02/2025 09:00","CTA|SE","21956.00","21739.00"
"19/02/2025 09:00 - 19/02/2025 10:00","CTA|SE","21380.00","21227.00"
"19/02/2025 10:00 - 19/02/2025 11:00","CTA|SE","20790.00","20720.00"
"19/02/2025 11:00 - 19/02/2025 12:00","CTA|SE","20421.00","20232.00"
"19/02/2025 12:00 - 19/02/2025 13:00","CTA|SE","20166.00","19962.00"
"19/02/2025 13:00 - 19/02/2025 14:00","CTA|SE","19906.00","19883.00"
"19/02/2025 14:00 - 19/02/2025 15:00","CTA|SE","20447.00","20057.00"
"19/02/2025 15:00 - 19/02/2025 16:00","CTA|SE","21004.00","20487.00"
"19/02/2025 16:00 - 19/02/2025 17:00","CTA|SE","22067.00","21265.00"
"19/02/2025 17:00 - 19/02/2025 18:00","CTA|SE","22019.00","21423.00"
"19/02/2025 18:00 - 19/02/2025 19:00","CTA|SE","21507.00","21150.00"
"19/02/2025 19:00 - 19/02/2025 20:00","CTA|SE","20833.00","20771.00"
"19/02/2025 20:00 - 19/02/2025 21:00","CTA|SE","20253.00","20196.00"
"19/02/2025 21:00 - 19/02/2025 22:00","CTA|SE","19869.00","19552.00"
"19/02/2025 22:00 - 19/02/2025 23:00","CTA|SE","19582.00","18905.00"
"19/02/2025 23:00 - 20/02/2025 00:00","CTA|SE","19331.00","18479.00"
"20/02/2025 00:00 - 20/02/2025 01:00","CTA|SE","19610.00","18298.00"
"20/02/2025 01:00 - 20/02/2025 02:00","CTA|SE","19399.00","18252.00"
"20/02/2025 02:00 - 20/02/2025 03:00","CTA|SE","19264.00","18288.00"
"20/02/2025 03:00 - 20/02/2025 04:00","CTA|SE","19739.00","18512.00"
"20/02/2025 04:00 - 20/02/2025 05:00","CTA|SE","20379.00","19195.00"
"20/02/2025 05:00 - 20/02/2025 06:00","CTA|SE","21361.00","20654.00"
"20/02/2025 06:00 - 20/02/2025 07:00","CTA|SE","21544.00","21749.00"
"20/02/2025 07:00 - 20/02/2025 08:00","CTA|SE","21690.00","21823.00"
"20/02/2025 08:00 - 20/02/2025 09:00","CTA|SE","21418.00","21460.00"
"20/02/2025 09:00 - 20/02/2025 10:00","CTA|SE","20822.00","20964.00"
"20/02/2025 10:00 - 20/02/2025 11:00","CTA|SE","19997.00","20502.00"
"20/02/2025 11:00 - 20/02/2025 12:00","CTA|SE","19344.00","20111.00"
"20/02/2025 12:00 - 20/02/2025 13:00","CTA|SE","19078.00","19837.00"
"20/02/2025 13:00 - 20/02/2025 14:00","CTA|SE","18953.00","19779.00"
"20/02/2025 14:00 - 20/02/2025 15:00","CTA|SE","19556.00","20060.00"
"20/02/2025 15:00 - 20/02/2025 16:00","CTA|SE","20106.00","20478.00"
"20/02/2025 16:00 - 20/02/2025 17:00","CTA|SE","20325.00","21106.00"
"20/02/2025 17:00 - 20/02/2025 18:00","CTA|SE","20467.00","21105.00"
"20/02/2025 18:00 - 20/02/2025 19:00","CTA|SE","20639.00","20750.00"
"20/02/2025 19:00 - 20/02/2025 20:00","CTA|SE","20239.00","20240.00"
"20/02/2025 20:00 - 20/02/2025 21:00","CTA|SE","19742.00","19626.00"
"20/02/2025 21:00 - 20/02/2025 22:00","CTA|SE","19084.00","18913.00"
"20/02/2025 22:00 - 20/02/2025 23:00","CTA|SE","18556.00","18261.00"
"20/02/2025 23:00 - 21/02/2025 00:00","CTA|SE","18078.00","17883.00"
"21/02/2025 00:00 - 21/02/2025 01:00","CTA|SE","18019.00","17628.00"
"21/02/2025 01:00 - 21/02/2025 02:00","CTA|SE","18251.00","17473.00"
"21/02/2025 02:00 - 21/02/2025 03:00","CTA|SE","18188.00","17414.00"
"21/02/2025 03:00 - 21/02/2025 04:00","CTA|SE","18269.00","17533.00"
"21/02/2025 04:00 - 21/02/2025 05:00","CTA|SE","18458.00","18127.00"
"21/02/2025 05:00 - 21/02/2025 06:00","CTA|SE","19822.00","19520.00"
"21/02/2025 06:00 - 21/02/2025 07:00","CTA|SE","20987.00","20582.00"
"21/02/2025 07:00 - 21/02/2025 08:00","CTA|SE","21071.00","20791.00"
"21/02/2025 08:00 - 21/02/2025 09:00","CTA|SE","20990.00","20719.00"
"21/02/2025 09:00 - 21/02/2025 10:00","CTA|SE","20988.00","20627.00"
"21/02/2025 10:00 - 21/02/2025 11:00","CTA|SE","20547.00","20488.00"
"21/02/2025 11:00 - 21/02/2025 12:00","CTA|SE","20591.00","20286.00"
"21/02/2025 12:00 - 21/02/2025 13:00","CTA|SE","20366.00","20019.00"
"21/02/2025 13:00 - 21/02/2025 14:00","CTA|SE","19839.00","19794.00"
"21/02/2025 14:00 - 21/02/2025 15:00","CTA|SE","19559.00","19727.00"
"21/02/2025 15:00 - 21/02/2025 16:00","CTA|SE","19618.00","19810.00"
"21/02/2025 16:00 - 21/02/2025 17:00","CTA|SE","19861.00","20202.00"
"21/02/2025 17:00 - 21/02/2025 18:00","CTA|SE","19737.00","20027.00"
"21/02/2025 18:00 - 21/02/2025 19:00","CTA|SE","19218.00","19435.00"
"21/02/2025 19:00 - 21/02/2025 20:00","CTA|SE","18697.00","18700.00"
"21/02/2025 20:00 - 21/02/2025 21:00","CTA|SE","17750.00","18061.00"
"21/02/2025 21:00 - 21/02/2025 22:00","CTA|SE","16910.00","17496.00"
"21/02/2025 22:00 - 21/02/2025 23:00","CTA|SE","16024.00","16971.00"
"21/02/2025 23:00 - 22/02/2025 00:00","CTA|SE","15529.00","16402.00"
"22/02/2025 00:00 - 22/02/2025 01:00","CTA|SE","14806.00","16128.00"
"22/02/2025 01:00 - 22/02/2025 02:00","CTA|SE","15001.00","15966.00"
"22/02/2025 02:00 - 22/02/2025 03:00","CTA|SE","14879.00","15863.00"
"22/02/2025 03:00 - 22/02/2025 04:00","CTA|SE","14973.00","15837.00"
"22/02/2025 04:00 - 22/02/2025 05:00","CTA|SE","15647.00","15919.00"
"22/02/2025 05:00 - 22/02/2025 06:00","CTA|SE","15717.00","16275.00"
"22/02/2025 06:00 - 22/02/2025 07:00","CTA|SE","15805.00","16751.00"
"22/02/2025 07:00 - 22/02/2025 08:00","CTA|SE","16166.00","17183.00"
"22/02/2025 08:00 - 22/02/2025 09:00","CTA|SE","17262.00","17520.00"
"22/02/2025 09:00 - 22/02/2025 10:00","CTA|SE","17571.00","17602.00"
"22/02/2025 10:00 - 22/02/2025 11:00","CTA|SE","17586.00","17472.00"
"22/02/2025 11:00 - 22/02/2025 12:00","CTA|SE","16971.00","17263.00"
"22/02/2025 12:00 - 22/02/2025 13:00","CTA|SE","16534.00","16988.00"
"22/02/2025 13:00 - 22/02/2025 14:00","CTA|SE","16690.00","16811.00"
"22/02/2025 14:00 - 22/02/2025 15:00","CTA|SE","16837.00","16897.00"
"22/02/2025 15:00 - 22/02/2025 16:00","CTA|SE","17239.00","17308.00"
"22/02/2025 16:00 - 22/02/2025 17:00","CTA|SE","18240.00","18078.00"
"22/02/2025 17:00 - 22/02/2025 18:00","CTA|SE","18210.00","18275.00"
"22/02/2025 18:00 - 22/02/2025 19:00","CTA|SE","17702.00","17981.00"
"22/02/2025 19:00 - 22/02/2025 20:00","CTA|SE","16879.00","17484.00"
"22/02/2025 20:00 - 22/02/2025 21:00","CTA|SE","16667.00","17040.00"
"22/02/2025 21:00 - 22/02/2025 22:00","CTA|SE","16107.00","16691.00"
"22/02/2025 22:00 - 22/02/2025 23:00","CTA|SE","15618.00","16350.00"
"22/02/2025 23:00 - 23/02/2025 00:00","CTA|SE","15364.00","15882.00"
"23/02/2025 00:00 - 23/02/2025 01:00","CTA|SE","15382.00","15696.00"
"23/02/2025 01:00 - 23/02/2025 02:00","CTA|SE","15157.00","15609.00"
"23/02/2025 02:00 - 23/02/2025 03:00","CTA|SE","14868.00","15580.00"
"23/02/2025 03:00 - 23/02/2025 04:00","CTA|SE","15131.00","15579.00"
"23/02/2025 04:00 - 23/02/2025 05:00","CTA|SE","15148.00","15652.00"
"23/02/2025 05:00 - 23/02/2025 06:00","CTA|SE","15308.00","15961.00"
"23/02/2025 06:00 - 23/02/2025 07:00","CTA|SE","15552.00","16250.00"
"23/02/2025 07:00 - 23/02/2025 08:00","CTA|SE","16075.00","16615.00"
"23/02/2025 08:00 - 23/02/2025 09:00","CTA|SE","16830.00","17035.00"
"23/02/2025 09:00 - 23/02/2025 10:00","CTA|SE","17128.00","17311.00"
"23/02/2025 10:00 - 23/02/2025 11:00","CTA|SE","16932.00","17426.00"
"23/02/2025 11:00 - 23/02/2025 12:00","CTA|SE","17348.00","17418.00"
"23/02/2025 12:00 - 23/02/2025 13:00","CTA|SE","17241.00","17315.00"
"23/02/2025 13:00 - 23/02/2025 14:00","CTA|SE","17026.00","17244.00"
"23/02/2025 14:00 - 23/02/2025 15:00","CTA|SE","17222.00","17317.00"
"23/02/2025 15:00 - 23/02/2025 16:00","CTA|SE","17748.00","17741.00"
"23/02/2025 16:00 - 23/02/2025 17:00","CTA|SE","18699.00","18378.00"
"23/02/2025 17:00 - 23/02/2025 18:00","CTA|SE","18607.00","18505.00"
"23/02/2025 18:00 - 23/02/2025 19:00","CTA|SE","18191.00","18203.00"
"23/02/2025 19:00 - 23/02/2025 20:00","CTA|SE","17893.00","17747.00"
"23/02/2025 20:00 - 23/02/2025 21:00","CTA|SE","17341.00","17248.00"
"23/02/2025 21:00 - 23/02/2025 22:00","CTA|SE","16696.00","16753.00"
"23/02/2025 22:00 - 23/02/2025 23:00","CTA|SE","16266.00","16266.00"
"23/02/2025 23:00 - 24/02/2025 00:00","CTA|SE","15917.00","15832.00"
"24/02/2025 00:00 - 24/02/2025 01:00","CTA|SE","15677.00","15670.00"
"24/02/2025 01:00 - 24/02/2025 02:00","CTA|SE","15690.00","15629.00"
"24/02/2025 02:00 - 24/02/2025 03:00","CTA|SE","15962.00","15656.00"
"24/02/2025 03:00 - 24/02/2025 04:00","CTA|SE","15874.00","15837.00"
"24/02/2025 04:00 - 24/02/2025 05:00","CTA|SE","16419.00","16518.00"
"24/02/2025 05:00 - 24/02/2025 06:00","CTA|SE","17686.00","18040.00"
"24/02/2025 06:00 - 24/02/2025 07:00","CTA|SE","18766.00","19246.00"
"24/02/2025 07:00 - 24/02/2025 08:00","CTA|SE","18650.00","19526.00"
"24/02/2025 08:00 - 24/02/2025 09:00","CTA|SE","18499.00","19508.00"
"24/02/2025 09:00 - 24/02/2025 10:00","CTA|SE","18353.00","19442.00"
"24/02/2025 10:00 - 24/02/2025 11:00","CTA|SE","18004.00","19404.00"
"24/02/2025 11:00 - 24/02/2025 12:00","CTA|SE","17677.00","19326.00"
"24/02/2025 12:00 - 24/02/2025 13:00","CTA|SE","18166.00","19253.00"
"24/02/2025 13:00 - 24/02/2025 14:00","CTA|SE","18666.00","19179.00"
"24/02/2025 14:00 - 24/02/2025 15:00","CTA|SE","18900.00","19225.00"
"24/02/2025 15:00 - 24/02/2025 16:00","CTA|SE","18999.00","19356.00"
"24/02/2025 16:00 - 24/02/2025 17:00","CTA|SE","19308.00","19805.00"
"24/02/2025 17:00 - 24/02/2025 18:00","CTA|SE","18917.00","19690.00"
"24/02/2025 18:00 - 24/02/2025 19:00","CTA|SE","18767.00","19261.00"
"24/02/2025 19:00 - 24/02/2025 20:00","CTA|SE","18251.00","18686.00"
"24/02/2025 20:00 - 24/02/2025 21:00","CTA|SE","17514.00","18023.00"
"24/02/2025 21:00 - 24/02/2025 22:00","CTA|SE","16523.00","17272.00"
"24/02/2025 22:00 - 24/02/2025 23:00","CTA|SE","15734.00","16553.00"
"24/02/2025 23:00 - 25/02/2025 00:00","CTA|SE","15542.00","16006.00"
"25/02/2025 00:00 - 25/02/2025 01:00","CTA|SE","15326.00","15747.00"
"25/02/2025 01:00 - 25/02/2025 02:00","CTA|SE","15410.00","15652.00"
"25/02/2025 02:00 - 25/02/2025 03:00","CTA|SE","15449.00","15638.00"
"25/02/2025 03:00 - 25/02/2025 04:00","CTA|SE","15570.00","15793.00"
"25/02/2025 04:00 - 25/02/2025 05:00","CTA|SE","16095.00","16418.00"
"25/02/2025 05:00 - 25/02/2025 06:00","CTA|SE","17238.00","17864.00"
"25/02/2025 06:00 - 25/02/2025 07:00","CTA|SE","17929.00","18987.00"
"25/02/2025 07:00 - 25/02/2025 08:00","CTA|SE","18563.00","19202.00"
"25/02/2025 08:00 - 25/02/2025 09:00","CTA|SE","19007.00","19136.00"
"25/02/2025 09:00 - 25/02/2025 10:00","CTA|SE","18793.00","19042.00"
"25/02/2025 10:00 - 25/02/2025 11:00","CTA|SE","18553.00","18974.00"
"25/02/2025 11:00 - 25/02/2025 12:00","CTA|SE","18594.00","18875.00"
"25/02/2025 12:00 - 25/02/2025 13:00","CTA|SE","18368.00","18745.00"
"25/02/2025 13:00 - 25/02/2025 14:00","CTA|SE","18184.00","18671.00"
"25/02/2025 14:00 - 25/02/2025 15:00","CTA|SE","17840.00","18783.00"
"25/02/2025 15:00 - 25/02/2025 16:00","CTA|SE","18344.00","18934.00"
"25/02/2025 16:00 - 25/02/2025 17:00","CTA|SE","19320.00","19435.00"
"25/02/2025 17:00 - 25/02/2025 18:00","CTA|SE","19496.00","19406.00"
"25/02/2025 18:00 - 25/02/2025 19:00","CTA|SE","18954.00","19026.00"
"25/02/2025 19:00 - 25/02/2025 20:00","CTA|SE","18336.00","18530.00"
"25/02/2025 20:00 - 25/02/2025 21:00","CTA|SE","17481.00","17918.00"
"25/02/2025 21:00 - 25/02/2025 22:00","CTA|SE","16645.00","17201.00"
"25/02/2025 22:00 - 25/02/2025 23:00","CTA|SE","16128.00","16533.00"
"25/02/2025 23:00 - 26/02/2025 00:00","CTA|SE","15990.00","16049.00"
"26/02/2025 00:00 - 26/02/2025 01:00","CTA|SE","15654.00","15812.00"
"26/02/2025 01:00 - 26/02/2025 02:00","CTA|SE","15365.00","15719.00"
"26/02/2025 02:00 - 26/02/2025 03:00","CTA|SE","15306.00","15724.00"
"26/02/2025 03:00 - 26/02/2025 04:00","CTA|SE","15416.00","15901.00"
"26/02/2025 04:00 - 26/02/2025 05:00","CTA|SE","15841.00","16507.00"
"26/02/2025 05:00 - 26/02/2025 06:00","CTA|SE","17063.00","17932.00"
"26/02/2025 06:00 - 26/02/2025 07:00","CTA|SE","17897.00","19029.00"
"26/02/2025 07:00 - 26/02/2025 08:00","CTA|SE","18420.00","19232.00"
"26/02/2025 08:00 - 26/02/2025 09:00","CTA|SE","18543.00","19162.00"
"26/02/2025 09:00 - 26/02/2025 10:00","CTA|SE","18609.00","19075.00"
"26/02/2025 10:00 - 26/02/2025 11:00","CTA|SE","18581.00","18970.00"
"26/02/2025 11:00 - 26/02/2025 12:00","CTA|SE","18388.00","18800.00"
"26/02/2025 12:00 - 26/02/2025 13:00","CTA|SE","18303.00","18665.00"
"26/02/2025 13:00 - 26/02/2025 14:00","CTA|SE","18294.00","18601.00"
"26/02/2025 14:00 - 26/02/2025 15:00","CTA|SE","18358.00","18691.00"
"26/02/2025 15:00 - 26/02/2025 16:00","CTA|SE","18635.00","18870.00"
"26/02/2025 16:00 - 26/02/2025 17:00","CTA|SE","19182.00","19371.00"
"26/02/2025 17:00 - 26/02/2025 18:00","CTA|SE","18715.00","19369.00"
"26/02/2025 18:00 - 26/02/2025 19:00","CTA|SE","18423.00","19033.00"
"26/02/2025 19:00 - 26/02/2025 20:00","CTA|SE","17920.00","18541.00"
"26/02/2025 20:00 - 26/02/2025 21:00","CTA|SE","17473.00","17962.00"
"26/02/2025 21:00 - 26/02/2025 22:00","CTA|SE","16949.00","17289.00"
"26/02/2025 22:00 - 26/02/2025 23:00","CTA|SE","16271.00","16672.00"
"26/02/2025 23:00 - 27/02/2025 00:00","CTA|SE","16372.00","16366.00"
"27/02/2025 00:00 - 27/02/2025 01:00","CTA|SE","15760.00","16145.00"
"27/02/2025 01:00 - 27/02/2025 02:00","CTA|SE","15428.00","16035.00"
"27/02/2025 02:00 - 27/02/2025 03:00","CTA|SE","15531.00","16041.00"
"27/02/2025 03:00 - 27/02/2025 04:00","CTA|SE","15683.00","16222.00"
"27/02/2025 04:00 - 27/02/2025 05:00","CTA|SE","16233.00","16892.00"
"27/02/2025 05:00 - 27/02/2025 06:00","CTA|SE","17948.00","18363.00"
"27/02/2025 06:00 - 27/02/2025 07:00","CTA|SE","18960.00","19477.00"
"27/02/2025 07:00 - 27/02/2025 08:00","CTA|SE","19084.00","19653.00"
"27/02/2025 08:00 - 27/02/2025 09:00","CTA|SE","19051.00","19558.00"
"27/02/2025 09:00 - 27/02/2025 10:00","CTA|SE","19185.00","19406.00"
"27/02/2025 10:00 - 27/02/2025 11:00","CTA|SE","18795.00","19249.00"
"27/02/2025 11:00 - 27/02/2025 12:00","CTA|SE","18366.00","19067.00"
"27/02/2025 12:00 - 27/02/2025 13:00","CTA|SE","18187.00","18890.00"
"27/02/2025 13:00 - 27/02/2025 14:00","CTA|SE","18089.00","18825.00"
"27/02/2025 14:00 - 27/02/2025 15:00","CTA|SE","18475.00","18887.00"
"27/02/2025 15:00 - 27/02/2025 16:00","CTA|SE","18882.00","19103.00"
"27/02/2025 16:00 - 27/02/2025 17:00","CTA|SE","19456.00","19660.00"
"27/02/2025 17:00 - 27/02/2025 18:00","CTA|SE","19504.00","19731.00"
"27/02/2025 18:00 - 27/02/2025 19:00","CTA|SE","19104.00","19473.00"
"27/02/2025 19:00 - 27/02/2025 20:00","CTA|SE","18592.00","19007.00"
"27/02/2025 20:00 - 27/02/2025 21:00","CTA|SE","17866.00","18411.00"
"27/02/2025 21:00 - 27/02/2025 22:00","CTA|SE","17321.00","17693.00"
"27/02/2025 22:00 - 27/02/2025 23:00","CTA|SE","16791.00","17056.00"
"27/02/2025 23:00 - 28/02/2025 00:00","CTA|SE","16376.00","16677.00"
"28/02/2025 00:00 - 28/02/2025 01:00","CTA|SE","16090.00","16460.00"
"28/02/2025 01:00 - 28/02/2025 02:00","CTA|SE","16393.00","16392.00"
"28/02/2025 02:00 - 28/02/2025 03:00","CTA|SE","16214.00","16436.00"
"28/02/2025 03:00 - 28/02/2025 04:00","CTA|SE","16366.00","16603.00"
"28/02/2025 04:00 - 28/02/2025 05:00","CTA|SE","17114.00","17243.00"
"28/02/2025 05:00 - 28/02/2025 06:00","CTA|SE","18578.00","18690.00"
"28/02/2025 06:00 - 28/02/2025 07:00","CTA|SE","19634.00","19834.00"
"28/02/2025 07:00 - 28/02/2025 08:00","CTA|SE","19539.00","20054.00"
"28/02/2025 08:00 - 28/02/2025 09:00","CTA|SE","19161.00","19919.00"
"28/02/2025 09:00 - 28/02/2025 10:00","CTA|SE","18933.00","19692.00"
"28/02/2025 10:00 - 28/02/2025 11:00","CTA|SE","18766.00","19420.00"
"28/02/2025 11:00 - 28/02/2025 12:00","CTA|SE","18495.00","19154.00"
"28/02/2025 12:00 - 28/02/2025 13:00","CTA|SE","18043.00","18826.00"
"28/02/2025 13:00 - 28/02/2025 14:00","CTA|SE","18009.00","18580.00"
"28/02/2025 14:00 - 28/02/2025 15:00","CTA|SE","18753.00","18477.00"
"28/02/2025 15:00 - 28/02/2025 16:00","CTA|SE","18793.00","18628.00"
"28/02/2025 16:00 - 28/02/2025 17:00","CTA|SE","19042.00","19226.00"
"28/02/2025 17:00 - 28/02/2025 18:00","CTA|SE","19016.00","19408.00"
"28/02/2025 18:00 - 28/02/2025 19:00","CTA|SE","18748.00","19029.00"
"28/02/2025 19:00 - 28/02/2025 20:00","CTA|SE","18174.00","18462.00"
"28/02/2025 20:00 - 28/02/2025 21:00","CTA|SE","17693.00","17966.00"
"28/02/2025 21:00 - 28/02/2025 22:00","CTA|SE","17310.00","17446.00"
"28/02/2025 22:00 - 28/02/2025 23:00","CTA|SE","16943.00","16978.00"
"28/02/2025 23:00 - 01/03/2025 00:00","CTA|SE","16706.00","16721.00"
"01/03/2025 00:00 - 01/03/2025 01:00","CTA|SE","16698.00","16521.00"
"01/03/2025 01:00 - 01/03/2025 02:00","CTA|SE","16367.00","16447.00"
"01/03/2025 02:00 - 01/03/2025 03:00","CTA|SE","16171.00","16405.00"
"01/03/2025 03:00 - 01/03/2025 04:00","CTA|SE","16466.00","16447.00"
"01/03/2025 04:00 - 01/03/2025 05:00","CTA|SE","16644.00","16610.00"
"01/03/2025 05:00 - 01/03/2025 06:00","CTA|SE","16850.00","17038.00"
"01/03/2025 06:00 - 01/03/2025 07:00","CTA|SE","17140.00","17491.00"
"01/03/2025 07:00 - 01/03/2025 08:00","CTA|SE","17516.00","17787.00"
"01/03/2025 08:00 - 01/03/2025 09:00","CTA|SE","17743.00","18011.00"
"01/03/2025 09:00 - 01/03/2025 10:00","CTA|SE","17990.00","17908.00"
"01/03/2025 10:00 - 01/03/2025 11:00","CTA|SE","17747.00","17713.00"
"01/03/2025 11:00 - 01/03/2025 12:00","CTA|SE","17474.00","17469.00"
"01/03/2025 12:00 - 01/03/2025 13:00","CTA|SE","17266.00","17195.00"
"01/03/2025 13:00 - 01/03/2025 14:00","CTA|SE","17227.00","17170.00"
"01/03/2025 14:00 - 01/03/2025 15:00","CTA|SE","17741.00","17342.00"
"01/03/2025 15:00 - 01/03/2025 16:00","CTA|SE","18060.00","17748.00"
"01/03/2025 16:00 - 01/03/2025 17:00","CTA|SE","18691.00","18371.00"
"01/03/2025 17:00 - 01/03/2025 18:00","CTA|SE","18745.00","18540.00"
"01/03/2025 18:00 - 01/03/2025 19:00","CTA|SE","18405.00","18189.00"
"01/03/2025 19:00 - 01/03/2025 20:00","CTA|SE","17794.00","17650.00"
"01/03/2025 20:00 - 01/03/2025 21:00","CTA|SE","16655.00","17156.00"
"01/03/2025 21:00 - 01/03/2025 22:00","CTA|SE","16316.00","16728.00"
"01/03/2025 22:00 - 01/03/2025 23:00","CTA|SE","16041.00","16305.00"
"01/03/2025 23:00 - 02/03/2025 00:00","CTA|SE","15540.00","15970.00"
"02/03/2025 00:00 - 02/03/2025 01:00","CTA|SE","15465.00","15807.00"
"02/03/2025 01:00 - 02/03/2025 02:00","CTA|SE","15503.00","15753.00"
"02/03/2025 02:00 - 02/03/2025 03:00","CTA|SE","15555.00","15699.00"
"02/03/2025 03:00 - 02/03/2025 04:00","CTA|SE","15199.00","15740.00"
"02/03/2025 04:00 - 02/03/2025 05:00","CTA|SE","15765.00","15866.00"
"02/03/2025 05:00 - 02/03/2025 06:00","CTA|SE","15653.00","16164.00"
"02/03/2025 06:00 - 02/03/2025 07:00","CTA|SE","15704.00","16449.00"
"02/03/2025 07:00 - 02/03/2025 08:00","CTA|SE","16168.00","16727.00"
"02/03/2025 08:00 - 02/03/2025 09:00","CTA|SE","16290.00","16922.00"
"02/03/2025 09:00 - 02/03/2025 10:00","CTA|SE","16096.00","16836.00"
"02/03/2025 10:00 - 02/03/2025 11:00","CTA|SE","15296.00","16711.00"
"02/03/2025 11:00 - 02/03/2025 12:00","CTA|SE","14856.00","16590.00"
"02/03/2025 12:00 - 02/03/2025 13:00","CTA|SE","14697.00","16378.00"
"02/03/2025 13:00 - 02/03/2025 14:00","CTA|SE","14972.00","16354.00"
"02/03/2025 14:00 - 02/03/2025 15:00","CTA|SE","16081.00","16473.00"
"02/03/2025 15:00 - 02/03/2025 16:00","CTA|SE","16925.00","17004.00"
"02/03/2025 16:00 - 02/03/2025 17:00","CTA|SE","18034.00","17824.00"
"02/03/2025 17:00 - 02/03/2025 18:00","CTA|SE","18110.00","18231.00"
"02/03/2025 18:00 - 02/03/2025 19:00","CTA|SE","17458.00","18044.00"
"02/03/2025 19:00 - 02/03/2025 20:00","CTA|SE","16946.00","17568.00"
"02/03/2025 20:00 - 02/03/2025 21:00","CTA|SE","16490.00","17092.00"
"02/03/2025 21:00 - 02/03/2025 22:00","CTA|SE","15839.00","16609.00"
"02/03/2025 22:00 - 02/03/2025 23:00","CTA|SE","15480.00","16133.00"
"02/03/2025 23:00 - 03/03/2025 00:00","CTA|SE","15122.00","15704.00"
"03/03/2025 00:00 - 03/03/2025 01:00","CTA|SE","15164.00","15524.00"
"03/03/2025 01:00 - 03/03/2025 02:00","CTA|SE","14950.00","15467.00"
"03/03/2025 02:00 - 03/03/2025 03:00","CTA|SE","14808.00","15481.00"
"03/03/2025 03:00 - 03/03/2025 04:00","CTA|SE","15522.00","15676.00"
"03/03/2025 04:00 - 03/03/2025 05:00","CTA|SE","15938.00","16372.00"
"03/03/2025 05:00 - 03/03/2025 06:00","CTA|SE","17171.00","17848.00"
"03/03/2025 06:00 - 03/03/2025 07:00","CTA|SE","18165.00","18975.00"
"03/03/2025 07:00 - 03/03/2025 08:00","CTA|SE","18331.00","19161.00"
"03/03/2025 08:00 - 03/03/2025 09:00","CTA|SE","18591.00","18984.00"
"03/03/2025 09:00 - 03/03/2025 10:00","CTA|SE","18193.00","18764.00"
"03/03/2025 10:00 - 03/03/2025 11:00","CTA|SE","17315.00","18520.00"
"03/03/2025 11:00 - 03/03/2025 12:00","CTA|SE","16644.00","18214.00"
"03/03/2025 12:00 - 03/03/2025 13:00","CTA|SE","16529.00","17942.00"
"03/03/2025 13:00 - 03/03/2025 14:00","CTA|SE","16613.00","17770.00"
"03/03/2025 14:00 - 03/03/2025 15:00","CTA|SE","17682.00","17857.00"
"03/03/2025 15:00 - 03/03/2025 16:00","CTA|SE","18658.00","18131.00"
"03/03/2025 16:00 - 03/03/2025 17:00","CTA|SE","19141.00","18819.00"
"03/03/2025 17:00 - 03/03/2025 18:00","CTA|SE","19353.00","19004.00"
"03/03/2025 18:00 - 03/03/2025 19:00","CTA|SE","18878.00","18782.00"
"03/03/2025 19:00 - 03/03/2025 20:00","CTA|SE","17781.00","18311.00"
"03/03/2025 20:00 - 03/03/2025 21:00","CTA|SE","17185.00","17718.00"
"03/03/2025 21:00 - 03/03/2025 22:00","CTA|SE","16992.00","17011.00"
"03/03/2025 22:00 - 03/03/2025 23:00","CTA|SE","16596.00","16363.00"
"03/03/2025 23:00 - 04/03/2025 00:00","CTA|SE","15707.00","15606.00"
"04/03/2025 00:00 - 04/03/2025 01:00","CTA|SE","15393.00","15392.00"
"04/03/2025 01:00 - 04/03/2025 02:00","CTA|SE","15215.00","15301.00"
"04/03/2025 02:00 - 04/03/2025 03:00","CTA|SE","15300.00","15312.00"
"04/03/2025 03:00 - 04/03/2025 04:00","CTA|SE","15449.00","15491.00"
"04/03/2025 04:00 - 04/03/2025 05:00","CTA|SE","15840.00","16112.00"
"04/03/2025 05:00 - 04/03/2025 06:00","CTA|SE","17322.00","17530.00"
"04/03/2025 06:00 - 04/03/2025 07:00","CTA|SE","18530.00","18636.00"
"04/03/2025 07:00 - 04/03/2025 08:00","CTA|SE","18589.00","18819.00"
"04/03/2025 08:00 - 04/03/2025 09:00","CTA|SE","18619.00","18705.00"
"04/03/2025 09:00 - 04/03/2025 10:00","CTA|SE","18045.00","18550.00"
"04/03/2025 10:00 - 04/03/2025 11:00","CTA|SE","17955.00","18379.00"
"04/03/2025 11:00 - 04/03/2025 12:00","CTA|SE","17595.00","18156.00"
"04/03/2025 12:00 - 04/03/2025 13:00","CTA|SE","17944.00","17975.00"
"04/03/2025 13:00 - 04/03/2025 14:00","CTA|SE","18047.00","17942.00"
"04/03/2025 14:00 - 04/03/2025 15:00","CTA|SE","18092.00","18086.00"
"04/03/2025 15:00 - 04/03/2025 16:00","CTA|SE","18909.00","18300.00"
"04/03/2025 16:00 - 04/03/2025 17:00","CTA|SE","19617.00","18865.00"
"04/03/2025 17:00 - 04/03/2025 18:00","CTA|SE","19055.00","18935.00"
"04/03/2025 18:00 - 04/03/2025 19:00","CTA|SE","18723.00","18610.00"
"04/03/2025 19:00 - 04/03/2025 20:00","CTA|SE","17822.00","18062.00"
"04/03/2025 20:00 - 04/03/2025 21:00","CTA|SE","16475.00","17367.00"
"04/03/2025 21:00 - 04/03/2025 22:00","CTA|SE","15929.00","16616.00"
"04/03/2025 22:00 - 04/03/2025 23:00","CTA|SE","15693.00","15925.00"
"04/03/2025 23:00 - 05/03/2025 00:00","CTA|SE","15534.00","15243.00"
"05/03/2025 00:00 - 05/03/2025 01:00","CTA|SE","14952.00","15057.00"
"05/03/2025 01:00 - 05/03/2025 02:00","CTA|SE","14846.00","14970.00"
"05/03/2025 02:00 - 05/03/2025 03:00","CTA|SE","14845.00","14949.00"
"05/03/2025 03:00 - 05/03/2025 04:00","CTA|SE","14792.00","15130.00"
"05/03/2025 04:00 - 05/03/2025 05:00","CTA|SE","15402.00","15744.00"
"05/03/2025 05:00 - 05/03/2025 06:00","CTA|SE","17134.00","17173.00"
"05/03/2025 06:00 - 05/03/2025 07:00","CTA|SE","18139.00","18375.00"
"05/03/2025 07:00 - 05/03/2025 08:00","CTA|SE","18408.00","18590.00"
"05/03/2025 08:00 - 05/03/2025 09:00","CTA|SE","18113.00","18484.00"
"05/03/2025 09:00 - 05/03/2025 10:00","CTA|SE","17734.00","18399.00"
"05/03/2025 10:00 - 05/03/2025 11:00","CTA|SE","17497.00","18271.00"
"05/03/2025 11:00 - 05/03/2025 12:00","CTA|SE","16810.00","18136.00"
"05/03/2025 12:00 - 05/03/2025 13:00","CTA|SE","17383.00","17969.00"
"05/03/2025 13:00 - 05/03/2025 14:00","CTA|SE","17343.00","17929.00"
"05/03/2025 14:00 - 05/03/2025 15:00","CTA|SE","17748.00","18010.00"
"05/03/2025 15:00 - 05/03/2025 16:00","CTA|SE","18630.00","18161.00"
"05/03/2025 16:00 - 05/03/2025 17:00","CTA|SE","18875.00","18657.00"
"05/03/2025 17:00 - 05/03/2025 18:00","CTA|SE","18724.00","18669.00"
"05/03/2025 18:00 - 05/03/2025 19:00","CTA|SE","18504.00","18293.00"
"05/03/2025 19:00 - 05/03/2025 20:00","CTA|SE","18237.00","17748.00"
"05/03/2025 20:00 - 05/03/2025 21:00","CTA|SE","17249.00","17090.00"
"05/03/2025 21:00 - 05/03/2025 22:00","CTA|SE","16321.00","16361.00"
"05/03/2025 22:00 - 05/03/2025 23:00","CTA|SE","15317.00","15657.00"
"05/03/2025 23:00 - 06/03/2025 00:00","CTA|SE","14862.00","15063.00"
"06/03/2025 00:00 - 06/03/2025 01:00","CTA|SE","14270.00","14825.00"
"06/03/2025 01:00 - 06/03/2025 02:00","CTA|SE","14257.00","14715.00"
"06/03/2025 02:00 - 06/03/2025 03:00","CTA|SE","14402.00","14723.00"
"06/03/2025 03:00 - 06/03/2025 04:00","CTA|SE","14528.00","14901.00"
"06/03/2025 04:00 - 06/03/2025 05:00","CTA|SE","14953.00","15517.00"
"06/03/2025 05:00 - 06/03/2025 06:00","CTA|SE","16515.00","16977.00"
"06/03/2025 06:00 - 06/03/2025 07:00","CTA|SE","17346.00","18186.00"
"06/03/2025 07:00 - 06/03/2025 08:00","CTA|SE","17720.00","18314.00"
"06/03/2025 08:00 - 06/03/2025 09:00","CTA|SE","17442.00","18096.00"
"06/03/2025 09:00 - 06/03/2025 10:00","CTA|SE","17400.00","17869.00"
"06/03/2025 10:00 - 06/03/2025 11:00","CTA|SE","17150.00","17588.00"
"06/03/2025 11:00 - 06/03/2025 12:00","CTA|SE","16809.00","17262.00"
"06/03/2025 12:00 - 06/03/2025 13:00","CTA|SE","16618.00","16930.00"
"06/03/2025 13:00 - 06/03/2025 14:00","CTA|SE","16963.00","16826.00"
"06/03/2025 14:00 - 06/03/2025 15:00","CTA|SE","16979.00","16963.00"
"06/03/2025 15:00 - 06/03/2025 16:00","CTA|SE","17607.00","17244.00"
"06/03/2025 16:00 - 06/03/2025 17:00","CTA|SE","18474.00","17992.00"
"06/03/2025 17:00 - 06/03/2025 18:00","CTA|SE","18375.00","18270.00"
"06/03/2025 18:00 - 06/03/2025 19:00","CTA|SE","18281.00","18114.00"
"06/03/2025 19:00 - 06/03/2025 20:00","CTA|SE","17804.00","17646.00"
"06/03/2025 20:00 - 06/03/2025 21:00","CTA|SE","17761.00","17038.00"
"06/03/2025 21:00 - 06/03/2025 22:00","CTA|SE","17432.00","16375.00"
"06/03/2025 22:00 - 06/03/2025 23:00","CTA|SE","16192.00","15743.00"
"06/03/2025 23:00 - 07/03/2025 00:00","CTA|SE","15712.00","15255.00"
"07/03/2025 00:00 - 07/03/2025 01:00","CTA|SE","15297.00","15091.00"
"07/03/2025 01:00 - 07/03/2025 02:00","CTA|SE","14866.00","15034.00"
"07/03/2025 02:00 - 07/03/2025 03:00","CTA|SE","15031.00","15106.00"
"07/03/2025 03:00 - 07/03/2025 04:00","CTA|SE","15131.00","15355.00"
"07/03/2025 04:00 - 07/03/2025 05:00","CTA|SE","15950.00","16014.00"
"07/03/2025 05:00 - 07/03/2025 06:00","CTA|SE","17215.00","17460.00"
"07/03/2025 06:00 - 07/03/2025 07:00","CTA|SE","18054.00","18573.00"
"07/03/2025 07:00 - 07/03/2025 08:00","CTA|SE","18082.00","18637.00"
"07/03/2025 08:00 - 07/03/2025 09:00","CTA|SE","17829.00","18232.00"
"07/03/2025 09:00 - 07/03/2025 10:00","CTA|SE","17364.00","17689.00"
"07/03/2025 10:00 - 07/03/2025 11:00","CTA|SE","16444.00","17174.00"
"07/03/2025 11:00 - 07/03/2025 12:00","CTA|SE","15696.00","16662.00"
"07/03/2025 12:00 - 07/03/2025 13:00","CTA|SE","15275.00","16184.00"
"07/03/2025 13:00 - 07/03/2025 14:00","CTA|SE","15314.00","15933.00"
"07/03/2025 14:00 - 07/03/2025 15:00","CTA|SE","15432.00","15977.00"
"07/03/2025 15:00 - 07/03/2025 16:00","CTA|SE","16592.00","16305.00"
"07/03/2025 16:00 - 07/03/2025 17:00","CTA|SE","16521.00","17038.00"
"07/03/2025 17:00 - 07/03/2025 18:00","CTA|SE","16713.00","17404.00"
"07/03/2025 18:00 - 07/03/2025 19:00","CTA|SE","15896.00","17111.00"
"07/03/2025 19:00 - 07/03/2025 20:00","CTA|SE","15558.00","16503.00"
"07/03/2025 20:00 - 07/03/2025 21:00","CTA|SE","15500.00","15889.00"
"07/03/2025 21:00 - 07/03/2025 22:00","CTA|SE","14982.00","15342.00"
"07/03/2025 22:00 - 07/03/2025 23:00","CTA|SE","14326.00","14838.00"
"07/03/2025 23:00 - 08/03/2025 00:00","CTA|SE","14182.00","14325.00"
"08/03/2025 00:00 - 08/03/2025 01:00","CTA|SE","14039.00","14119.00"
"08/03/2025 01:00 - 08/03/2025 02:00","CTA|SE","14018.00","14011.00"
"08/03/2025 02:00 - 08/03/2025 03:00","CTA|SE","13705.00","13973.00"
"08/03/2025 03:00 - 08/03/2025 04:00","CTA|SE","13493.00","14027.00"
"08/03/2025 04:00 - 08/03/2025 05:00","CTA|SE","13849.00","14184.00"
"08/03/2025 05:00 - 08/03/2025 06:00","CTA|SE","14145.00","14535.00"
"08/03/2025 06:00 - 08/03/2025 07:00","CTA|SE","14395.00","14978.00"
"08/03/2025 07:00 - 08/03/2025 08:00","CTA|SE","15028.00","15389.00"
"08/03/2025 08:00 - 08/03/2025 09:00","CTA|SE","15666.00","15724.00"
"08/03/2025 09:00 - 08/03/2025 10:00","CTA|SE","15563.00","15810.00"
"08/03/2025 10:00 - 08/03/2025 11:00","CTA|SE","14930.00","15736.00"
"08/03/2025 11:00 - 08/03/2025 12:00","CTA|SE","14686.00","15498.00"
"08/03/2025 12:00 - 08/03/2025 13:00","CTA|SE","14580.00","15301.00"
"08/03/2025 13:00 - 08/03/2025 14:00","CTA|SE","14803.00","15191.00"
"08/03/2025 14:00 - 08/03/2025 15:00","CTA|SE","15041.00","15326.00"
"08/03/2025 15:00 - 08/03/2025 16:00","CTA|SE","15634.00","15762.00"
"08/03/2025 16:00 - 08/03/2025 17:00","CTA|SE","16659.00","16498.00"
"08/03/2025 17:00 - 08/03/2025 18:00","CTA|SE","16676.00","16901.00"
"08/03/2025 18:00 - 08/03/2025 19:00","CTA|SE","16447.00","16638.00"
"08/03/2025 19:00 - 08/03/2025 20:00","CTA|SE","16004.00","16144.00"
"08/03/2025 20:00 - 08/03/2025 21:00","CTA|SE","15761.00","15685.00"
"08/03/2025 21:00 - 08/03/2025 22:00","CTA|SE","15533.00","15350.00"
"08/03/2025 22:00 - 08/03/2025 23:00","CTA|SE","15251.00","14959.00"
"08/03/2025 23:00 - 09/03/2025 00:00","CTA|SE","14939.00","14711.00"
"09/03/2025 00:00 - 09/03/2025 01:00","CTA|SE","14641.00","14548.00"
"09/03/2025 01:00 - 09/03/2025 02:00","CTA|SE","14706.00","14500.00"
"09/03/2025 02:00 - 09/03/2025 03:00","CTA|SE","14784.00","14473.00"
"09/03/2025 03:00 - 09/03/2025 04:00","CTA|SE","14615.00","14535.00"
"09/03/2025 04:00 - 09/03/2025 05:00","CTA|SE","14869.00","14718.00"
"09/03/2025 05:00 - 09/03/2025 06:00","CTA|SE","14724.00","15004.00"
"09/03/2025 06:00 - 09/03/2025 07:00","CTA|SE","14925.00","15300.00"
"09/03/2025 07:00 - 09/03/2025 08:00","CTA|SE","15120.00","15637.00"
"09/03/2025 08:00 - 09/03/2025 09:00","CTA|SE","14956.00","15896.00"
"09/03/2025 09:00 - 09/03/2025 10:00","CTA|SE","14596.00","15949.00"
"09/03/2025 10:00 - 09/03/2025 11:00","CTA|SE","14302.00","15891.00"
"09/03/2025 11:00 - 09/03/2025 12:00","CTA|SE","14395.00","15732.00"
"09/03/2025 12:00 - 09/03/2025 13:00","CTA|SE","14314.00","15501.00"
"09/03/2025 13:00 - 09/03/2025 14:00","CTA|SE","14448.00","15312.00"
"09/03/2025 14:00 - 09/03/2025 15:00","CTA|SE","15031.00","15368.00"
"09/03/2025 15:00 - 09/03/2025 16:00","CTA|SE","15757.00","15875.00"
"09/03/2025 16:00 - 09/03/2025 17:00","CTA|SE","16385.00","16710.00"
"09/03/2025 17:00 - 09/03/2025 18:00","CTA|SE","16920.00","17354.00"
"09/03/2025 18:00 - 09/03/2025 19:00","CTA|SE","16852.00","17355.00"
"09/03/2025 19:00 - 09/03/2025 20:00","CTA|SE","16456.00","16995.00"
"09/03/2025 20:00 - 09/03/2025 21:00","CTA|SE","16203.00","16491.00"
"09/03/2025 21:00 - 09/03/2025 22:00","CTA|SE","15733.00","15985.00"
"09/03/2025 22:00 - 09/03/2025 23:00","CTA|SE","15403.00","15548.00"
"09/03/2025 23:00 - 10/03/2025 00:00","CTA|SE","15397.00","15154.00"
"10/03/2025 00:00 - 10/03/2025 01:00","CTA|SE","15190.00","15036.00"
"10/03/2025 01:00 - 10/03/2025 02:00","CTA|SE","14937.00","15051.00"
"10/03/2025 02:00 - 10/03/2025 03:00","CTA|SE","15017.00","15141.00"
"10/03/2025 03:00 - 10/03/2025 04:00","CTA|SE","15304.00","15408.00"
"10/03/2025 04:00 - 10/03/2025 05:00","CTA|SE","15979.00","16132.00"
"10/03/2025 05:00 - 10/03/2025 06:00","CTA|SE","17138.00","17575.00"
"10/03/2025 06:00 - 10/03/2025 07:00","CTA|SE","17987.00","18684.00"
"10/03/2025 07:00 - 10/03/2025 08:00","CTA|SE","18421.00","18821.00"
"10/03/2025 08:00 - 10/03/2025 09:00","CTA|SE","18250.00","18622.00"
"10/03/2025 09:00 - 10/03/2025 10:00","CTA|SE","18064.00","18321.00"
"10/03/2025 10:00 - 10/03/2025 11:00","CTA|SE","17848.00","17983.00"
"10/03/2025 11:00 - 10/03/2025 12:00","CTA|SE","17740.00","17684.00"
"10/03/2025 12:00 - 10/03/2025 13:00","CTA|SE","17533.00","17464.00"
"10/03/2025 13:00 - 10/03/2025 14:00","CTA|SE","17281.00","17394.00"
"10/03/2025 14:00 - 10/03/2025 15:00","CTA|SE","17269.00","17521.00"
"10/03/2025 15:00 - 10/03/2025 16:00","CTA|SE","17639.00","17836.00"
"10/03/2025 16:00 - 10/03/2025 17:00","CTA|SE","18273.00","18568.00"
"10/03/2025 17:00 - 10/03/2025 18:00","CTA|SE","18375.00","18905.00"
"10/03/2025 18:00 - 10/03/2025 19:00","CTA|SE","18026.00","18712.00"
"10/03/2025 19:00 - 10/03/2025 20:00","CTA|SE","17705.00","18249.00"
"10/03/2025 20:00 - 10/03/2025 21:00","CTA|SE","17410.00","17731.00"
"10/03/2025 21:00 - 10/03/2025 22:00","CTA|SE","16899.00","17042.00"
"10/03/2025 22:00 - 10/03/2025 23:00","CTA|SE","16582.00","16411.00"
"10/03/2025 23:00 - 11/03/2025 00:00","CTA|SE","16116.00","15981.00"
"11/03/2025 00:00 - 11/03/2025 01:00","CTA|SE","16109.00","15770.00"
"11/03/2025 01:00 - 11/03/2025 02:00","CTA|SE","15773.00","15697.00"
"11/03/2025 02:00 - 11/03/2025 03:00","CTA|SE","15866.00","15727.00"
"11/03/2025 03:00 - 11/03/2025 04:00","CTA|SE","15997.00","15954.00"
"11/03/2025 04:00 - 11/03/2025 05:00","CTA|SE","16753.00","16641.00"
"11/03/2025 05:00 - 11/03/2025 06:00","CTA|SE","17789.00","18152.00"
"11/03/2025 06:00 - 11/03/2025 07:00","CTA|SE","18916.00","19260.00"
"11/03/2025 07:00 - 11/03/2025 08:00","CTA|SE","19419.00","19509.00"
"11/03/2025 08:00 - 11/03/2025 09:00","CTA|SE","19360.00","19420.00"
"11/03/2025 09:00 - 11/03/2025 10:00","CTA|SE","19172.00","19288.00"
"11/03/2025 10:00 - 11/03/2025 11:00","CTA|SE","19023.00","19194.00"
"11/03/2025 11:00 - 11/03/2025 12:00","CTA|SE","18787.00","19082.00"
"11/03/2025 12:00 - 11/03/2025 13:00","CTA|SE","18486.00","18911.00"
"11/03/2025 13:00 - 11/03/2025 14:00","CTA|SE","18314.00","18823.00"
"11/03/2025 14:00 - 11/03/2025 15:00","CTA|SE","18590.00","18975.00"
"11/03/2025 15:00 - 11/03/2025 16:00","CTA|SE","18907.00","19189.00"
"11/03/2025 16:00 - 11/03/2025 17:00","CTA|SE","19423.00","19759.00"
"11/03/2025 17:00 - 11/03/2025 18:00","CTA|SE","19854.00","19918.00"
"11/03/2025 18:00 - 11/03/2025 19:00","CTA|SE","19473.00","19646.00"
"11/03/2025 19:00 - 11/03/2025 20:00","CTA|SE","18974.00","19123.00"
"11/03/2025 20:00 - 11/03/2025 21:00","CTA|SE","18375.00","18509.00"
"11/03/2025 21:00 - 11/03/2025 22:00","CTA|SE","17652.00","17846.00"
"11/03/2025 22:00 - 11/03/2025 23:00","CTA|SE","16960.00","17175.00"
"11/03/2025 23:00 - 12/03/2025 00:00","CTA|SE","17134.00","16763.00"
"12/03/2025 00:00 - 12/03/2025 01:00","CTA|SE","16596.00","16548.00"
"12/03/2025 01:00 - 12/03/2025 02:00","CTA|SE","15998.00","16461.00"
"12/03/2025 02:00 - 12/03/2025 03:00","CTA|SE","16305.00","16480.00"
"12/03/2025 03:00 - 12/03/2025 04:00","CTA|SE","16336.00","16683.00"
"12/03/2025 04:00 - 12/03/2025 05:00","CTA|SE","16777.00","17318.00"
"12/03/2025 05:00 - 12/03/2025 06:00","CTA|SE","18144.00","18705.00"
"12/03/2025 06:00 - 12/03/2025 07:00","CTA|SE","19358.00","19735.00"
"12/03/2025 07:00 - 12/03/2025 08:00","CTA|SE","19997.00","19908.00"
"12/03/2025 08:00 - 12/03/2025 09:00","CTA|SE","20266.00","19746.00"
"12/03/2025 09:00 - 12/03/2025 10:00","CTA|SE","20082.00","19674.00"
"12/03/2025 10:00 - 12/03/2025 11:00","CTA|SE","19539.00","19553.00"
"12/03/2025 11:00 - 12/03/2025 12:00","CTA|SE","19805.00","19451.00"
"12/03/2025 12:00 - 12/03/2025 13:00","CTA|SE","19627.00","19345.00"
"12/03/2025 13:00 - 12/03/2025 14:00","CTA|SE","19444.00","19283.00"
"12/03/2025 14:00 - 12/03/2025 15:00","CTA|SE","19739.00","19404.00"
"12/03/2025 15:00 - 12/03/2025 16:00","CTA|SE","19805.00","19537.00"
"12/03/2025 16:00 - 12/03/2025 17:00","CTA|SE","19873.00","20062.00"
"12/03/2025 17:00 - 12/03/2025 18:00","CTA|SE","19853.00","20166.00"
"12/03/2025 18:00 - 12/03/2025 19:00","CTA|SE","19459.00","19877.00"
"12/03/2025 19:00 - 12/03/2025 20:00","CTA|SE","19207.00","19383.00"
"12/03/2025 20:00 - 12/03/2025 21:00","CTA|SE","18546.00","18722.00"
"12/03/2025 21:00 - 12/03/2025 22:00","CTA|SE","18000.00","18022.00"
"12/03/2025 22:00 - 12/03/2025 23:00","CTA|SE","17295.00","17349.00"
"12/03/2025 23:00 - 13/03/2025 00:00","CTA|SE","16724.00","16995.00"
"13/03/2025 00:00 - 13/03/2025 01:00","CTA|SE","16598.00","16790.00"
"13/03/2025 01:00 - 13/03/2025 02:00","CTA|SE","16426.00","16722.00"
"13/03/2025 02:00 - 13/03/2025 03:00","CTA|SE","16509.00","16707.00"
"13/03/2025 03:00 - 13/03/2025 04:00","CTA|SE","16766.00","16921.00"
"13/03/2025 04:00 - 13/03/2025 05:00","CTA|SE","17343.00","17580.00"
"13/03/2025 05:00 - 13/03/2025 06:00","CTA|SE","18651.00","18944.00"
"13/03/2025 06:00 - 13/03/2025 07:00","CTA|SE","19804.00","20006.00"
"13/03/2025 07:00 - 13/03/2025 08:00","CTA|SE","20087.00","20155.00"
"13/03/2025 08:00 - 13/03/2025 09:00","CTA|SE","19935.00","19982.00"
"13/03/2025 09:00 - 13/03/2025 10:00","CTA|SE","19831.00","19845.00"
"13/03/2025 10:00 - 13/03/2025 11:00","CTA|SE","19809.00","19682.00"
"13/03/2025 11:00 - 13/03/2025 12:00","CTA|SE","19518.00","19508.00"
"13/03/2025 12:00 - 13/03/2025 13:00","CTA|SE","19257.00","19336.00"
"13/03/2025 13:00 - 13/03/2025 14:00","CTA|SE","19022.00","19263.00"
"13/03/2025 14:00 - 13/03/2025 15:00","CTA|SE","19097.00","19347.00"
"13/03/2025 15:00 - 13/03/2025 16:00","CTA|SE","19367.00","19521.00"
"13/03/2025 16:00 - 13/03/2025 17:00","CTA|SE","20170.00","20046.00"
"13/03/2025 17:00 - 13/03/2025 18:00","CTA|SE","20101.00","20305.00"
"13/03/2025 18:00 - 13/03/2025 19:00","CTA|SE","19757.00","20096.00"
"13/03/2025 19:00 - 13/03/2025 20:00","CTA|SE","19415.00","19637.00"
"13/03/2025 20:00 - 13/03/2025 21:00","CTA|SE","19427.00","19031.00"
"13/03/2025 21:00 - 13/03/2025 22:00","CTA|SE","19141.00","18391.00"
"13/03/2025 22:00 - 13/03/2025 23:00","CTA|SE","18610.00","17785.00"
"13/03/2025 23:00 - 14/03/2025 00:00","CTA|SE","17812.00","17447.00"
"14/03/2025 00:00 - 14/03/2025 01:00","CTA|SE","17257.00","17248.00"
"14/03/2025 01:00 - 14/03/2025 02:00","CTA|SE","17102.00","17175.00"
"14/03/2025 02:00 - 14/03/2025 03:00","CTA|SE","17641.00","17285.00"
"14/03/2025 03:00 - 14/03/2025 04:00","CTA|SE","17960.00","17571.00"
"14/03/2025 04:00 - 14/03/2025 05:00","CTA|SE","18376.00","18226.00"
"14/03/2025 05:00 - 14/03/2025 06:00","CTA|SE","19638.00","19590.00"
"14/03/2025 06:00 - 14/03/2025 07:00","CTA|SE","20936.00","20564.00"
"14/03/2025 07:00 - 14/03/2025 08:00","CTA|SE","21295.00","20457.00"
"14/03/2025 08:00 - 14/03/2025 09:00","CTA|SE","20715.00","19990.00"
"14/03/2025 09:00 - 14/03/2025 10:00","CTA|SE","19700.00","19571.00"
"14/03/2025 10:00 - 14/03/2025 11:00","CTA|SE","18884.00","19164.00"
"14/03/2025 11:00 - 14/03/2025 12:00","CTA|SE","18914.00","18794.00"
"14/03/2025 12:00 - 14/03/2025 13:00","CTA|SE","17605.00","18356.00"
"14/03/2025 13:00 - 14/03/2025 14:00","CTA|SE","17601.00","18136.00"
"14/03/2025 14:00 - 14/03/2025 15:00","CTA|SE","17137.00","18140.00"
"14/03/2025 15:00 - 14/03/2025 16:00","CTA|SE","18214.00","18410.00"
"14/03/2025 16:00 - 14/03/2025 17:00","CTA|SE","19200.00","19114.00"
"14/03/2025 17:00 - 14/03/2025 18:00","CTA|SE","19661.00","19544.00"
"14/03/2025 18:00 - 14/03/2025 19:00","CTA|SE","19154.00","19273.00"
"14/03/2025 19:00 - 14/03/2025 20:00","CTA|SE","18878.00","18748.00"
"14/03/2025 20:00 - 14/03/2025 21:00","CTA|SE","18191.00","18175.00"
"14/03/2025 21:00 - 14/03/2025 22:00","CTA|SE","17706.00","17649.00"
"14/03/2025 22:00 - 14/03/2025 23:00","CTA|SE","17611.00","17176.00"
"14/03/2025 23:00 - 15/03/2025 00:00","CTA|SE","17543.00","16913.00"
"15/03/2025 00:00 - 15/03/2025 01:00","CTA|SE","16956.00","16701.00"
"15/03/2025 01:00 - 15/03/2025 02:00","CTA|SE","16804.00","16568.00"
"15/03/2025 02:00 - 15/03/2025 03:00","CTA|SE","16793.00","16476.00"
"15/03/2025 03:00 - 15/03/2025 04:00","CTA|SE","16917.00","16490.00"
"15/03/2025 04:00 - 15/03/2025 05:00","CTA|SE","16916.00","16638.00"
"15/03/2025 05:00 - 15/03/2025 06:00","CTA|SE","17271.00","16926.00"
"15/03/2025 06:00 - 15/03/2025 07:00","CTA|SE","17343.00","17202.00"
"15/03/2025 07:00 - 15/03/2025 08:00","CTA|SE","17054.00","17361.00"
"15/03/2025 08:00 - 15/03/2025 09:00","CTA|SE","17137.00","17375.00"
"15/03/2025 09:00 - 15/03/2025 10:00","CTA|SE","17044.00","17226.00"
"15/03/2025 10:00 - 15/03/2025 11:00","CTA|SE","16459.00","17048.00"
"15/03/2025 11:00 - 15/03/2025 12:00","CTA|SE","15888.00","16770.00"
"15/03/2025 12:00 - 15/03/2025 13:00","CTA|SE","15831.00","16550.00"
"15/03/2025 13:00 - 15/03/2025 14:00","CTA|SE","15885.00","16478.00"
"15/03/2025 14:00 - 15/03/2025 15:00","CTA|SE","15793.00","16666.00"
"15/03/2025 15:00 - 15/03/2025 16:00","CTA|SE","16624.00","17155.00"
"15/03/2025 16:00 - 15/03/2025 17:00","CTA|SE","17786.00","17835.00"
"15/03/2025 17:00 - 15/03/2025 18:00","CTA|SE","18202.00","18358.00"
"15/03/2025 18:00 - 15/03/2025 19:00","CTA|SE","17189.00","18186.00"
"15/03/2025 19:00 - 15/03/2025 20:00","CTA|SE","16560.00","17676.00"
"15/03/2025 20:00 - 15/03/2025 21:00","CTA|SE","16529.00","17171.00"
"15/03/2025 21:00 - 15/03/2025 22:00","CTA|SE","16151.00","16738.00"
"15/03/2025 22:00 - 15/03/2025 23:00","CTA|SE","15914.00","16312.00"
"15/03/2025 23:00 - 16/03/2025 00:00","CTA|SE","15640.00","16024.00"
"16/03/2025 00:00 - 16/03/2025 01:00","CTA|SE","15602.00","15812.00"
"16/03/2025 01:00 - 16/03/2025 02:00","CTA|SE","15458.00","15721.00"
"16/03/2025 02:00 - 16/03/2025 03:00","CTA|SE","15463.00","15702.00"
"16/03/2025 03:00 - 16/03/2025 04:00","CTA|SE","15679.00","15741.00"
"16/03/2025 04:00 - 16/03/2025 05:00","CTA|SE","15792.00","15871.00"
"16/03/2025 05:00 - 16/03/2025 06:00","CTA|SE","15905.00","16106.00"
"16/03/2025 06:00 - 16/03/2025 07:00","CTA|SE","15949.00","16293.00"
"16/03/2025 07:00 - 16/03/2025 08:00","CTA|SE","15755.00","16507.00"
"16/03/2025 08:00 - 16/03/2025 09:00","CTA|SE","15938.00","16630.00"
"16/03/2025 09:00 - 16/03/2025 10:00","CTA|SE","15549.00","16598.00"
"16/03/2025 10:00 - 16/03/2025 11:00","CTA|SE","15588.00","16565.00"
"16/03/2025 11:00 - 16/03/2025 12:00","CTA|SE","15401.00","16556.00"
"16/03/2025 12:00 - 16/03/2025 13:00","CTA|SE","15299.00","16444.00"
"16/03/2025 13:00 - 16/03/2025 14:00","CTA|SE","15717.00","16444.00"
"16/03/2025 14:00 - 16/03/2025 15:00","CTA|SE","16218.00","16641.00"
"16/03/2025 15:00 - 16/03/2025 16:00","CTA|SE","16843.00","17221.00"
"16/03/2025 16:00 - 16/03/2025 17:00","CTA|SE","18063.00","18086.00"
"16/03/2025 17:00 - 16/03/2025 18:00","CTA|SE","18933.00","18764.00"
"16/03/2025 18:00 - 16/03/2025 19:00","CTA|SE","18470.00","18770.00"
"16/03/2025 19:00 - 16/03/2025 20:00","CTA|SE","18385.00","18393.00"
"16/03/2025 20:00 - 16/03/2025 21:00","CTA|SE","17733.00","17931.00"
"16/03/2025 21:00 - 16/03/2025 22:00","CTA|SE","17444.00","17425.00"
"16/03/2025 22:00 - 16/03/2025 23:00","CTA|SE","17060.00","17006.00"
"16/03/2025 23:00 - 17/03/2025 00:00","CTA|SE","17158.00","16735.00"
"17/03/2025 00:00 - 17/03/2025 01:00","CTA|SE","16911.00","16617.00"
"17/03/2025 01:00 - 17/03/2025 02:00","CTA|SE","16889.00","16580.00"
"17/03/2025 02:00 - 17/03/2025 03:00","CTA|SE","16558.00","16672.00"
"17/03/2025 03:00 - 17/03/2025 04:00","CTA|SE","17040.00","16957.00"
"17/03/2025 04:00 - 17/03/2025 05:00","CTA|SE","17847.00","17722.00"
"17/03/2025 05:00 - 17/03/2025 06:00","CTA|SE","18956.00","19088.00"
"17/03/2025 06:00 - 17/03/2025 07:00","CTA|SE","19552.00","19967.00"
"17/03/2025 07:00 - 17/03/2025 08:00","CTA|SE","19827.00","19824.00"
"17/03/2025 08:00 - 17/03/2025 09:00","CTA|SE","19274.00","19297.00"
"17/03/2025 09:00 - 17/03/2025 10:00","CTA|SE","18079.00","18821.00"
"17/03/2025 10:00 - 17/03/2025 11:00","CTA|SE","17731.00","18508.00"
"17/03/2025 11:00 - 17/03/2025 12:00","CTA|SE","17683.00","18216.00"
"17/03/2025 12:00 - 17/03/2025 13:00","CTA|SE","17091.00","18024.00"
"17/03/2025 13:00 - 17/03/2025 14:00","CTA|SE","17210.00","17970.00"
"17/03/2025 14:00 - 17/03/2025 15:00","CTA|SE","17373.00","18146.00"
"17/03/2025 15:00 - 17/03/2025 16:00","CTA|SE","17396.00","18414.00"
"17/03/2025 16:00 - 17/03/2025 17:00","CTA|SE","18391.00","19110.00"
"17/03/2025 17:00 - 17/03/2025 18:00","CTA|SE","19021.00","19534.00"
"17/03/2025 18:00 - 17/03/2025 19:00","CTA|SE","18350.00","19424.00"
"17/03/2025 19:00 - 17/03/2025 20:00","CTA|SE","17722.00","18912.00"
"17/03/2025 20:00 - 17/03/2025 21:00","CTA|SE","17325.00","18257.00"
"17/03/2025 21:00 - 17/03/2025 22:00","CTA|SE","16692.00","17531.00"
"17/03/2025 22:00 - 17/03/2025 23:00","CTA|SE","16051.00","16887.00"
"17/03/2025 23:00 - 18/03/2025 00:00","CTA|SE","16209.00","16385.00"
"18/03/2025 00:00 - 18/03/2025 01:00","CTA|SE","15728.00","16155.00"
"18/03/2025 01:00 - 18/03/2025 02:00","CTA|SE","15616.00","16104.00"
"18/03/2025 02:00 - 18/03/2025 03:00","CTA|SE","15641.00","16079.00"
"18/03/2025 03:00 - 18/03/2025 04:00","CTA|SE","15462.00","16256.00"
"18/03/2025 04:00 - 18/03/2025 05:00","CTA|SE","15933.00","16882.00"
"18/03/2025 05:00 - 18/03/2025 06:00","CTA|SE","17088.00","18216.00"
"18/03/2025 06:00 - 18/03/2025 07:00","CTA|SE","18568.00","19106.00"
"18/03/2025 07:00 - 18/03/2025 08:00","CTA|SE","18414.00","19002.00"
"18/03/2025 08:00 - 18/03/2025 09:00","CTA|SE","17812.00","18648.00"
"18/03/2025 09:00 - 18/03/2025 10:00","CTA|SE","16620.00","18382.00"
"18/03/2025 10:00 - 18/03/2025 11:00","CTA|SE","16038.00","18059.00"
"18/03/2025 11:00 - 18/03/2025 12:00","CTA|SE","15506.00","17771.00"
"18/03/2025 12:00 - 18/03/2025 13:00","CTA|SE","14962.00","17527.00"
"18/03/2025 13:00 - 18/03/2025 14:00","CTA|SE","15241.00","17384.00"
"18/03/2025 14:00 - 18/03/2025 15:00","CTA|SE","15657.00","17362.00"
"18/03/2025 15:00 - 18/03/2025 16:00","CTA|SE","16067.00","17586.00"
"18/03/2025 16:00 - 18/03/2025 17:00","CTA|SE","17076.00","18261.00"
"18/03/2025 17:00 - 18/03/2025 18:00","CTA|SE","17581.00","18766.00"
"18/03/2025 18:00 - 18/03/2025 19:00","CTA|SE","17234.00","18703.00"
"18/03/2025 19:00 - 18/03/2025 20:00","CTA|SE","17014.00","18299.00"
"18/03/2025 20:00 - 18/03/2025 21:00","CTA|SE","16630.00","17701.00"
"18/03/2025 21:00 - 18/03/2025 22:00","CTA|SE","15991.00","17040.00"
"18/03/2025 22:00 - 18/03/2025 23:00","CTA|SE","15391.00","16427.00"
"18/03/2025 23:00 - 19/03/2025 00:00","CTA|SE","14555.00","15932.00"
"19/03/2025 00:00 - 19/03/2025 01:00","CTA|SE","14469.00","15752.00"
"19/03/2025 01:00 - 19/03/2025 02:00","CTA|SE","14977.00","15683.00"
"19/03/2025 02:00 - 19/03/2025 03:00","CTA|SE","15315.00","15722.00"
"19/03/2025 03:00 - 19/03/2025 04:00","CTA|SE","15417.00","15914.00"
"19/03/2025 04:00 - 19/03/2025 05:00","CTA|SE","15430.00","16521.00"
"19/03/2025 05:00 - 19/03/2025 06:00","CTA|SE","17396.00","17812.00"
"19/03/2025 06:00 - 19/03/2025 07:00","CTA|SE","18428.00","18758.00"
"19/03/2025 07:00 - 19/03/2025 08:00","CTA|SE","18178.00","18757.00"
"19/03/2025 08:00 - 19/03/2025 09:00","CTA|SE","17661.00","18384.00"
"19/03/2025 09:00 - 19/03/2025 10:00","CTA|SE","16992.00","18040.00"
"19/03/2025 10:00 - 19/03/2025 11:00","CTA|SE","16580.00","17644.00"
"19/03/2025 11:00 - 19/03/2025 12:00","CTA|SE","16158.00","17271.00"
"19/03/2025 12:00 - 19/03/2025 13:00","CTA|SE","16007.00","16946.00"
"19/03/2025 13:00 - 19/03/2025 14:00","CTA|SE","15676.00","16842.00"
"19/03/2025 14:00 - 19/03/2025 15:00","CTA|SE","15761.00","17000.00"
"19/03/2025 15:00 - 19/03/2025 16:00","CTA|SE","16190.00","17244.00"
"19/03/2025 16:00 - 19/03/2025 17:00","CTA|SE","17366.00","17905.00"
"19/03/2025 17:00 - 19/03/2025 18:00","CTA|SE","18070.00","18444.00"
"19/03/2025 18:00 - 19/03/2025 19:00","CTA|SE","17478.00","18445.00"
"19/03/2025 19:00 - 19/03/2025 20:00","CTA|SE","17531.00","18136.00"
"19/03/2025 20:00 - 19/03/2025 21:00","CTA|SE","16764.00","17579.00"
"19/03/2025 21:00 - 19/03/2025 22:00","CTA|SE","16239.00","16922.00"
"19/03/2025 22:00 - 19/03/2025 23:00","CTA|SE","15863.00","16339.00"
"19/03/2025 23:00 - 20/03/2025 00:00","CTA|SE","16075.00","15797.00"
"20/03/2025 00:00 - 20/03/2025 01:00","CTA|SE","15573.00","15625.00"
"20/03/2025 01:00 - 20/03/2025 02:00","CTA|SE","15796.00","15573.00"
"20/03/2025 02:00 - 20/03/2025 03:00","CTA|SE","15602.00","15604.00"
"20/03/2025 03:00 - 20/03/2025 04:00","CTA|SE","15454.00","15797.00"
"20/03/2025 04:00 - 20/03/2025 05:00","CTA|SE","16003.00","16403.00"
"20/03/2025 05:00 - 20/03/2025 06:00","CTA|SE","17220.00","17669.00"
"20/03/2025 06:00 - 20/03/2025 07:00","CTA|SE","18206.00","18571.00"
"20/03/2025 07:00 - 20/03/2025 08:00","CTA|SE","18080.00","18497.00"
"20/03/2025 08:00 - 20/03/2025 09:00","CTA|SE","17488.00","18175.00"
"20/03/2025 09:00 - 20/03/2025 10:00","CTA|SE","16898.00","17864.00"
"20/03/2025 10:00 - 20/03/2025 11:00","CTA|SE","16143.00","17581.00"
"20/03/2025 11:00 - 20/03/2025 12:00","CTA|SE","15508.00","16993.00"
"20/03/2025 12:00 - 20/03/2025 13:00","CTA|SE","15361.00","16607.00"
"20/03/2025 13:00 - 20/03/2025 14:00","CTA|SE","15634.00","16504.00"
"20/03/2025 14:00 - 20/03/2025 15:00","CTA|SE","15644.00","16605.00"
"20/03/2025 15:00 - 20/03/2025 16:00","CTA|SE","15775.00","16887.00"
"20/03/2025 16:00 - 20/03/2025 17:00","CTA|SE","16696.00","17620.00"
"20/03/2025 17:00 - 20/03/2025 18:00","CTA|SE","17523.00","18210.00"
"20/03/2025 18:00 - 20/03/2025 19:00","CTA|SE","17339.00","18227.00"
"20/03/2025 19:00 - 20/03/2025 20:00","CTA|SE","16962.00","17893.00"
"20/03/2025 20:00 - 20/03/2025 21:00","CTA|SE","16666.00","17352.00"
"20/03/2025 21:00 - 20/03/2025 22:00","CTA|SE","16360.00","16729.00"
"20/03/2025 22:00 - 20/03/2025 23:00","CTA|SE","15764.00","16181.00"
"20/03/2025 23:00 - 21/03/2025 00:00","CTA|SE","15569.00","15937.00"
"21/03/2025 00:00 - 21/03/2025 01:00","CTA|SE","14981.00","15780.00"
"21/03/2025 01:00 - 21/03/2025 02:00","CTA|SE","14866.00","15757.00"
"21/03/2025 02:00 - 21/03/2025 03:00","CTA|SE","14906.00","15836.00"
"21/03/2025 03:00 - 21/03/2025 04:00","CTA|SE","15131.00","16053.00"
"21/03/2025 04:00 - 21/03/2025 05:00","CTA|SE","15625.00","16690.00"
"21/03/2025 05:00 - 21/03/2025 06:00","CTA|SE","16832.00","17957.00"
"21/03/2025 06:00 - 21/03/2025 07:00","CTA|SE","17672.00","18697.00"
"21/03/2025 07:00 - 21/03/2025 08:00","CTA|SE","17705.00","18510.00"
"21/03/2025 08:00 - 21/03/2025 09:00","CTA|SE","17053.00","17852.00"
"21/03/2025 09:00 - 21/03/2025 10:00","CTA|SE","16657.00","17298.00"
"21/03/2025 10:00 - 21/03/2025 11:00","CTA|SE","15838.00","16729.00"
"21/03/2025 11:00 - 21/03/2025 12:00","CTA|SE","15414.00","16281.00"
"21/03/2025 12:00 - 21/03/2025 13:00","CTA|SE","15165.00","15826.00"
"21/03/2025 13:00 - 21/03/2025 14:00","CTA|SE","14948.00","15694.00"
"21/03/2025 14:00 - 21/03/2025 15:00","CTA|SE","15189.00","15761.00"
"21/03/2025 15:00 - 21/03/2025 16:00","CTA|SE","15591.00","16105.00"
"21/03/2025 16:00 - 21/03/2025 17:00","CTA|SE","16486.00","16978.00"
"21/03/2025 17:00 - 21/03/2025 18:00","CTA|SE","16669.00","17560.00"
"21/03/2025 18:00 - 21/03/2025 19:00","CTA|SE","16213.00","17582.00"
"21/03/2025 19:00 - 21/03/2025 20:00","CTA|SE","15381.00","17134.00"
"21/03/2025 20:00 - 21/03/2025 21:00","CTA|SE","14776.00","16643.00"
"21/03/2025 21:00 - 21/03/2025 22:00","CTA|SE","14942.00","16179.00"
"21/03/2025 22:00 - 21/03/2025 23:00","CTA|SE","14654.00","15784.00"
"21/03/2025 23:00 - 22/03/2025 00:00","CTA|SE","14440.00","15379.00"
"22/03/2025 00:00 - 22/03/2025 01:00","CTA|SE","14180.00","15219.00"
"22/03/2025 01:00 - 22/03/2025 02:00","CTA|SE","14116.00","15134.00"
"22/03/2025 02:00 - 22/03/2025 03:00","CTA|SE","14028.00","15143.00"
"22/03/2025 03:00 - 22/03/2025 04:00","CTA|SE","14389.00","15212.00"
"22/03/2025 04:00 - 22/03/2025 05:00","CTA|SE","14434.00","15371.00"
"22/03/2025 05:00 - 22/03/2025 06:00","CTA|SE","14248.00","15590.00"
"22/03/2025 06:00 - 22/03/2025 07:00","CTA|SE","14803.00","15645.00"
"22/03/2025 07:00 - 22/03/2025 08:00","CTA|SE","15422.00","15863.00"
"22/03/2025 08:00 - 22/03/2025 09:00","CTA|SE","15487.00","15823.00"
"22/03/2025 09:00 - 22/03/2025 10:00","CTA|SE","15075.00","15687.00"
"22/03/2025 10:00 - 22/03/2025 11:00","CTA|SE","14701.00","15399.00"
"22/03/2025 11:00 - 22/03/2025 12:00","CTA|SE","14641.00","15049.00"
"22/03/2025 12:00 - 22/03/2025 13:00","CTA|SE","14440.00","14732.00"
"22/03/2025 13:00 - 22/03/2025 14:00","CTA|SE","14127.00","14694.00"
"22/03/2025 14:00 - 22/03/2025 15:00","CTA|SE","14553.00","14905.00"
"22/03/2025 15:00 - 22/03/2025 16:00","CTA|SE","15275.00","15408.00"
"22/03/2025 16:00 - 22/03/2025 17:00","CTA|SE","16575.00","16239.00"
"22/03/2025 17:00 - 22/03/2025 18:00","CTA|SE","16118.00","16948.00"
"22/03/2025 18:00 - 22/03/2025 19:00","CTA|SE","15679.00","16937.00"
"22/03/2025 19:00 - 22/03/2025 20:00","CTA|SE","15589.00","16587.00"
"22/03/2025 20:00 - 22/03/2025 21:00","CTA|SE","15126.00","16132.00"
"22/03/2025 21:00 - 22/03/2025 22:00","CTA|SE","14906.00","15745.00"
"22/03/2025 22:00 - 22/03/2025 23:00","CTA|SE","14499.00","15351.00"
"22/03/2025 23:00 - 23/03/2025 00:00","CTA|SE","13708.00","14994.00"
"23/03/2025 00:00 - 23/03/2025 01:00","CTA|SE","13811.00","14832.00"
"23/03/2025 01:00 - 23/03/2025 02:00","CTA|SE","14090.00","14774.00"
"23/03/2025 02:00 - 23/03/2025 03:00","CTA|SE","14236.00","14776.00"
"23/03/2025 03:00 - 23/03/2025 04:00","CTA|SE","14425.00","14840.00"
"23/03/2025 04:00 - 23/03/2025 05:00","CTA|SE","14504.00","14979.00"
"23/03/2025 05:00 - 23/03/2025 06:00","CTA|SE","14460.00","15181.00"
"23/03/2025 06:00 - 23/03/2025 07:00","CTA|SE","14514.00","15271.00"
"23/03/2025 07:00 - 23/03/2025 08:00","CTA|SE","15164.00","15298.00"
"23/03/2025 08:00 - 23/03/2025 09:00","CTA|SE","15321.00","15180.00"
"23/03/2025 09:00 - 23/03/2025 10:00","CTA|SE","14753.00","14973.00"
"23/03/2025 10:00 - 23/03/2025 11:00","CTA|SE","14168.00","14744.00"
"23/03/2025 11:00 - 23/03/2025 12:00","CTA|SE","13466.00","14589.00"
"23/03/2025 12:00 - 23/03/2025 13:00","CTA|SE","13603.00","14505.00"
"23/03/2025 13:00 - 23/03/2025 14:00","CTA|SE","13810.00","14508.00"
"23/03/2025 14:00 - 23/03/2025 15:00","CTA|SE","14397.00","14824.00"
"23/03/2025 15:00 - 23/03/2025 16:00","CTA|SE","15045.00","15486.00"
"23/03/2025 16:00 - 23/03/2025 17:00","CTA|SE","16185.00","16485.00"
"23/03/2025 17:00 - 23/03/2025 18:00","CTA|SE","16188.00","17324.00"
"23/03/2025 18:00 - 23/03/2025 19:00","CTA|SE","15596.00","17474.00"
"23/03/2025 19:00 - 23/03/2025 20:00","CTA|SE","15730.00","17208.00"
"23/03/2025 20:00 - 23/03/2025 21:00","CTA|SE","15255.00","16752.00"
"23/03/2025 21:00 - 23/03/2025 22:00","CTA|SE","14414.00","16267.00"
"23/03/2025 22:00 - 23/03/2025 23:00","CTA|SE","14226.00","15883.00"
"23/03/2025 23:00 - 24/03/2025 00:00","CTA|SE","14786.00","15544.00"
"24/03/2025 00:00 - 24/03/2025 01:00","CTA|SE","14602.00","15455.00"
"24/03/2025 01:00 - 24/03/2025 02:00","CTA|SE","14886.00","15457.00"
"24/03/2025 02:00 - 24/03/2025 03:00","CTA|SE","15201.00","15523.00"
"24/03/2025 03:00 - 24/03/2025 04:00","CTA|SE","15603.00","15792.00"
"24/03/2025 04:00 - 24/03/2025 05:00","CTA|SE","16471.00","16465.00"
"24/03/2025 05:00 - 24/03/2025 06:00","CTA|SE","17347.00","17785.00"
"24/03/2025 06:00 - 24/03/2025 07:00","CTA|SE","18059.00","18513.00"
"24/03/2025 07:00 - 24/03/2025 08:00","CTA|SE","18120.00","18244.00"
"24/03/2025 08:00 - 24/03/2025 09:00","CTA|SE","17267.00","17549.00"
"24/03/2025 09:00 - 24/03/2025 10:00","CTA|SE","16343.00","17018.00"
"24/03/2025 10:00 - 24/03/2025 11:00","CTA|SE","15713.00","16575.00"
"24/03/2025 11:00 - 24/03/2025 12:00","CTA|SE","15669.00","16289.00"
"24/03/2025 12:00 - 24/03/2025 13:00","CTA|SE","15809.00","16030.00"
"24/03/2025 13:00 - 24/03/2025 14:00","CTA|SE","15763.00","16033.00"
"24/03/2025 14:00 - 24/03/2025 15:00","CTA|SE","15963.00","16270.00"
"24/03/2025 15:00 - 24/03/2025 16:00","CTA|SE","16224.00","16595.00"
"24/03/2025 16:00 - 24/03/2025 17:00","CTA|SE","16943.00","17380.00"
"24/03/2025 17:00 - 24/03/2025 18:00","CTA|SE","17148.00","17944.00"
"24/03/2025 18:00 - 24/03/2025 19:00","CTA|SE","17146.00","17981.00"
"24/03/2025 19:00 - 24/03/2025 20:00","CTA|SE","16927.00","17607.00"
"24/03/2025 20:00 - 24/03/2025 21:00","CTA|SE","16668.00","16972.00"
"24/03/2025 21:00 - 24/03/2025 22:00","CTA|SE","16421.00","16296.00"
"24/03/2025 22:00 - 24/03/2025 23:00","CTA|SE","15316.00","15702.00"
"24/03/2025 23:00 - 25/03/2025 00:00","CTA|SE","14862.00","15032.00"
"25/03/2025 00:00 - 25/03/2025 01:00","CTA|SE","14524.00","14827.00"
"25/03/2025 01:00 - 25/03/2025 02:00","CTA|SE","14452.00","14765.00"
"25/03/2025 02:00 - 25/03/2025 03:00","CTA|SE","14257.00","14792.00"
"25/03/2025 03:00 - 25/03/2025 04:00","CTA|SE","14169.00","14963.00"
"25/03/2025 04:00 - 25/03/2025 05:00","CTA|SE","14850.00","15552.00"
"25/03/2025 05:00 - 25/03/2025 06:00","CTA|SE","16377.00","16787.00"
"25/03/2025 06:00 - 25/03/2025 07:00","CTA|SE","17004.00","17733.00"
"25/03/2025 07:00 - 25/03/2025 08:00","CTA|SE","17989.00","17877.00"
"25/03/2025 08:00 - 25/03/2025 09:00","CTA|SE","17854.00","17793.00"
"25/03/2025 09:00 - 25/03/2025 10:00","CTA|SE","17724.00","17782.00"
"25/03/2025 10:00 - 25/03/2025 11:00","CTA|SE","17550.00","17770.00"
"25/03/2025 11:00 - 25/03/2025 12:00","CTA|SE","17511.00","17718.00"
"25/03/2025 12:00 - 25/03/2025 13:00","CTA|SE","16933.00","17633.00"
"25/03/2025 13:00 - 25/03/2025 14:00","CTA|SE","16707.00","17583.00"
"25/03/2025 14:00 - 25/03/2025 15:00","CTA|SE","17018.00","17639.00"
"25/03/2025 15:00 - 25/03/2025 16:00","CTA|SE","17462.00","17724.00"
"25/03/2025 16:00 - 25/03/2025 17:00","CTA|SE","17816.00","18091.00"
"25/03/2025 17:00 - 25/03/2025 18:00","CTA|SE","18082.00","18237.00"
"25/03/2025 18:00 - 25/03/2025 19:00","CTA|SE","18102.00","17973.00"
"25/03/2025 19:00 - 25/03/2025 20:00","CTA|SE","17410.00","17486.00"
"25/03/2025 20:00 - 25/03/2025 21:00","CTA|SE","16496.00","16844.00"
"25/03/2025 21:00 - 25/03/2025 22:00","CTA|SE","15877.00","16137.00"
"25/03/2025 22:00 - 25/03/2025 23:00","CTA|SE","15247.00","15504.00"
"25/03/2025 23:00 - 26/03/2025 00:00","CTA|SE","14629.00","14991.00"
"26/03/2025 00:00 - 26/03/2025 01:00","CTA|SE","14448.00","14752.00"
"26/03/2025 01:00 - 26/03/2025 02:00","CTA|SE","14190.00","14635.00"
"26/03/2025 02:00 - 26/03/2025 03:00","CTA|SE","14283.00","14658.00"
"26/03/2025 03:00 - 26/03/2025 04:00","CTA|SE","14523.00","14804.00"
"26/03/2025 04:00 - 26/03/2025 05:00","CTA|SE","14948.00","15399.00"
"26/03/2025 05:00 - 26/03/2025 06:00","CTA|SE","15979.00","16699.00"
"26/03/2025 06:00 - 26/03/2025 07:00","CTA|SE","17264.00","17678.00"
"26/03/2025 07:00 - 26/03/2025 08:00","CTA|SE","17143.00","17752.00"
"26/03/2025 08:00 - 26/03/2025 09:00","CTA|SE","16941.00","17612.00"
"26/03/2025 09:00 - 26/03/2025 10:00","CTA|SE","16880.00","17442.00"
"26/03/2025 10:00 - 26/03/2025 11:00","CTA|SE","16678.00","17256.00"
"26/03/2025 11:00 - 26/03/2025 12:00","CTA|SE","16469.00","17049.00"
"26/03/2025 12:00 - 26/03/2025 13:00","CTA|SE","15713.00","16871.00"
"26/03/2025 13:00 - 26/03/2025 14:00","CTA|SE","15443.00","16742.00"
"26/03/2025 14:00 - 26/03/2025 15:00","CTA|SE","15523.00","16648.00"
"26/03/2025 15:00 - 26/03/2025 16:00","CTA|SE","16080.00","16582.00"
"26/03/2025 16:00 - 26/03/2025 17:00","CTA|SE","16929.00","17107.00"
"26/03/2025 17:00 - 26/03/2025 18:00","CTA|SE","17143.00","17577.00"
"26/03/2025 18:00 - 26/03/2025 19:00","CTA|SE","17019.00","17660.00"
"26/03/2025 19:00 - 26/03/2025 20:00","CTA|SE","16649.00","17339.00"
"26/03/2025 20:00 - 26/03/2025 21:00","CTA|SE","16517.00","16761.00"
"26/03/2025 21:00 - 26/03/2025 22:00","CTA|SE","15761.00","16107.00"
"26/03/2025 22:00 - 26/03/2025 23:00","CTA|SE","14911.00","15496.00"
"26/03/2025 23:00 - 27/03/2025 00:00","CTA|SE","14765.00","14930.00"
"27/03/2025 00:00 - 27/03/2025 01:00","CTA|SE","14667.00","14701.00"
"27/03/2025 01:00 - 27/03/2025 02:00","CTA|SE","14498.00","14614.00"
"27/03/2025 02:00 - 27/03/2025 03:00","CTA|SE","14413.00","14620.00"
"27/03/2025 03:00 - 27/03/2025 04:00","CTA|SE","14479.00","14790.00"
"27/03/2025 04:00 - 27/03/2025 05:00","CTA|SE","14621.00","15368.00"
"27/03/2025 05:00 - 27/03/2025 06:00","CTA|SE","16043.00","16679.00"
"27/03/2025 06:00 - 27/03/2025 07:00","CTA|SE","17517.00","17667.00"
"27/03/2025 07:00 - 27/03/2025 08:00","CTA|SE","17232.00","17903.00"
"27/03/2025 08:00 - 27/03/2025 09:00","CTA|SE","17078.00","17747.00"
"27/03/2025 09:00 - 27/03/2025 10:00","CTA|SE","17214.00","17730.00"
"27/03/2025 10:00 - 27/03/2025 11:00","CTA|SE","17358.00","17648.00"
"27/03/2025 11:00 - 27/03/2025 12:00","CTA|SE","16874.00","17498.00"
"27/03/2025 12:00 - 27/03/2025 13:00","CTA|SE","16786.00","17273.00"
"27/03/2025 13:00 - 27/03/2025 14:00","CTA|SE","16766.00","17143.00"
"27/03/2025 14:00 - 27/03/2025 15:00","CTA|SE","16851.00","17157.00"
"27/03/2025 15:00 - 27/03/2025 16:00","CTA|SE","17007.00","17195.00"
"27/03/2025 16:00 - 27/03/2025 17:00","CTA|SE","17448.00","17626.00"
"27/03/2025 17:00 - 27/03/2025 18:00","CTA|SE","17276.00","17821.00"
"27/03/2025 18:00 - 27/03/2025 19:00","CTA|SE","17383.00","17543.00"
"27/03/2025 19:00 - 27/03/2025 20:00","CTA|SE","16911.00","17042.00"
"27/03/2025 20:00 - 27/03/2025 21:00","CTA|SE","16537.00","16360.00"
"27/03/2025 21:00 - 27/03/2025 22:00","CTA|SE","16198.00","15627.00"
"27/03/2025 22:00 - 27/03/2025 23:00","CTA|SE","15340.00","14936.00"
"27/03/2025 23:00 - 28/03/2025 00:00","CTA|SE","14410.00","14474.00"
"28/03/2025 00:00 - 28/03/2025 01:00","CTA|SE","13642.00","14183.00"
"28/03/2025 01:00 - 28/03/2025 02:00","CTA|SE","13728.00","14029.00"
"28/03/2025 02:00 - 28/03/2025 03:00","CTA|SE","13933.00","14008.00"
"28/03/2025 03:00 - 28/03/2025 04:00","CTA|SE","14026.00","14177.00"
"28/03/2025 04:00 - 28/03/2025 05:00","CTA|SE","14051.00","14774.00"
"28/03/2025 05:00 - 28/03/2025 06:00","CTA|SE","14932.00","16007.00"
"28/03/2025 06:00 - 28/03/2025 07:00","CTA|SE","16064.00","17047.00"
"28/03/2025 07:00 - 28/03/2025 08:00","CTA|SE","16644.00","17261.00"
"28/03/2025 08:00 - 28/03/2025 09:00","CTA|SE","16391.00","17111.00"
"28/03/2025 09:00 - 28/03/2025 10:00","CTA|SE","15872.00","17054.00"
"28/03/2025 10:00 - 28/03/2025 11:00","CTA|SE","15521.00","16782.00"
"28/03/2025 11:00 - 28/03/2025 12:00","CTA|SE","15057.00","16268.00"
"28/03/2025 12:00 - 28/03/2025 13:00","CTA|SE","14432.00","15735.00"
"28/03/2025 13:00 - 28/03/2025 14:00","CTA|SE","14182.00","15190.00"
"28/03/2025 14:00 - 28/03/2025 15:00","CTA|SE","14031.00","15046.00"
"28/03/2025 15:00 - 28/03/2025 16:00","CTA|SE","14440.00","15221.00"
"28/03/2025 16:00 - 28/03/2025 17:00","CTA|SE","15461.00","15974.00"
"28/03/2025 17:00 - 28/03/2025 18:00","CTA|SE","15939.00","16488.00"
"28/03/2025 18:00 - 28/03/2025 19:00","CTA|SE","16016.00","16293.00"
"28/03/2025 19:00 - 28/03/2025 20:00","CTA|SE","15699.00","15803.00"
"28/03/2025 20:00 - 28/03/2025 21:00","CTA|SE","14847.00","15186.00"
"28/03/2025 21:00 - 28/03/2025 22:00","CTA|SE","14529.00","14688.00"
"28/03/2025 22:00 - 28/03/2025 23:00","CTA|SE","13909.00","14255.00"
"28/03/2025 23:00 - 29/03/2025 00:00","CTA|SE","13514.00","13573.00"
"29/03/2025 00:00 - 29/03/2025 01:00","CTA|SE","13239.00","13389.00"
"29/03/2025 01:00 - 29/03/2025 02:00","CTA|SE","13436.00","13304.00"
"29/03/2025 02:00 - 29/03/2025 03:00","CTA|SE","13325.00","13327.00"
"29/03/2025 03:00 - 29/03/2025 04:00","CTA|SE","13241.00","13462.00"
"29/03/2025 04:00 - 29/03/2025 05:00","CTA|SE","13346.00","13665.00"
"29/03/2025 05:00 - 29/03/2025 06:00","CTA|SE","13754.00","13820.00"
"29/03/2025 06:00 - 29/03/2025 07:00","CTA|SE","13864.00","14019.00"
"29/03/2025 07:00 - 29/03/2025 08:00","CTA|SE","14070.00","14339.00"
"29/03/2025 08:00 - 29/03/2025 09:00","CTA|SE","13787.00","14566.00"
"29/03/2025 09:00 - 29/03/2025 10:00","CTA|SE","13355.00","14780.00"
"29/03/2025 10:00 - 29/03/2025 11:00","CTA|SE","13429.00","14956.00"
"29/03/2025 11:00 - 29/03/2025 12:00","CTA|SE","13930.00","14946.00"
"29/03/2025 12:00 - 29/03/2025 13:00","CTA|SE","13843.00","14673.00"
"29/03/2025 13:00 - 29/03/2025 14:00","CTA|SE","13559.00","14437.00"
"29/03/2025 14:00 - 29/03/2025 15:00","CTA|SE","13464.00","14427.00"
"29/03/2025 15:00 - 29/03/2025 16:00","CTA|SE","14055.00","14694.00"
"29/03/2025 16:00 - 29/03/2025 17:00","CTA|SE","15113.00","15321.00"
"29/03/2025 17:00 - 29/03/2025 18:00","CTA|SE","16394.00","15878.00"
"29/03/2025 18:00 - 29/03/2025 19:00","CTA|SE","15712.00","15741.00"
"29/03/2025 19:00 - 29/03/2025 20:00","CTA|SE","14762.00","15360.00"
"29/03/2025 20:00 - 29/03/2025 21:00","CTA|SE","14367.00","14918.00"
"29/03/2025 21:00 - 29/03/2025 22:00","CTA|SE","14159.00","14614.00"
"29/03/2025 22:00 - 29/03/2025 23:00","CTA|SE","14182.00","14267.00"
"29/03/2025 23:00 - 30/03/2025 00:00","CTA|SE","14335.00","13865.00"
"30/03/2025 00:00 - 30/03/2025 01:00","CTA|SE","14263.00","13729.00"
"30/03/2025 01:00 - 30/03/2025 02:00","CTA|SE","13757.00","13712.00"
"30/03/2025 02:00 - 30/03/2025 03:00","CTA|SE","13804.00","13809.00"
"30/03/2025 03:00 - 30/03/2025 04:00","CTA|SE","13897.00","13876.00"
"30/03/2025 04:00 - 30/03/2025 05:00","CTA|SE","13804.00","14044.00"
"30/03/2025 05:00 - 30/03/2025 06:00","CTA|SE","14121.00","14315.00"
"30/03/2025 06:00 - 30/03/2025 07:00","CTA|SE","14374.00","14673.00"
"30/03/2025 07:00 - 30/03/2025 08:00","CTA|SE","14845.00","15116.00"
"30/03/2025 08:00 - 30/03/2025 09:00","CTA|SE","14949.00","15471.00"
"30/03/2025 09:00 - 30/03/2025 10:00","CTA|SE","15178.00","15692.00"
"30/03/2025 10:00 - 30/03/2025 11:00","CTA|SE","14978.00","15823.00"
"30/03/2025 11:00 - 30/03/2025 12:00","CTA|SE","14743.00","15796.00"
"30/03/2025 12:00 - 30/03/2025 13:00","CTA|SE","14691.00","15720.00"
"30/03/2025 13:00 - 30/03/2025 14:00","CTA|SE","14482.00","15610.00"
"30/03/2025 14:00 - 30/03/2025 15:00","CTA|SE","14834.00","15735.00"
"30/03/2025 15:00 - 30/03/2025 16:00","CTA|SE","15596.00","15956.00"
"30/03/2025 16:00 - 30/03/2025 17:00","CTA|SE","15991.00","16271.00"
"30/03/2025 17:00 - 30/03/2025 18:00","CTA|SE","16148.00","16506.00"
"30/03/2025 18:00 - 30/03/2025 19:00","CTA|SE","16134.00","16525.00"
"30/03/2025 19:00 - 30/03/2025 20:00","CTA|SE","15678.00","16206.00"
"30/03/2025 20:00 - 30/03/2025 21:00","CTA|SE","15497.00","15683.00"
"30/03/2025 21:00 - 30/03/2025 22:00","CTA|SE","14865.00","15129.00"
"30/03/2025 22:00 - 30/03/2025 23:00","CTA|SE","14356.00","14553.00"
"30/03/2025 23:00 - 31/03/2025 00:00","CTA|SE","14113.00","14388.00"
"31/03/2025 00:00 - 31/03/2025 01:00","CTA|SE","14045.00","14294.00"
"31/03/2025 01:00 - 31/03/2025 02:00","CTA|SE","13780.00","14300.00"
"31/03/2025 02:00 - 31/03/2025 03:00","CTA|SE","14034.00","14447.00"
"31/03/2025 03:00 - 31/03/2025 04:00","CTA|SE","14961.00","14934.00"
"31/03/2025 04:00 - 31/03/2025 05:00","CTA|SE","16091.00","15980.00"
"31/03/2025 05:00 - 31/03/2025 06:00","CTA|SE","16846.00","17072.00"
"31/03/2025 06:00 - 31/03/2025 07:00","CTA|SE","17531.00","17564.00"
"31/03/2025 07:00 - 31/03/2025 08:00","CTA|SE","17504.00","17330.00"
"31/03/2025 08:00 - 31/03/2025 09:00","CTA|SE","16953.00","17031.00"
"31/03/2025 09:00 - 31/03/2025 10:00","CTA|SE","16774.00","16612.00"
"31/03/2025 10:00 - 31/03/2025 11:00","CTA|SE","16139.00","16213.00"
"31/03/2025 11:00 - 31/03/2025 12:00","CTA|SE","15845.00","15836.00"
"31/03/2025 12:00 - 31/03/2025 13:00","CTA|SE","15317.00","15516.00"
"31/03/2025 13:00 - 31/03/2025 14:00","CTA|SE","15153.00","15378.00"
"31/03/2025 14:00 - 31/03/2025 15:00","CTA|SE","15142.00","15315.00"
"31/03/2025 15:00 - 31/03/2025 16:00","CTA|SE","15384.00","15502.00"
"31/03/2025 16:00 - 31/03/2025 17:00","CTA|SE","15828.00","15766.00"
"31/03/2025 17:00 - 31/03/2025 18:00","CTA|SE","16285.00","16166.00"
"31/03/2025 18:00 - 31/03/2025 19:00","CTA|SE","16250.00","16405.00"
"31/03/2025 19:00 - 31/03/2025 20:00","CTA|SE","15743.00","16185.00"
"31/03/2025 20:00 - 31/03/2025 21:00","CTA|SE","15027.00","15703.00"
"31/03/2025 21:00 - 31/03/2025 22:00","CTA|SE","14557.00","15134.00"
"31/03/2025 22:00 - 31/03/2025 23:00","CTA|SE","14309.00","14787.00"
"31/03/2025 23:00 - 01/04/2025 00:00","CTA|SE","13757.00","14514.00"
"01/04/2025 00:00 - 01/04/2025 01:00","CTA|SE","14037.00","14460.00"
"01/04/2025 01:00 - 01/04/2025 02:00","CTA|SE","14230.00","14513.00"
"01/04/2025 02:00 - 01/04/2025 03:00","CTA|SE","15039.00","14708.00"
"01/04/2025 03:00 - 01/04/2025 04:00","CTA|SE","15401.00","15170.00"
"01/04/2025 04:00 - 01/04/2025 05:00","CTA|SE","16579.00","16147.00"
"01/04/2025 05:00 - 01/04/2025 06:00","CTA|SE","17147.00","17141.00"
"01/04/2025 06:00 - 01/04/2025 07:00","CTA|SE","18018.00","17458.00"
"01/04/2025 07:00 - 01/04/2025 08:00","CTA|SE","17641.00","17021.00"
"01/04/2025 08:00 - 01/04/2025 09:00","CTA|SE","16335.00","16578.00"
"01/04/2025 09:00 - 01/04/2025 10:00","CTA|SE","15371.00","16073.00"
"01/04/2025 10:00 - 01/04/2025 11:00","CTA|SE","15442.00","15663.00"
"01/04/2025 11:00 - 01/04/2025 12:00","CTA|SE","14722.00","15236.00"
"01/04/2025 12:00 - 01/04/2025 13:00","CTA|SE","14315.00","14908.00"
"01/04/2025 13:00 - 01/04/2025 14:00","CTA|SE","14586.00","14745.00"
"01/04/2025 14:00 - 01/04/2025 15:00","CTA|SE","14699.00","14679.00"
"01/04/2025 15:00 - 01/04/2025 16:00","CTA|SE","15335.00","14883.00"
"01/04/2025 16:00 - 01/04/2025 17:00","CTA|SE","15500.00","15134.00"
"01/04/2025 17:00 - 01/04/2025 18:00","CTA|SE","15766.00","15557.00"
"01/04/2025 18:00 - 01/04/2025 19:00","CTA|SE","15896.00","15829.00"
"01/04/2025 19:00 - 01/04/2025 20:00","CTA|SE","15704.00","15629.00"
"01/04/2025 20:00 - 01/04/2025 21:00","CTA|SE","15212.00","15171.00"
"01/04/2025 21:00 - 01/04/2025 22:00","CTA|SE","14706.00","14673.00"
"01/04/2025 22:00 - 01/04/2025 23:00","CTA|SE","14252.00","14277.00"
"01/04/2025 23:00 - 02/04/2025 00:00","CTA|SE","14135.00","14089.00"
"02/04/2025 00:00 - 02/04/2025 01:00","CTA|SE","13962.00","14075.00"
"02/04/2025 01:00 - 02/04/2025 02:00","CTA|SE","13978.00","14129.00"
"02/04/2025 02:00 - 02/04/2025 03:00","CTA|SE","14166.00","14302.00"
"02/04/2025 03:00 - 02/04/2025 04:00","CTA|SE","14699.00","14729.00"
"02/04/2025 04:00 - 02/04/2025 05:00","CTA|SE","16300.00","15722.00"
"02/04/2025 05:00 - 02/04/2025 06:00","CTA|SE","16939.00","16666.00"
"02/04/2025 06:00 - 02/04/2025 07:00","CTA|SE","16678.00","16968.00"
"02/04/2025 07:00 - 02/04/2025 08:00","CTA|SE","16254.00","16731.00"
"02/04/2025 08:00 - 02/04/2025 09:00","CTA|SE","15573.00","16436.00"
"02/04/2025 09:00 - 02/04/2025 10:00","CTA|SE","14652.00","15826.00"
"02/04/2025 10:00 - 02/04/2025 11:00","CTA|SE","13901.00","15452.00"
"02/04/2025 11:00 - 02/04/2025 12:00","CTA|SE","13856.00","14959.00"
"02/04/2025 12:00 - 02/04/2025 13:00","CTA|SE","14002.00","14683.00"
"02/04/2025 13:00 - 02/04/2025 14:00","CTA|SE","13950.00","14471.00"
"02/04/2025 14:00 - 02/04/2025 15:00","CTA|SE","14363.00","14365.00"
"02/04/2025 15:00 - 02/04/2025 16:00","CTA|SE","15635.00","14601.00"
"02/04/2025 16:00 - 02/04/2025 17:00","CTA|SE","15517.00","14768.00"
"02/04/2025 17:00 - 02/04/2025 18:00","CTA|SE","15959.00","15063.00"
"02/04/2025 18:00 - 02/04/2025 19:00","CTA|SE","15945.00","15294.00"
"02/04/2025 19:00 - 02/04/2025 20:00","CTA|SE","15434.00","15123.00"
"02/04/2025 20:00 - 02/04/2025 21:00","CTA|SE","14602.00","14701.00"
"02/04/2025 21:00 - 02/04/2025 22:00","CTA|SE","13526.00","14192.00"
"02/04/2025 22:00 - 02/04/2025 23:00","CTA|SE","12879.00","13778.00"
"02/04/2025 23:00 - 03/04/2025 00:00","CTA|SE","13340.00","13608.00"
"03/04/2025 00:00 - 03/04/2025 01:00","CTA|SE","13438.00","13592.00"
"03/04/2025 01:00 - 03/04/2025 02:00","CTA|SE","13559.00","13638.00"
"03/04/2025 02:00 - 03/04/2025 03:00","CTA|SE","13783.00","13844.00"
"03/04/2025 03:00 - 03/04/2025 04:00","CTA|SE","14368.00","14298.00"
"03/04/2025 04:00 - 03/04/2025 05:00","CTA|SE","15391.00","15268.00"
"03/04/2025 05:00 - 03/04/2025 06:00","CTA|SE","16188.00","16214.00"
"03/04/2025 06:00 - 03/04/2025 07:00","CTA|SE","15834.00","16407.00"
"03/04/2025 07:00 - 03/04/2025 08:00","CTA|SE","15831.00","16064.00"
"03/04/2025 08:00 - 03/04/2025 09:00","CTA|SE","15290.00","15595.00"
"03/04/2025 09:00 - 03/04/2025 10:00","CTA|SE","14444.00","15140.00"
"03/04/2025 10:00 - 03/04/2025 11:00","CTA|SE","14555.00","14774.00"
"03/04/2025 11:00 - 03/04/2025 12:00","CTA|SE","14599.00","14403.00"
"03/04/2025 12:00 - 03/04/2025 13:00","CTA|SE","14418.00","14088.00"
"03/04/2025 13:00 - 03/04/2025 14:00","CTA|SE","14203.00","13926.00"
"03/04/2025 14:00 - 03/04/2025 15:00","CTA|SE","13881.00","13850.00"
"03/04/2025 15:00 - 03/04/2025 16:00","CTA|SE","14660.00","14081.00"
"03/04/2025 16:00 - 03/04/2025 17:00","CTA|SE","15063.00","14394.00"
"03/04/2025 17:00 - 03/04/2025 18:00","CTA|SE","15281.00","14749.00"
"03/04/2025 18:00 - 03/04/2025 19:00","CTA|SE","15003.00","15034.00"
"03/04/2025 19:00 - 03/04/2025 20:00","CTA|SE","14326.00","14969.00"
"03/04/2025 20:00 - 03/04/2025 21:00","CTA|SE","13696.00","14552.00"
"03/04/2025 21:00 - 03/04/2025 22:00","CTA|SE","13319.00","14068.00"
"03/04/2025 22:00 - 03/04/2025 23:00","CTA|SE","12656.00","13587.00"
"03/04/2025 23:00 - 04/04/2025 00:00","CTA|SE","12561.00","13416.00"
"04/04/2025 00:00 - 04/04/2025 01:00","CTA|SE","12438.00","13377.00"
"04/04/2025 01:00 - 04/04/2025 02:00","CTA|SE","12469.00","13446.00"
"04/04/2025 02:00 - 04/04/2025 03:00","CTA|SE","12982.00","13634.00"
"04/04/2025 03:00 - 04/04/2025 04:00","CTA|SE","13763.00","14112.00"
"04/04/2025 04:00 - 04/04/2025 05:00","CTA|SE","15025.00","15062.00"
"04/04/2025 05:00 - 04/04/2025 06:00","CTA|SE","15630.00","16050.00"
"04/04/2025 06:00 - 04/04/2025 07:00","CTA|SE","15551.00","16415.00"
"04/04/2025 07:00 - 04/04/2025 08:00","CTA|SE","15268.00","16276.00"
"04/04/2025 08:00 - 04/04/2025 09:00","CTA|SE","15298.00","16066.00"
"04/04/2025 09:00 - 04/04/2025 10:00","CTA|SE","15383.00","15804.00"
"04/04/2025 10:00 - 04/04/2025 11:00","CTA|SE","15251.00","15468.00"
"04/04/2025 11:00 - 04/04/2025 12:00","CTA|SE","14667.00","15052.00"
"04/04/2025 12:00 - 04/04/2025 13:00","CTA|SE","13937.00","14720.00"
"04/04/2025 13:00 - 04/04/2025 14:00","CTA|SE","13588.00","14511.00"
"04/04/2025 14:00 - 04/04/2025 15:00","CTA|SE","13700.00","14504.00"
"04/04/2025 15:00 - 04/04/2025 16:00","CTA|SE","14262.00","14720.00"
"04/04/2025 16:00 - 04/04/2025 17:00","CTA|SE","15230.00","15029.00"
"04/04/2025 17:00 - 04/04/2025 18:00","CTA|SE","15952.00","15253.00"
"04/04/2025 18:00 - 04/04/2025 19:00","CTA|SE","15221.00","15357.00"
"04/04/2025 19:00 - 04/04/2025 20:00","CTA|SE","14530.00","15229.00"
"04/04/2025 20:00 - 04/04/2025 21:00","CTA|SE","13576.00","14880.00"
"04/04/2025 21:00 - 04/04/2025 22:00","CTA|SE","12937.00","14520.00"
"04/04/2025 22:00 - 04/04/2025 23:00","CTA|SE","13256.00","14205.00"
"04/04/2025 23:00 - 05/04/2025 00:00","CTA|SE","13135.00","14092.00"
"05/04/2025 00:00 - 05/04/2025 01:00","CTA|SE","12911.00","14043.00"
"05/04/2025 01:00 - 05/04/2025 02:00","CTA|SE","12708.00","14069.00"
"05/04/2025 02:00 - 05/04/2025 03:00","CTA|SE","13005.00","14194.00"
"05/04/2025 03:00 - 05/04/2025 04:00","CTA|SE","13362.00","14330.00"
"05/04/2025 04:00 - 05/04/2025 05:00","CTA|SE","13704.00","14538.00"
"05/04/2025 05:00 - 05/04/2025 06:00","CTA|SE","14489.00","14765.00"
"05/04/2025 06:00 - 05/04/2025 07:00","CTA|SE","14941.00","14985.00"
"05/04/2025 07:00 - 05/04/2025 08:00","CTA|SE","14851.00","15104.00"
"05/04/2025 08:00 - 05/04/2025 09:00","CTA|SE","14685.00","15086.00"
"05/04/2025 09:00 - 05/04/2025 10:00","CTA|SE","14265.00","14993.00"
"05/04/2025 10:00 - 05/04/2025 11:00","CTA|SE","14449.00","14823.00"
"05/04/2025 11:00 - 05/04/2025 12:00","CTA|SE","14611.00","14612.00"
"05/04/2025 12:00 - 05/04/2025 13:00","CTA|SE","14486.00","14555.00"
"05/04/2025 13:00 - 05/04/2025 14:00","CTA|SE","14312.00","14450.00"
"05/04/2025 14:00 - 05/04/2025 15:00","CTA|SE","13933.00","14561.00"
"05/04/2025 15:00 - 05/04/2025 16:00","CTA|SE","14502.00","14792.00"
"05/04/2025 16:00 - 05/04/2025 17:00","CTA|SE","15107.00","15188.00"
"05/04/2025 17:00 - 05/04/2025 18:00","CTA|SE","16021.00","15512.00"
"05/04/2025 18:00 - 05/04/2025 19:00","CTA|SE","15965.00","15691.00"
"05/04/2025 19:00 - 05/04/2025 20:00","CTA|SE","15646.00","15624.00"
"05/04/2025 20:00 - 05/04/2025 21:00","CTA|SE","15084.00","15328.00"
"05/04/2025 21:00 - 05/04/2025 22:00","CTA|SE","14815.00","14989.00"
"05/04/2025 22:00 - 05/04/2025 23:00","CTA|SE","14279.00","14820.00"
"05/04/2025 23:00 - 06/04/2025 00:00","CTA|SE","14172.00","14640.00"
"06/04/2025 00:00 - 06/04/2025 01:00","CTA|SE","14451.00","14638.00"
"06/04/2025 01:00 - 06/04/2025 02:00","CTA|SE","14501.00","14610.00"
"06/04/2025 02:00 - 06/04/2025 03:00","CTA|SE","14589.00","14592.00"
"06/04/2025 03:00 - 06/04/2025 04:00","CTA|SE","14327.00","14610.00"
"06/04/2025 04:00 - 06/04/2025 05:00","CTA|SE","14099.00","14714.00"
"06/04/2025 05:00 - 06/04/2025 06:00","CTA|SE","14482.00","14769.00"
"06/04/2025 06:00 - 06/04/2025 07:00","CTA|SE","14954.00","14887.00"
"06/04/2025 07:00 - 06/04/2025 08:00","CTA|SE","15039.00","14987.00"
"06/04/2025 08:00 - 06/04/2025 09:00","CTA|SE","14960.00","15027.00"
"06/04/2025 09:00 - 06/04/2025 10:00","CTA|SE","15603.00","14954.00"
"06/04/2025 10:00 - 06/04/2025 11:00","CTA|SE","15470.00","14804.00"
"06/04/2025 11:00 - 06/04/2025 12:00","CTA|SE","14925.00","14564.00"
"06/04/2025 12:00 - 06/04/2025 13:00","CTA|SE","14525.00","14338.00"
"06/04/2025 13:00 - 06/04/2025 14:00","CTA|SE","14339.00","14220.00"
"06/04/2025 14:00 - 06/04/2025 15:00","CTA|SE","14465.00","14284.00"
"06/04/2025 15:00 - 06/04/2025 16:00","CTA|SE","15285.00","14514.00"
"06/04/2025 16:00 - 06/04/2025 17:00","CTA|SE","15191.00","14903.00"
"06/04/2025 17:00 - 06/04/2025 18:00","CTA|SE","15420.00","15282.00"
"06/04/2025 18:00 - 06/04/2025 19:00","CTA|SE","16096.00","15608.00"
"06/04/2025 19:00 - 06/04/2025 20:00","CTA|SE","15551.00","15536.00"
"06/04/2025 20:00 - 06/04/2025 21:00","CTA|SE","15012.00","15116.00"
"06/04/2025 21:00 - 06/04/2025 22:00","CTA|SE","14588.00","14661.00"
"06/04/2025 22:00 - 06/04/2025 23:00","CTA|SE","14438.00","14371.00"
"06/04/2025 23:00 - 07/04/2025 00:00","CTA|SE","13924.00","14269.00"
"07/04/2025 00:00 - 07/04/2025 01:00","CTA|SE","13663.00","14250.00"
"07/04/2025 01:00 - 07/04/2025 02:00","CTA|SE","13714.00","14256.00"
"07/04/2025 02:00 - 07/04/2025 03:00","CTA|SE","14308.00","14374.00"
"07/04/2025 03:00 - 07/04/2025 04:00","CTA|SE","14889.00","14797.00"
"07/04/2025 04:00 - 07/04/2025 05:00","CTA|SE","16101.00","15813.00"
"07/04/2025 05:00 - 07/04/2025 06:00","CTA|SE","16800.00","16780.00"
"07/04/2025 06:00 - 07/04/2025 07:00","CTA|SE","16908.00","17093.00"
"07/04/2025 07:00 - 07/04/2025 08:00","CTA|SE","16548.00","17015.00"
"07/04/2025 08:00 - 07/04/2025 09:00","CTA|SE","16433.00","16768.00"
"07/04/2025 09:00 - 07/04/2025 10:00","CTA|SE","15702.00","16450.00"
"07/04/2025 10:00 - 07/04/2025 11:00","CTA|SE","15628.00","16248.00"
"07/04/2025 11:00 - 07/04/2025 12:00","CTA|SE","15564.00","16093.00"
"07/04/2025 12:00 - 07/04/2025 13:00","CTA|SE","15694.00","16035.00"
"07/04/2025 13:00 - 07/04/2025 14:00","CTA|SE","15495.00","15931.00"
"07/04/2025 14:00 - 07/04/2025 15:00","CTA|SE","15449.00","15743.00"
"07/04/2025 15:00 - 07/04/2025 16:00","CTA|SE","15712.00","15702.00"
"07/04/2025 16:00 - 07/04/2025 17:00","CTA|SE","15572.00","15730.00"
"07/04/2025 17:00 - 07/04/2025 18:00","CTA|SE","15729.00","15840.00"
"07/04/2025 18:00 - 07/04/2025 19:00","CTA|SE","15949.00","16049.00"
"07/04/2025 19:00 - 07/04/2025 20:00","CTA|SE","15728.00","15899.00"
"07/04/2025 20:00 - 07/04/2025 21:00","CTA|SE","15337.00","15401.00"
"07/04/2025 21:00 - 07/04/2025 22:00","CTA|SE","15134.00","14869.00"
"07/04/2025 22:00 - 07/04/2025 23:00","CTA|SE","14791.00","14501.00"
"07/04/2025 23:00 - 08/04/2025 00:00","CTA|SE","14444.00","14338.00"
"08/04/2025 00:00 - 08/04/2025 01:00","CTA|SE","14393.00","14282.00"
"08/04/2025 01:00 - 08/04/2025 02:00","CTA|SE","14381.00","14336.00"
"08/04/2025 02:00 - 08/04/2025 03:00","CTA|SE","14733.00","14521.00"
"08/04/2025 03:00 - 08/04/2025 04:00","CTA|SE","15224.00","14990.00"
"08/04/2025 04:00 - 08/04/2025 05:00","CTA|SE","16283.00","16019.00"
"08/04/2025 05:00 - 08/04/2025 06:00","CTA|SE","17135.00","16904.00"
"08/04/2025 06:00 - 08/04/2025 07:00","CTA|SE","16954.00","17036.00"
"08/04/2025 07:00 - 08/04/2025 08:00","CTA|SE","16483.00","16714.00"
"08/04/2025 08:00 - 08/04/2025 09:00","CTA|SE","16119.00","16282.00"
"08/04/2025 09:00 - 08/04/2025 10:00","CTA|SE","15855.00","15911.00"
"08/04/2025 10:00 - 08/04/2025 11:00","CTA|SE","15649.00","15620.00"
"08/04/2025 11:00 - 08/04/2025 12:00","CTA|SE","15302.00","15414.00"
"08/04/2025 12:00 - 08/04/2025 13:00","CTA|SE","15501.00","15321.00"
"08/04/2025 13:00 - 08/04/2025 14:00","CTA|SE","15562.00","15420.00"
"08/04/2025 14:00 - 08/04/2025 15:00","CTA|SE","15480.00","15166.00"
"08/04/2025 15:00 - 08/04/2025 16:00","CTA|SE","16007.00","15175.00"
"08/04/2025 16:00 - 08/04/2025 17:00","CTA|SE","15649.00","15344.00"
"08/04/2025 17:00 - 08/04/2025 18:00","CTA|SE","16075.00","15600.00"
"08/04/2025 18:00 - 08/04/2025 19:00","CTA|SE","16638.00","15775.00"
"08/04/2025 19:00 - 08/04/2025 20:00","CTA|SE","16070.00","15675.00"
"08/04/2025 20:00 - 08/04/2025 21:00","CTA|SE","15684.00","15153.00"
"08/04/2025 21:00 - 08/04/2025 22:00","CTA|SE","14773.00","14587.00"
"08/04/2025 22:00 - 08/04/2025 23:00","CTA|SE","14045.00","13943.00"
"08/04/2025 23:00 - 09/04/2025 00:00","CTA|SE","13536.00","13840.00"
"09/04/2025 00:00 - 09/04/2025 01:00","CTA|SE","13724.00","13808.00"
"09/04/2025 01:00 - 09/04/2025 02:00","CTA|SE","13716.00","13848.00"
"09/04/2025 02:00 - 09/04/2025 03:00","CTA|SE","14048.00","14029.00"
"09/04/2025 03:00 - 09/04/2025 04:00","CTA|SE","14489.00","14487.00"
"09/04/2025 04:00 - 09/04/2025 05:00","CTA|SE","15833.00","15516.00"
"09/04/2025 05:00 - 09/04/2025 06:00","CTA|SE","16834.00","16458.00"
"09/04/2025 06:00 - 09/04/2025 07:00","CTA|SE","16820.00","16685.00"
"09/04/2025 07:00 - 09/04/2025 08:00","CTA|SE","16239.00","16469.00"
"09/04/2025 08:00 - 09/04/2025 09:00","CTA|SE","16147.00","16264.00"
"09/04/2025 09:00 - 09/04/2025 10:00","CTA|SE","15825.00","16077.00"
"09/04/2025 10:00 - 09/04/2025 11:00","CTA|SE","15723.00","16074.00"
"09/04/2025 11:00 - 09/04/2025 12:00","CTA|SE","15318.00","15948.00"
"09/04/2025 12:00 - 09/04/2025 13:00","CTA|SE","15236.00","15793.00"
"09/04/2025 13:00 - 09/04/2025 14:00","CTA|SE","15034.00","15491.00"
"09/04/2025 14:00 - 09/04/2025 15:00","CTA|SE","15209.00","15298.00"
"09/04/2025 15:00 - 09/04/2025 16:00","CTA|SE","15751.00","15425.00"
"09/04/2025 16:00 - 09/04/2025 17:00","CTA|SE","16351.00","15587.00"
"09/04/2025 17:00 - 09/04/2025 18:00","CTA|SE","16611.00","15887.00"
"09/04/2025 18:00 - 09/04/2025 19:00","CTA|SE","17629.00","16159.00"
"09/04/2025 19:00 - 09/04/2025 20:00","CTA|SE","17214.00","16056.00"
"09/04/2025 20:00 - 09/04/2025 21:00","CTA|SE","16438.00","15595.00"
"09/04/2025 21:00 - 09/04/2025 22:00","CTA|SE","15778.00","15056.00"
"09/04/2025 22:00 - 09/04/2025 23:00","CTA|SE","14872.00","14696.00"
"09/04/2025 23:00 - 10/04/2025 00:00","CTA|SE","14835.00","14570.00"
"10/04/2025 00:00 - 10/04/2025 01:00","CTA|SE","15153.00","14542.00"
"10/04/2025 01:00 - 10/04/2025 02:00","CTA|SE","15239.00","14604.00"
"10/04/2025 02:00 - 10/04/2025 03:00","CTA|SE","15379.00","14800.00"
"10/04/2025 03:00 - 10/04/2025 04:00","CTA|SE","16045.00","15265.00"
"10/04/2025 04:00 - 10/04/2025 05:00","CTA|SE","16626.00","16270.00"
"10/04/2025 05:00 - 10/04/2025 06:00","CTA|SE","17339.00","17186.00"
"10/04/2025 06:00 - 10/04/2025 07:00","CTA|SE","17249.00","17407.00"
"10/04/2025 07:00 - 10/04/2025 08:00","CTA|SE","17187.00","17231.00"
"10/04/2025 08:00 - 10/04/2025 09:00","CTA|SE","16710.00","16992.00"
"10/04/2025 09:00 - 10/04/2025 10:00","CTA|SE","16312.00","16915.00"
"10/04/2025 10:00 - 10/04/2025 11:00","CTA|SE","16089.00","16731.00"
"10/04/2025 11:00 - 10/04/2025 12:00","CTA|SE","15555.00","16526.00"
"10/04/2025 12:00 - 10/04/2025 13:00","CTA|SE","16029.00","16360.00"
"10/04/2025 13:00 - 10/04/2025 14:00","CTA|SE","15958.00","16262.00"
"10/04/2025 14:00 - 10/04/2025 15:00","CTA|SE","16226.00","16082.00"
"10/04/2025 15:00 - 10/04/2025 16:00","CTA|SE","16432.00","16128.00"
"10/04/2025 16:00 - 10/04/2025 17:00","CTA|SE","16340.00","16112.00"
"10/04/2025 17:00 - 10/04/2025 18:00","CTA|SE","16467.00","16204.00"
"10/04/2025 18:00 - 10/04/2025 19:00","CTA|SE","16760.00","16280.00"
"10/04/2025 19:00 - 10/04/2025 20:00","CTA|SE","16263.00","16080.00"
"10/04/2025 20:00 - 10/04/2025 21:00","CTA|SE","15453.00","15551.00"
"10/04/2025 21:00 - 10/04/2025 22:00","CTA|SE","14426.00","14931.00"
"10/04/2025 22:00 - 10/04/2025 23:00","CTA|SE","14011.00","14338.00"
"10/04/2025 23:00 - 11/04/2025 00:00","CTA|SE","14209.00","14030.00"
"11/04/2025 00:00 - 11/04/2025 01:00","CTA|SE","14025.00","13873.00"
"11/04/2025 01:00 - 11/04/2025 02:00","CTA|SE","14319.00","13828.00"
"11/04/2025 02:00 - 11/04/2025 03:00","CTA|SE","14172.00","13974.00"
"11/04/2025 03:00 - 11/04/2025 04:00","CTA|SE","14565.00","14414.00"
"11/04/2025 04:00 - 11/04/2025 05:00","CTA|SE","15691.00","15354.00"
"11/04/2025 05:00 - 11/04/2025 06:00","CTA|SE","16760.00","16310.00"
"11/04/2025 06:00 - 11/04/2025 07:00","CTA|SE","17100.00","16600.00"
"11/04/2025 07:00 - 11/04/2025 08:00","CTA|SE","16374.00","16395.00"
"11/04/2025 08:00 - 11/04/2025 09:00","CTA|SE","15821.00","16122.00"
"11/04/2025 09:00 - 11/04/2025 10:00","CTA|SE","15457.00","15870.00"
"11/04/2025 10:00 - 11/04/2025 11:00","CTA|SE","15261.00","15618.00"
"11/04/2025 11:00 - 11/04/2025 12:00","CTA|SE","14586.00","15320.00"
"11/04/2025 12:00 - 11/04/2025 13:00","CTA|SE","14558.00","15003.00"
"11/04/2025 13:00 - 11/04/2025 14:00","CTA|SE","14620.00","14707.00"
"11/04/2025 14:00 - 11/04/2025 15:00","CTA|SE","14598.00","14562.00"
"11/04/2025 15:00 - 11/04/2025 16:00","CTA|SE","15114.00","14684.00"
"11/04/2025 16:00 - 11/04/2025 17:00","CTA|SE","15344.00","14886.00"
"11/04/2025 17:00 - 11/04/2025 18:00","CTA|SE","15307.00","15016.00"
"11/04/2025 18:00 - 11/04/2025 19:00","CTA|SE","15097.00","15080.00"
"11/04/2025 19:00 - 11/04/2025 20:00","CTA|SE","14657.00","14945.00"
"11/04/2025 20:00 - 11/04/2025 21:00","CTA|SE","13968.00","14545.00"
"11/04/2025 21:00 - 11/04/2025 22:00","CTA|SE","13729.00","14117.00"
"11/04/2025 22:00 - 11/04/2025 23:00","CTA|SE","13378.00","13391.00"
"11/04/2025 23:00 - 12/04/2025 00:00","CTA|SE","12879.00","12988.00"
"12/04/2025 00:00 - 12/04/2025 01:00","CTA|SE","12841.00","12873.00"
"12/04/2025 01:00 - 12/04/2025 02:00","CTA|SE","12777.00","12832.00"
"12/04/2025 02:00 - 12/04/2025 03:00","CTA|SE","12638.00","12760.00"
"12/04/2025 03:00 - 12/04/2025 04:00","CTA|SE","12515.00","12694.00"
"12/04/2025 04:00 - 12/04/2025 05:00","CTA|SE","12511.00","12899.00"
"12/04/2025 05:00 - 12/04/2025 06:00","CTA|SE","13258.00","13257.00"
"12/04/2025 06:00 - 12/04/2025 07:00","CTA|SE","13580.00","13606.00"
"12/04/2025 07:00 - 12/04/2025 08:00","CTA|SE","13690.00","13851.00"
"12/04/2025 08:00 - 12/04/2025 09:00","CTA|SE","14091.00","13987.00"
"12/04/2025 09:00 - 12/04/2025 10:00","CTA|SE","14344.00","13877.00"
"12/04/2025 10:00 - 12/04/2025 11:00","CTA|SE","13423.00","13695.00"
"12/04/2025 11:00 - 12/04/2025 12:00","CTA|SE","13104.00","13514.00"
"12/04/2025 12:00 - 12/04/2025 13:00","CTA|SE","12869.00","13289.00"
"12/04/2025 13:00 - 12/04/2025 14:00","CTA|SE","12286.00","13117.00"
"12/04/2025 14:00 - 12/04/2025 15:00","CTA|SE","12566.00","12930.00"
"12/04/2025 15:00 - 12/04/2025 16:00","CTA|SE","12723.00","13003.00"
"12/04/2025 16:00 - 12/04/2025 17:00","CTA|SE","13213.00","13437.00"
"12/04/2025 17:00 - 12/04/2025 18:00","CTA|SE","13893.00","13728.00"
"12/04/2025 18:00 - 12/04/2025 19:00","CTA|SE","14101.00","14104.00"
"12/04/2025 19:00 - 12/04/2025 20:00","CTA|SE","14049.00","14151.00"
"12/04/2025 20:00 - 12/04/2025 21:00","CTA|SE","14094.00","13773.00"
"12/04/2025 21:00 - 12/04/2025 22:00","CTA|SE","13777.00","13487.00"
"12/04/2025 22:00 - 12/04/2025 23:00","CTA|SE","13303.00","12947.00"
"12/04/2025 23:00 - 13/04/2025 00:00","CTA|SE","13175.00","12670.00"
"13/04/2025 00:00 - 13/04/2025 01:00","CTA|SE","12878.00","12586.00"
"13/04/2025 01:00 - 13/04/2025 02:00","CTA|SE","12860.00","12532.00"
"13/04/2025 02:00 - 13/04/2025 03:00","CTA|SE","12919.00","12530.00"
"13/04/2025 03:00 - 13/04/2025 04:00","CTA|SE","12639.00","12603.00"
"13/04/2025 04:00 - 13/04/2025 05:00","CTA|SE","12230.00","12706.00"
"13/04/2025 05:00 - 13/04/2025 06:00","CTA|SE","12279.00","12911.00"
"13/04/2025 06:00 - 13/04/2025 07:00","CTA|SE","12922.00","13245.00"
"13/04/2025 07:00 - 13/04/2025 08:00","CTA|SE","12970.00","13520.00"
"13/04/2025 08:00 - 13/04/2025 09:00","CTA|SE","12435.00","13519.00"
"13/04/2025 09:00 - 13/04/2025 10:00","CTA|SE","12195.00","13475.00"
"13/04/2025 10:00 - 13/04/2025 11:00","CTA|SE","12079.00","13427.00"
"13/04/2025 11:00 - 13/04/2025 12:00","CTA|SE","12069.00","13352.00"
"13/04/2025 12:00 - 13/04/2025 13:00","CTA|SE","12202.00","13185.00"
"13/04/2025 13:00 - 13/04/2025 14:00","CTA|SE","12408.00","13151.00"
"13/04/2025 14:00 - 13/04/2025 15:00","CTA|SE","12585.00","13158.00"
"13/04/2025 15:00 - 13/04/2025 16:00","CTA|SE","14085.00","13362.00"
"13/04/2025 16:00 - 13/04/2025 17:00","CTA|SE","14091.00","13879.00"
"13/04/2025 17:00 - 13/04/2025 18:00","CTA|SE","14078.00","14131.00"
"13/04/2025 18:00 - 13/04/2025 19:00","CTA|SE","14087.00","14387.00"
"13/04/2025 19:00 - 13/04/2025 20:00","CTA|SE","13787.00","14234.00"
"13/04/2025 20:00 - 13/04/2025 21:00","CTA|SE","13449.00","13585.00"
"13/04/2025 21:00 - 13/04/2025 22:00","CTA|SE","12745.00","13113.00"
"13/04/2025 22:00 - 13/04/2025 23:00","CTA|SE","12351.00","12729.00"
"13/04/2025 23:00 - 14/04/2025 00:00","CTA|SE","12336.00","12658.00"
"14/04/2025 00:00 - 14/04/2025 01:00","CTA|SE","12417.00","12558.00"
"14/04/2025 01:00 - 14/04/2025 02:00","CTA|SE","12552.00","12563.00"
"14/04/2025 02:00 - 14/04/2025 03:00","CTA|SE","12789.00","12698.00"
"14/04/2025 03:00 - 14/04/2025 04:00","CTA|SE","12804.00","13023.00"
"14/04/2025 04:00 - 14/04/2025 05:00","CTA|SE","14202.00","14008.00"
"14/04/2025 05:00 - 14/04/2025 06:00","CTA|SE","15254.00","15111.00"
"14/04/2025 06:00 - 14/04/2025 07:00","CTA|SE","15547.00","15687.00"
"14/04/2025 07:00 - 14/04/2025 08:00","CTA|SE","15573.00","15729.00"
"14/04/2025 08:00 - 14/04/2025 09:00","CTA|SE","15627.00","15613.00"
"14/04/2025 09:00 - 14/04/2025 10:00","CTA|SE","15325.00","15422.00"
"14/04/2025 10:00 - 14/04/2025 11:00","CTA|SE","14814.00","15231.00"
"14/04/2025 11:00 - 14/04/2025 12:00","CTA|SE","14925.00","15015.00"
"14/04/2025 12:00 - 14/04/2025 13:00","CTA|SE","14893.00","14751.00"
"14/04/2025 13:00 - 14/04/2025 14:00","CTA|SE","14616.00","14646.00"
"14/04/2025 14:00 - 14/04/2025 15:00","CTA|SE","14656.00","14696.00"
"14/04/2025 15:00 - 14/04/2025 16:00","CTA|SE","15308.00","14877.00"
"14/04/2025 16:00 - 14/04/2025 17:00","CTA|SE","15623.00","15115.00"
"14/04/2025 17:00 - 14/04/2025 18:00","CTA|SE","15738.00","15207.00"
"14/04/2025 18:00 - 14/04/2025 19:00","CTA|SE","15662.00","15272.00"
"14/04/2025 19:00 - 14/04/2025 20:00","CTA|SE","15106.00","15167.00"
"14/04/2025 20:00 - 14/04/2025 21:00","CTA|SE","14285.00","14783.00"
"14/04/2025 21:00 - 14/04/2025 22:00","CTA|SE","13919.00","13970.00"
"14/04/2025 22:00 - 14/04/2025 23:00","CTA|SE","13254.00","13763.00"
"14/04/2025 23:00 - 15/04/2025 00:00","CTA|SE","13110.00","13414.00"
"15/04/2025 00:00 - 15/04/2025 01:00","CTA|SE","13128.00","13350.00"
"15/04/2025 01:00 - 15/04/2025 02:00","CTA|SE","13362.00","13336.00"
"15/04/2025 02:00 - 15/04/2025 03:00","CTA|SE","13644.00","13420.00"
"15/04/2025 03:00 - 15/04/2025 04:00","CTA|SE","14081.00","13921.00"
"15/04/2025 04:00 - 15/04/2025 05:00","CTA|SE","14870.00","14642.00"
"15/04/2025 05:00 - 15/04/2025 06:00","CTA|SE","15593.00","15569.00"
"15/04/2025 06:00 - 15/04/2025 07:00","CTA|SE","15511.00","15914.00"
"15/04/2025 07:00 - 15/04/2025 08:00","CTA|SE","14941.00","15765.00"
"15/04/2025 08:00 - 15/04/2025 09:00","CTA|SE","14444.00","15265.00"
"15/04/2025 09:00 - 15/04/2025 10:00","CTA|SE","14396.00","14831.00"
"15/04/2025 10:00 - 15/04/2025 11:00","CTA|SE","14291.00","14518.00"
"15/04/2025 11:00 - 15/04/2025 12:00","CTA|SE","13673.00","14304.00"
"15/04/2025 12:00 - 15/04/2025 13:00","CTA|SE","13520.00","14069.00"
"15/04/2025 13:00 - 15/04/2025 14:00","CTA|SE","13866.00","13957.00"
"15/04/2025 14:00 - 15/04/2025 15:00","CTA|SE","14108.00","13894.00"
"15/04/2025 15:00 - 15/04/2025 16:00","CTA|SE","14390.00","14007.00"
"15/04/2025 16:00 - 15/04/2025 17:00","CTA|SE","14717.00","14260.00"
"15/04/2025 17:00 - 15/04/2025 18:00","CTA|SE","14681.00","14578.00"
"15/04/2025 18:00 - 15/04/2025 19:00","CTA|SE","14826.00","14786.00"
"15/04/2025 19:00 - 15/04/2025 20:00","CTA|SE","14278.00","14757.00"
"15/04/2025 20:00 - 15/04/2025 21:00","CTA|SE","13705.00","14369.00"
"15/04/2025 21:00 - 15/04/2025 22:00","CTA|SE","13038.00","13760.00"
"15/04/2025 22:00 - 15/04/2025 23:00","CTA|SE","12875.00","13096.00"
"15/04/2025 23:00 - 16/04/2025 00:00","CTA|SE","12752.00","12548.00"
"16/04/2025 00:00 - 16/04/2025 01:00","CTA|SE","12487.00","12505.00"
"16/04/2025 01:00 - 16/04/2025 02:00","CTA|SE","12281.00","12415.00"
"16/04/2025 02:00 - 16/04/2025 03:00","CTA|SE","12420.00","12606.00"
"16/04/2025 03:00 - 16/04/2025 04:00","CTA|SE","12762.00","13194.00"
"16/04/2025 04:00 - 16/04/2025 05:00","CTA|SE","13586.00","14154.00"
"16/04/2025 05:00 - 16/04/2025 06:00","CTA|SE","15139.00","15327.00"
"16/04/2025 06:00 - 16/04/2025 07:00","CTA|SE","15526.00","15575.00"
"16/04/2025 07:00 - 16/04/2025 08:00","CTA|SE","15360.00","15468.00"
"16/04/2025 08:00 - 16/04/2025 09:00","CTA|SE","15088.00","15231.00"
"16/04/2025 09:00 - 16/04/2025 10:00","CTA|SE","14978.00","14986.00"
"16/04/2025 10:00 - 16/04/2025 11:00","CTA|SE","14624.00","14865.00"
"16/04/2025 11:00 - 16/04/2025 12:00","CTA|SE","14270.00","14731.00"
"16/04/2025 12:00 - 16/04/2025 13:00","CTA|SE","14234.00","14696.00"
"16/04/2025 13:00 - 16/04/2025 14:00","CTA|SE","14380.00","14672.00"
"16/04/2025 14:00 - 16/04/2025 15:00","CTA|SE","14512.00","14638.00"
"16/04/2025 15:00 - 16/04/2025 16:00","CTA|SE","15096.00","14716.00"
"16/04/2025 16:00 - 16/04/2025 17:00","CTA|SE","14769.00","14892.00"
"16/04/2025 17:00 - 16/04/2025 18:00","CTA|SE","14771.00","15002.00"
"16/04/2025 18:00 - 16/04/2025 19:00","CTA|SE","15042.00","15021.00"
"16/04/2025 19:00 - 16/04/2025 20:00","CTA|SE","14382.00","14650.00"
"16/04/2025 20:00 - 16/04/2025 21:00","CTA|SE","13765.00","14192.00"
"16/04/2025 21:00 - 16/04/2025 22:00","CTA|SE","12834.00","13638.00"
"16/04/2025 22:00 - 16/04/2025 23:00","CTA|SE","12143.00","12673.00"
"16/04/2025 23:00 - 17/04/2025 00:00","CTA|SE","11607.00","12342.00"
"17/04/2025 00:00 - 17/04/2025 01:00","CTA|SE","12152.00","12293.00"
"17/04/2025 01:00 - 17/04/2025 02:00","CTA|SE","12307.00","12246.00"
"17/04/2025 02:00 - 17/04/2025 03:00","CTA|SE","12464.00","12297.00"
"17/04/2025 03:00 - 17/04/2025 04:00","CTA|SE","12636.00","12764.00"
"17/04/2025 04:00 - 17/04/2025 05:00","CTA|SE","14221.00","13457.00"
"17/04/2025 05:00 - 17/04/2025 06:00","CTA|SE","15348.00","14140.00"
"17/04/2025 06:00 - 17/04/2025 07:00","CTA|SE","16132.00","14593.00"
"17/04/2025 07:00 - 17/04/2025 08:00","CTA|SE","15735.00","14692.00"
"17/04/2025 08:00 - 17/04/2025 09:00","CTA|SE","15281.00","14434.00"
"17/04/2025 09:00 - 17/04/2025 10:00","CTA|SE","14651.00","14200.00"
"17/04/2025 10:00 - 17/04/2025 11:00","CTA|SE","14280.00","13906.00"
"17/04/2025 11:00 - 17/04/2025 12:00","CTA|SE","14136.00","13623.00"
"17/04/2025 12:00 - 17/04/2025 13:00","CTA|SE","14074.00","13366.00"
"17/04/2025 13:00 - 17/04/2025 14:00","CTA|SE","13806.00","13121.00"
"17/04/2025 14:00 - 17/04/2025 15:00","CTA|SE","13785.00","13087.00"
"17/04/2025 15:00 - 17/04/2025 16:00","CTA|SE","13963.00","13266.00"
"17/04/2025 16:00 - 17/04/2025 17:00","CTA|SE","14330.00","13535.00"
"17/04/2025 17:00 - 17/04/2025 18:00","CTA|SE","14425.00","13680.00"
"17/04/2025 18:00 - 17/04/2025 19:00","CTA|SE","14324.00","13897.00"
"17/04/2025 19:00 - 17/04/2025 20:00","CTA|SE","13777.00","13631.00"
"17/04/2025 20:00 - 17/04/2025 21:00","CTA|SE","13264.00","13162.00"
"17/04/2025 21:00 - 17/04/2025 22:00","CTA|SE","12612.00","12638.00"
"17/04/2025 22:00 - 17/04/2025 23:00","CTA|SE","12160.00","12131.00"
"17/04/2025 23:00 - 18/04/2025 00:00","CTA|SE","11816.00","11861.00"
"18/04/2025 00:00 - 18/04/2025 01:00","CTA|SE","11466.00","11692.00"
"18/04/2025 01:00 - 18/04/2025 02:00","CTA|SE","11563.00","11650.00"
"18/04/2025 02:00 - 18/04/2025 03:00","CTA|SE","11505.00","11626.00"
"18/04/2025 03:00 - 18/04/2025 04:00","CTA|SE","11666.00","11658.00"
"18/04/2025 04:00 - 18/04/2025 05:00","CTA|SE","12068.00","11823.00"
"18/04/2025 05:00 - 18/04/2025 06:00","CTA|SE","12793.00","12052.00"
"18/04/2025 06:00 - 18/04/2025 07:00","CTA|SE","13495.00","12573.00"
"18/04/2025 07:00 - 18/04/2025 08:00","CTA|SE","13974.00","12943.00"
"18/04/2025 08:00 - 18/04/2025 09:00","CTA|SE","13964.00","13031.00"
"18/04/2025 09:00 - 18/04/2025 10:00","CTA|SE","14030.00","13042.00"
"18/04/2025 10:00 - 18/04/2025 11:00","CTA|SE","13741.00","12718.00"
"18/04/2025 11:00 - 18/04/2025 12:00","CTA|SE","13355.00","12479.00"
"18/04/2025 12:00 - 18/04/2025 13:00","CTA|SE","13290.00","12303.00"
"18/04/2025 13:00 - 18/04/2025 14:00","CTA|SE","13134.00","12187.00"
"18/04/2025 14:00 - 18/04/2025 15:00","CTA|SE","13590.00","12239.00"
"18/04/2025 15:00 - 18/04/2025 16:00","CTA|SE","13613.00","12687.00"
"18/04/2025 16:00 - 18/04/2025 17:00","CTA|SE","13694.00","13017.00"
"18/04/2025 17:00 - 18/04/2025 18:00","CTA|SE","13971.00","13099.00"
"18/04/2025 18:00 - 18/04/2025 19:00","CTA|SE","13825.00","13160.00"
"18/04/2025 19:00 - 18/04/2025 20:00","CTA|SE","13216.00","13048.00"
"18/04/2025 20:00 - 18/04/2025 21:00","CTA|SE","12963.00","12789.00"
"18/04/2025 21:00 - 18/04/2025 22:00","CTA|SE","12438.00","12287.00"
"18/04/2025 22:00 - 18/04/2025 23:00","CTA|SE","11675.00","12090.00"
"18/04/2025 23:00 - 19/04/2025 00:00","CTA|SE","11520.00","11924.00"
"19/04/2025 00:00 - 19/04/2025 01:00","CTA|SE","11403.00","11683.00"
"19/04/2025 01:00 - 19/04/2025 02:00","CTA|SE","11294.00","11603.00"
"19/04/2025 02:00 - 19/04/2025 03:00","CTA|SE","11080.00","11627.00"
"19/04/2025 03:00 - 19/04/2025 04:00","CTA|SE","10894.00","11693.00"
"19/04/2025 04:00 - 19/04/2025 05:00","CTA|SE","10718.00","11643.00"
"19/04/2025 05:00 - 19/04/2025 06:00","CTA|SE","11626.00","11888.00"
"19/04/2025 06:00 - 19/04/2025 07:00","CTA|SE","12181.00","12437.00"
"19/04/2025 07:00 - 19/04/2025 08:00","CTA|SE","12710.00","12806.00"
"19/04/2025 08:00 - 19/04/2025 09:00","CTA|SE","13047.00","12908.00"
"19/04/2025 09:00 - 19/04/2025 10:00","CTA|SE","12907.00","13008.00"
"19/04/2025 10:00 - 19/04/2025 11:00","CTA|SE","13607.00","12850.00"
"19/04/2025 11:00 - 19/04/2025 12:00","CTA|SE","13244.00","12827.00"
"19/04/2025 12:00 - 19/04/2025 13:00","CTA|SE","12924.00","12733.00"
"19/04/2025 13:00 - 19/04/2025 14:00","CTA|SE","13254.00","12697.00"
"19/04/2025 14:00 - 19/04/2025 15:00","CTA|SE","13463.00","12749.00"
"19/04/2025 15:00 - 19/04/2025 16:00","CTA|SE","13462.00","13223.00"
"19/04/2025 16:00 - 19/04/2025 17:00","CTA|SE","13672.00","13525.00"
"19/04/2025 17:00 - 19/04/2025 18:00","CTA|SE","13447.00","13645.00"
"19/04/2025 18:00 - 19/04/2025 19:00","CTA|SE","13553.00","13739.00"
"19/04/2025 19:00 - 19/04/2025 20:00","CTA|SE","13297.00","13712.00"
"19/04/2025 20:00 - 19/04/2025 21:00","CTA|SE","12708.00","13507.00"
"19/04/2025 21:00 - 19/04/2025 22:00","CTA|SE","12450.00","12996.00"
"19/04/2025 22:00 - 19/04/2025 23:00","CTA|SE","12000.00","12523.00"
"19/04/2025 23:00 - 20/04/2025 00:00","CTA|SE","12060.00","12395.00"
"20/04/2025 00:00 - 20/04/2025 01:00","CTA|SE","11911.00","12411.00"
"20/04/2025 01:00 - 20/04/2025 02:00","CTA|SE","11981.00","12386.00"
"20/04/2025 02:00 - 20/04/2025 03:00","CTA|SE","11729.00","12442.00"
"20/04/2025 03:00 - 20/04/2025 04:00","CTA|SE","11998.00","12480.00"
"20/04/2025 04:00 - 20/04/2025 05:00","CTA|SE","12141.00","12435.00"
"20/04/2025 05:00 - 20/04/2025 06:00","CTA|SE","12628.00","12546.00"
"20/04/2025 06:00 - 20/04/2025 07:00","CTA|SE","13320.00","13073.00"
"20/04/2025 07:00 - 20/04/2025 08:00","CTA|SE","13656.00","13581.00"
"20/04/2025 08:00 - 20/04/2025 09:00","CTA|SE","13934.00","13808.00"
"20/04/2025 09:00 - 20/04/2025 10:00","CTA|SE","13990.00","13765.00"
"20/04/2025 10:00 - 20/04/2025 11:00","CTA|SE","14075.00","13806.00"
"20/04/2025 11:00 - 20/04/2025 12:00","CTA|SE","13862.00","13723.00"
"20/04/2025 12:00 - 20/04/2025 13:00","CTA|SE","13634.00","13660.00"
"20/04/2025 13:00 - 20/04/2025 14:00","CTA|SE","13637.00","13656.00"
"20/04/2025 14:00 - 20/04/2025 15:00","CTA|SE","13979.00","13782.00"
"20/04/2025 15:00 - 20/04/2025 16:00","CTA|SE","14206.00","14184.00"
"20/04/2025 16:00 - 20/04/2025 17:00","CTA|SE","14401.00","14563.00"
"20/04/2025 17:00 - 20/04/2025 18:00","CTA|SE","14519.00","14848.00"
"20/04/2025 18:00 - 20/04/2025 19:00","CTA|SE","14722.00","14901.00"
"20/04/2025 19:00 - 20/04/2025 20:00","CTA|SE","14669.00","14729.00"
"20/04/2025 20:00 - 20/04/2025 21:00","CTA|SE","13946.00","14384.00"
"20/04/2025 21:00 - 20/04/2025 22:00","CTA|SE","13545.00","13822.00"
"20/04/2025 22:00 - 20/04/2025 23:00","CTA|SE","12804.00","13284.00"
"20/04/2025 23:00 - 21/04/2025 00:00","CTA|SE","12558.00","13029.00"
"21/04/2025 00:00 - 21/04/2025 01:00","CTA|SE","12825.00","12772.00"
"21/04/2025 01:00 - 21/04/2025 02:00","CTA|SE","12327.00","12599.00"
"21/04/2025 02:00 - 21/04/2025 03:00","CTA|SE","12174.00","12685.00"
"21/04/2025 03:00 - 21/04/2025 04:00","CTA|SE","12401.00","12760.00"
"21/04/2025 04:00 - 21/04/2025 05:00","CTA|SE","12714.00","12798.00"
"21/04/2025 05:00 - 21/04/2025 06:00","CTA|SE","13124.00","13286.00"
"21/04/2025 06:00 - 21/04/2025 07:00","CTA|SE","13906.00","13705.00"
"21/04/2025 07:00 - 21/04/2025 08:00","CTA|SE","14452.00","13977.00"
"21/04/2025 08:00 - 21/04/2025 09:00","CTA|SE","14632.00","14103.00"
"21/04/2025 09:00 - 21/04/2025 10:00","CTA|SE","14632.00","14071.00"
"21/04/2025 10:00 - 21/04/2025 11:00","CTA|SE","14740.00","14063.00"
"21/04/2025 11:00 - 21/04/2025 12:00","CTA|SE","14622.00","13990.00"
"21/04/2025 12:00 - 21/04/2025 13:00","CTA|SE","14597.00","13819.00"
"21/04/2025 13:00 - 21/04/2025 14:00","CTA|SE","14554.00","13768.00"
"21/04/2025 14:00 - 21/04/2025 15:00","CTA|SE","14711.00","13868.00"
"21/04/2025 15:00 - 21/04/2025 16:00","CTA|SE","14796.00","14182.00"
"21/04/2025 16:00 - 21/04/2025 17:00","CTA|SE","14808.00","14337.00"
"21/04/2025 17:00 - 21/04/2025 18:00","CTA|SE","14802.00","14510.00"
"21/04/2025 18:00 - 21/04/2025 19:00","CTA|SE","14895.00","14631.00"
"21/04/2025 19:00 - 21/04/2025 20:00","CTA|SE","14628.00","14420.00"
"21/04/2025 20:00 - 21/04/2025 21:00","CTA|SE","13840.00","13977.00"
"21/04/2025 21:00 - 21/04/2025 22:00","CTA|SE","13089.00","13400.00"
"21/04/2025 22:00 - 21/04/2025 23:00","CTA|SE","12918.00","13435.00"
"21/04/2025 23:00 - 22/04/2025 00:00","CTA|SE","12582.00","13335.00"
"22/04/2025 00:00 - 22/04/2025 01:00","CTA|SE","12561.00","13203.00"
"22/04/2025 01:00 - 22/04/2025 02:00","CTA|SE","13182.00","13205.00"
"22/04/2025 02:00 - 22/04/2025 03:00","CTA|SE","12869.00","13191.00"
"22/04/2025 03:00 - 22/04/2025 04:00","CTA|SE","13295.00","13625.00"
"22/04/2025 04:00 - 22/04/2025 05:00","CTA|SE","14676.00","14683.00"
"22/04/2025 05:00 - 22/04/2025 06:00","CTA|SE","15621.00","15481.00"
"22/04/2025 06:00 - 22/04/2025 07:00","CTA|SE","16000.00","15951.00"
"22/04/2025 07:00 - 22/04/2025 08:00","CTA|SE","16252.00","16039.00"
"22/04/2025 08:00 - 22/04/2025 09:00","CTA|SE","16103.00","16071.00"
"22/04/2025 09:00 - 22/04/2025 10:00","CTA|SE","16048.00","15824.00"
"22/04/2025 10:00 - 22/04/2025 11:00","CTA|SE","15778.00","15655.00"
"22/04/2025 11:00 - 22/04/2025 12:00","CTA|SE","15617.00","15499.00"
"22/04/2025 12:00 - 22/04/2025 13:00","CTA|SE","15480.00","15285.00"
"22/04/2025 13:00 - 22/04/2025 14:00","CTA|SE","15703.00","15233.00"
"22/04/2025 14:00 - 22/04/2025 15:00","CTA|SE","15711.00","15198.00"
"22/04/2025 15:00 - 22/04/2025 16:00","CTA|SE","15822.00","15283.00"
"22/04/2025 16:00 - 22/04/2025 17:00","CTA|SE","15681.00","15401.00"
"22/04/2025 17:00 - 22/04/2025 18:00","CTA|SE","15484.00","15440.00"
"22/04/2025 18:00 - 22/04/2025 19:00","CTA|SE","15280.00","15374.00"
"22/04/2025 19:00 - 22/04/2025 20:00","CTA|SE","15155.00","15233.00"
"22/04/2025 20:00 - 22/04/2025 21:00","CTA|SE","14674.00","14625.00"
"22/04/2025 21:00 - 22/04/2025 22:00","CTA|SE","13992.00","13828.00"
"22/04/2025 22:00 - 22/04/2025 23:00","CTA|SE","13523.00","13626.00"
"22/04/2025 23:00 - 23/04/2025 00:00","CTA|SE","13415.00","13379.00"
"23/04/2025 00:00 - 23/04/2025 01:00","CTA|SE","13099.00","13189.00"
"23/04/2025 01:00 - 23/04/2025 02:00","CTA|SE","13181.00","13201.00"
"23/04/2025 02:00 - 23/04/2025 03:00","CTA|SE","12785.00","13260.00"
"23/04/2025 03:00 - 23/04/2025 04:00","CTA|SE","13173.00","13555.00"
"23/04/2025 04:00 - 23/04/2025 05:00","CTA|SE","14464.00","14577.00"
"23/04/2025 05:00 - 23/04/2025 06:00","CTA|SE","15196.00","15421.00"
"23/04/2025 06:00 - 23/04/2025 07:00","CTA|SE","15761.00","15878.00"
"23/04/2025 07:00 - 23/04/2025 08:00","CTA|SE","15667.00","15981.00"
"23/04/2025 08:00 - 23/04/2025 09:00","CTA|SE","15816.00","16003.00"
"23/04/2025 09:00 - 23/04/2025 10:00","CTA|SE","15287.00","15759.00"
"23/04/2025 10:00 - 23/04/2025 11:00","CTA|SE","15139.00","15568.00"
"23/04/2025 11:00 - 23/04/2025 12:00","CTA|SE","15025.00","15412.00"
"23/04/2025 12:00 - 23/04/2025 13:00","CTA|SE","14947.00","15189.00"
"23/04/2025 13:00 - 23/04/2025 14:00","CTA|SE","14565.00","15138.00"
"23/04/2025 14:00 - 23/04/2025 15:00","CTA|SE","14798.00","15119.00"
"23/04/2025 15:00 - 23/04/2025 16:00","CTA|SE","15050.00","15241.00"
"23/04/2025 16:00 - 23/04/2025 17:00","CTA|SE","15335.00","15385.00"
"23/04/2025 17:00 - 23/04/2025 18:00","CTA|SE","15679.00","15433.00"
"23/04/2025 18:00 - 23/04/2025 19:00","CTA|SE","15516.00","15434.00"
"23/04/2025 19:00 - 23/04/2025 20:00","CTA|SE","15047.00","15348.00"
"23/04/2025 20:00 - 23/04/2025 21:00","CTA|SE","14587.00","14701.00"
"23/04/2025 21:00 - 23/04/2025 22:00","CTA|SE","13963.00","14010.00"
"23/04/2025 22:00 - 23/04/2025 23:00","CTA|SE","13697.00","13647.00"
"23/04/2025 23:00 - 24/04/2025 00:00","CTA|SE","13762.00","13352.00"
"24/04/2025 00:00 - 24/04/2025 01:00","CTA|SE","13744.00","13242.00"
"24/04/2025 01:00 - 24/04/2025 02:00","CTA|SE","13671.00","13266.00"
"24/04/2025 02:00 - 24/04/2025 03:00","CTA|SE","13484.00","13341.00"
"24/04/2025 03:00 - 24/04/2025 04:00","CTA|SE","13776.00","13796.00"
"24/04/2025 04:00 - 24/04/2025 05:00","CTA|SE","14846.00","14803.00"
"24/04/2025 05:00 - 24/04/2025 06:00","CTA|SE","15636.00","15569.00"
"24/04/2025 06:00 - 24/04/2025 07:00","CTA|SE","15505.00","15958.00"
"24/04/2025 07:00 - 24/04/2025 08:00","CTA|SE","14910.00","15858.00"
"24/04/2025 08:00 - 24/04/2025 09:00","CTA|SE","14448.00","15862.00"
"24/04/2025 09:00 - 24/04/2025 10:00","CTA|SE","14101.00","15579.00"
"24/04/2025 10:00 - 24/04/2025 11:00","CTA|SE","14349.00","15416.00"
"24/04/2025 11:00 - 24/04/2025 12:00","CTA|SE","14516.00","15208.00"
"24/04/2025 12:00 - 24/04/2025 13:00","CTA|SE","14294.00","15046.00"
"24/04/2025 13:00 - 24/04/2025 14:00","CTA|SE","14408.00","14961.00"
"24/04/2025 14:00 - 24/04/2025 15:00","CTA|SE","14671.00","15052.00"
"24/04/2025 15:00 - 24/04/2025 16:00","CTA|SE","14851.00","15180.00"
"24/04/2025 16:00 - 24/04/2025 17:00","CTA|SE","14876.00","15388.00"
"24/04/2025 17:00 - 24/04/2025 18:00","CTA|SE","14597.00","15460.00"
"24/04/2025 18:00 - 24/04/2025 19:00","CTA|SE","15500.00","15563.00"
"24/04/2025 19:00 - 24/04/2025 20:00","CTA|SE","15615.00","15408.00"
"24/04/2025 20:00 - 24/04/2025 21:00","CTA|SE","15025.00","14825.00"
"24/04/2025 21:00 - 24/04/2025 22:00","CTA|SE","14289.00","14180.00"
"24/04/2025 22:00 - 24/04/2025 23:00","CTA|SE","13520.00","13703.00"
"24/04/2025 23:00 - 25/04/2025 00:00","CTA|SE","13119.00","13535.00"
"25/04/2025 00:00 - 25/04/2025 01:00","CTA|SE","13074.00","13416.00"
"25/04/2025 01:00 - 25/04/2025 02:00","CTA|SE","13261.00","13466.00"
"25/04/2025 02:00 - 25/04/2025 03:00","CTA|SE","13643.00","13575.00"
"25/04/2025 03:00 - 25/04/2025 04:00","CTA|SE","13949.00","13903.00"
"25/04/2025 04:00 - 25/04/2025 05:00","CTA|SE","15334.00","14897.00"
"25/04/2025 05:00 - 25/04/2025 06:00","CTA|SE","16683.00","15717.00"
"25/04/2025 06:00 - 25/04/2025 07:00","CTA|SE","16246.00","15986.00"
"25/04/2025 07:00 - 25/04/2025 08:00","CTA|SE","15530.00","15937.00"
"25/04/2025 08:00 - 25/04/2025 09:00","CTA|SE","15091.00","15847.00"
"25/04/2025 09:00 - 25/04/2025 10:00","CTA|SE","14894.00","15672.00"
"25/04/2025 10:00 - 25/04/2025 11:00","CTA|SE","14751.00","15422.00"
"25/04/2025 11:00 - 25/04/2025 12:00","CTA|SE","14200.00","15115.00"
"25/04/2025 12:00 - 25/04/2025 13:00","CTA|SE","13648.00","14884.00"
"25/04/2025 13:00 - 25/04/2025 14:00","CTA|SE","13691.00","14786.00"
"25/04/2025 14:00 - 25/04/2025 15:00","CTA|SE","13733.00","14755.00"
"25/04/2025 15:00 - 25/04/2025 16:00","CTA|SE","14864.00","14847.00"
"25/04/2025 16:00 - 25/04/2025 17:00","CTA|SE","14969.00","14906.00"
"25/04/2025 17:00 - 25/04/2025 18:00","CTA|SE","14865.00","14989.00"
"25/04/2025 18:00 - 25/04/2025 19:00","CTA|SE","15518.00","14972.00"
"25/04/2025 19:00 - 25/04/2025 20:00","CTA|SE","15536.00","14843.00"
"25/04/2025 20:00 - 25/04/2025 21:00","CTA|SE","14602.00","14475.00"
"25/04/2025 21:00 - 25/04/2025 22:00","CTA|SE","14037.00","13806.00"
"25/04/2025 22:00 - 25/04/2025 23:00","CTA|SE","13837.00","13742.00"
"25/04/2025 23:00 - 26/04/2025 00:00","CTA|SE","13848.00","13466.00"
"26/04/2025 00:00 - 26/04/2025 01:00","CTA|SE","13687.00","13365.00"
"26/04/2025 01:00 - 26/04/2025 02:00","CTA|SE","13750.00","13393.00"
"26/04/2025 02:00 - 26/04/2025 03:00","CTA|SE","13803.00","13478.00"
"26/04/2025 03:00 - 26/04/2025 04:00","CTA|SE","13810.00","13352.00"
"26/04/2025 04:00 - 26/04/2025 05:00","CTA|SE","14029.00","13396.00"
"26/04/2025 05:00 - 26/04/2025 06:00","CTA|SE","13865.00","13454.00"
"26/04/2025 06:00 - 26/04/2025 07:00","CTA|SE","13596.00","13564.00"
"26/04/2025 07:00 - 26/04/2025 08:00","CTA|SE","13506.00","13708.00"
"26/04/2025 08:00 - 26/04/2025 09:00","CTA|SE","13321.00","13948.00"
"26/04/2025 09:00 - 26/04/2025 10:00","CTA|SE","13125.00","13926.00"
"26/04/2025 10:00 - 26/04/2025 11:00","CTA|SE","12696.00","13828.00"
"26/04/2025 11:00 - 26/04/2025 12:00","CTA|SE","12569.00","13694.00"
"26/04/2025 12:00 - 26/04/2025 13:00","CTA|SE","12236.00","13591.00"
"26/04/2025 13:00 - 26/04/2025 14:00","CTA|SE","12140.00","13539.00"
"26/04/2025 14:00 - 26/04/2025 15:00","CTA|SE","12322.00","13553.00"
"26/04/2025 15:00 - 26/04/2025 16:00","CTA|SE","13097.00","13704.00"
"26/04/2025 16:00 - 26/04/2025 17:00","CTA|SE","13432.00","13920.00"
"26/04/2025 17:00 - 26/04/2025 18:00","CTA|SE","13718.00","14118.00"
"26/04/2025 18:00 - 26/04/2025 19:00","CTA|SE","14134.00","14160.00"
"26/04/2025 19:00 - 26/04/2025 20:00","CTA|SE","13690.00","14128.00"
"26/04/2025 20:00 - 26/04/2025 21:00","CTA|SE","13224.00","13683.00"
"26/04/2025 21:00 - 26/04/2025 22:00","CTA|SE","12940.00","13330.00"
"26/04/2025 22:00 - 26/04/2025 23:00","CTA|SE","12627.00","13253.00"
"26/04/2025 23:00 - 27/04/2025 00:00","CTA|SE","12908.00","13006.00"
"27/04/2025 00:00 - 27/04/2025 01:00","CTA|SE","13046.00","13013.00"
"27/04/2025 01:00 - 27/04/2025 02:00","CTA|SE","13069.00","12934.00"
"27/04/2025 02:00 - 27/04/2025 03:00","CTA|SE","13087.00","12934.00"
"27/04/2025 03:00 - 27/04/2025 04:00","CTA|SE","12621.00","12721.00"
"27/04/2025 04:00 - 27/04/2025 05:00","CTA|SE","12064.00","12699.00"
"27/04/2025 05:00 - 27/04/2025 06:00","CTA|SE","12237.00","12755.00"
"27/04/2025 06:00 - 27/04/2025 07:00","CTA|SE","12805.00","13033.00"
"27/04/2025 07:00 - 27/04/2025 08:00","CTA|SE","12305.00","13145.00"
"27/04/2025 08:00 - 27/04/2025 09:00","CTA|SE","12164.00","13582.00"
"27/04/2025 09:00 - 27/04/2025 10:00","CTA|SE","12324.00","13633.00"
"27/04/2025 10:00 - 27/04/2025 11:00","CTA|SE","11964.00","13574.00"
"27/04/2025 11:00 - 27/04/2025 12:00","CTA|SE","12568.00","13508.00"
"27/04/2025 12:00 - 27/04/2025 13:00","CTA|SE","12303.00","13336.00"
"27/04/2025 13:00 - 27/04/2025 14:00","CTA|SE","12323.00","13173.00"
"27/04/2025 14:00 - 27/04/2025 15:00","CTA|SE","12045.00","13247.00"
"27/04/2025 15:00 - 27/04/2025 16:00","CTA|SE","12223.00","13576.00"
"27/04/2025 16:00 - 27/04/2025 17:00","CTA|SE","12746.00","13803.00"
"27/04/2025 17:00 - 27/04/2025 18:00","CTA|SE","13392.00","14019.00"
"27/04/2025 18:00 - 27/04/2025 19:00","CTA|SE","13915.00","14182.00"
"27/04/2025 19:00 - 27/04/2025 20:00","CTA|SE","13618.00","14035.00"
"27/04/2025 20:00 - 27/04/2025 21:00","CTA|SE","13119.00","13549.00"
"27/04/2025 21:00 - 27/04/2025 22:00","CTA|SE","12829.00","13168.00"
"27/04/2025 22:00 - 27/04/2025 23:00","CTA|SE","12198.00","12822.00"
"27/04/2025 23:00 - 28/04/2025 00:00","CTA|SE","11957.00","12688.00"
"28/04/2025 00:00 - 28/04/2025 01:00","CTA|SE","11901.00","12605.00"
"28/04/2025 01:00 - 28/04/2025 02:00","CTA|SE","11907.00","12507.00"
"28/04/2025 02:00 - 28/04/2025 03:00","CTA|SE","12120.00","12553.00"
"28/04/2025 03:00 - 28/04/2025 04:00","CTA|SE","12414.00","12821.00"
"28/04/2025 04:00 - 28/04/2025 05:00","CTA|SE","13846.00","13833.00"
"28/04/2025 05:00 - 28/04/2025 06:00","CTA|SE","16038.00","14769.00"
"28/04/2025 06:00 - 28/04/2025 07:00","CTA|SE","15423.00","15100.00"
"28/04/2025 07:00 - 28/04/2025 08:00","CTA|SE","14834.00","15119.00"
"28/04/2025 08:00 - 28/04/2025 09:00","CTA|SE","14209.00","15147.00"
"28/04/2025 09:00 - 28/04/2025 10:00","CTA|SE","13831.00","15048.00"
"28/04/2025 10:00 - 28/04/2025 11:00","CTA|SE","14284.00","14872.00"
"28/04/2025 11:00 - 28/04/2025 12:00","CTA|SE","14463.00","14703.00"
"28/04/2025 12:00 - 28/04/2025 13:00","CTA|SE","14189.00","14616.00"
"28/04/2025 13:00 - 28/04/2025 14:00","CTA|SE","14477.00","14496.00"
"28/04/2025 14:00 - 28/04/2025 15:00","CTA|SE","14360.00","14413.00"
"28/04/2025 15:00 - 28/04/2025 16:00","CTA|SE","14379.00","14418.00"
"28/04/2025 16:00 - 28/04/2025 17:00","CTA|SE","13723.00","14529.00"
"28/04/2025 17:00 - 28/04/2025 18:00","CTA|SE","14656.00","14507.00"
"28/04/2025 18:00 - 28/04/2025 19:00","CTA|SE","14176.00","14495.00"
"28/04/2025 19:00 - 28/04/2025 20:00","CTA|SE","13930.00","14459.00"
"28/04/2025 20:00 - 28/04/2025 21:00","CTA|SE","13549.00","14030.00"
"28/04/2025 21:00 - 28/04/2025 22:00","CTA|SE","12959.00","13464.00"
"28/04/2025 22:00 - 28/04/2025 23:00","CTA|SE","12743.00","12681.00"
"28/04/2025 23:00 - 29/04/2025 00:00","CTA|SE","12253.00","12454.00"
"29/04/2025 00:00 - 29/04/2025 01:00","CTA|SE","12069.00","12378.00"
"29/04/2025 01:00 - 29/04/2025 02:00","CTA|SE","11778.00","12342.00"
"29/04/2025 02:00 - 29/04/2025 03:00","CTA|SE","12171.00","12374.00"
"29/04/2025 03:00 - 29/04/2025 04:00","CTA|SE","12844.00","12564.00"
"29/04/2025 04:00 - 29/04/2025 05:00","CTA|SE","13242.00","13583.00"
"29/04/2025 05:00 - 29/04/2025 06:00","CTA|SE","14158.00","14424.00"
"29/04/2025 06:00 - 29/04/2025 07:00","CTA|SE","14434.00","14735.00"
"29/04/2025 07:00 - 29/04/2025 08:00","CTA|SE","14310.00","14678.00"
"29/04/2025 08:00 - 29/04/2025 09:00","CTA|SE","13812.00","14493.00"
"29/04/2025 09:00 - 29/04/2025 10:00","CTA|SE","13497.00","14282.00"
"29/04/2025 10:00 - 29/04/2025 11:00","CTA|SE","13335.00","14197.00"
"29/04/2025 11:00 - 29/04/2025 12:00","CTA|SE","13517.00","14120.00"
"29/04/2025 12:00 - 29/04/2025 13:00","CTA|SE","13180.00","14051.00"
"29/04/2025 13:00 - 29/04/2025 14:00","CTA|SE","13250.00","14130.00"
"29/04/2025 14:00 - 29/04/2025 15:00","CTA|SE","14047.00","14136.00"
"29/04/2025 15:00 - 29/04/2025 16:00","CTA|SE","14419.00","14166.00"
"29/04/2025 16:00 - 29/04/2025 17:00","CTA|SE","14534.00","14352.00"
"29/04/2025 17:00 - 29/04/2025 18:00","CTA|SE","15136.00","14324.00"
"29/04/2025 18:00 - 29/04/2025 19:00","CTA|SE","15013.00","14288.00"
"29/04/2025 19:00 - 29/04/2025 20:00","CTA|SE","14699.00","14202.00"
"29/04/2025 20:00 - 29/04/2025 21:00","CTA|SE","14240.00","13872.00"
"29/04/2025 21:00 - 29/04/2025 22:00","CTA|SE","13498.00","13333.00"
"29/04/2025 22:00 - 29/04/2025 23:00","CTA|SE","12918.00","12483.00"
"29/04/2025 23:00 - 30/04/2025 00:00","CTA|SE","12190.00","12108.00"
"30/04/2025 00:00 - 30/04/2025 01:00","CTA|SE","12123.00","12038.00"
"30/04/2025 01:00 - 30/04/2025 02:00","CTA|SE","12107.00","11999.00"
"30/04/2025 02:00 - 30/04/2025 03:00","CTA|SE","11830.00","11972.00"
"30/04/2025 03:00 - 30/04/2025 04:00","CTA|SE","12499.00","12363.00"
"30/04/2025 04:00 - 30/04/2025 05:00","CTA|SE","13938.00","13200.00"
"30/04/2025 05:00 - 30/04/2025 06:00","CTA|SE","14978.00","14103.00"
"30/04/2025 06:00 - 30/04/2025 07:00","CTA|SE","15053.00","14371.00"
"30/04/2025 07:00 - 30/04/2025 08:00","CTA|SE","14758.00","14466.00"
"30/04/2025 08:00 - 30/04/2025 09:00","CTA|SE","14515.00","14306.00"
"30/04/2025 09:00 - 30/04/2025 10:00","CTA|SE","14123.00","14185.00"
"30/04/2025 10:00 - 30/04/2025 11:00","CTA|SE","13929.00","14054.00"
"30/04/2025 11:00 - 30/04/2025 12:00","CTA|SE","13654.00","13867.00"
"30/04/2025 12:00 - 30/04/2025 13:00","CTA|SE","13629.00","13765.00"
"30/04/2025 13:00 - 30/04/2025 14:00","CTA|SE","13444.00","13660.00"
"30/04/2025 14:00 - 30/04/2025 15:00","CTA|SE","13899.00","13610.00"
"30/04/2025 15:00 - 30/04/2025 16:00","CTA|SE","13553.00","13606.00"
"30/04/2025 16:00 - 30/04/2025 17:00","CTA|SE","14075.00","13664.00"
"30/04/2025 17:00 - 30/04/2025 18:00","CTA|SE","13665.00","13660.00"
"30/04/2025 18:00 - 30/04/2025 19:00","CTA|SE","13639.00","13718.00"
"30/04/2025 19:00 - 30/04/2025 20:00","CTA|SE","13520.00","13750.00"
"30/04/2025 20:00 - 30/04/2025 21:00","CTA|SE","13385.00","13439.00"
"30/04/2025 21:00 - 30/04/2025 22:00","CTA|SE","13034.00","12984.00"
"30/04/2025 22:00 - 30/04/2025 23:00","CTA|SE","12482.00","12512.00"
"30/04/2025 23:00 - 01/05/2025 00:00","CTA|SE","12239.00","12221.00"
"01/05/2025 00:00 - 01/05/2025 01:00","CTA|SE","12405.00","12142.00"
"01/05/2025 01:00 - 01/05/2025 02:00","CTA|SE","12220.00","12139.00"
"01/05/2025 02:00 - 01/05/2025 03:00","CTA|SE","11803.00","12140.00"
"01/05/2025 03:00 - 01/05/2025 04:00","CTA|SE","11923.00","12112.00"
"01/05/2025 04:00 - 01/05/2025 05:00","CTA|SE","12060.00","12138.00"
"01/05/2025 05:00 - 01/05/2025 06:00","CTA|SE","12283.00","12145.00"
"01/05/2025 06:00 - 01/05/2025 07:00","CTA|SE","12547.00","12420.00"
"01/05/2025 07:00 - 01/05/2025 08:00","CTA|SE","12316.00","12648.00"
"01/05/2025 08:00 - 01/05/2025 09:00","CTA|SE","11712.00","12608.00"
"01/05/2025 09:00 - 01/05/2025 10:00","CTA|SE","12376.00","12575.00"
"01/05/2025 10:00 - 01/05/2025 11:00","CTA|SE","12276.00","12489.00"
"01/05/2025 11:00 - 01/05/2025 12:00","CTA|SE","12338.00","12432.00"
"01/05/2025 12:00 - 01/05/2025 13:00","CTA|SE","12311.00","12348.00"
"01/05/2025 13:00 - 01/05/2025 14:00","CTA|SE","11752.00","12256.00"
"01/05/2025 14:00 - 01/05/2025 15:00","CTA|SE","11822.00","12237.00"
"01/05/2025 15:00 - 01/05/2025 16:00","CTA|SE","12493.00","12610.00"
"01/05/2025 16:00 - 01/05/2025 17:00","CTA|SE","12548.00","12803.00"
"01/05/2025 17:00 - 01/05/2025 18:00","CTA|SE","13135.00","12915.00"
"01/05/2025 18:00 - 01/05/2025 19:00","CTA|SE","13232.00","12997.00"
"01/05/2025 19:00 - 01/05/2025 20:00","CTA|SE","12843.00","12874.00"
"01/05/2025 20:00 - 01/05/2025 21:00","CTA|SE","12146.00","12523.00"
"01/05/2025 21:00 - 01/05/2025 22:00","CTA|SE","12061.00","12033.00"
"01/05/2025 22:00 - 01/05/2025 23:00","CTA|SE","11580.00","11765.00"
"01/05/2025 23:00 - 02/05/2025 00:00","CTA|SE","11221.00","11437.00"
"02/05/2025 00:00 - 02/05/2025 01:00","CTA|SE","11015.00","11433.00"
"02/05/2025 01:00 - 02/05/2025 02:00","CTA|SE","11006.00","11353.00"
"02/05/2025 02:00 - 02/05/2025 03:00","CTA|SE","10800.00","11369.00"
"02/05/2025 03:00 - 02/05/2025 04:00","CTA|SE","11116.00","11670.00"
"02/05/2025 04:00 - 02/05/2025 05:00","CTA|SE","12191.00","12358.00"
"02/05/2025 05:00 - 02/05/2025 06:00","CTA|SE","13609.00","13427.00"
"02/05/2025 06:00 - 02/05/2025 07:00","CTA|SE","13815.00","13911.00"
"02/05/2025 07:00 - 02/05/2025 08:00","CTA|SE","13997.00","13899.00"
"02/05/2025 08:00 - 02/05/2025 09:00","CTA|SE","14318.00","13993.00"
"02/05/2025 09:00 - 02/05/2025 10:00","CTA|SE","14564.00","13947.00"
"02/05/2025 10:00 - 02/05/2025 11:00","CTA|SE","14218.00","13783.00"
"02/05/2025 11:00 - 02/05/2025 12:00","CTA|SE","13634.00","13566.00"
"02/05/2025 12:00 - 02/05/2025 13:00","CTA|SE","13028.00","13378.00"
"02/05/2025 13:00 - 02/05/2025 14:00","CTA|SE","12776.00","13232.00"
"02/05/2025 14:00 - 02/05/2025 15:00","CTA|SE","12629.00","13115.00"
"02/05/2025 15:00 - 02/05/2025 16:00","CTA|SE","13877.00","13295.00"
"02/05/2025 16:00 - 02/05/2025 17:00","CTA|SE","13798.00","13323.00"
"02/05/2025 17:00 - 02/05/2025 18:00","CTA|SE","13342.00","13328.00"
"02/05/2025 18:00 - 02/05/2025 19:00","CTA|SE","13282.00","13320.00"
"02/05/2025 19:00 - 02/05/2025 20:00","CTA|SE","13082.00","13272.00"
"02/05/2025 20:00 - 02/05/2025 21:00","CTA|SE","12887.00","13027.00"
"02/05/2025 21:00 - 02/05/2025 22:00","CTA|SE","12048.00","12490.00"
"02/05/2025 22:00 - 02/05/2025 23:00","CTA|SE","11352.00","12158.00"
"02/05/2025 23:00 - 03/05/2025 00:00","CTA|SE","11594.00","11995.00"
"03/05/2025 00:00 - 03/05/2025 01:00","CTA|SE","11751.00","11912.00"
"03/05/2025 01:00 - 03/05/2025 02:00","CTA|SE","11982.00","11862.00"
"03/05/2025 02:00 - 03/05/2025 03:00","CTA|SE","11622.00","11865.00"
"03/05/2025 03:00 - 03/05/2025 04:00","CTA|SE","11751.00","11748.00"
"03/05/2025 04:00 - 03/05/2025 05:00","CTA|SE","12007.00","11743.00"
"03/05/2025 05:00 - 03/05/2025 06:00","CTA|SE","12227.00","12143.00"
"03/05/2025 06:00 - 03/05/2025 07:00","CTA|SE","12475.00","12342.00"
"03/05/2025 07:00 - 03/05/2025 08:00","CTA|SE","12554.00","12585.00"
"03/05/2025 08:00 - 03/05/2025 09:00","CTA|SE","12566.00","12625.00"
"03/05/2025 09:00 - 03/05/2025 10:00","CTA|SE","12556.00","12610.00"
"03/05/2025 10:00 - 03/05/2025 11:00","CTA|SE","12483.00","12640.00"
"03/05/2025 11:00 - 03/05/2025 12:00","CTA|SE","12484.00","12679.00"
"03/05/2025 12:00 - 03/05/2025 13:00","CTA|SE","12152.00","12611.00"
"03/05/2025 13:00 - 03/05/2025 14:00","CTA|SE","12266.00","12583.00"
"03/05/2025 14:00 - 03/05/2025 15:00","CTA|SE","12752.00","12648.00"
"03/05/2025 15:00 - 03/05/2025 16:00","CTA|SE","13276.00","13040.00"
"03/05/2025 16:00 - 03/05/2025 17:00","CTA|SE","13348.00","13392.00"
"03/05/2025 17:00 - 03/05/2025 18:00","CTA|SE","12955.00","13382.00"
"03/05/2025 18:00 - 03/05/2025 19:00","CTA|SE","13386.00","13469.00"
"03/05/2025 19:00 - 03/05/2025 20:00","CTA|SE","13559.00","13396.00"
"03/05/2025 20:00 - 03/05/2025 21:00","CTA|SE","13410.00","13267.00"
"03/05/2025 21:00 - 03/05/2025 22:00","CTA|SE","12444.00","12782.00"
"03/05/2025 22:00 - 03/05/2025 23:00","CTA|SE","11935.00","12429.00"
"03/05/2025 23:00 - 04/05/2025 00:00","CTA|SE","11729.00","12280.00"
"04/05/2025 00:00 - 04/05/2025 01:00","CTA|SE","11741.00","12230.00"
"04/05/2025 01:00 - 04/05/2025 02:00","CTA|SE","11559.00","12214.00"
"04/05/2025 02:00 - 04/05/2025 03:00","CTA|SE","11373.00","12247.00"
"04/05/2025 03:00 - 04/05/2025 04:00","CTA|SE","11303.00","12173.00"
"04/05/2025 04:00 - 04/05/2025 05:00","CTA|SE","11551.00","12184.00"
"04/05/2025 05:00 - 04/05/2025 06:00","CTA|SE","11681.00","12222.00"
"04/05/2025 06:00 - 04/05/2025 07:00","CTA|SE","12089.00","12528.00"
"04/05/2025 07:00 - 04/05/2025 08:00","CTA|SE","12407.00","12865.00"
"04/05/2025 08:00 - 04/05/2025 09:00","CTA|SE","12796.00","12959.00"
"04/05/2025 09:00 - 04/05/2025 10:00","CTA|SE","13233.00","13265.00"
"04/05/2025 10:00 - 04/05/2025 11:00","CTA|SE","13542.00","13315.00"
"04/05/2025 11:00 - 04/05/2025 12:00","CTA|SE","13554.00","13312.00"
"04/05/2025 12:00 - 04/05/2025 13:00","CTA|SE","13349.00","13259.00"
"04/05/2025 13:00 - 04/05/2025 14:00","CTA|SE","13371.00","13169.00"
"04/05/2025 14:00 - 04/05/2025 15:00","CTA|SE","13556.00","13121.00"
"04/05/2025 15:00 - 04/05/2025 16:00","CTA|SE","14109.00","13412.00"
"04/05/2025 16:00 - 04/05/2025 17:00","CTA|SE","14283.00","13730.00"
"04/05/2025 17:00 - 04/05/2025 18:00","CTA|SE","14808.00","14105.00"
"04/05/2025 18:00 - 04/05/2025 19:00","CTA|SE","14744.00","14193.00"
"04/05/2025 19:00 - 04/05/2025 20:00","CTA|SE","14914.00","14167.00"
"04/05/2025 20:00 - 04/05/2025 21:00","CTA|SE","13779.00","13836.00"
"04/05/2025 21:00 - 04/05/2025 22:00","CTA|SE","13543.00","13522.00"
"04/05/2025 22:00 - 04/05/2025 23:00","CTA|SE","13086.00","13351.00"
"04/05/2025 23:00 - 05/05/2025 00:00","CTA|SE","13184.00","13027.00"
"05/05/2025 00:00 - 05/05/2025 01:00","CTA|SE","13291.00","12849.00"
"05/05/2025 01:00 - 05/05/2025 02:00","CTA|SE","13423.00","12944.00"
"05/05/2025 02:00 - 05/05/2025 03:00","CTA|SE","13512.00","12950.00"
"05/05/2025 03:00 - 05/05/2025 04:00","CTA|SE","14126.00","13356.00"
"05/05/2025 04:00 - 05/05/2025 05:00","CTA|SE","15462.00","14054.00"
"05/05/2025 05:00 - 05/05/2025 06:00","CTA|SE","16326.00","15193.00"
"05/05/2025 06:00 - 05/05/2025 07:00","CTA|SE","15851.00","15356.00"
"05/05/2025 07:00 - 05/05/2025 08:00","CTA|SE","15222.00","15351.00"
"05/05/2025 08:00 - 05/05/2025 09:00","CTA|SE","14481.00","15184.00"
"05/05/2025 09:00 - 05/05/2025 10:00","CTA|SE","14137.00","15101.00"
"05/05/2025 10:00 - 05/05/2025 11:00","CTA|SE","14158.00","14990.00"
"05/05/2025 11:00 - 05/05/2025 12:00","CTA|SE","13729.00","14930.00"
"05/05/2025 12:00 - 05/05/2025 13:00","CTA|SE","13749.00","14566.00"
"05/05/2025 13:00 - 05/05/2025 14:00","CTA|SE","13617.00","14383.00"
"05/05/2025 14:00 - 05/05/2025 15:00","CTA|SE","13777.00","14269.00"
"05/05/2025 15:00 - 05/05/2025 16:00","CTA|SE","14114.00","14542.00"
"05/05/2025 16:00 - 05/05/2025 17:00","CTA|SE","14157.00","14457.00"
"05/05/2025 17:00 - 05/05/2025 18:00","CTA|SE","14873.00","14461.00"
"05/05/2025 18:00 - 05/05/2025 19:00","CTA|SE","15361.00","14537.00"
"05/05/2025 19:00 - 05/05/2025 20:00","CTA|SE","14986.00","14419.00"
"05/05/2025 20:00 - 05/05/2025 21:00","CTA|SE","14432.00","14169.00"
"05/05/2025 21:00 - 05/05/2025 22:00","CTA|SE","13575.00","13702.00"
"05/05/2025 22:00 - 05/05/2025 23:00","CTA|SE","12576.00","13166.00"
"05/05/2025 23:00 - 06/05/2025 00:00","CTA|SE","12615.00","12791.00"
"06/05/2025 00:00 - 06/05/2025 01:00","CTA|SE","12793.00","12660.00"
"06/05/2025 01:00 - 06/05/2025 02:00","CTA|SE","12438.00","12647.00"
"06/05/2025 02:00 - 06/05/2025 03:00","CTA|SE","12797.00","12672.00"
"06/05/2025 03:00 - 06/05/2025 04:00","CTA|SE","12907.00","13004.00"
"06/05/2025 04:00 - 06/05/2025 05:00","CTA|SE","13768.00","13701.00"
"06/05/2025 05:00 - 06/05/2025 06:00","CTA|SE","14436.00","14873.00"
"06/05/2025 06:00 - 06/05/2025 07:00","CTA|SE","14352.00","15227.00"
"06/05/2025 07:00 - 06/05/2025 08:00","CTA|SE","14444.00","15151.00"
"06/05/2025 08:00 - 06/05/2025 09:00","CTA|SE","14463.00","15037.00"
"06/05/2025 09:00 - 06/05/2025 10:00","CTA|SE","14506.00","14985.00"
"06/05/2025 10:00 - 06/05/2025 11:00","CTA|SE","14440.00","14861.00"
"06/05/2025 11:00 - 06/05/2025 12:00","CTA|SE","14250.00","14768.00"
"06/05/2025 12:00 - 06/05/2025 13:00","CTA|SE","13958.00","14389.00"
"06/05/2025 13:00 - 06/05/2025 14:00","CTA|SE","13977.00","14212.00"
"06/05/2025 14:00 - 06/05/2025 15:00","CTA|SE","14093.00","14278.00"
"06/05/2025 15:00 - 06/05/2025 16:00","CTA|SE","14918.00","14586.00"
"06/05/2025 16:00 - 06/05/2025 17:00","CTA|SE","14913.00","14542.00"
"06/05/2025 17:00 - 06/05/2025 18:00","CTA|SE","14826.00","14661.00"
"06/05/2025 18:00 - 06/05/2025 19:00","CTA|SE","14720.00","14728.00"
"06/05/2025 19:00 - 06/05/2025 20:00","CTA|SE","14822.00","14653.00"
"06/05/2025 20:00 - 06/05/2025 21:00","CTA|SE","14373.00","14322.00"
"06/05/2025 21:00 - 06/05/2025 22:00","CTA|SE","13282.00","13761.00"
"06/05/2025 22:00 - 06/05/2025 23:00","CTA|SE","12662.00","13368.00"
"06/05/2025 23:00 - 07/05/2025 00:00","CTA|SE","12878.00","13070.00"
"07/05/2025 00:00 - 07/05/2025 01:00","CTA|SE","12876.00","13107.00"
"07/05/2025 01:00 - 07/05/2025 02:00","CTA|SE","12828.00","13060.00"
"07/05/2025 02:00 - 07/05/2025 03:00","CTA|SE","12825.00","13014.00"
"07/05/2025 03:00 - 07/05/2025 04:00","CTA|SE","13245.00","13254.00"
"07/05/2025 04:00 - 07/05/2025 05:00","CTA|SE","14582.00","13854.00"
"07/05/2025 05:00 - 07/05/2025 06:00","CTA|SE","15048.00","14924.00"
"07/05/2025 06:00 - 07/05/2025 07:00","CTA|SE","14703.00","15190.00"
"07/05/2025 07:00 - 07/05/2025 08:00","CTA|SE","14163.00","15067.00"
"07/05/2025 08:00 - 07/05/2025 09:00","CTA|SE","14276.00","15007.00"
"07/05/2025 09:00 - 07/05/2025 10:00","CTA|SE","14066.00","14950.00"
"07/05/2025 10:00 - 07/05/2025 11:00","CTA|SE","14033.00","14803.00"
"07/05/2025 11:00 - 07/05/2025 12:00","CTA|SE","14234.00","14696.00"
"07/05/2025 12:00 - 07/05/2025 13:00","CTA|SE","14079.00","14258.00"
"07/05/2025 13:00 - 07/05/2025 14:00","CTA|SE","13752.00","14066.00"
"07/05/2025 14:00 - 07/05/2025 15:00","CTA|SE","13917.00","14091.00"
"07/05/2025 15:00 - 07/05/2025 16:00","CTA|SE","13907.00","14573.00"
"07/05/2025 16:00 - 07/05/2025 17:00","CTA|SE","13954.00","14523.00"
"07/05/2025 17:00 - 07/05/2025 18:00","CTA|SE","14366.00","14564.00"
"07/05/2025 18:00 - 07/05/2025 19:00","CTA|SE","14838.00","14613.00"
"07/05/2025 19:00 - 07/05/2025 20:00","CTA|SE","14812.00","14517.00"
"07/05/2025 20:00 - 07/05/2025 21:00","CTA|SE","14292.00","14243.00"
"07/05/2025 21:00 - 07/05/2025 22:00","CTA|SE","13580.00","13740.00"
"07/05/2025 22:00 - 07/05/2025 23:00","CTA|SE","12608.00","13361.00"
"07/05/2025 23:00 - 08/05/2025 00:00","CTA|SE","12447.00","13108.00"
"08/05/2025 00:00 - 08/05/2025 01:00","CTA|SE","12295.00","12965.00"
"08/05/2025 01:00 - 08/05/2025 02:00","CTA|SE","12387.00","12888.00"
"08/05/2025 02:00 - 08/05/2025 03:00","CTA|SE","12629.00","12883.00"
"08/05/2025 03:00 - 08/05/2025 04:00","CTA|SE","12979.00","13097.00"
"08/05/2025 04:00 - 08/05/2025 05:00","CTA|SE","14157.00","13926.00"
"08/05/2025 05:00 - 08/05/2025 06:00","CTA|SE","14850.00","14962.00"
"08/05/2025 06:00 - 08/05/2025 07:00","CTA|SE","14968.00","15154.00"
"08/05/2025 07:00 - 08/05/2025 08:00","CTA|SE","14723.00","14951.00"
"08/05/2025 08:00 - 08/05/2025 09:00","CTA|SE","14508.00","14791.00"
"08/05/2025 09:00 - 08/05/2025 10:00","CTA|SE","14082.00","14711.00"
"08/05/2025 10:00 - 08/05/2025 11:00","CTA|SE","13882.00","14529.00"
"08/05/2025 11:00 - 08/05/2025 12:00","CTA|SE","13537.00","14312.00"
"08/05/2025 12:00 - 08/05/2025 13:00","CTA|SE","13587.00","14198.00"
"08/05/2025 13:00 - 08/05/2025 14:00","CTA|SE","13718.00","14145.00"
"08/05/2025 14:00 - 08/05/2025 15:00","CTA|SE","13442.00","14151.00"
"08/05/2025 15:00 - 08/05/2025 16:00","CTA|SE","13865.00","14420.00"
"08/05/2025 16:00 - 08/05/2025 17:00","CTA|SE","14179.00","14485.00"
"08/05/2025 17:00 - 08/05/2025 18:00","CTA|SE","14231.00","14481.00"
"08/05/2025 18:00 - 08/05/2025 19:00","CTA|SE","13889.00","14530.00"
"08/05/2025 19:00 - 08/05/2025 20:00","CTA|SE","14009.00","14463.00"
"08/05/2025 20:00 - 08/05/2025 21:00","CTA|SE","13730.00","13995.00"
"08/05/2025 21:00 - 08/05/2025 22:00","CTA|SE","13107.00","13508.00"
"08/05/2025 22:00 - 08/05/2025 23:00","CTA|SE","12367.00","12884.00"
"08/05/2025 23:00 - 09/05/2025 00:00","CTA|SE","12139.00","12608.00"
"09/05/2025 00:00 - 09/05/2025 01:00","CTA|SE","12074.00","12491.00"
"09/05/2025 01:00 - 09/05/2025 02:00","CTA|SE","12097.00","12434.00"
"09/05/2025 02:00 - 09/05/2025 03:00","CTA|SE","12297.00","12432.00"
"09/05/2025 03:00 - 09/05/2025 04:00","CTA|SE","12812.00","12697.00"
"09/05/2025 04:00 - 09/05/2025 05:00","CTA|SE","13573.00","13648.00"
"09/05/2025 05:00 - 09/05/2025 06:00","CTA|SE","14649.00","14399.00"
"09/05/2025 06:00 - 09/05/2025 07:00","CTA|SE","15102.00","14825.00"
"09/05/2025 07:00 - 09/05/2025 08:00","CTA|SE","15080.00","14878.00"
"09/05/2025 08:00 - 09/05/2025 09:00","CTA|SE","14931.00","14855.00"
"09/05/2025 09:00 - 09/05/2025 10:00","CTA|SE","14870.00","14805.00"
"09/05/2025 10:00 - 09/05/2025 11:00","CTA|SE","14699.00","14702.00"
"09/05/2025 11:00 - 09/05/2025 12:00","CTA|SE","14532.00","14412.00"
"09/05/2025 12:00 - 09/05/2025 13:00","CTA|SE","14446.00","14027.00"
"09/05/2025 13:00 - 09/05/2025 14:00","CTA|SE","14519.00","13947.00"
"09/05/2025 14:00 - 09/05/2025 15:00","CTA|SE","14643.00","13877.00"
"09/05/2025 15:00 - 09/05/2025 16:00","CTA|SE","14887.00","14281.00"
"09/05/2025 16:00 - 09/05/2025 17:00","CTA|SE","14544.00","14278.00"
"09/05/2025 17:00 - 09/05/2025 18:00","CTA|SE","14255.00","14184.00"
"09/05/2025 18:00 - 09/05/2025 19:00","CTA|SE","13760.00","13953.00"
"09/05/2025 19:00 - 09/05/2025 20:00","CTA|SE","13729.00","13779.00"
"09/05/2025 20:00 - 09/05/2025 21:00","CTA|SE","13469.00","13397.00"
"09/05/2025 21:00 - 09/05/2025 22:00","CTA|SE","12931.00","12903.00"
"09/05/2025 22:00 - 09/05/2025 23:00","CTA|SE","12762.00","12431.00"
"09/05/2025 23:00 - 10/05/2025 00:00","CTA|SE","12392.00","12087.00"
"10/05/2025 00:00 - 10/05/2025 01:00","CTA|SE","12251.00","12000.00"
"10/05/2025 01:00 - 10/05/2025 02:00","CTA|SE","12202.00","12032.00"
"10/05/2025 02:00 - 10/05/2025 03:00","CTA|SE","12059.00","11988.00"
"10/05/2025 03:00 - 10/05/2025 04:00","CTA|SE","11991.00","11847.00"
"10/05/2025 04:00 - 10/05/2025 05:00","CTA|SE","12117.00","11990.00"
"10/05/2025 05:00 - 10/05/2025 06:00","CTA|SE","12426.00","12099.00"
"10/05/2025 06:00 - 10/05/2025 07:00","CTA|SE","12818.00","12396.00"
"10/05/2025 07:00 - 10/05/2025 08:00","CTA|SE","12924.00","12630.00"
"10/05/2025 08:00 - 10/05/2025 09:00","CTA|SE","13256.00","12735.00"
"10/05/2025 09:00 - 10/05/2025 10:00","CTA|SE","12948.00","12867.00"
"10/05/2025 10:00 - 10/05/2025 11:00","CTA|SE","12561.00","12827.00"
"10/05/2025 11:00 - 10/05/2025 12:00","CTA|SE","12701.00","12716.00"
"10/05/2025 12:00 - 10/05/2025 13:00","CTA|SE","12464.00","12718.00"
"10/05/2025 13:00 - 10/05/2025 14:00","CTA|SE","12318.00","12527.00"
"10/05/2025 14:00 - 10/05/2025 15:00","CTA|SE","12878.00","12547.00"
"10/05/2025 15:00 - 10/05/2025 16:00","CTA|SE","13244.00","12827.00"
"10/05/2025 16:00 - 10/05/2025 17:00","CTA|SE","13306.00","12953.00"
"10/05/2025 17:00 - 10/05/2025 18:00","CTA|SE","13253.00","13048.00"
"10/05/2025 18:00 - 10/05/2025 19:00","CTA|SE","13045.00","13085.00"
"10/05/2025 19:00 - 10/05/2025 20:00","CTA|SE","13290.00","13207.00"
"10/05/2025 20:00 - 10/05/2025 21:00","CTA|SE","13284.00","12815.00"
"10/05/2025 21:00 - 10/05/2025 22:00","CTA|SE","12942.00","12518.00"
"10/05/2025 22:00 - 10/05/2025 23:00","CTA|SE","12463.00","12142.00"
"10/05/2025 23:00 - 11/05/2025 00:00","CTA|SE","12254.00","11905.00"
"11/05/2025 00:00 - 11/05/2025 01:00","CTA|SE","12206.00","11842.00"
"11/05/2025 01:00 - 11/05/2025 02:00","CTA|SE","12079.00","11818.00"
"11/05/2025 02:00 - 11/05/2025 03:00","CTA|SE","11953.00","11746.00"
"11/05/2025 03:00 - 11/05/2025 04:00","CTA|SE","11720.00","11539.00"
"11/05/2025 04:00 - 11/05/2025 05:00","CTA|SE","11737.00","11616.00"
"11/05/2025 05:00 - 11/05/2025 06:00","CTA|SE","11905.00","11768.00"
"11/05/2025 06:00 - 11/05/2025 07:00","CTA|SE","11989.00","11946.00"
"11/05/2025 07:00 - 11/05/2025 08:00","CTA|SE","12400.00","12166.00"
"11/05/2025 08:00 - 11/05/2025 09:00","CTA|SE","12731.00","12304.00"
"11/05/2025 09:00 - 11/05/2025 10:00","CTA|SE","12743.00","12440.00"
"11/05/2025 10:00 - 11/05/2025 11:00","CTA|SE","12625.00","12432.00"
"11/05/2025 11:00 - 11/05/2025 12:00","CTA|SE","12386.00","12462.00"
"11/05/2025 12:00 - 11/05/2025 13:00","CTA|SE","12210.00","12500.00"
"11/05/2025 13:00 - 11/05/2025 14:00","CTA|SE","12155.00","12417.00"
"11/05/2025 14:00 - 11/05/2025 15:00","CTA|SE","12457.00","12444.00"
"11/05/2025 15:00 - 11/05/2025 16:00","CTA|SE","13031.00","12753.00"
"11/05/2025 16:00 - 11/05/2025 17:00","CTA|SE","13398.00","13004.00"
"11/05/2025 17:00 - 11/05/2025 18:00","CTA|SE","13457.00","13210.00"
"11/05/2025 18:00 - 11/05/2025 19:00","CTA|SE","13711.00","13256.00"
"11/05/2025 19:00 - 11/05/2025 20:00","CTA|SE","13712.00","13401.00"
"11/05/2025 20:00 - 11/05/2025 21:00","CTA|SE","13140.00","12975.00"
"11/05/2025 21:00 - 11/05/2025 22:00","CTA|SE","12659.00","12613.00"
"11/05/2025 22:00 - 11/05/2025 23:00","CTA|SE","12443.00","12317.00"
"11/05/2025 23:00 - 12/05/2025 00:00","CTA|SE","12371.00","12142.00"
"12/05/2025 00:00 - 12/05/2025 01:00","CTA|SE","12216.00","11956.00"
"12/05/2025 01:00 - 12/05/2025 02:00","CTA|SE","12066.00","12020.00"
"12/05/2025 02:00 - 12/05/2025 03:00","CTA|SE","12008.00","12061.00"
"12/05/2025 03:00 - 12/05/2025 04:00","CTA|SE","12383.00","12426.00"
"12/05/2025 04:00 - 12/05/2025 05:00","CTA|SE","13224.00","13399.00"
"12/05/2025 05:00 - 12/05/2025 06:00","CTA|SE","14278.00","14340.00"
"12/05/2025 06:00 - 12/05/2025 07:00","CTA|SE","14269.00","14799.00"
"12/05/2025 07:00 - 12/05/2025 08:00","CTA|SE","14312.00","14962.00"
"12/05/2025 08:00 - 12/05/2025 09:00","CTA|SE","13903.00","14826.00"
"12/05/2025 09:00 - 12/05/2025 10:00","CTA|SE","13656.00","14588.00"
"12/05/2025 10:00 - 12/05/2025 11:00","CTA|SE","13542.00","14465.00"
"12/05/2025 11:00 - 12/05/2025 12:00","CTA|SE","13285.00","14359.00"
"12/05/2025 12:00 - 12/05/2025 13:00","CTA|SE","13016.00","14188.00"
"12/05/2025 13:00 - 12/05/2025 14:00","CTA|SE","12950.00","14029.00"
"12/05/2025 14:00 - 12/05/2025 15:00","CTA|SE","13294.00","14034.00"
"12/05/2025 15:00 - 12/05/2025 16:00","CTA|SE","13503.00","14109.00"
"12/05/2025 16:00 - 12/05/2025 17:00","CTA|SE","13522.00","14180.00"
"12/05/2025 17:00 - 12/05/2025 18:00","CTA|SE","13552.00","14157.00"
"12/05/2025 18:00 - 12/05/2025 19:00","CTA|SE","13722.00","14026.00"
"12/05/2025 19:00 - 12/05/2025 20:00","CTA|SE","13311.00","14021.00"
"12/05/2025 20:00 - 12/05/2025 21:00","CTA|SE","13163.00","13756.00"
"12/05/2025 21:00 - 12/05/2025 22:00","CTA|SE","12814.00","13118.00"
"12/05/2025 22:00 - 12/05/2025 23:00","CTA|SE","11998.00","12234.00"
"12/05/2025 23:00 - 13/05/2025 00:00","CTA|SE","11905.00","11960.00"
"13/05/2025 00:00 - 13/05/2025 01:00","CTA|SE","11444.00","11768.00"
"13/05/2025 01:00 - 13/05/2025 02:00","CTA|SE","11403.00","11732.00"
"13/05/2025 02:00 - 13/05/2025 03:00","CTA|SE","11630.00","11807.00"
"13/05/2025 03:00 - 13/05/2025 04:00","CTA|SE","11974.00","12026.00"
"13/05/2025 04:00 - 13/05/2025 05:00","CTA|SE","13265.00","12825.00"
"13/05/2025 05:00 - 13/05/2025 06:00","CTA|SE","14003.00","13839.00"
"13/05/2025 06:00 - 13/05/2025 07:00","CTA|SE","13928.00","14229.00"
"13/05/2025 07:00 - 13/05/2025 08:00","CTA|SE","13558.00","14393.00"
"13/05/2025 08:00 - 13/05/2025 09:00","CTA|SE","13293.00","14328.00"
"13/05/2025 09:00 - 13/05/2025 10:00","CTA|SE","13201.00","14152.00"
"13/05/2025 10:00 - 13/05/2025 11:00","CTA|SE","13213.00","13994.00"
"13/05/2025 11:00 - 13/05/2025 12:00","CTA|SE","12981.00","13978.00"
"13/05/2025 12:00 - 13/05/2025 13:00","CTA|SE","13660.00","13939.00"
"13/05/2025 13:00 - 13/05/2025 14:00","CTA|SE","13487.00","14005.00"
"13/05/2025 14:00 - 13/05/2025 15:00","CTA|SE","14139.00","13983.00"
"13/05/2025 15:00 - 13/05/2025 16:00","CTA|SE","14061.00","14037.00"
"13/05/2025 16:00 - 13/05/2025 17:00","CTA|SE","13704.00","14020.00"
"13/05/2025 17:00 - 13/05/2025 18:00","CTA|SE","13821.00","13976.00"
"13/05/2025 18:00 - 13/05/2025 19:00","CTA|SE","13373.00","13836.00"
"13/05/2025 19:00 - 13/05/2025 20:00","CTA|SE","13125.00","13885.00"
"13/05/2025 20:00 - 13/05/2025 21:00","CTA|SE","12634.00","13626.00"
"13/05/2025 21:00 - 13/05/2025 22:00","CTA|SE","12007.00","12868.00"
"13/05/2025 22:00 - 13/05/2025 23:00","CTA|SE","11211.00","12146.00"
"13/05/2025 23:00 - 14/05/2025 00:00","CTA|SE","10997.00","11835.00"
"14/05/2025 00:00 - 14/05/2025 01:00","CTA|SE","11079.00","11690.00"
"14/05/2025 01:00 - 14/05/2025 02:00","CTA|SE","11386.00","11728.00"
"14/05/2025 02:00 - 14/05/2025 03:00","CTA|SE","10832.00","11774.00"
"14/05/2025 03:00 - 14/05/2025 04:00","CTA|SE","11255.00","11969.00"
"14/05/2025 04:00 - 14/05/2025 05:00","CTA|SE","12340.00","13091.00"
"14/05/2025 05:00 - 14/05/2025 06:00","CTA|SE","13188.00","14015.00"
"14/05/2025 06:00 - 14/05/2025 07:00","CTA|SE","13555.00","14435.00"
"14/05/2025 07:00 - 14/05/2025 08:00","CTA|SE","14024.00","14552.00"
"14/05/2025 08:00 - 14/05/2025 09:00","CTA|SE","14053.00","14457.00"
"14/05/2025 09:00 - 14/05/2025 10:00","CTA|SE","13884.00","14319.00"
"14/05/2025 10:00 - 14/05/2025 11:00","CTA|SE","14315.00","14179.00"
"14/05/2025 11:00 - 14/05/2025 12:00","CTA|SE","14123.00","14104.00"
"14/05/2025 12:00 - 14/05/2025 13:00","CTA|SE","13881.00","14097.00"
"14/05/2025 13:00 - 14/05/2025 14:00","CTA|SE","13533.00","14049.00"
"14/05/2025 14:00 - 14/05/2025 15:00","CTA|SE","13376.00","14064.00"
"14/05/2025 15:00 - 14/05/2025 16:00","CTA|SE","13747.00","14128.00"
"14/05/2025 16:00 - 14/05/2025 17:00","CTA|SE","13297.00","14160.00"
"14/05/2025 17:00 - 14/05/2025 18:00","CTA|SE","13620.00","14198.00"
"14/05/2025 18:00 - 14/05/2025 19:00","CTA|SE","13707.00","14126.00"
"14/05/2025 19:00 - 14/05/2025 20:00","CTA|SE","13861.00","14089.00"
"14/05/2025 20:00 - 14/05/2025 21:00","CTA|SE","13230.00","13805.00"
"14/05/2025 21:00 - 14/05/2025 22:00","CTA|SE","12651.00","13233.00"
"14/05/2025 22:00 - 14/05/2025 23:00","CTA|SE","12196.00","12479.00"
"14/05/2025 23:00 - 15/05/2025 00:00","CTA|SE","11947.00","12184.00"
"15/05/2025 00:00 - 15/05/2025 01:00","CTA|SE","11805.00","12079.00"
"15/05/2025 01:00 - 15/05/2025 02:00","CTA|SE","11760.00","12007.00"
"15/05/2025 02:00 - 15/05/2025 03:00","CTA|SE","11712.00","12036.00"
"15/05/2025 03:00 - 15/05/2025 04:00","CTA|SE","12135.00","12333.00"
"15/05/2025 04:00 - 15/05/2025 05:00","CTA|SE","13504.00","13229.00"
"15/05/2025 05:00 - 15/05/2025 06:00","CTA|SE","14057.00","14226.00"
"15/05/2025 06:00 - 15/05/2025 07:00","CTA|SE","13601.00","14548.00"
"15/05/2025 07:00 - 15/05/2025 08:00","CTA|SE","13340.00","14484.00"
"15/05/2025 08:00 - 15/05/2025 09:00","CTA|SE","12958.00","14314.00"
"15/05/2025 09:00 - 15/05/2025 10:00","CTA|SE","13466.00","14189.00"
"15/05/2025 10:00 - 15/05/2025 11:00","CTA|SE","13867.00","14001.00"
"15/05/2025 11:00 - 15/05/2025 12:00","CTA|SE","13660.00","13900.00"
"15/05/2025 12:00 - 15/05/2025 13:00","CTA|SE","13506.00","13713.00"
"15/05/2025 13:00 - 15/05/2025 14:00","CTA|SE","13074.00","13718.00"
"15/05/2025 14:00 - 15/05/2025 15:00","CTA|SE","13286.00","13647.00"
"15/05/2025 15:00 - 15/05/2025 16:00","CTA|SE","13708.00","13795.00"
"15/05/2025 16:00 - 15/05/2025 17:00","CTA|SE","13042.00","13773.00"
"15/05/2025 17:00 - 15/05/2025 18:00","CTA|SE","13158.00","13780.00"
"15/05/2025 18:00 - 15/05/2025 19:00","CTA|SE","13266.00","13772.00"
"15/05/2025 19:00 - 15/05/2025 20:00","CTA|SE","13564.00","13664.00"
"15/05/2025 20:00 - 15/05/2025 21:00","CTA|SE","12650.00","13364.00"
"15/05/2025 21:00 - 15/05/2025 22:00","CTA|SE","11977.00","12697.00"
"15/05/2025 22:00 - 15/05/2025 23:00","CTA|SE","11900.00","12033.00"
"15/05/2025 23:00 - 16/05/2025 00:00","CTA|SE","11709.00","11677.00"
"16/05/2025 00:00 - 16/05/2025 01:00","CTA|SE","11845.00","11522.00"
"16/05/2025 01:00 - 16/05/2025 02:00","CTA|SE","11680.00","11503.00"
"16/05/2025 02:00 - 16/05/2025 03:00","CTA|SE","11569.00","11620.00"
"16/05/2025 03:00 - 16/05/2025 04:00","CTA|SE","12048.00","11780.00"
"16/05/2025 04:00 - 16/05/2025 05:00","CTA|SE","13435.00","12647.00"
"16/05/2025 05:00 - 16/05/2025 06:00","CTA|SE","14481.00","13555.00"
"16/05/2025 06:00 - 16/05/2025 07:00","CTA|SE","14132.00","14023.00"
"16/05/2025 07:00 - 16/05/2025 08:00","CTA|SE","13933.00","14077.00"
"16/05/2025 08:00 - 16/05/2025 09:00","CTA|SE","13354.00","14028.00"
"16/05/2025 09:00 - 16/05/2025 10:00","CTA|SE","13187.00","13861.00"
"16/05/2025 10:00 - 16/05/2025 11:00","CTA|SE","13030.00","13818.00"
"16/05/2025 11:00 - 16/05/2025 12:00","CTA|SE","12690.00","13485.00"
"16/05/2025 12:00 - 16/05/2025 13:00","CTA|SE","12234.00","13347.00"
"16/05/2025 13:00 - 16/05/2025 14:00","CTA|SE","12078.00","13159.00"
"16/05/2025 14:00 - 16/05/2025 15:00","CTA|SE","11934.00","13173.00"
"16/05/2025 15:00 - 16/05/2025 16:00","CTA|SE","12536.00","13184.00"
"16/05/2025 16:00 - 16/05/2025 17:00","CTA|SE","12301.00","13152.00"
"16/05/2025 17:00 - 16/05/2025 18:00","CTA|SE","12195.00","13081.00"
"16/05/2025 18:00 - 16/05/2025 19:00","CTA|SE","12628.00","12820.00"
"16/05/2025 19:00 - 16/05/2025 20:00","CTA|SE","12660.00","12691.00"
"16/05/2025 20:00 - 16/05/2025 21:00","CTA|SE","12348.00","12480.00"
"16/05/2025 21:00 - 16/05/2025 22:00","CTA|SE","11258.00","12080.00"
"16/05/2025 22:00 - 16/05/2025 23:00","CTA|SE","10806.00","11909.00"
"16/05/2025 23:00 - 17/05/2025 00:00","CTA|SE","10785.00","11632.00"
"17/05/2025 00:00 - 17/05/2025 01:00","CTA|SE","10508.00","11455.00"
"17/05/2025 01:00 - 17/05/2025 02:00","CTA|SE","10402.00","11339.00"
"17/05/2025 02:00 - 17/05/2025 03:00","CTA|SE","10340.00","11278.00"
"17/05/2025 03:00 - 17/05/2025 04:00","CTA|SE","10973.00","11235.00"
"17/05/2025 04:00 - 17/05/2025 05:00","CTA|SE","10770.00","11308.00"
"17/05/2025 05:00 - 17/05/2025 06:00","CTA|SE","10960.00","11460.00"
"17/05/2025 06:00 - 17/05/2025 07:00","CTA|SE","11710.00","11780.00"
"17/05/2025 07:00 - 17/05/2025 08:00","CTA|SE","11873.00","12025.00"
"17/05/2025 08:00 - 17/05/2025 09:00","CTA|SE","12210.00","12377.00"
"17/05/2025 09:00 - 17/05/2025 10:00","CTA|SE","12491.00","12434.00"
"17/05/2025 10:00 - 17/05/2025 11:00","CTA|SE","12437.00","12438.00"
"17/05/2025 11:00 - 17/05/2025 12:00","CTA|SE","12055.00","12431.00"
"17/05/2025 12:00 - 17/05/2025 13:00","CTA|SE","12109.00","12286.00"
"17/05/2025 13:00 - 17/05/2025 14:00","CTA|SE","12069.00","12258.00"
"17/05/2025 14:00 - 17/05/2025 15:00","CTA|SE","12197.00","12380.00"
"17/05/2025 15:00 - 17/05/2025 16:00","CTA|SE","12567.00","12624.00"
"17/05/2025 16:00 - 17/05/2025 17:00","CTA|SE","12786.00","12821.00"
"17/05/2025 17:00 - 17/05/2025 18:00","CTA|SE","12681.00","12764.00"
"17/05/2025 18:00 - 17/05/2025 19:00","CTA|SE","12709.00","12711.00"
"17/05/2025 19:00 - 17/05/2025 20:00","CTA|SE","12576.00","12650.00"
"17/05/2025 20:00 - 17/05/2025 21:00","CTA|SE","11886.00","12499.00"
"17/05/2025 21:00 - 17/05/2025 22:00","CTA|SE","11078.00","12077.00"
"17/05/2025 22:00 - 17/05/2025 23:00","CTA|SE","11101.00","11847.00"
"17/05/2025 23:00 - 18/05/2025 00:00","CTA|SE","10732.00","11603.00"
"18/05/2025 00:00 - 18/05/2025 01:00","CTA|SE","10667.00","11587.00"
"18/05/2025 01:00 - 18/05/2025 02:00","CTA|SE","10686.00","11486.00"
"18/05/2025 02:00 - 18/05/2025 03:00","CTA|SE","10399.00","11392.00"
"18/05/2025 03:00 - 18/05/2025 04:00","CTA|SE","10411.00","11151.00"
"18/05/2025 04:00 - 18/05/2025 05:00","CTA|SE","11003.00","11213.00"
"18/05/2025 05:00 - 18/05/2025 06:00","CTA|SE","10402.00","11391.00"
"18/05/2025 06:00 - 18/05/2025 07:00","CTA|SE","10100.00","11641.00"
"18/05/2025 07:00 - 18/05/2025 08:00","CTA|SE","11223.00","11877.00"
"18/05/2025 08:00 - 18/05/2025 09:00","CTA|SE","10867.00","12205.00"
"18/05/2025 09:00 - 18/05/2025 10:00","CTA|SE","11354.00","12405.00"
"18/05/2025 10:00 - 18/05/2025 11:00","CTA|SE","11533.00","12441.00"
"18/05/2025 11:00 - 18/05/2025 12:00","CTA|SE","11938.00","12405.00"
"18/05/2025 12:00 - 18/05/2025 13:00","CTA|SE","11600.00","12311.00"
"18/05/2025 13:00 - 18/05/2025 14:00","CTA|SE","11363.00","12231.00"
"18/05/2025 14:00 - 18/05/2025 15:00","CTA|SE","11274.00","12414.00"
"18/05/2025 15:00 - 18/05/2025 16:00","CTA|SE","11871.00","12660.00"
"18/05/2025 16:00 - 18/05/2025 17:00","CTA|SE","12655.00","12752.00"
"18/05/2025 17:00 - 18/05/2025 18:00","CTA|SE","12681.00","12883.00"
"18/05/2025 18:00 - 18/05/2025 19:00","CTA|SE","12976.00","12925.00"
"18/05/2025 19:00 - 18/05/2025 20:00","CTA|SE","12511.00","13064.00"
"18/05/2025 20:00 - 18/05/2025 21:00","CTA|SE","12311.00","12797.00"
"18/05/2025 21:00 - 18/05/2025 22:00","CTA|SE","11444.00","12304.00"
"18/05/2025 22:00 - 18/05/2025 23:00","CTA|SE","11465.00","11871.00"
"18/05/2025 23:00 - 19/05/2025 00:00","CTA|SE","11150.00","11665.00"
"19/05/2025 00:00 - 19/05/2025 01:00","CTA|SE","11437.00","11653.00"
"19/05/2025 01:00 - 19/05/2025 02:00","CTA|SE","11364.00","11579.00"
"19/05/2025 02:00 - 19/05/2025 03:00","CTA|SE","11002.00","11593.00"
"19/05/2025 03:00 - 19/05/2025 04:00","CTA|SE","11209.00","11815.00"
"19/05/2025 04:00 - 19/05/2025 05:00","CTA|SE","12970.00","12730.00"
"19/05/2025 05:00 - 19/05/2025 06:00","CTA|SE","13989.00","13780.00"
"19/05/2025 06:00 - 19/05/2025 07:00","CTA|SE","13923.00","14172.00"
"19/05/2025 07:00 - 19/05/2025 08:00","CTA|SE","13439.00","14179.00"
"19/05/2025 08:00 - 19/05/2025 09:00","CTA|SE","13285.00","13988.00"
"19/05/2025 09:00 - 19/05/2025 10:00","CTA|SE","13123.00","13796.00"
"19/05/2025 10:00 - 19/05/2025 11:00","CTA|SE","12988.00","13908.00"
"19/05/2025 11:00 - 19/05/2025 12:00","CTA|SE","12840.00","13587.00"
"19/05/2025 12:00 - 19/05/2025 13:00","CTA|SE","12594.00","13440.00"
"19/05/2025 13:00 - 19/05/2025 14:00","CTA|SE","12328.00","13181.00"
"19/05/2025 14:00 - 19/05/2025 15:00","CTA|SE","12400.00","13122.00"
"19/05/2025 15:00 - 19/05/2025 16:00","CTA|SE","12921.00","13415.00"
"19/05/2025 16:00 - 19/05/2025 17:00","CTA|SE","12945.00","13228.00"
"19/05/2025 17:00 - 19/05/2025 18:00","CTA|SE","12880.00","13287.00"
"19/05/2025 18:00 - 19/05/2025 19:00","CTA|SE","12926.00","13339.00"
"19/05/2025 19:00 - 19/05/2025 20:00","CTA|SE","12328.00","13309.00"
"19/05/2025 20:00 - 19/05/2025 21:00","CTA|SE","11787.00","12819.00"
"19/05/2025 21:00 - 19/05/2025 22:00","CTA|SE","10909.00","12180.00"
"19/05/2025 22:00 - 19/05/2025 23:00","CTA|SE","10121.00","11813.00"
"19/05/2025 23:00 - 20/05/2025 00:00","CTA|SE","10553.00","11505.00"
"20/05/2025 00:00 - 20/05/2025 01:00","CTA|SE","10299.00","11416.00"
"20/05/2025 01:00 - 20/05/2025 02:00","CTA|SE","10393.00","11379.00"
"20/05/2025 02:00 - 20/05/2025 03:00","CTA|SE","10492.00","11370.00"
"20/05/2025 03:00 - 20/05/2025 04:00","CTA|SE","10752.00","11496.00"
"20/05/2025 04:00 - 20/05/2025 05:00","CTA|SE","11921.00","12487.00"
"20/05/2025 05:00 - 20/05/2025 06:00","CTA|SE","13095.00","13499.00"
"20/05/2025 06:00 - 20/05/2025 07:00","CTA|SE","13483.00","13963.00"
"20/05/2025 07:00 - 20/05/2025 08:00","CTA|SE","13317.00","14017.00"
"20/05/2025 08:00 - 20/05/2025 09:00","CTA|SE","13022.00","13944.00"
"20/05/2025 09:00 - 20/05/2025 10:00","CTA|SE","12693.00","13782.00"
"20/05/2025 10:00 - 20/05/2025 11:00","CTA|SE","12713.00","13792.00"
"20/05/2025 11:00 - 20/05/2025 12:00","CTA|SE","12407.00","13539.00"
"20/05/2025 12:00 - 20/05/2025 13:00","CTA|SE","12291.00","13434.00"
"20/05/2025 13:00 - 20/05/2025 14:00","CTA|SE","12574.00","13197.00"
"20/05/2025 14:00 - 20/05/2025 15:00","CTA|SE","12419.00","13163.00"
"20/05/2025 15:00 - 20/05/2025 16:00","CTA|SE","12818.00","13430.00"
"20/05/2025 16:00 - 20/05/2025 17:00","CTA|SE","12751.00","13262.00"
"20/05/2025 17:00 - 20/05/2025 18:00","CTA|SE","12804.00","13378.00"
"20/05/2025 18:00 - 20/05/2025 19:00","CTA|SE","12859.00","13388.00"
"20/05/2025 19:00 - 20/05/2025 20:00","CTA|SE","12769.00","13383.00"
"20/05/2025 20:00 - 20/05/2025 21:00","CTA|SE","12686.00","12900.00"
"20/05/2025 21:00 - 20/05/2025 22:00","CTA|SE","12154.00","12149.00"
"20/05/2025 22:00 - 20/05/2025 23:00","CTA|SE","11150.00","11857.00"
"20/05/2025 23:00 - 21/05/2025 00:00","CTA|SE","10961.00","11586.00"
"21/05/2025 00:00 - 21/05/2025 01:00","CTA|SE","10982.00","11494.00"
"21/05/2025 01:00 - 21/05/2025 02:00","CTA|SE","11040.00","11414.00"
"21/05/2025 02:00 - 21/05/2025 03:00","CTA|SE","10782.00","11398.00"
"21/05/2025 03:00 - 21/05/2025 04:00","CTA|SE","11624.00","11683.00"
"21/05/2025 04:00 - 21/05/2025 05:00","CTA|SE","13345.00","12705.00"
"21/05/2025 05:00 - 21/05/2025 06:00","CTA|SE","14868.00","13780.00"
"21/05/2025 06:00 - 21/05/2025 07:00","CTA|SE","15179.00","14280.00"
"21/05/2025 07:00 - 21/05/2025 08:00","CTA|SE","15116.00","14391.00"
"21/05/2025 08:00 - 21/05/2025 09:00","CTA|SE","15378.00","14340.00"
"21/05/2025 09:00 - 21/05/2025 10:00","CTA|SE","15363.00","14334.00"
"21/05/2025 10:00 - 21/05/2025 11:00","CTA|SE","15193.00","14471.00"
"21/05/2025 11:00 - 21/05/2025 12:00","CTA|SE","14778.00","14307.00"
"21/05/2025 12:00 - 21/05/2025 13:00","CTA|SE","14612.00","14272.00"
"21/05/2025 13:00 - 21/05/2025 14:00","CTA|SE","14779.00","13996.00"
"21/05/2025 14:00 - 21/05/2025 15:00","CTA|SE","15328.00","13971.00"
"21/05/2025 15:00 - 21/05/2025 16:00","CTA|SE","15559.00","14285.00"
"21/05/2025 16:00 - 21/05/2025 17:00","CTA|SE","15503.00","14171.00"
"21/05/2025 17:00 - 21/05/2025 18:00","CTA|SE","15250.00","14303.00"
"21/05/2025 18:00 - 21/05/2025 19:00","CTA|SE","14685.00","14361.00"
"21/05/2025 19:00 - 21/05/2025 20:00","CTA|SE","14628.00","14266.00"
"21/05/2025 20:00 - 21/05/2025 21:00","CTA|SE","14203.00","13627.00"
"21/05/2025 21:00 - 21/05/2025 22:00","CTA|SE","13079.00","12788.00"
"21/05/2025 22:00 - 21/05/2025 23:00","CTA|SE","12620.00","12311.00"
"21/05/2025 23:00 - 22/05/2025 00:00","CTA|SE","12567.00","12141.00"
"22/05/2025 00:00 - 22/05/2025 01:00","CTA|SE","12555.00","12042.00"
"22/05/2025 01:00 - 22/05/2025 02:00","CTA|SE","12475.00","12097.00"
"22/05/2025 02:00 - 22/05/2025 03:00","CTA|SE","12549.00","12147.00"
"22/05/2025 03:00 - 22/05/2025 04:00","CTA|SE","12791.00","12278.00"
"22/05/2025 04:00 - 22/05/2025 05:00","CTA|SE","14018.00","13293.00"
"22/05/2025 05:00 - 22/05/2025 06:00","CTA|SE","15320.00","14585.00"
"22/05/2025 06:00 - 22/05/2025 07:00","CTA|SE","15472.00","15189.00"
"22/05/2025 07:00 - 22/05/2025 08:00","CTA|SE","15662.00","15335.00"
"22/05/2025 08:00 - 22/05/2025 09:00","CTA|SE","15786.00","15254.00"
"22/05/2025 09:00 - 22/05/2025 10:00","CTA|SE","15709.00","15086.00"
"22/05/2025 10:00 - 22/05/2025 11:00","CTA|SE","15665.00","15024.00"
"22/05/2025 11:00 - 22/05/2025 12:00","CTA|SE","15623.00","14976.00"
"22/05/2025 12:00 - 22/05/2025 13:00","CTA|SE","15366.00","14906.00"
"22/05/2025 13:00 - 22/05/2025 14:00","CTA|SE","15165.00","14707.00"
"22/05/2025 14:00 - 22/05/2025 15:00","CTA|SE","15237.00","14742.00"
"22/05/2025 15:00 - 22/05/2025 16:00","CTA|SE","15539.00","14767.00"
"22/05/2025 16:00 - 22/05/2025 17:00","CTA|SE","15059.00","14789.00"
"22/05/2025 17:00 - 22/05/2025 18:00","CTA|SE","14876.00","14720.00"
"22/05/2025 18:00 - 22/05/2025 19:00","CTA|SE","14463.00","14583.00"
"22/05/2025 19:00 - 22/05/2025 20:00","CTA|SE","14530.00","14396.00"
"22/05/2025 20:00 - 22/05/2025 21:00","CTA|SE","14177.00","14012.00"
"22/05/2025 21:00 - 22/05/2025 22:00","CTA|SE","13492.00","12903.00"
"22/05/2025 22:00 - 22/05/2025 23:00","CTA|SE","13062.00","12701.00"
"22/05/2025 23:00 - 23/05/2025 00:00","CTA|SE","12699.00","12558.00"
"23/05/2025 00:00 - 23/05/2025 01:00","CTA|SE","12632.00","12352.00"
"23/05/2025 01:00 - 23/05/2025 02:00","CTA|SE","12550.00","12391.00"
"23/05/2025 02:00 - 23/05/2025 03:00","CTA|SE","12846.00","12251.00"
"23/05/2025 03:00 - 23/05/2025 04:00","CTA|SE","12822.00","12648.00"
"23/05/2025 04:00 - 23/05/2025 05:00","CTA|SE","14126.00","13658.00"
"23/05/2025 05:00 - 23/05/2025 06:00","CTA|SE","15091.00","14675.00"
"23/05/2025 06:00 - 23/05/2025 07:00","CTA|SE","15705.00","15191.00"
"23/05/2025 07:00 - 23/05/2025 08:00","CTA|SE","15388.00","15121.00"
"23/05/2025 08:00 - 23/05/2025 09:00","CTA|SE","15309.00","14936.00"
"23/05/2025 09:00 - 23/05/2025 10:00","CTA|SE","15438.00","14804.00"
"23/05/2025 10:00 - 23/05/2025 11:00","CTA|SE","14803.00","14719.00"
"23/05/2025 11:00 - 23/05/2025 12:00","CTA|SE","14478.00","14391.00"
"23/05/2025 12:00 - 23/05/2025 13:00","CTA|SE","14157.00","14170.00"
"23/05/2025 13:00 - 23/05/2025 14:00","CTA|SE","13963.00","14130.00"
"23/05/2025 14:00 - 23/05/2025 15:00","CTA|SE","14298.00","14036.00"
"23/05/2025 15:00 - 23/05/2025 16:00","CTA|SE","14413.00","14058.00"
"23/05/2025 16:00 - 23/05/2025 17:00","CTA|SE","13929.00","14068.00"
"23/05/2025 17:00 - 23/05/2025 18:00","CTA|SE","13614.00","13878.00"
"23/05/2025 18:00 - 23/05/2025 19:00","CTA|SE","13562.00","13667.00"
"23/05/2025 19:00 - 23/05/2025 20:00","CTA|SE","13513.00","13484.00"
"23/05/2025 20:00 - 23/05/2025 21:00","CTA|SE","13255.00","13283.00"
"23/05/2025 21:00 - 23/05/2025 22:00","CTA|SE","12989.00","12856.00"
"23/05/2025 22:00 - 23/05/2025 23:00","CTA|SE","12528.00","12634.00"
"23/05/2025 23:00 - 24/05/2025 00:00","CTA|SE","12394.00","12348.00"
"24/05/2025 00:00 - 24/05/2025 01:00","CTA|SE","11746.00","12189.00"
"24/05/2025 01:00 - 24/05/2025 02:00","CTA|SE","11907.00","11818.00"
"24/05/2025 02:00 - 24/05/2025 03:00","CTA|SE","11661.00","11746.00"
"24/05/2025 03:00 - 24/05/2025 04:00","CTA|SE","11484.00","11693.00"
"24/05/2025 04:00 - 24/05/2025 05:00","CTA|SE","11506.00","11728.00"
"24/05/2025 05:00 - 24/05/2025 06:00","CTA|SE","11879.00","11831.00"
"24/05/2025 06:00 - 24/05/2025 07:00","CTA|SE","11949.00","12231.00"
"24/05/2025 07:00 - 24/05/2025 08:00","CTA|SE","12135.00","12732.00"
"24/05/2025 08:00 - 24/05/2025 09:00","CTA|SE","12448.00","12859.00"
"24/05/2025 09:00 - 24/05/2025 10:00","CTA|SE","12491.00","12828.00"
"24/05/2025 10:00 - 24/05/2025 11:00","CTA|SE","12851.00","12897.00"
"24/05/2025 11:00 - 24/05/2025 12:00","CTA|SE","12580.00","12797.00"
"24/05/2025 12:00 - 24/05/2025 13:00","CTA|SE","12461.00","12686.00"
"24/05/2025 13:00 - 24/05/2025 14:00","CTA|SE","12662.00","12592.00"
"24/05/2025 14:00 - 24/05/2025 15:00","CTA|SE","12730.00","12555.00"
"24/05/2025 15:00 - 24/05/2025 16:00","CTA|SE","12710.00","12559.00"
"24/05/2025 16:00 - 24/05/2025 17:00","CTA|SE","12731.00","12800.00"
"24/05/2025 17:00 - 24/05/2025 18:00","CTA|SE","12451.00","12733.00"
"24/05/2025 18:00 - 24/05/2025 19:00","CTA|SE","12804.00","12790.00"
"24/05/2025 19:00 - 24/05/2025 20:00","CTA|SE","12889.00","12803.00"
"24/05/2025 20:00 - 24/05/2025 21:00","CTA|SE","12778.00","12656.00"
"24/05/2025 21:00 - 24/05/2025 22:00","CTA|SE","11946.00","12246.00"
"24/05/2025 22:00 - 24/05/2025 23:00","CTA|SE","11246.00","11979.00"
"24/05/2025 23:00 - 25/05/2025 00:00","CTA|SE","11415.00","11815.00"
"25/05/2025 00:00 - 25/05/2025 01:00","CTA|SE","11348.00","11658.00"
"25/05/2025 01:00 - 25/05/2025 02:00","CTA|SE","11317.00","11426.00"
"25/05/2025 02:00 - 25/05/2025 03:00","CTA|SE","11398.00","11318.00"
"25/05/2025 03:00 - 25/05/2025 04:00","CTA|SE","11248.00","11252.00"
"25/05/2025 04:00 - 25/05/2025 05:00","CTA|SE","11749.00","11170.00"
"25/05/2025 05:00 - 25/05/2025 06:00","CTA|SE","11615.00","11269.00"
"25/05/2025 06:00 - 25/05/2025 07:00","CTA|SE","11973.00","11515.00"
"25/05/2025 07:00 - 25/05/2025 08:00","CTA|SE","12169.00","11897.00"
"25/05/2025 08:00 - 25/05/2025 09:00","CTA|SE","12609.00","12138.00"
"25/05/2025 09:00 - 25/05/2025 10:00","CTA|SE","12915.00","12313.00"
"25/05/2025 10:00 - 25/05/2025 11:00","CTA|SE","13144.00","12570.00"
"25/05/2025 11:00 - 25/05/2025 12:00","CTA|SE","13106.00","12589.00"
"25/05/2025 12:00 - 25/05/2025 13:00","CTA|SE","12932.00","12564.00"
"25/05/2025 13:00 - 25/05/2025 14:00","CTA|SE","13430.00","12523.00"
"25/05/2025 14:00 - 25/05/2025 15:00","CTA|SE","13181.00","12490.00"
"25/05/2025 15:00 - 25/05/2025 16:00","CTA|SE","13048.00","12815.00"
"25/05/2025 16:00 - 25/05/2025 17:00","CTA|SE","13526.00","13149.00"
"25/05/2025 17:00 - 25/05/2025 18:00","CTA|SE","13561.00","13106.00"
"25/05/2025 18:00 - 25/05/2025 19:00","CTA|SE","13765.00","13167.00"
"25/05/2025 19:00 - 25/05/2025 20:00","CTA|SE","13382.00","13080.00"
"25/05/2025 20:00 - 25/05/2025 21:00","CTA|SE","12979.00","12662.00"
"25/05/2025 21:00 - 25/05/2025 22:00","CTA|SE","12196.00","12099.00"
"25/05/2025 22:00 - 25/05/2025 23:00","CTA|SE","12055.00","12231.00"
"25/05/2025 23:00 - 26/05/2025 00:00","CTA|SE","11704.00","11991.00"
"26/05/2025 00:00 - 26/05/2025 01:00","CTA|SE","11468.00","11871.00"
"26/05/2025 01:00 - 26/05/2025 02:00","CTA|SE","11481.00","11737.00"
"26/05/2025 02:00 - 26/05/2025 03:00","CTA|SE","11560.00","11648.00"
"26/05/2025 03:00 - 26/05/2025 04:00","CTA|SE","11867.00","11903.00"
"26/05/2025 04:00 - 26/05/2025 05:00","CTA|SE","13797.00","12848.00"
"26/05/2025 05:00 - 26/05/2025 06:00","CTA|SE","14410.00","13976.00"
"26/05/2025 06:00 - 26/05/2025 07:00","CTA|SE","14835.00","14587.00"
"26/05/2025 07:00 - 26/05/2025 08:00","CTA|SE","14076.00","14704.00"
"26/05/2025 08:00 - 26/05/2025 09:00","CTA|SE","13805.00","14572.00"
"26/05/2025 09:00 - 26/05/2025 10:00","CTA|SE","14022.00","14581.00"
"26/05/2025 10:00 - 26/05/2025 11:00","CTA|SE","14208.00","14440.00"
"26/05/2025 11:00 - 26/05/2025 12:00","CTA|SE","14008.00","14301.00"
"26/05/2025 12:00 - 26/05/2025 13:00","CTA|SE","13970.00","14190.00"
"26/05/2025 13:00 - 26/05/2025 14:00","CTA|SE","14168.00","14204.00"
"26/05/2025 14:00 - 26/05/2025 15:00","CTA|SE","13936.00","14206.00"
"26/05/2025 15:00 - 26/05/2025 16:00","CTA|SE","13862.00","14313.00"
"26/05/2025 16:00 - 26/05/2025 17:00","CTA|SE","13388.00","14333.00"
"26/05/2025 17:00 - 26/05/2025 18:00","CTA|SE","13650.00","14189.00"
"26/05/2025 18:00 - 26/05/2025 19:00","CTA|SE","13901.00","14068.00"
"26/05/2025 19:00 - 26/05/2025 20:00","CTA|SE","13746.00","14027.00"
"26/05/2025 20:00 - 26/05/2025 21:00","CTA|SE","13135.00","13805.00"
"26/05/2025 21:00 - 26/05/2025 22:00","CTA|SE","12615.00","13086.00"
"26/05/2025 22:00 - 26/05/2025 23:00","CTA|SE","11920.00","12346.00"
"26/05/2025 23:00 - 27/05/2025 00:00","CTA|SE","11625.00","11971.00"
"27/05/2025 00:00 - 27/05/2025 01:00","CTA|SE","11777.00","11848.00"
"27/05/2025 01:00 - 27/05/2025 02:00","CTA|SE","11794.00","11670.00"
"27/05/2025 02:00 - 27/05/2025 03:00","CTA|SE","11908.00","11602.00"
"27/05/2025 03:00 - 27/05/2025 04:00","CTA|SE","12270.00","11841.00"
"27/05/2025 04:00 - 27/05/2025 05:00","CTA|SE","13816.00","12842.00"
"27/05/2025 05:00 - 27/05/2025 06:00","CTA|SE","14812.00","13868.00"
"27/05/2025 06:00 - 27/05/2025 07:00","CTA|SE","14303.00","14341.00"
"27/05/2025 07:00 - 27/05/2025 08:00","CTA|SE","14320.00","14443.00"
"27/05/2025 08:00 - 27/05/2025 09:00","CTA|SE","14281.00","14398.00"
"27/05/2025 09:00 - 27/05/2025 10:00","CTA|SE","14400.00","14527.00"
"27/05/2025 10:00 - 27/05/2025 11:00","CTA|SE","14203.00","14471.00"
"27/05/2025 11:00 - 27/05/2025 12:00","CTA|SE","14364.00","14355.00"
"27/05/2025 12:00 - 27/05/2025 13:00","CTA|SE","14194.00","14283.00"
"27/05/2025 13:00 - 27/05/2025 14:00","CTA|SE","14059.00","14320.00"
"27/05/2025 14:00 - 27/05/2025 15:00","CTA|SE","13460.00","14355.00"
"27/05/2025 15:00 - 27/05/2025 16:00","CTA|SE","13868.00","14301.00"
"27/05/2025 16:00 - 27/05/2025 17:00","CTA|SE","13963.00","14293.00"
"27/05/2025 17:00 - 27/05/2025 18:00","CTA|SE","13943.00","14186.00"
"27/05/2025 18:00 - 27/05/2025 19:00","CTA|SE","13658.00","14057.00"
"27/05/2025 19:00 - 27/05/2025 20:00","CTA|SE","13882.00","13962.00"
"27/05/2025 20:00 - 27/05/2025 21:00","CTA|SE","13436.00","13631.00"
"27/05/2025 21:00 - 27/05/2025 22:00","CTA|SE","12703.00","12944.00"
"27/05/2025 22:00 - 27/05/2025 23:00","CTA|SE","11951.00","12324.00"
"27/05/2025 23:00 - 28/05/2025 00:00","CTA|SE","11951.00","11897.00"
"28/05/2025 00:00 - 28/05/2025 01:00","CTA|SE","11918.00","11727.00"
"28/05/2025 01:00 - 28/05/2025 02:00","CTA|SE","11991.00","11701.00"
"28/05/2025 02:00 - 28/05/2025 03:00","CTA|SE","11962.00","11617.00"
"28/05/2025 03:00 - 28/05/2025 04:00","CTA|SE","12141.00","11909.00"
"28/05/2025 04:00 - 28/05/2025 05:00","CTA|SE","13544.00","12835.00"
"28/05/2025 05:00 - 28/05/2025 06:00","CTA|SE","14170.00","13756.00"
"28/05/2025 06:00 - 28/05/2025 07:00","CTA|SE","14739.00","14349.00"
"28/05/2025 07:00 - 28/05/2025 08:00","CTA|SE","14303.00","14525.00"
"28/05/2025 08:00 - 28/05/2025 09:00","CTA|SE","14242.00","14472.00"
"28/05/2025 09:00 - 28/05/2025 10:00","CTA|SE","14210.00","14520.00"
"28/05/2025 10:00 - 28/05/2025 11:00","CTA|SE","13960.00","14436.00"
"28/05/2025 11:00 - 28/05/2025 12:00","CTA|SE","13754.00","14260.00"
"28/05/2025 12:00 - 28/05/2025 13:00","CTA|SE","13402.00","14093.00"
"28/05/2025 13:00 - 28/05/2025 14:00","CTA|SE","13564.00","13989.00"
"28/05/2025 14:00 - 28/05/2025 15:00","CTA|SE","13338.00","13863.00"
"28/05/2025 15:00 - 28/05/2025 16:00","CTA|SE","13372.00","13777.00"
"28/05/2025 16:00 - 28/05/2025 17:00","CTA|SE","13357.00","13774.00"
"28/05/2025 17:00 - 28/05/2025 18:00","CTA|SE","13854.00","13648.00"
"28/05/2025 18:00 - 28/05/2025 19:00","CTA|SE","13341.00","13501.00"
"28/05/2025 19:00 - 28/05/2025 20:00","CTA|SE","12967.00","13395.00"
"28/05/2025 20:00 - 28/05/2025 21:00","CTA|SE","12720.00","13172.00"
"28/05/2025 21:00 - 28/05/2025 22:00","CTA|SE","12095.00","12585.00"
"28/05/2025 22:00 - 28/05/2025 23:00","CTA|SE","11835.00","11873.00"
"28/05/2025 23:00 - 29/05/2025 00:00","CTA|SE","11470.00","11526.00"
"29/05/2025 00:00 - 29/05/2025 01:00","CTA|SE","11442.00","11494.00"
"29/05/2025 01:00 - 29/05/2025 02:00","CTA|SE","11055.00","11429.00"
"29/05/2025 02:00 - 29/05/2025 03:00","CTA|SE","11068.00","11250.00"
"29/05/2025 03:00 - 29/05/2025 04:00","CTA|SE","11391.00","11174.00"
"29/05/2025 04:00 - 29/05/2025 05:00","CTA|SE","11646.00","11178.00"
"29/05/2025 05:00 - 29/05/2025 06:00","CTA|SE","11880.00","11523.00"
"29/05/2025 06:00 - 29/05/2025 07:00","CTA|SE","11860.00","11805.00"
"29/05/2025 07:00 - 29/05/2025 08:00","CTA|SE","11980.00","12061.00"
"29/05/2025 08:00 - 29/05/2025 09:00","CTA|SE","11919.00","12292.00"
"29/05/2025 09:00 - 29/05/2025 10:00","CTA|SE","11871.00","12333.00"
"29/05/2025 10:00 - 29/05/2025 11:00","CTA|SE","11839.00","12451.00"
"29/05/2025 11:00 - 29/05/2025 12:00","CTA|SE","11756.00","12402.00"
"29/05/2025 12:00 - 29/05/2025 13:00","CTA|SE","11668.00","12285.00"
"29/05/2025 13:00 - 29/05/2025 14:00","CTA|SE","11075.00","12234.00"
"29/05/2025 14:00 - 29/05/2025 15:00","CTA|SE","11904.00","12150.00"
"29/05/2025 15:00 - 29/05/2025 16:00","CTA|SE","12609.00","12376.00"
"29/05/2025 16:00 - 29/05/2025 17:00","CTA|SE","12138.00","12510.00"
"29/05/2025 17:00 - 29/05/2025 18:00","CTA|SE","12135.00","12511.00"
"29/05/2025 18:00 - 29/05/2025 19:00","CTA|SE","12179.00","12492.00"
"29/05/2025 19:00 - 29/05/2025 20:00","CTA|SE","12007.00","12505.00"
"29/05/2025 20:00 - 29/05/2025 21:00","CTA|SE","11437.00","12375.00"
"29/05/2025 21:00 - 29/05/2025 22:00","CTA|SE","10567.00","11859.00"
"29/05/2025 22:00 - 29/05/2025 23:00","CTA|SE","10566.00","11520.00"
"29/05/2025 23:00 - 30/05/2025 00:00","CTA|SE","10501.00","11262.00"
"30/05/2025 00:00 - 30/05/2025 01:00","CTA|SE","10746.00","11135.00"
"30/05/2025 01:00 - 30/05/2025 02:00","CTA|SE","10586.00","11053.00"
"30/05/2025 02:00 - 30/05/2025 03:00","CTA|SE","10367.00","10969.00"
"30/05/2025 03:00 - 30/05/2025 04:00","CTA|SE","10777.00","11107.00"
"30/05/2025 04:00 - 30/05/2025 05:00","CTA|SE","11793.00","11925.00"
"30/05/2025 05:00 - 30/05/2025 06:00","CTA|SE","12525.00","12873.00"
"30/05/2025 06:00 - 30/05/2025 07:00","CTA|SE","12978.00","13548.00"
"30/05/2025 07:00 - 30/05/2025 08:00","CTA|SE","13121.00","13702.00"
"30/05/2025 08:00 - 30/05/2025 09:00","CTA|SE","13195.00","13904.00"
"30/05/2025 09:00 - 30/05/2025 10:00","CTA|SE","13235.00","13918.00"
"30/05/2025 10:00 - 30/05/2025 11:00","CTA|SE","13282.00","13917.00"
"30/05/2025 11:00 - 30/05/2025 12:00","CTA|SE","13120.00","13713.00"
"30/05/2025 12:00 - 30/05/2025 13:00","CTA|SE","12990.00","13388.00"
"30/05/2025 13:00 - 30/05/2025 14:00","CTA|SE","13021.00","13156.00"
"30/05/2025 14:00 - 30/05/2025 15:00","CTA|SE","12366.00","13038.00"
"30/05/2025 15:00 - 30/05/2025 16:00","CTA|SE","12404.00","12928.00"
"30/05/2025 16:00 - 30/05/2025 17:00","CTA|SE","12544.00","12920.00"
"30/05/2025 17:00 - 30/05/2025 18:00","CTA|SE","12918.00","12801.00"
"30/05/2025 18:00 - 30/05/2025 19:00","CTA|SE","12822.00","12739.00"
"30/05/2025 19:00 - 30/05/2025 20:00","CTA|SE","12541.00","12581.00"
"30/05/2025 20:00 - 30/05/2025 21:00","CTA|SE","12323.00","12370.00"
"30/05/2025 21:00 - 30/05/2025 22:00","CTA|SE","11788.00","11875.00"
"30/05/2025 22:00 - 30/05/2025 23:00","CTA|SE","11143.00","11509.00"
"30/05/2025 23:00 - 31/05/2025 00:00","CTA|SE","10696.00","11184.00"
"31/05/2025 00:00 - 31/05/2025 01:00","CTA|SE","10703.00","11041.00"
"31/05/2025 01:00 - 31/05/2025 02:00","CTA|SE","10487.00","10977.00"
"31/05/2025 02:00 - 31/05/2025 03:00","CTA|SE","10358.00","10808.00"
"31/05/2025 03:00 - 31/05/2025 04:00","CTA|SE","10442.00","10747.00"
"31/05/2025 04:00 - 31/05/2025 05:00","CTA|SE","10560.00","10937.00"
"31/05/2025 05:00 - 31/05/2025 06:00","CTA|SE","11042.00","11192.00"
"31/05/2025 06:00 - 31/05/2025 07:00","CTA|SE","11490.00","11533.00"
"31/05/2025 07:00 - 31/05/2025 08:00","CTA|SE","11880.00","11863.00"
"31/05/2025 08:00 - 31/05/2025 09:00","CTA|SE","11972.00","12096.00"
"31/05/2025 09:00 - 31/05/2025 10:00","CTA|SE","11924.00","12164.00"
"31/05/2025 10:00 - 31/05/2025 11:00","CTA|SE","11699.00","12228.00"
"31/05/2025 11:00 - 31/05/2025 12:00","CTA|SE","11636.00","12180.00"
"31/05/2025 12:00 - 31/05/2025 13:00","CTA|SE","11559.00","12098.00"
"31/05/2025 13:00 - 31/05/2025 14:00","CTA|SE","11891.00","12033.00"
"31/05/2025 14:00 - 31/05/2025 15:00","CTA|SE","12003.00","11966.00"
"31/05/2025 15:00 - 31/05/2025 16:00","CTA|SE","12501.00","12153.00"
"31/05/2025 16:00 - 31/05/2025 17:00","CTA|SE","12296.00","12300.00"
"31/05/2025 17:00 - 31/05/2025 18:00","CTA|SE","12403.00","12292.00"
"31/05/2025 18:00 - 31/05/2025 19:00","CTA|SE","12425.00","12236.00"
"31/05/2025 19:00 - 31/05/2025 20:00","CTA|SE","12319.00","12136.00"
"31/05/2025 20:00 - 31/05/2025 21:00","CTA|SE","12194.00","12081.00"
"31/05/2025 21:00 - 31/05/2025 22:00","CTA|SE","11657.00","11703.00"
"31/05/2025 22:00 - 31/05/2025 23:00","CTA|SE","11707.00","11452.00"
"31/05/2025 23:00 - 01/06/2025 00:00","CTA|SE","11555.00","11152.00"
"01/06/2025 00:00 - 01/06/2025 01:00","CTA|SE","11403.00","11050.00"
"01/06/2025 01:00 - 01/06/2025 02:00","CTA|SE","11329.00","10973.00"
"01/06/2025 02:00 - 01/06/2025 03:00","CTA|SE","10990.00","10796.00"
"01/06/2025 03:00 - 01/06/2025 04:00","CTA|SE","10839.00","10564.00"
"01/06/2025 04:00 - 01/06/2025 05:00","CTA|SE","10990.00","10593.00"
"01/06/2025 05:00 - 01/06/2025 06:00","CTA|SE","10914.00","10857.00"
"01/06/2025 06:00 - 01/06/2025 07:00","CTA|SE","11128.00","11246.00"
"01/06/2025 07:00 - 01/06/2025 08:00","CTA|SE","11501.00","11518.00"
"01/06/2025 08:00 - 01/06/2025 09:00","CTA|SE","11866.00","11735.00"
"01/06/2025 09:00 - 01/06/2025 10:00","CTA|SE","12059.00","11980.00"
"01/06/2025 10:00 - 01/06/2025 11:00","CTA|SE","12241.00","12075.00"
"01/06/2025 11:00 - 01/06/2025 12:00","CTA|SE","12149.00","12242.00"
"01/06/2025 12:00 - 01/06/2025 13:00","CTA|SE","12341.00","12188.00"
"01/06/2025 13:00 - 01/06/2025 14:00","CTA|SE","12002.00","12137.00"
"01/06/2025 14:00 - 01/06/2025 15:00","CTA|SE","11863.00","12204.00"
"01/06/2025 15:00 - 01/06/2025 16:00","CTA|SE","12577.00","12539.00"
"01/06/2025 16:00 - 01/06/2025 17:00","CTA|SE","13428.00","12709.00"
"01/06/2025 17:00 - 01/06/2025 18:00","CTA|SE","13358.00","12694.00"
"01/06/2025 18:00 - 01/06/2025 19:00","CTA|SE","13196.00","12597.00"
"01/06/2025 19:00 - 01/06/2025 20:00","CTA|SE","12766.00","12533.00"
"01/06/2025 20:00 - 01/06/2025 21:00","CTA|SE","12123.00","12217.00"
"01/06/2025 21:00 - 01/06/2025 22:00","CTA|SE","11476.00","11691.00"
"01/06/2025 22:00 - 01/06/2025 23:00","CTA|SE","11350.00","11309.00"
"01/06/2025 23:00 - 02/06/2025 00:00","CTA|SE","11180.00","11134.00"
"02/06/2025 00:00 - 02/06/2025 01:00","CTA|SE","11295.00","11032.00"
"02/06/2025 01:00 - 02/06/2025 02:00","CTA|SE","11387.00","10920.00"
"02/06/2025 02:00 - 02/06/2025 03:00","CTA|SE","11189.00","10984.00"
"02/06/2025 03:00 - 02/06/2025 04:00","CTA|SE","11276.00","11198.00"
"02/06/2025 04:00 - 02/06/2025 05:00","CTA|SE","13079.00","12207.00"
"02/06/2025 05:00 - 02/06/2025 06:00","CTA|SE","14292.00","13322.00"
"02/06/2025 06:00 - 02/06/2025 07:00","CTA|SE","14271.00","13993.00"
"02/06/2025 07:00 - 02/06/2025 08:00","CTA|SE","14307.00","14162.00"
"02/06/2025 08:00 - 02/06/2025 09:00","CTA|SE","14204.00","14235.00"
"02/06/2025 09:00 - 02/06/2025 10:00","CTA|SE","14334.00","14307.00"
"02/06/2025 10:00 - 02/06/2025 11:00","CTA|SE","14312.00","14201.00"
"02/06/2025 11:00 - 02/06/2025 12:00","CTA|SE","14065.00","14124.00"
"02/06/2025 12:00 - 02/06/2025 13:00","CTA|SE","13744.00","13668.00"
"02/06/2025 13:00 - 02/06/2025 14:00","CTA|SE","13471.00","13490.00"
"02/06/2025 14:00 - 02/06/2025 15:00","CTA|SE","13775.00","13353.00"
"02/06/2025 15:00 - 02/06/2025 16:00","CTA|SE","13700.00","13483.00"
"02/06/2025 16:00 - 02/06/2025 17:00","CTA|SE","13749.00","13549.00"
"02/06/2025 17:00 - 02/06/2025 18:00","CTA|SE","13957.00","13504.00"
"02/06/2025 18:00 - 02/06/2025 19:00","CTA|SE","13883.00","13477.00"
"02/06/2025 19:00 - 02/06/2025 20:00","CTA|SE","13442.00","13342.00"
"02/06/2025 20:00 - 02/06/2025 21:00","CTA|SE","13289.00","13057.00"
"02/06/2025 21:00 - 02/06/2025 22:00","CTA|SE","12537.00","12356.00"
"02/06/2025 22:00 - 02/06/2025 23:00","CTA|SE","12034.00","11864.00"
"02/06/2025 23:00 - 03/06/2025 00:00","CTA|SE","11620.00","11643.00"
"03/06/2025 00:00 - 03/06/2025 01:00","CTA|SE","11423.00","11499.00"
"03/06/2025 01:00 - 03/06/2025 02:00","CTA|SE","11223.00","11422.00"
"03/06/2025 02:00 - 03/06/2025 03:00","CTA|SE","11082.00","11378.00"
"03/06/2025 03:00 - 03/06/2025 04:00","CTA|SE","11512.00","11536.00"
"03/06/2025 04:00 - 03/06/2025 05:00","CTA|SE","13266.00","12363.00"
"03/06/2025 05:00 - 03/06/2025 06:00","CTA|SE","14392.00","13507.00"
"03/06/2025 06:00 - 03/06/2025 07:00","CTA|SE","14016.00","14101.00"
"03/06/2025 07:00 - 03/06/2025 08:00","CTA|SE","13899.00","14202.00"
"03/06/2025 08:00 - 03/06/2025 09:00","CTA|SE","13758.00","14163.00"
"03/06/2025 09:00 - 03/06/2025 10:00","CTA|SE","13545.00","14161.00"
"03/06/2025 10:00 - 03/06/2025 11:00","CTA|SE","13601.00","14079.00"
"03/06/2025 11:00 - 03/06/2025 12:00","CTA|SE","13155.00","14006.00"
"03/06/2025 12:00 - 03/06/2025 13:00","CTA|SE","13020.00","13595.00"
"03/06/2025 13:00 - 03/06/2025 14:00","CTA|SE","13045.00","13402.00"
"03/06/2025 14:00 - 03/06/2025 15:00","CTA|SE","13464.00","13209.00"
"03/06/2025 15:00 - 03/06/2025 16:00","CTA|SE","13522.00","13296.00"
"03/06/2025 16:00 - 03/06/2025 17:00","CTA|SE","13371.00","13515.00"
"03/06/2025 17:00 - 03/06/2025 18:00","CTA|SE","13899.00","13519.00"
"03/06/2025 18:00 - 03/06/2025 19:00","CTA|SE","13993.00","13408.00"
"03/06/2025 19:00 - 03/06/2025 20:00","CTA|SE","13495.00","13299.00"
"03/06/2025 20:00 - 03/06/2025 21:00","CTA|SE","12858.00","13001.00"
"03/06/2025 21:00 - 03/06/2025 22:00","CTA|SE","12429.00","12344.00"
"03/06/2025 22:00 - 03/06/2025 23:00","CTA|SE","12049.00","11711.00"
"03/06/2025 23:00 - 04/06/2025 00:00","CTA|SE","11415.00","11361.00"
"04/06/2025 00:00 - 04/06/2025 01:00","CTA|SE","11279.00","11162.00"
"04/06/2025 01:00 - 04/06/2025 02:00","CTA|SE","11178.00","11140.00"
"04/06/2025 02:00 - 04/06/2025 03:00","CTA|SE","10971.00","11087.00"
"04/06/2025 03:00 - 04/06/2025 04:00","CTA|SE","11404.00","11290.00"
"04/06/2025 04:00 - 04/06/2025 05:00","CTA|SE","12644.00","12196.00"
"04/06/2025 05:00 - 04/06/2025 06:00","CTA|SE","13538.00","13406.00"
"04/06/2025 06:00 - 04/06/2025 07:00","CTA|SE","14202.00","14033.00"
"04/06/2025 07:00 - 04/06/2025 08:00","CTA|SE","14610.00","14144.00"
"04/06/2025 08:00 - 04/06/2025 09:00","CTA|SE","14457.00","14218.00"
"04/06/2025 09:00 - 04/06/2025 10:00","CTA|SE","14397.00","14270.00"
"04/06/2025 10:00 - 04/06/2025 11:00","CTA|SE","14472.00","14271.00"
"04/06/2025 11:00 - 04/06/2025 12:00","CTA|SE","14408.00","14140.00"
"04/06/2025 12:00 - 04/06/2025 13:00","CTA|SE","14181.00","13710.00"
"04/06/2025 13:00 - 04/06/2025 14:00","CTA|SE","14138.00","13492.00"
"04/06/2025 14:00 - 04/06/2025 15:00","CTA|SE","14003.00","13337.00"
"04/06/2025 15:00 - 04/06/2025 16:00","CTA|SE","13806.00","13418.00"
"04/06/2025 16:00 - 04/06/2025 17:00","CTA|SE","13557.00","13587.00"
"04/06/2025 17:00 - 04/06/2025 18:00","CTA|SE","13822.00","13518.00"
"04/06/2025 18:00 - 04/06/2025 19:00","CTA|SE","13585.00","13450.00"
"04/06/2025 19:00 - 04/06/2025 20:00","CTA|SE","13364.00","13317.00"
"04/06/2025 20:00 - 04/06/2025 21:00","CTA|SE","12836.00","12941.00"
"04/06/2025 21:00 - 04/06/2025 22:00","CTA|SE","12355.00","12281.00"
"04/06/2025 22:00 - 04/06/2025 23:00","CTA|SE","12427.00","11756.00"
"04/06/2025 23:00 - 05/06/2025 00:00","CTA|SE","12035.00","11384.00"
"05/06/2025 00:00 - 05/06/2025 01:00","CTA|SE","11524.00","11311.00"
"05/06/2025 01:00 - 05/06/2025 02:00","CTA|SE","11458.00","11237.00"
"05/06/2025 02:00 - 05/06/2025 03:00","CTA|SE","11079.00","11111.00"
"05/06/2025 03:00 - 05/06/2025 04:00","CTA|SE","11568.00","11425.00"
"05/06/2025 04:00 - 05/06/2025 05:00","CTA|SE","13075.00","12412.00"
"05/06/2025 05:00 - 05/06/2025 06:00","CTA|SE","14007.00","13219.00"
"05/06/2025 06:00 - 05/06/2025 07:00","CTA|SE","13744.00","13753.00"
"05/06/2025 07:00 - 05/06/2025 08:00","CTA|SE","13713.00","13940.00"
"05/06/2025 08:00 - 05/06/2025 09:00","CTA|SE","13588.00","13967.00"
"05/06/2025 09:00 - 05/06/2025 10:00","CTA|SE","13658.00","13932.00"
"05/06/2025 10:00 - 05/06/2025 11:00","CTA|SE","13805.00","13853.00"
"05/06/2025 11:00 - 05/06/2025 12:00","CTA|SE","13348.00","13698.00"
"05/06/2025 12:00 - 05/06/2025 13:00","CTA|SE","13293.00","13230.00"
"05/06/2025 13:00 - 05/06/2025 14:00","CTA|SE","13529.00","13178.00"
"05/06/2025 14:00 - 05/06/2025 15:00","CTA|SE","13712.00","13021.00"
"05/06/2025 15:00 - 05/06/2025 16:00","CTA|SE","13868.00","13133.00"
"05/06/2025 16:00 - 05/06/2025 17:00","CTA|SE","13523.00","13084.00"
"05/06/2025 17:00 - 05/06/2025 18:00","CTA|SE","13072.00","12955.00"
"05/06/2025 18:00 - 05/06/2025 19:00","CTA|SE","13215.00","12898.00"
"05/06/2025 19:00 - 05/06/2025 20:00","CTA|SE","13093.00","12670.00"
"05/06/2025 20:00 - 05/06/2025 21:00","CTA|SE","12545.00","12351.00"
"05/06/2025 21:00 - 05/06/2025 22:00","CTA|SE","11756.00","11967.00"
"05/06/2025 22:00 - 05/06/2025 23:00","CTA|SE","11248.00","11314.00"
"05/06/2025 23:00 - 06/06/2025 00:00","CTA|SE","11224.00","10880.00"
"06/06/2025 00:00 - 06/06/2025 01:00","CTA|SE","10968.00","10678.00"
"06/06/2025 01:00 - 06/06/2025 02:00","CTA|SE","10892.00","10527.00"
"06/06/2025 02:00 - 06/06/2025 03:00","CTA|SE","10759.00","10438.00"
"06/06/2025 03:00 - 06/06/2025 04:00","CTA|SE","10753.00","10383.00"
"06/06/2025 04:00 - 06/06/2025 05:00","CTA|SE","11129.00","10435.00"
"06/06/2025 05:00 - 06/06/2025 06:00","CTA|SE","11565.00","10784.00"
"06/06/2025 06:00 - 06/06/2025 07:00","CTA|SE","12015.00","11286.00"
"06/06/2025 07:00 - 06/06/2025 08:00","CTA|SE","12479.00","11565.00"
"06/06/2025 08:00 - 06/06/2025 09:00","CTA|SE","12482.00","11749.00"
"06/06/2025 09:00 - 06/06/2025 10:00","CTA|SE","13101.00","11946.00"
"06/06/2025 10:00 - 06/06/2025 11:00","CTA|SE","13037.00","12069.00"
"06/06/2025 11:00 - 06/06/2025 12:00","CTA|SE","12030.00","12098.00"
"06/06/2025 12:00 - 06/06/2025 13:00","CTA|SE","12030.00","12058.00"
"06/06/2025 13:00 - 06/06/2025 14:00","CTA|SE","12236.00","12009.00"
"06/06/2025 14:00 - 06/06/2025 15:00","CTA|SE","12328.00","12096.00"
"06/06/2025 15:00 - 06/06/2025 16:00","CTA|SE","12486.00","12314.00"
"06/06/2025 16:00 - 06/06/2025 17:00","CTA|SE","12676.00","12516.00"
"06/06/2025 17:00 - 06/06/2025 18:00","CTA|SE","12310.00","12439.00"
"06/06/2025 18:00 - 06/06/2025 19:00","CTA|SE","11933.00","12344.00"
"06/06/2025 19:00 - 06/06/2025 20:00","CTA|SE","12795.00","12078.00"
"06/06/2025 20:00 - 06/06/2025 21:00","CTA|SE","11857.00","12014.00"
"06/06/2025 21:00 - 06/06/2025 22:00","CTA|SE","11584.00","11513.00"
"06/06/2025 22:00 - 06/06/2025 23:00","CTA|SE","11615.00","11433.00"
"06/06/2025 23:00 - 07/06/2025 00:00","CTA|SE","11198.00","11191.00"
"07/06/2025 00:00 - 07/06/2025 01:00","CTA|SE","11189.00","11006.00"
"07/06/2025 01:00 - 07/06/2025 02:00","CTA|SE","10998.00","10897.00"
"07/06/2025 02:00 - 07/06/2025 03:00","CTA|SE","10752.00","10884.00"
"07/06/2025 03:00 - 07/06/2025 04:00","CTA|SE","10616.00","10754.00"
"07/06/2025 04:00 - 07/06/2025 05:00","CTA|SE","10837.00","10794.00"
"07/06/2025 05:00 - 07/06/2025 06:00","CTA|SE","11129.00","10933.00"
"07/06/2025 06:00 - 07/06/2025 07:00","CTA|SE","11678.00","11294.00"
"07/06/2025 07:00 - 07/06/2025 08:00","CTA|SE","12017.00","11626.00"
"07/06/2025 08:00 - 07/06/2025 09:00","CTA|SE","12075.00","11709.00"
"07/06/2025 09:00 - 07/06/2025 10:00","CTA|SE","12099.00","11806.00"
"07/06/2025 10:00 - 07/06/2025 11:00","CTA|SE","12047.00","11839.00"
"07/06/2025 11:00 - 07/06/2025 12:00","CTA|SE","12041.00","11816.00"
"07/06/2025 12:00 - 07/06/2025 13:00","CTA|SE","12058.00","11750.00"
"07/06/2025 13:00 - 07/06/2025 14:00","CTA|SE","12222.00","11664.00"
"07/06/2025 14:00 - 07/06/2025 15:00","CTA|SE","12368.00","11786.00"
"07/06/2025 15:00 - 07/06/2025 16:00","CTA|SE","12449.00","12117.00"
"07/06/2025 16:00 - 07/06/2025 17:00","CTA|SE","12662.00","12289.00"
"07/06/2025 17:00 - 07/06/2025 18:00","CTA|SE","12727.00","12285.00"
"07/06/2025 18:00 - 07/06/2025 19:00","CTA|SE","12572.00","12174.00"
"07/06/2025 19:00 - 07/06/2025 20:00","CTA|SE","12247.00","12005.00"
"07/06/2025 20:00 - 07/06/2025 21:00","CTA|SE","12092.00","11987.00"
"07/06/2025 21:00 - 07/06/2025 22:00","CTA|SE","11747.00","11494.00"
"07/06/2025 22:00 - 07/06/2025 23:00","CTA|SE","11378.00","11424.00"
"07/06/2025 23:00 - 08/06/2025 00:00","CTA|SE","11015.00","11101.00"
"08/06/2025 00:00 - 08/06/2025 01:00","CTA|SE","10866.00","10923.00"
"08/06/2025 01:00 - 08/06/2025 02:00","CTA|SE","10743.00","10892.00"
"08/06/2025 02:00 - 08/06/2025 03:00","CTA|SE","10793.00","10674.00"
"08/06/2025 03:00 - 08/06/2025 04:00","CTA|SE","10476.00","10577.00"
"08/06/2025 04:00 - 08/06/2025 05:00","CTA|SE","10443.00","10544.00"
"08/06/2025 05:00 - 08/06/2025 06:00","CTA|SE","10847.00","10833.00"
"08/06/2025 06:00 - 08/06/2025 07:00","CTA|SE","11210.00","11233.00"
"08/06/2025 07:00 - 08/06/2025 08:00","CTA|SE","11550.00","11530.00"
"08/06/2025 08:00 - 08/06/2025 09:00","CTA|SE","11906.00","11750.00"
"08/06/2025 09:00 - 08/06/2025 10:00","CTA|SE","12343.00","11961.00"
"08/06/2025 10:00 - 08/06/2025 11:00","CTA|SE","12194.00","12120.00"
"08/06/2025 11:00 - 08/06/2025 12:00","CTA|SE","12165.00","12154.00"
"08/06/2025 12:00 - 08/06/2025 13:00","CTA|SE","11962.00","12124.00"
"08/06/2025 13:00 - 08/06/2025 14:00","CTA|SE","11991.00","12130.00"
"08/06/2025 14:00 - 08/06/2025 15:00","CTA|SE","12249.00","12137.00"
"08/06/2025 15:00 - 08/06/2025 16:00","CTA|SE","12600.00","12469.00"
"08/06/2025 16:00 - 08/06/2025 17:00","CTA|SE","13108.00","12689.00"
"08/06/2025 17:00 - 08/06/2025 18:00","CTA|SE","13131.00","12728.00"
"08/06/2025 18:00 - 08/06/2025 19:00","CTA|SE","13001.00","12663.00"
"08/06/2025 19:00 - 08/06/2025 20:00","CTA|SE","12797.00","12538.00"
"08/06/2025 20:00 - 08/06/2025 21:00","CTA|SE","12618.00","12419.00"
"08/06/2025 21:00 - 08/06/2025 22:00","CTA|SE","12240.00","11918.00"
"08/06/2025 22:00 - 08/06/2025 23:00","CTA|SE","11632.00","11823.00"
"08/06/2025 23:00 - 09/06/2025 00:00","CTA|SE","11459.00","11614.00"
"09/06/2025 00:00 - 09/06/2025 01:00","CTA|SE","11536.00","11518.00"
"09/06/2025 01:00 - 09/06/2025 02:00","CTA|SE","11432.00","11379.00"
"09/06/2025 02:00 - 09/06/2025 03:00","CTA|SE","11562.00","11184.00"
"09/06/2025 03:00 - 09/06/2025 04:00","CTA|SE","12240.00","11565.00"
"09/06/2025 04:00 - 09/06/2025 05:00","CTA|SE","13281.00","12374.00"
"09/06/2025 05:00 - 09/06/2025 06:00","CTA|SE","14252.00","13542.00"
"09/06/2025 06:00 - 09/06/2025 07:00","CTA|SE","14076.00","13967.00"
"09/06/2025 07:00 - 09/06/2025 08:00","CTA|SE","14209.00","14183.00"
"09/06/2025 08:00 - 09/06/2025 09:00","CTA|SE","13836.00","14299.00"
"09/06/2025 09:00 - 09/06/2025 10:00","CTA|SE","13497.00","14286.00"
"09/06/2025 10:00 - 09/06/2025 11:00","CTA|SE","13211.00","14223.00"
"09/06/2025 11:00 - 09/06/2025 12:00","CTA|SE","13588.00","14039.00"
"09/06/2025 12:00 - 09/06/2025 13:00","CTA|SE","13792.00","13847.00"
"09/06/2025 13:00 - 09/06/2025 14:00","CTA|SE","13839.00","13830.00"
"09/06/2025 14:00 - 09/06/2025 15:00","CTA|SE","13662.00","13906.00"
"09/06/2025 15:00 - 09/06/2025 16:00","CTA|SE","14140.00","13870.00"
"09/06/2025 16:00 - 09/06/2025 17:00","CTA|SE","14345.00","13869.00"
"09/06/2025 17:00 - 09/06/2025 18:00","CTA|SE","13969.00","13768.00"
"09/06/2025 18:00 - 09/06/2025 19:00","CTA|SE","13862.00","13742.00"
"09/06/2025 19:00 - 09/06/2025 20:00","CTA|SE","13492.00","13520.00"
"09/06/2025 20:00 - 09/06/2025 21:00","CTA|SE","13089.00","13250.00"
"09/06/2025 21:00 - 09/06/2025 22:00","CTA|SE","12263.00","12533.00"
"09/06/2025 22:00 - 09/06/2025 23:00","CTA|SE","11630.00","12120.00"
"09/06/2025 23:00 - 10/06/2025 00:00","CTA|SE","11484.00","11809.00"
"10/06/2025 00:00 - 10/06/2025 01:00","CTA|SE","11470.00","11688.00"
"10/06/2025 01:00 - 10/06/2025 02:00","CTA|SE","11279.00","11531.00"
"10/06/2025 02:00 - 10/06/2025 03:00","CTA|SE","10996.00","11382.00"
"10/06/2025 03:00 - 10/06/2025 04:00","CTA|SE","11541.00","11676.00"
"10/06/2025 04:00 - 10/06/2025 05:00","CTA|SE","13321.00","12632.00"
"10/06/2025 05:00 - 10/06/2025 06:00","CTA|SE","14397.00","13842.00"
"10/06/2025 06:00 - 10/06/2025 07:00","CTA|SE","14171.00","14250.00"
"10/06/2025 07:00 - 10/06/2025 08:00","CTA|SE","14200.00","14398.00"
"10/06/2025 08:00 - 10/06/2025 09:00","CTA|SE","14260.00","14520.00"
"10/06/2025 09:00 - 10/06/2025 10:00","CTA|SE","14351.00","14518.00"
"10/06/2025 10:00 - 10/06/2025 11:00","CTA|SE","14511.00","14517.00"
"10/06/2025 11:00 - 10/06/2025 12:00","CTA|SE","14499.00","14438.00"
"10/06/2025 12:00 - 10/06/2025 13:00","CTA|SE","14097.00","14214.00"
"10/06/2025 13:00 - 10/06/2025 14:00","CTA|SE","14033.00","14204.00"
"10/06/2025 14:00 - 10/06/2025 15:00","CTA|SE","13857.00","14250.00"
"10/06/2025 15:00 - 10/06/2025 16:00","CTA|SE","14270.00","14252.00"
"10/06/2025 16:00 - 10/06/2025 17:00","CTA|SE","14226.00","14264.00"
"10/06/2025 17:00 - 10/06/2025 18:00","CTA|SE","14135.00","14136.00"
"10/06/2025 18:00 - 10/06/2025 19:00","CTA|SE","13930.00","14070.00"
"10/06/2025 19:00 - 10/06/2025 20:00","CTA|SE","13518.00","13798.00"
"10/06/2025 20:00 - 10/06/2025 21:00","CTA|SE","13153.00","13434.00"
"10/06/2025 21:00 - 10/06/2025 22:00","CTA|SE","12574.00","12695.00"
"10/06/2025 22:00 - 10/06/2025 23:00","CTA|SE","12180.00","12239.00"
"10/06/2025 23:00 - 11/06/2025 00:00","CTA|SE","11836.00","11860.00"
"11/06/2025 00:00 - 11/06/2025 01:00","CTA|SE","11743.00","11644.00"
"11/06/2025 01:00 - 11/06/2025 02:00","CTA|SE","11771.00","11510.00"
"11/06/2025 02:00 - 11/06/2025 03:00","CTA|SE","11439.00","11534.00"
"11/06/2025 03:00 - 11/06/2025 04:00","CTA|SE","11866.00","11830.00"
"11/06/2025 04:00 - 11/06/2025 05:00","CTA|SE","13055.00","12670.00"
"11/06/2025 05:00 - 11/06/2025 06:00","CTA|SE","14195.00","13870.00"
"11/06/2025 06:00 - 11/06/2025 07:00","CTA|SE","14349.00","14281.00"
"11/06/2025 07:00 - 11/06/2025 08:00","CTA|SE","14338.00","14379.00"
"11/06/2025 08:00 - 11/06/2025 09:00","CTA|SE","14628.00","14386.00"
"11/06/2025 09:00 - 11/06/2025 10:00","CTA|SE","13740.00","14284.00"
"11/06/2025 10:00 - 11/06/2025 11:00","CTA|SE","13733.00","14202.00"
"11/06/2025 11:00 - 11/06/2025 12:00","CTA|SE","13679.00","14036.00"
"11/06/2025 12:00 - 11/06/2025 13:00","CTA|SE","13573.00","13871.00"
"11/06/2025 13:00 - 11/06/2025 14:00","CTA|SE","13656.00","13883.00"
"11/06/2025 14:00 - 11/06/2025 15:00","CTA|SE","13519.00","13872.00"
"11/06/2025 15:00 - 11/06/2025 16:00","CTA|SE","13810.00","13871.00"
"11/06/2025 16:00 - 11/06/2025 17:00","CTA|SE","13791.00","13899.00"
"11/06/2025 17:00 - 11/06/2025 18:00","CTA|SE","13895.00","13776.00"
"11/06/2025 18:00 - 11/06/2025 19:00","CTA|SE","13826.00","13745.00"
"11/06/2025 19:00 - 11/06/2025 20:00","CTA|SE","13076.00","13591.00"
"11/06/2025 20:00 - 11/06/2025 21:00","CTA|SE","13234.00","13354.00"
"11/06/2025 21:00 - 11/06/2025 22:00","CTA|SE","12772.00","12704.00"
"11/06/2025 22:00 - 11/06/2025 23:00","CTA|SE","11849.00","12207.00"
"11/06/2025 23:00 - 12/06/2025 00:00","CTA|SE","11697.00","11822.00"
"12/06/2025 00:00 - 12/06/2025 01:00","CTA|SE","11627.00","11650.00"
"12/06/2025 01:00 - 12/06/2025 02:00","CTA|SE","11426.00","11430.00"
"12/06/2025 02:00 - 12/06/2025 03:00","CTA|SE","11293.00","11383.00"
"12/06/2025 03:00 - 12/06/2025 04:00","CTA|SE","11449.00","11552.00"
"12/06/2025 04:00 - 12/06/2025 05:00","CTA|SE","12428.00","12626.00"
"12/06/2025 05:00 - 12/06/2025 06:00","CTA|SE","13319.00","13790.00"
"12/06/2025 06:00 - 12/06/2025 07:00","CTA|SE","13468.00","14113.00"
"12/06/2025 07:00 - 12/06/2025 08:00","CTA|SE","13256.00","14131.00"
"12/06/2025 08:00 - 12/06/2025 09:00","CTA|SE","12798.00","14068.00"
"12/06/2025 09:00 - 12/06/2025 10:00","CTA|SE","12502.00","13925.00"
"12/06/2025 10:00 - 12/06/2025 11:00","CTA|SE","13198.00","13877.00"
"12/06/2025 11:00 - 12/06/2025 12:00","CTA|SE","13592.00","13705.00"
"12/06/2025 12:00 - 12/06/2025 13:00","CTA|SE","13303.00","13639.00"
"12/06/2025 13:00 - 12/06/2025 14:00","CTA|SE","12953.00","13605.00"
"12/06/2025 14:00 - 12/06/2025 15:00","CTA|SE","13230.00","13563.00"
"12/06/2025 15:00 - 12/06/2025 16:00","CTA|SE","14230.00","13695.00"
"12/06/2025 16:00 - 12/06/2025 17:00","CTA|SE","13934.00","13699.00"
"12/06/2025 17:00 - 12/06/2025 18:00","CTA|SE","13740.00","13704.00"
"12/06/2025 18:00 - 12/06/2025 19:00","CTA|SE","13530.00","13673.00"
"12/06/2025 19:00 - 12/06/2025 20:00","CTA|SE","13176.00","13423.00"
"12/06/2025 20:00 - 12/06/2025 21:00","CTA|SE","12977.00","13202.00"
"12/06/2025 21:00 - 12/06/2025 22:00","CTA|SE","12324.00","12457.00"
"12/06/2025 22:00 - 12/06/2025 23:00","CTA|SE","11731.00","11902.00"
"12/06/2025 23:00 - 13/06/2025 00:00","CTA|SE","11420.00","11580.00"
"13/06/2025 00:00 - 13/06/2025 01:00","CTA|SE","11447.00","11452.00"
"13/06/2025 01:00 - 13/06/2025 02:00","CTA|SE","11321.00","11415.00"
"13/06/2025 02:00 - 13/06/2025 03:00","CTA|SE","10855.00","11258.00"
"13/06/2025 03:00 - 13/06/2025 04:00","CTA|SE","11608.00","11425.00"
"13/06/2025 04:00 - 13/06/2025 05:00","CTA|SE","12639.00","12369.00"
"13/06/2025 05:00 - 13/06/2025 06:00","CTA|SE","13475.00","13414.00"
"13/06/2025 06:00 - 13/06/2025 07:00","CTA|SE","13336.00","13677.00"
"13/06/2025 07:00 - 13/06/2025 08:00","CTA|SE","13277.00","13773.00"
"13/06/2025 08:00 - 13/06/2025 09:00","CTA|SE","12820.00","13757.00"
"13/06/2025 09:00 - 13/06/2025 10:00","CTA|SE","12511.00","13698.00"
"13/06/2025 10:00 - 13/06/2025 11:00","CTA|SE","12441.00","13607.00"
"13/06/2025 11:00 - 13/06/2025 12:00","CTA|SE","12039.00","13405.00"
"13/06/2025 12:00 - 13/06/2025 13:00","CTA|SE","11852.00","13210.00"
"13/06/2025 13:00 - 13/06/2025 14:00","CTA|SE","11834.00","13144.00"
"13/06/2025 14:00 - 13/06/2025 15:00","CTA|SE","12099.00","13046.00"
"13/06/2025 15:00 - 13/06/2025 16:00","CTA|SE","12429.00","12999.00"
"13/06/2025 16:00 - 13/06/2025 17:00","CTA|SE","12532.00","13012.00"
"13/06/2025 17:00 - 13/06/2025 18:00","CTA|SE","12597.00","12904.00"
"13/06/2025 18:00 - 13/06/2025 19:00","CTA|SE","12290.00","12627.00"
"13/06/2025 19:00 - 13/06/2025 20:00","CTA|SE","12024.00","12367.00"
"13/06/2025 20:00 - 13/06/2025 21:00","CTA|SE","11606.00","12117.00"
"13/06/2025 21:00 - 13/06/2025 22:00","CTA|SE","10959.00","11676.00"
"13/06/2025 22:00 - 13/06/2025 23:00","CTA|SE","10754.00","11261.00"
"13/06/2025 23:00 - 14/06/2025 00:00","CTA|SE","11010.00","10860.00"
"14/06/2025 00:00 - 14/06/2025 01:00","CTA|SE","10985.00","10775.00"
"14/06/2025 01:00 - 14/06/2025 02:00","CTA|SE","10833.00","10692.00"
"14/06/2025 02:00 - 14/06/2025 03:00","CTA|SE","10499.00","10508.00"
"14/06/2025 03:00 - 14/06/2025 04:00","CTA|SE","10434.00","10439.00"
"14/06/2025 04:00 - 14/06/2025 05:00","CTA|SE","10587.00","10446.00"
"14/06/2025 05:00 - 14/06/2025 06:00","CTA|SE","11183.00","10727.00"
"14/06/2025 06:00 - 14/06/2025 07:00","CTA|SE","11015.00","11201.00"
"14/06/2025 07:00 - 14/06/2025 08:00","CTA|SE","10857.00","11579.00"
"14/06/2025 08:00 - 14/06/2025 09:00","CTA|SE","10773.00","11834.00"
"14/06/2025 09:00 - 14/06/2025 10:00","CTA|SE","10799.00","12008.00"
"14/06/2025 10:00 - 14/06/2025 11:00","CTA|SE","10797.00","12034.00"
"14/06/2025 11:00 - 14/06/2025 12:00","CTA|SE","10927.00","11888.00"
"14/06/2025 12:00 - 14/06/2025 13:00","CTA|SE","11051.00","11803.00"
"14/06/2025 13:00 - 14/06/2025 14:00","CTA|SE","10923.00","11780.00"
"14/06/2025 14:00 - 14/06/2025 15:00","CTA|SE","11034.00","11804.00"
"14/06/2025 15:00 - 14/06/2025 16:00","CTA|SE","11503.00","11978.00"
"14/06/2025 16:00 - 14/06/2025 17:00","CTA|SE","11771.00","12082.00"
"14/06/2025 17:00 - 14/06/2025 18:00","CTA|SE","11743.00","12025.00"
"14/06/2025 18:00 - 14/06/2025 19:00","CTA|SE","11463.00","11920.00"
"14/06/2025 19:00 - 14/06/2025 20:00","CTA|SE","11649.00","11709.00"
"14/06/2025 20:00 - 14/06/2025 21:00","CTA|SE","11666.00","11620.00"
"14/06/2025 21:00 - 14/06/2025 22:00","CTA|SE","11059.00","11207.00"
"14/06/2025 22:00 - 14/06/2025 23:00","CTA|SE","10363.00","10933.00"
"14/06/2025 23:00 - 15/06/2025 00:00","CTA|SE","9860.00","10574.00"
"15/06/2025 00:00 - 15/06/2025 01:00","CTA|SE","9504.00","10469.00"
"15/06/2025 01:00 - 15/06/2025 02:00","CTA|SE","9483.00","10351.00"
"15/06/2025 02:00 - 15/06/2025 03:00","CTA|SE","9435.00","10135.00"
"15/06/2025 03:00 - 15/06/2025 04:00","CTA|SE","9532.00","10050.00"
"15/06/2025 04:00 - 15/06/2025 05:00","CTA|SE","9606.00","10047.00"
"15/06/2025 05:00 - 15/06/2025 06:00","CTA|SE","10208.00","10413.00"
"15/06/2025 06:00 - 15/06/2025 07:00","CTA|SE","10285.00","10853.00"
"15/06/2025 07:00 - 15/06/2025 08:00","CTA|SE","10348.00","11249.00"
"15/06/2025 08:00 - 15/06/2025 09:00","CTA|SE","10461.00","11564.00"
"15/06/2025 09:00 - 15/06/2025 10:00","CTA|SE","10503.00","11806.00"
"15/06/2025 10:00 - 15/06/2025 11:00","CTA|SE","10572.00","11948.00"
"15/06/2025 11:00 - 15/06/2025 12:00","CTA|SE","11015.00","11939.00"
"15/06/2025 12:00 - 15/06/2025 13:00","CTA|SE","10860.00","11898.00"
"15/06/2025 13:00 - 15/06/2025 14:00","CTA|SE","11005.00","11892.00"
"15/06/2025 14:00 - 15/06/2025 15:00","CTA|SE","11587.00","11938.00"
"15/06/2025 15:00 - 15/06/2025 16:00","CTA|SE","12337.00","12130.00"
"15/06/2025 16:00 - 15/06/2025 17:00","CTA|SE","12557.00","12257.00"
"15/06/2025 17:00 - 15/06/2025 18:00","CTA|SE","12712.00","12205.00"
"15/06/2025 18:00 - 15/06/2025 19:00","CTA|SE","12679.00","12177.00"
"15/06/2025 19:00 - 15/06/2025 20:00","CTA|SE","12239.00","11951.00"
"15/06/2025 20:00 - 15/06/2025 21:00","CTA|SE","11681.00","11802.00"
"15/06/2025 21:00 - 15/06/2025 22:00","CTA|SE","11212.00","11400.00"
"15/06/2025 22:00 - 15/06/2025 23:00","CTA|SE","10711.00","11134.00"
"15/06/2025 23:00 - 16/06/2025 00:00","CTA|SE","10522.00","10860.00"
"16/06/2025 00:00 - 16/06/2025 01:00","CTA|SE","10255.00","10744.00"
"16/06/2025 01:00 - 16/06/2025 02:00","CTA|SE","9977.00","10639.00"
"16/06/2025 02:00 - 16/06/2025 03:00","CTA|SE","9715.00","10492.00"
"16/06/2025 03:00 - 16/06/2025 04:00","CTA|SE","10735.00","10864.00"
"16/06/2025 04:00 - 16/06/2025 05:00","CTA|SE","12137.00","11794.00"
"16/06/2025 05:00 - 16/06/2025 06:00","CTA|SE","13261.00","13131.00"
"16/06/2025 06:00 - 16/06/2025 07:00","CTA|SE","13638.00","13690.00"
"16/06/2025 07:00 - 16/06/2025 08:00","CTA|SE","13980.00","13733.00"
"16/06/2025 08:00 - 16/06/2025 09:00","CTA|SE","14106.00","13842.00"
"16/06/2025 09:00 - 16/06/2025 10:00","CTA|SE","13865.00","13718.00"
"16/06/2025 10:00 - 16/06/2025 11:00","CTA|SE","13101.00","13626.00"
"16/06/2025 11:00 - 16/06/2025 12:00","CTA|SE","13173.00","13498.00"
"16/06/2025 12:00 - 16/06/2025 13:00","CTA|SE","13385.00","13389.00"
"16/06/2025 13:00 - 16/06/2025 14:00","CTA|SE","13444.00","13307.00"
"16/06/2025 14:00 - 16/06/2025 15:00","CTA|SE","13688.00","13347.00"
"16/06/2025 15:00 - 16/06/2025 16:00","CTA|SE","14055.00","13485.00"
"16/06/2025 16:00 - 16/06/2025 17:00","CTA|SE","13458.00","13527.00"
"16/06/2025 17:00 - 16/06/2025 18:00","CTA|SE","13585.00","13473.00"
"16/06/2025 18:00 - 16/06/2025 19:00","CTA|SE","13604.00","13381.00"
"16/06/2025 19:00 - 16/06/2025 20:00","CTA|SE","13354.00","13040.00"
"16/06/2025 20:00 - 16/06/2025 21:00","CTA|SE","12992.00","12801.00"
"16/06/2025 21:00 - 16/06/2025 22:00","CTA|SE","12170.00","12115.00"
"16/06/2025 22:00 - 16/06/2025 23:00","CTA|SE","11298.00","11541.00"
"16/06/2025 23:00 - 17/06/2025 00:00","CTA|SE","10801.00","11195.00"
"17/06/2025 00:00 - 17/06/2025 01:00","CTA|SE","10806.00","11085.00"
"17/06/2025 01:00 - 17/06/2025 02:00","CTA|SE","10384.00","10942.00"
"17/06/2025 02:00 - 17/06/2025 03:00","CTA|SE","10387.00","10801.00"
"17/06/2025 03:00 - 17/06/2025 04:00","CTA|SE","10858.00","11023.00"
"17/06/2025 04:00 - 17/06/2025 05:00","CTA|SE","12315.00","11848.00"
"17/06/2025 05:00 - 17/06/2025 06:00","CTA|SE","13425.00","13284.00"
"17/06/2025 06:00 - 17/06/2025 07:00","CTA|SE","13325.00","13687.00"
"17/06/2025 07:00 - 17/06/2025 08:00","CTA|SE","12956.00","13663.00"
"17/06/2025 08:00 - 17/06/2025 09:00","CTA|SE","13038.00","13754.00"
"17/06/2025 09:00 - 17/06/2025 10:00","CTA|SE","13433.00","13693.00"
"17/06/2025 10:00 - 17/06/2025 11:00","CTA|SE","13280.00","13683.00"
"17/06/2025 11:00 - 17/06/2025 12:00","CTA|SE","13276.00","13534.00"
"17/06/2025 12:00 - 17/06/2025 13:00","CTA|SE","13325.00","13393.00"
"17/06/2025 13:00 - 17/06/2025 14:00","CTA|SE","13314.00","13298.00"
"17/06/2025 14:00 - 17/06/2025 15:00","CTA|SE","13679.00","13364.00"
"17/06/2025 15:00 - 17/06/2025 16:00","CTA|SE","14107.00","13526.00"
"17/06/2025 16:00 - 17/06/2025 17:00","CTA|SE","13037.00","13580.00"
"17/06/2025 17:00 - 17/06/2025 18:00","CTA|SE","13269.00","13446.00"
"17/06/2025 18:00 - 17/06/2025 19:00","CTA|SE","12837.00","13377.00"
"17/06/2025 19:00 - 17/06/2025 20:00","CTA|SE","13355.00","12978.00"
"17/06/2025 20:00 - 17/06/2025 21:00","CTA|SE","12889.00","12711.00"
"17/06/2025 21:00 - 17/06/2025 22:00","CTA|SE","12107.00","12078.00"
"17/06/2025 22:00 - 17/06/2025 23:00","CTA|SE","11507.00","11446.00"
"17/06/2025 23:00 - 18/06/2025 00:00","CTA|SE","11106.00","11078.00"
"18/06/2025 00:00 - 18/06/2025 01:00","CTA|SE","10972.00","10920.00"
"18/06/2025 01:00 - 18/06/2025 02:00","CTA|SE","10415.00","10813.00"
"18/06/2025 02:00 - 18/06/2025 03:00","CTA|SE","10637.00","10746.00"
"18/06/2025 03:00 - 18/06/2025 04:00","CTA|SE","11187.00","11108.00"
"18/06/2025 04:00 - 18/06/2025 05:00","CTA|SE","12164.00","11991.00"
"18/06/2025 05:00 - 18/06/2025 06:00","CTA|SE","13435.00","13313.00"
"18/06/2025 06:00 - 18/06/2025 07:00","CTA|SE","13488.00","13718.00"
"18/06/2025 07:00 - 18/06/2025 08:00","CTA|SE","13473.00","13676.00"
"18/06/2025 08:00 - 18/06/2025 09:00","CTA|SE","13806.00","13705.00"
"18/06/2025 09:00 - 18/06/2025 10:00","CTA|SE","13364.00","13572.00"
"18/06/2025 10:00 - 18/06/2025 11:00","CTA|SE","13488.00","13580.00"
"18/06/2025 11:00 - 18/06/2025 12:00","CTA|SE","13458.00","13428.00"
"18/06/2025 12:00 - 18/06/2025 13:00","CTA|SE","13068.00","13335.00"
"18/06/2025 13:00 - 18/06/2025 14:00","CTA|SE","13098.00","13254.00"
"18/06/2025 14:00 - 18/06/2025 15:00","CTA|SE","13201.00","13309.00"
"18/06/2025 15:00 - 18/06/2025 16:00","CTA|SE","13331.00","13458.00"
"18/06/2025 16:00 - 18/06/2025 17:00","CTA|SE","13413.00","13556.00"
"18/06/2025 17:00 - 18/06/2025 18:00","CTA|SE","13540.00","13481.00"
"18/06/2025 18:00 - 18/06/2025 19:00","CTA|SE","13152.00","13393.00"
"18/06/2025 19:00 - 18/06/2025 20:00","CTA|SE","13181.00","13045.00"
"18/06/2025 20:00 - 18/06/2025 21:00","CTA|SE","12817.00","12844.00"
"18/06/2025 21:00 - 18/06/2025 22:00","CTA|SE","11835.00","12230.00"
"18/06/2025 22:00 - 18/06/2025 23:00","CTA|SE","11391.00","11552.00"
"18/06/2025 23:00 - 19/06/2025 00:00","CTA|SE","11136.00","11134.00"
"19/06/2025 00:00 - 19/06/2025 01:00","CTA|SE","10901.00","10991.00"
"19/06/2025 01:00 - 19/06/2025 02:00","CTA|SE","10714.00","10901.00"
"19/06/2025 02:00 - 19/06/2025 03:00","CTA|SE","10647.00","10810.00"
"19/06/2025 03:00 - 19/06/2025 04:00","CTA|SE","11167.00","10956.00"
"19/06/2025 04:00 - 19/06/2025 05:00","CTA|SE","12789.00","11905.00"
"19/06/2025 05:00 - 19/06/2025 06:00","CTA|SE","13283.00","13088.00"
"19/06/2025 06:00 - 19/06/2025 07:00","CTA|SE","12906.00","13630.00"
"19/06/2025 07:00 - 19/06/2025 08:00","CTA|SE","13281.00","13692.00"
"19/06/2025 08:00 - 19/06/2025 09:00","CTA|SE","13237.00","13627.00"
"19/06/2025 09:00 - 19/06/2025 10:00","CTA|SE","13245.00","13543.00"
"19/06/2025 10:00 - 19/06/2025 11:00","CTA|SE","13265.00","13373.00"
"19/06/2025 11:00 - 19/06/2025 12:00","CTA|SE","12905.00","13137.00"
"19/06/2025 12:00 - 19/06/2025 13:00","CTA|SE","12834.00","13118.00"
"19/06/2025 13:00 - 19/06/2025 14:00","CTA|SE","12700.00","12834.00"
"19/06/2025 14:00 - 19/06/2025 15:00","CTA|SE","12729.00","12747.00"
"19/06/2025 15:00 - 19/06/2025 16:00","CTA|SE","12597.00","12945.00"
"19/06/2025 16:00 - 19/06/2025 17:00","CTA|SE","12361.00","12947.00"
"19/06/2025 17:00 - 19/06/2025 18:00","CTA|SE","12419.00","12844.00"
"19/06/2025 18:00 - 19/06/2025 19:00","CTA|SE","12840.00","12785.00"
"19/06/2025 19:00 - 19/06/2025 20:00","CTA|SE","12717.00","12371.00"
"19/06/2025 20:00 - 19/06/2025 21:00","CTA|SE","11882.00","12217.00"
"19/06/2025 21:00 - 19/06/2025 22:00","CTA|SE","11354.00","11818.00"
"19/06/2025 22:00 - 19/06/2025 23:00","CTA|SE","10657.00","10959.00"
"19/06/2025 23:00 - 20/06/2025 00:00","CTA|SE","10352.00","10525.00"
"20/06/2025 00:00 - 20/06/2025 01:00","CTA|SE","9985.00","10278.00"
"20/06/2025 01:00 - 20/06/2025 02:00","CTA|SE","9785.00","10251.00"
"20/06/2025 02:00 - 20/06/2025 03:00","CTA|SE","9850.00","10044.00"
"20/06/2025 03:00 - 20/06/2025 04:00","CTA|SE","9770.00","9885.00"
"20/06/2025 04:00 - 20/06/2025 05:00","CTA|SE","10367.00","10033.00"
"20/06/2025 05:00 - 20/06/2025 06:00","CTA|SE","10504.00","10544.00"
"20/06/2025 06:00 - 20/06/2025 07:00","CTA|SE","11042.00","10885.00"
"20/06/2025 07:00 - 20/06/2025 08:00","CTA|SE","11422.00","11074.00"
"20/06/2025 08:00 - 20/06/2025 09:00","CTA|SE","11651.00","11163.00"
"20/06/2025 09:00 - 20/06/2025 10:00","CTA|SE","11667.00","11287.00"
"20/06/2025 10:00 - 20/06/2025 11:00","CTA|SE","11523.00","11205.00"
"20/06/2025 11:00 - 20/06/2025 12:00","CTA|SE","11309.00","11298.00"
"20/06/2025 12:00 - 20/06/2025 13:00","CTA|SE","11090.00","11148.00"
"20/06/2025 13:00 - 20/06/2025 14:00","CTA|SE","10646.00","11068.00"
"20/06/2025 14:00 - 20/06/2025 15:00","CTA|SE","10700.00","11197.00"
"20/06/2025 15:00 - 20/06/2025 16:00","CTA|SE","10669.00","11330.00"
"20/06/2025 16:00 - 20/06/2025 17:00","CTA|SE","10933.00","11420.00"
"20/06/2025 17:00 - 20/06/2025 18:00","CTA|SE","10647.00","11416.00"
"20/06/2025 18:00 - 20/06/2025 19:00","CTA|SE","10476.00","11294.00"
"20/06/2025 19:00 - 20/06/2025 20:00","CTA|SE","9915.00","11091.00"
"20/06/2025 20:00 - 20/06/2025 21:00","CTA|SE","10012.00","11094.00"
"20/06/2025 21:00 - 20/06/2025 22:00","CTA|SE","10344.00","10817.00"
"20/06/2025 22:00 - 20/06/2025 23:00","CTA|SE","10156.00","10584.00"
"20/06/2025 23:00 - 21/06/2025 00:00","CTA|SE","9560.00","10149.00"
"21/06/2025 00:00 - 21/06/2025 01:00","CTA|SE","9360.00","10007.00"
"21/06/2025 01:00 - 21/06/2025 02:00","CTA|SE","9203.00","9921.00"
"21/06/2025 02:00 - 21/06/2025 03:00","CTA|SE","9616.00","9678.00"
"21/06/2025 03:00 - 21/06/2025 04:00","CTA|SE","9401.00","9524.00"
"21/06/2025 04:00 - 21/06/2025 05:00","CTA|SE","9647.00","9636.00"
"21/06/2025 05:00 - 21/06/2025 06:00","CTA|SE","9727.00","10074.00"
"21/06/2025 06:00 - 21/06/2025 07:00","CTA|SE","10059.00","10344.00"
"21/06/2025 07:00 - 21/06/2025 08:00","CTA|SE","10241.00","10554.00"
"21/06/2025 08:00 - 21/06/2025 09:00","CTA|SE","10422.00","10723.00"
"21/06/2025 09:00 - 21/06/2025 10:00","CTA|SE","11043.00","10913.00"
"21/06/2025 10:00 - 21/06/2025 11:00","CTA|SE","11077.00","10860.00"
"21/06/2025 11:00 - 21/06/2025 12:00","CTA|SE","10938.00","10952.00"
"21/06/2025 12:00 - 21/06/2025 13:00","CTA|SE","10858.00","10910.00"
"21/06/2025 13:00 - 21/06/2025 14:00","CTA|SE","10464.00","10930.00"
"21/06/2025 14:00 - 21/06/2025 15:00","CTA|SE","10507.00","11064.00"
"21/06/2025 15:00 - 21/06/2025 16:00","CTA|SE","10670.00","11253.00"
"21/06/2025 16:00 - 21/06/2025 17:00","CTA|SE","11179.00","11388.00"
"21/06/2025 17:00 - 21/06/2025 18:00","CTA|SE","11680.00","11482.00"
"21/06/2025 18:00 - 21/06/2025 19:00","CTA|SE","12000.00","11371.00"
"21/06/2025 19:00 - 21/06/2025 20:00","CTA|SE","11659.00","11145.00"
"21/06/2025 20:00 - 21/06/2025 21:00","CTA|SE","11143.00","11127.00"
"21/06/2025 21:00 - 21/06/2025 22:00","CTA|SE","10649.00","10816.00"
"21/06/2025 22:00 - 21/06/2025 23:00","CTA|SE","10270.00","10583.00"
"21/06/2025 23:00 - 22/06/2025 00:00","CTA|SE","10258.00","10386.00"
"22/06/2025 00:00 - 22/06/2025 01:00","CTA|SE","10192.00","10202.00"
"22/06/2025 01:00 - 22/06/2025 02:00","CTA|SE","10007.00","9868.00"
"22/06/2025 02:00 - 22/06/2025 03:00","CTA|SE","9523.00","9758.00"
"22/06/2025 03:00 - 22/06/2025 04:00","CTA|SE","9503.00","9642.00"
"22/06/2025 04:00 - 22/06/2025 05:00","CTA|SE","9690.00","9753.00"
"22/06/2025 05:00 - 22/06/2025 06:00","CTA|SE","9841.00","10099.00"
"22/06/2025 06:00 - 22/06/2025 07:00","CTA|SE","10003.00","10291.00"
"22/06/2025 07:00 - 22/06/2025 08:00","CTA|SE","10529.00","10648.00"
"22/06/2025 08:00 - 22/06/2025 09:00","CTA|SE","10884.00","10851.00"
"22/06/2025 09:00 - 22/06/2025 10:00","CTA|SE","10956.00","11064.00"
"22/06/2025 10:00 - 22/06/2025 11:00","CTA|SE","10978.00","11104.00"
"22/06/2025 11:00 - 22/06/2025 12:00","CTA|SE","10855.00","11226.00"
"22/06/2025 12:00 - 22/06/2025 13:00","CTA|SE","11010.00","11208.00"
"22/06/2025 13:00 - 22/06/2025 14:00","CTA|SE","11281.00","11236.00"
"22/06/2025 14:00 - 22/06/2025 15:00","CTA|SE","11406.00","11487.00"
"22/06/2025 15:00 - 22/06/2025 16:00","CTA|SE","11859.00","11728.00"
"22/06/2025 16:00 - 22/06/2025 17:00","CTA|SE","11964.00","11964.00"
"22/06/2025 17:00 - 22/06/2025 18:00","CTA|SE","11785.00","12096.00"
"22/06/2025 18:00 - 22/06/2025 19:00","CTA|SE","11555.00","12124.00"
"22/06/2025 19:00 - 22/06/2025 20:00","CTA|SE","11277.00","11837.00"
"22/06/2025 20:00 - 22/06/2025 21:00","CTA|SE","11353.00","11624.00"
"22/06/2025 21:00 - 22/06/2025 22:00","CTA|SE","10764.00","11257.00"
"22/06/2025 22:00 - 22/06/2025 23:00","CTA|SE","10911.00","11214.00"
"22/06/2025 23:00 - 23/06/2025 00:00","CTA|SE","10550.00","10945.00"
"23/06/2025 00:00 - 23/06/2025 01:00","CTA|SE","10697.00","10793.00"
"23/06/2025 01:00 - 23/06/2025 02:00","CTA|SE","10630.00","10578.00"
"23/06/2025 02:00 - 23/06/2025 03:00","CTA|SE","10184.00","10458.00"
"23/06/2025 03:00 - 23/06/2025 04:00","CTA|SE","10463.00","10899.00"
"23/06/2025 04:00 - 23/06/2025 05:00","CTA|SE","11945.00","11698.00"
"23/06/2025 05:00 - 23/06/2025 06:00","CTA|SE","13313.00","12907.00"
"23/06/2025 06:00 - 23/06/2025 07:00","CTA|SE","14219.00","13533.00"
"23/06/2025 07:00 - 23/06/2025 08:00","CTA|SE","14236.00","13772.00"
"23/06/2025 08:00 - 23/06/2025 09:00","CTA|SE","14428.00","13858.00"
"23/06/2025 09:00 - 23/06/2025 10:00","CTA|SE","14699.00","13936.00"
"23/06/2025 10:00 - 23/06/2025 11:00","CTA|SE","14595.00","13937.00"
"23/06/2025 11:00 - 23/06/2025 12:00","CTA|SE","14868.00","13859.00"
"23/06/2025 12:00 - 23/06/2025 13:00","CTA|SE","14642.00","13780.00"
"23/06/2025 13:00 - 23/06/2025 14:00","CTA|SE","14327.00","13700.00"
"23/06/2025 14:00 - 23/06/2025 15:00","CTA|SE","14120.00","13599.00"
"23/06/2025 15:00 - 23/06/2025 16:00","CTA|SE","14208.00","13659.00"
"23/06/2025 16:00 - 23/06/2025 17:00","CTA|SE","14162.00","13669.00"
"23/06/2025 17:00 - 23/06/2025 18:00","CTA|SE","14271.00","13694.00"
"23/06/2025 18:00 - 23/06/2025 19:00","CTA|SE","13574.00","13554.00"
"23/06/2025 19:00 - 23/06/2025 20:00","CTA|SE","13355.00","13257.00"
"23/06/2025 20:00 - 23/06/2025 21:00","CTA|SE","12826.00","12897.00"
"23/06/2025 21:00 - 23/06/2025 22:00","CTA|SE","12271.00","12190.00"
"23/06/2025 22:00 - 23/06/2025 23:00","CTA|SE","11678.00","11697.00"
"23/06/2025 23:00 - 24/06/2025 00:00","CTA|SE","11263.00","11377.00"
"24/06/2025 00:00 - 24/06/2025 01:00","CTA|SE","11253.00","11178.00"
"24/06/2025 01:00 - 24/06/2025 02:00","CTA|SE","11074.00","10947.00"
"24/06/2025 02:00 - 24/06/2025 03:00","CTA|SE","10987.00","10770.00"
"24/06/2025 03:00 - 24/06/2025 04:00","CTA|SE","11078.00","11095.00"
"24/06/2025 04:00 - 24/06/2025 05:00","CTA|SE","12120.00","11921.00"
"24/06/2025 05:00 - 24/06/2025 06:00","CTA|SE","13387.00","13215.00"
"24/06/2025 06:00 - 24/06/2025 07:00","CTA|SE","13555.00","13747.00"
"24/06/2025 07:00 - 24/06/2025 08:00","CTA|SE","13826.00","13918.00"
"24/06/2025 08:00 - 24/06/2025 09:00","CTA|SE","14078.00","14000.00"
"24/06/2025 09:00 - 24/06/2025 10:00","CTA|SE","14200.00","14028.00"
"24/06/2025 10:00 - 24/06/2025 11:00","CTA|SE","14240.00","13984.00"
"24/06/2025 11:00 - 24/06/2025 12:00","CTA|SE","14272.00","13893.00"
"24/06/2025 12:00 - 24/06/2025 13:00","CTA|SE","14302.00","13793.00"
"24/06/2025 13:00 - 24/06/2025 14:00","CTA|SE","14085.00","13713.00"
"24/06/2025 14:00 - 24/06/2025 15:00","CTA|SE","13888.00","13577.00"
"24/06/2025 15:00 - 24/06/2025 16:00","CTA|SE","14359.00","13668.00"
"24/06/2025 16:00 - 24/06/2025 17:00","CTA|SE","14429.00","13646.00"
"24/06/2025 17:00 - 24/06/2025 18:00","CTA|SE","14145.00","13652.00"
"24/06/2025 18:00 - 24/06/2025 19:00","CTA|SE","13832.00","13519.00"
"24/06/2025 19:00 - 24/06/2025 20:00","CTA|SE","13416.00","13201.00"
"24/06/2025 20:00 - 24/06/2025 21:00","CTA|SE","13159.00","12897.00"
"24/06/2025 21:00 - 24/06/2025 22:00","CTA|SE","12745.00","12238.00"
"24/06/2025 22:00 - 24/06/2025 23:00","CTA|SE","11922.00","11639.00"
"24/06/2025 23:00 - 25/06/2025 00:00","CTA|SE","11333.00","11324.00"
"25/06/2025 00:00 - 25/06/2025 01:00","CTA|SE","11210.00","11149.00"
"25/06/2025 01:00 - 25/06/2025 02:00","CTA|SE","11018.00","11060.00"
"25/06/2025 02:00 - 25/06/2025 03:00","CTA|SE","10841.00","10940.00"
"25/06/2025 03:00 - 25/06/2025 04:00","CTA|SE","10903.00","11183.00"
"25/06/2025 04:00 - 25/06/2025 05:00","CTA|SE","12367.00","12054.00"
"25/06/2025 05:00 - 25/06/2025 06:00","CTA|SE","13581.00","13256.00"
"25/06/2025 06:00 - 25/06/2025 07:00","CTA|SE","13878.00","13763.00"
"25/06/2025 07:00 - 25/06/2025 08:00","CTA|SE","13865.00","13980.00"
"25/06/2025 08:00 - 25/06/2025 09:00","CTA|SE","13896.00","14017.00"
"25/06/2025 09:00 - 25/06/2025 10:00","CTA|SE","13885.00","14057.00"
"25/06/2025 10:00 - 25/06/2025 11:00","CTA|SE","13961.00","13995.00"
"25/06/2025 11:00 - 25/06/2025 12:00","CTA|SE","13831.00","13873.00"
"25/06/2025 12:00 - 25/06/2025 13:00","CTA|SE","13622.00","13757.00"
"25/06/2025 13:00 - 25/06/2025 14:00","CTA|SE","13455.00","13627.00"
"25/06/2025 14:00 - 25/06/2025 15:00","CTA|SE","13209.00","13472.00"
"25/06/2025 15:00 - 25/06/2025 16:00","CTA|SE","13243.00","13511.00"
"25/06/2025 16:00 - 25/06/2025 17:00","CTA|SE","13182.00","13510.00"
"25/06/2025 17:00 - 25/06/2025 18:00","CTA|SE","13352.00","13539.00"
"25/06/2025 18:00 - 25/06/2025 19:00","CTA|SE","13303.00","13430.00"
"25/06/2025 19:00 - 25/06/2025 20:00","CTA|SE","13112.00","13155.00"
"25/06/2025 20:00 - 25/06/2025 21:00","CTA|SE","12820.00","12883.00"
"25/06/2025 21:00 - 25/06/2025 22:00","CTA|SE","12024.00","12255.00"
"25/06/2025 22:00 - 25/06/2025 23:00","CTA|SE","11771.00","11763.00"
"25/06/2025 23:00 - 26/06/2025 00:00","CTA|SE","11318.00","11445.00"
"26/06/2025 00:00 - 26/06/2025 01:00","CTA|SE","11251.00","11242.00"
"26/06/2025 01:00 - 26/06/2025 02:00","CTA|SE","11247.00","11221.00"
"26/06/2025 02:00 - 26/06/2025 03:00","CTA|SE","11091.00","11035.00"
"26/06/2025 03:00 - 26/06/2025 04:00","CTA|SE","11422.00","11214.00"
"26/06/2025 04:00 - 26/06/2025 05:00","CTA|SE","12657.00","11955.00"
"26/06/2025 05:00 - 26/06/2025 06:00","CTA|SE","14017.00","13110.00"
"26/06/2025 06:00 - 26/06/2025 07:00","CTA|SE","14444.00","13629.00"
"26/06/2025 07:00 - 26/06/2025 08:00","CTA|SE","13881.00","13800.00"
"26/06/2025 08:00 - 26/06/2025 09:00","CTA|SE","13655.00","13946.00"
"26/06/2025 09:00 - 26/06/2025 10:00","CTA|SE","13745.00","13987.00"
"26/06/2025 10:00 - 26/06/2025 11:00","CTA|SE","13608.00","13953.00"
"26/06/2025 11:00 - 26/06/2025 12:00","CTA|SE","13491.00","13917.00"
"26/06/2025 12:00 - 26/06/2025 13:00","CTA|SE","13427.00","13718.00"
"26/06/2025 13:00 - 26/06/2025 14:00","CTA|SE","13549.00","13677.00"
"26/06/2025 14:00 - 26/06/2025 15:00","CTA|SE","13482.00","13669.00"
"26/06/2025 15:00 - 26/06/2025 16:00","CTA|SE","13552.00","13662.00"
"26/06/2025 16:00 - 26/06/2025 17:00","CTA|SE","13350.00","13759.00"
"26/06/2025 17:00 - 26/06/2025 18:00","CTA|SE","13322.00","13674.00"
"26/06/2025 18:00 - 26/06/2025 19:00","CTA|SE","13433.00","13480.00"
"26/06/2025 19:00 - 26/06/2025 20:00","CTA|SE","12570.00","13280.00"
"26/06/2025 20:00 - 26/06/2025 21:00","CTA|SE","12235.00","12861.00"
"26/06/2025 21:00 - 26/06/2025 22:00","CTA|SE","11216.00","12172.00"
"26/06/2025 22:00 - 26/06/2025 23:00","CTA|SE","10943.00","11774.00"
"26/06/2025 23:00 - 27/06/2025 00:00","CTA|SE","10706.00","11378.00"
"27/06/2025 00:00 - 27/06/2025 01:00","CTA|SE","10562.00","11183.00"
"27/06/2025 01:00 - 27/06/2025 02:00","CTA|SE","10631.00","11033.00"
"27/06/2025 02:00 - 27/06/2025 03:00","CTA|SE","10997.00","10895.00"
"27/06/2025 03:00 - 27/06/2025 04:00","CTA|SE","11334.00","11065.00"
"27/06/2025 04:00 - 27/06/2025 05:00","CTA|SE","12126.00","11853.00"
"27/06/2025 05:00 - 27/06/2025 06:00","CTA|SE","12868.00","13056.00"
"27/06/2025 06:00 - 27/06/2025 07:00","CTA|SE","13754.00","13568.00"
"27/06/2025 07:00 - 27/06/2025 08:00","CTA|SE","14270.00","13893.00"
"27/06/2025 08:00 - 27/06/2025 09:00","CTA|SE","14180.00","13999.00"
"27/06/2025 09:00 - 27/06/2025 10:00","CTA|SE","13879.00","13939.00"
"27/06/2025 10:00 - 27/06/2025 11:00","CTA|SE","13967.00","13857.00"
"27/06/2025 11:00 - 27/06/2025 12:00","CTA|SE","13205.00","13632.00"
"27/06/2025 12:00 - 27/06/2025 13:00","CTA|SE","12520.00","13456.00"
"27/06/2025 13:00 - 27/06/2025 14:00","CTA|SE","12270.00","13162.00"
"27/06/2025 14:00 - 27/06/2025 15:00","CTA|SE","11863.00","13076.00"
"27/06/2025 15:00 - 27/06/2025 16:00","CTA|SE","12284.00","13031.00"
"27/06/2025 16:00 - 27/06/2025 17:00","CTA|SE","12265.00","12971.00"
"27/06/2025 17:00 - 27/06/2025 18:00","CTA|SE","12741.00","12878.00"
"27/06/2025 18:00 - 27/06/2025 19:00","CTA|SE","12800.00","12736.00"
"27/06/2025 19:00 - 27/06/2025 20:00","CTA|SE","12120.00","12466.00"
"27/06/2025 20:00 - 27/06/2025 21:00","CTA|SE","11540.00","12334.00"
"27/06/2025 21:00 - 27/06/2025 22:00","CTA|SE","11388.00","11867.00"
"27/06/2025 22:00 - 27/06/2025 23:00","CTA|SE","10850.00","10982.00"
"27/06/2025 23:00 - 28/06/2025 00:00","CTA|SE","10941.00","10630.00"
"28/06/2025 00:00 - 28/06/2025 01:00","CTA|SE","10428.00","10463.00"
"28/06/2025 01:00 - 28/06/2025 02:00","CTA|SE","9989.00","10345.00"
"28/06/2025 02:00 - 28/06/2025 03:00","CTA|SE","9932.00","10173.00"
"28/06/2025 03:00 - 28/06/2025 04:00","CTA|SE","10161.00","10090.00"
"28/06/2025 04:00 - 28/06/2025 05:00","CTA|SE","10693.00","10207.00"
"28/06/2025 05:00 - 28/06/2025 06:00","CTA|SE","11030.00","10532.00"
"28/06/2025 06:00 - 28/06/2025 07:00","CTA|SE","11587.00","10936.00"
"28/06/2025 07:00 - 28/06/2025 08:00","CTA|SE","11538.00","11381.00"
"28/06/2025 08:00 - 28/06/2025 09:00","CTA|SE","11793.00","11679.00"
"28/06/2025 09:00 - 28/06/2025 10:00","CTA|SE","12174.00","11907.00"
"28/06/2025 10:00 - 28/06/2025 11:00","CTA|SE","12317.00","12013.00"
"28/06/2025 11:00 - 28/06/2025 12:00","CTA|SE","12254.00","12019.00"
"28/06/2025 12:00 - 28/06/2025 13:00","CTA|SE","12009.00","11954.00"
"28/06/2025 13:00 - 28/06/2025 14:00","CTA|SE","11940.00","11906.00"
"28/06/2025 14:00 - 28/06/2025 15:00","CTA|SE","11909.00","11906.00"
"28/06/2025 15:00 - 28/06/2025 16:00","CTA|SE","12202.00","12043.00"
"28/06/2025 16:00 - 28/06/2025 17:00","CTA|SE","12321.00","12202.00"
"28/06/2025 17:00 - 28/06/2025 18:00","CTA|SE","12047.00","12181.00"
"28/06/2025 18:00 - 28/06/2025 19:00","CTA|SE","11201.00","12046.00"
"28/06/2025 19:00 - 28/06/2025 20:00","CTA|SE","11115.00","11760.00"
"28/06/2025 20:00 - 28/06/2025 21:00","CTA|SE","10388.00","11581.00"
"28/06/2025 21:00 - 28/06/2025 22:00","CTA|SE","10151.00","11234.00"
"28/06/2025 22:00 - 28/06/2025 23:00","CTA|SE","9770.00","10705.00"
"28/06/2025 23:00 - 29/06/2025 00:00","CTA|SE","10163.00","10377.00"
"29/06/2025 00:00 - 29/06/2025 01:00","CTA|SE","10408.00","10233.00"
"29/06/2025 01:00 - 29/06/2025 02:00","CTA|SE","10327.00","10092.00"
"29/06/2025 02:00 - 29/06/2025 03:00","CTA|SE","9817.00","9873.00"
"29/06/2025 03:00 - 29/06/2025 04:00","CTA|SE","9655.00","9750.00"
"29/06/2025 04:00 - 29/06/2025 05:00","CTA|SE","10135.00","9850.00"
"29/06/2025 05:00 - 29/06/2025 06:00","CTA|SE","9643.00","10139.00"
"29/06/2025 06:00 - 29/06/2025 07:00","CTA|SE","10188.00","10511.00"
"29/06/2025 07:00 - 29/06/2025 08:00","CTA|SE","10343.00","10943.00"
"29/06/2025 08:00 - 29/06/2025 09:00","CTA|SE","10535.00","11241.00"
"29/06/2025 09:00 - 29/06/2025 10:00","CTA|SE","11013.00","11446.00"
"29/06/2025 10:00 - 29/06/2025 11:00","CTA|SE","11193.00","11551.00"
"29/06/2025 11:00 - 29/06/2025 12:00","CTA|SE","11401.00","11556.00"
"29/06/2025 12:00 - 29/06/2025 13:00","CTA|SE","11559.00","11527.00"
"29/06/2025 13:00 - 29/06/2025 14:00","CTA|SE","11443.00","11529.00"
"29/06/2025 14:00 - 29/06/2025 15:00","CTA|SE","11870.00","11639.00"
"29/06/2025 15:00 - 29/06/2025 16:00","CTA|SE","11867.00","11928.00"
"29/06/2025 16:00 - 29/06/2025 17:00","CTA|SE","11959.00","12219.00"
"29/06/2025 17:00 - 29/06/2025 18:00","CTA|SE","12331.00","12310.00"
"29/06/2025 18:00 - 29/06/2025 19:00","CTA|SE","11939.00","12281.00"
"29/06/2025 19:00 - 29/06/2025 20:00","CTA|SE","11747.00","12107.00"
"29/06/2025 20:00 - 29/06/2025 21:00","CTA|SE","11704.00","11979.00"
"29/06/2025 21:00 - 29/06/2025 22:00","CTA|SE","11745.00","11564.00"
"29/06/2025 22:00 - 29/06/2025 23:00","CTA|SE","10709.00","11198.00"
"29/06/2025 23:00 - 30/06/2025 00:00","CTA|SE","10343.00","10917.00"
"30/06/2025 00:00 - 30/06/2025 01:00","CTA|SE","10493.00","10766.00"
"30/06/2025 01:00 - 30/06/2025 02:00","CTA|SE","10284.00","10678.00"
"30/06/2025 02:00 - 30/06/2025 03:00","CTA|SE","10552.00","10585.00"
"30/06/2025 03:00 - 30/06/2025 04:00","CTA|SE","11005.00","10852.00"
"30/06/2025 04:00 - 30/06/2025 05:00","CTA|SE","12061.00","11875.00"
"30/06/2025 05:00 - 30/06/2025 06:00","CTA|SE","13010.00","13098.00"
"30/06/2025 06:00 - 30/06/2025 07:00","CTA|SE","13115.00","13720.00"
"30/06/2025 07:00 - 30/06/2025 08:00","CTA|SE","12969.00","13886.00"
"30/06/2025 08:00 - 30/06/2025 09:00","CTA|SE","13037.00","13948.00"
"30/06/2025 09:00 - 30/06/2025 10:00","CTA|SE","13133.00","13962.00"
"30/06/2025 10:00 - 30/06/2025 11:00","CTA|SE","13006.00","13878.00"
"30/06/2025 11:00 - 30/06/2025 12:00","CTA|SE","13130.00","13813.00"
"30/06/2025 12:00 - 30/06/2025 13:00","CTA|SE","13173.00","13681.00"
"30/06/2025 13:00 - 30/06/2025 14:00","CTA|SE","13449.00","13587.00"
"30/06/2025 14:00 - 30/06/2025 15:00","CTA|SE","13388.00","13459.00"
"30/06/2025 15:00 - 30/06/2025 16:00","CTA|SE","13508.00","13541.00"
"30/06/2025 16:00 - 30/06/2025 17:00","CTA|SE","13825.00","13526.00"
"30/06/2025 17:00 - 30/06/2025 18:00","CTA|SE","13637.00","13453.00"
"30/06/2025 18:00 - 30/06/2025 19:00","CTA|SE","13553.00","13330.00"
"30/06/2025 19:00 - 30/06/2025 20:00","CTA|SE","13082.00","13059.00"
"30/06/2025 20:00 - 30/06/2025 21:00","CTA|SE","12343.00","12715.00"
"30/06/2025 21:00 - 30/06/2025 22:00","CTA|SE","11868.00","12095.00"
"30/06/2025 22:00 - 30/06/2025 23:00","CTA|SE","11440.00","11573.00"
"30/06/2025 23:00 - 01/07/2025 00:00","CTA|SE","11109.00","11197.00"
"01/07/2025 00:00 - 01/07/2025 01:00","CTA|SE","11085.00","11008.00"
"01/07/2025 01:00 - 01/07/2025 02:00","CTA|SE","10891.00","10889.00"
"01/07/2025 02:00 - 01/07/2025 03:00","CTA|SE","10636.00","10776.00"
"01/07/2025 03:00 - 01/07/2025 04:00","CTA|SE","10985.00","10984.00"
"01/07/2025 04:00 - 01/07/2025 05:00","CTA|SE","12176.00","11912.00"
"01/07/2025 05:00 - 01/07/2025 06:00","CTA|SE","12789.00","13048.00"
"01/07/2025 06:00 - 01/07/2025 07:00","CTA|SE","12834.00","13514.00"
"01/07/2025 07:00 - 01/07/2025 08:00","CTA|SE","13036.00","13650.00"
"01/07/2025 08:00 - 01/07/2025 09:00","CTA|SE","13333.00","13696.00"
"01/07/2025 09:00 - 01/07/2025 10:00","CTA|SE","13242.00","13673.00"
"01/07/2025 10:00 - 01/07/2025 11:00","CTA|SE","13001.00","13642.00"
"01/07/2025 11:00 - 01/07/2025 12:00","CTA|SE","12679.00","13569.00"
"01/07/2025 12:00 - 01/07/2025 13:00","CTA|SE","12559.00","13422.00"
"01/07/2025 13:00 - 01/07/2025 14:00","CTA|SE","12365.00","13371.00"
"01/07/2025 14:00 - 01/07/2025 15:00","CTA|SE","12813.00","13270.00"
"01/07/2025 15:00 - 01/07/2025 16:00","CTA|SE","13117.00","13375.00"
"01/07/2025 16:00 - 01/07/2025 17:00","CTA|SE","12962.00","13335.00"
"01/07/2025 17:00 - 01/07/2025 18:00","CTA|SE","13046.00","13294.00"
"01/07/2025 18:00 - 01/07/2025 19:00","CTA|SE","12857.00","13155.00"
"01/07/2025 19:00 - 01/07/2025 20:00","CTA|SE","12266.00","12905.00"
"01/07/2025 20:00 - 01/07/2025 21:00","CTA|SE","11664.00","12618.00"
"01/07/2025 21:00 - 01/07/2025 22:00","CTA|SE","11572.00","12052.00"
"01/07/2025 22:00 - 01/07/2025 23:00","CTA|SE","11034.00","11449.00"
"01/07/2025 23:00 - 02/07/2025 00:00","CTA|SE","10796.00","11069.00"
"02/07/2025 00:00 - 02/07/2025 01:00","CTA|SE","10333.00","10904.00"
"02/07/2025 01:00 - 02/07/2025 02:00","CTA|SE","10014.00","10756.00"
"02/07/2025 02:00 - 02/07/2025 03:00","CTA|SE","10167.00","10643.00"
"02/07/2025 03:00 - 02/07/2025 04:00","CTA|SE","10978.00","10897.00"
"02/07/2025 04:00 - 02/07/2025 05:00","CTA|SE","11978.00","11827.00"
"02/07/2025 05:00 - 02/07/2025 06:00","CTA|SE","13001.00","12965.00"
"02/07/2025 06:00 - 02/07/2025 07:00","CTA|SE","13451.00","13451.00"
"02/07/2025 07:00 - 02/07/2025 08:00","CTA|SE","13736.00","13609.00"
"02/07/2025 08:00 - 02/07/2025 09:00","CTA|SE","14129.00","13668.00"
"02/07/2025 09:00 - 02/07/2025 10:00","CTA|SE","14362.00","13656.00"
"02/07/2025 10:00 - 02/07/2025 11:00","CTA|SE","14321.00","13638.00"
"02/07/2025 11:00 - 02/07/2025 12:00","CTA|SE","14313.00","13551.00"
"02/07/2025 12:00 - 02/07/2025 13:00","CTA|SE","14590.00","13420.00"
"02/07/2025 13:00 - 02/07/2025 14:00","CTA|SE","14965.00","13339.00"
"02/07/2025 14:00 - 02/07/2025 15:00","CTA|SE","14639.00","13231.00"
"02/07/2025 15:00 - 02/07/2025 16:00","CTA|SE","14040.00","13301.00"
"02/07/2025 16:00 - 02/07/2025 17:00","CTA|SE","13618.00","13269.00"
"02/07/2025 17:00 - 02/07/2025 18:00","CTA|SE","13614.00","13241.00"
"02/07/2025 18:00 - 02/07/2025 19:00","CTA|SE","13092.00","13138.00"
"02/07/2025 19:00 - 02/07/2025 20:00","CTA|SE","13006.00","12898.00"
"02/07/2025 20:00 - 02/07/2025 21:00","CTA|SE","12725.00","12585.00"
"02/07/2025 21:00 - 02/07/2025 22:00","CTA|SE","11594.00","11999.00"
"02/07/2025 22:00 - 02/07/2025 23:00","CTA|SE","10092.00","11436.00"
"02/07/2025 23:00 - 03/07/2025 00:00","CTA|SE","9626.00","11075.00"
"03/07/2025 00:00 - 03/07/2025 01:00","CTA|SE","9903.00","10911.00"
"03/07/2025 01:00 - 03/07/2025 02:00","CTA|SE","10328.00","10712.00"
"03/07/2025 02:00 - 03/07/2025 03:00","CTA|SE","9842.00","10621.00"
"03/07/2025 03:00 - 03/07/2025 04:00","CTA|SE","10876.00","10905.00"
"03/07/2025 04:00 - 03/07/2025 05:00","CTA|SE","12036.00","11845.00"
"03/07/2025 05:00 - 03/07/2025 06:00","CTA|SE","12973.00","13039.00"
"03/07/2025 06:00 - 03/07/2025 07:00","CTA|SE","13442.00","13507.00"
"03/07/2025 07:00 - 03/07/2025 08:00","CTA|SE","13171.00","13648.00"
"03/07/2025 08:00 - 03/07/2025 09:00","CTA|SE","13517.00","13691.00"
"03/07/2025 09:00 - 03/07/2025 10:00","CTA|SE","12949.00","13635.00"
"03/07/2025 10:00 - 03/07/2025 11:00","CTA|SE","13190.00","13653.00"
"03/07/2025 11:00 - 03/07/2025 12:00","CTA|SE","13020.00","13576.00"
"03/07/2025 12:00 - 03/07/2025 13:00","CTA|SE","13015.00","13507.00"
"03/07/2025 13:00 - 03/07/2025 14:00","CTA|SE","12988.00","13438.00"
"03/07/2025 14:00 - 03/07/2025 15:00","CTA|SE","12974.00","13371.00"
"03/07/2025 15:00 - 03/07/2025 16:00","CTA|SE","13074.00","13452.00"
"03/07/2025 16:00 - 03/07/2025 17:00","CTA|SE","12954.00","13419.00"
"03/07/2025 17:00 - 03/07/2025 18:00","CTA|SE","13400.00","13350.00"
"03/07/2025 18:00 - 03/07/2025 19:00","CTA|SE","13509.00","13234.00"
"03/07/2025 19:00 - 03/07/2025 20:00","CTA|SE","13280.00","12952.00"
"03/07/2025 20:00 - 03/07/2025 21:00","CTA|SE","12766.00","12616.00"
"03/07/2025 21:00 - 03/07/2025 22:00","CTA|SE","11866.00","12074.00"
"03/07/2025 22:00 - 03/07/2025 23:00","CTA|SE","11344.00","11548.00"
"03/07/2025 23:00 - 04/07/2025 00:00","CTA|SE","11060.00","11149.00"
"04/07/2025 00:00 - 04/07/2025 01:00","CTA|SE","10712.00","10929.00"
"04/07/2025 01:00 - 04/07/2025 02:00","CTA|SE","10726.00","10799.00"
"04/07/2025 02:00 - 04/07/2025 03:00","CTA|SE","10578.00","10706.00"
"04/07/2025 03:00 - 04/07/2025 04:00","CTA|SE","10781.00","10908.00"
"04/07/2025 04:00 - 04/07/2025 05:00","CTA|SE","11798.00","11813.00"
"04/07/2025 05:00 - 04/07/2025 06:00","CTA|SE","12769.00","12887.00"
"04/07/2025 06:00 - 04/07/2025 07:00","CTA|SE","13141.00","13353.00"
"04/07/2025 07:00 - 04/07/2025 08:00","CTA|SE","12880.00","13489.00"
"04/07/2025 08:00 - 04/07/2025 09:00","CTA|SE","12843.00","13553.00"
"04/07/2025 09:00 - 04/07/2025 10:00","CTA|SE","12717.00","13536.00"
"04/07/2025 10:00 - 04/07/2025 11:00","CTA|SE","12612.00","13450.00"
"04/07/2025 11:00 - 04/07/2025 12:00","CTA|SE","12906.00","13253.00"
"04/07/2025 12:00 - 04/07/2025 13:00","CTA|SE","12857.00","13037.00"
"04/07/2025 13:00 - 04/07/2025 14:00","CTA|SE","12552.00","12892.00"
"04/07/2025 14:00 - 04/07/2025 15:00","CTA|SE","12689.00","12822.00"
"04/07/2025 15:00 - 04/07/2025 16:00","CTA|SE","13083.00","12846.00"
"04/07/2025 16:00 - 04/07/2025 17:00","CTA|SE","12993.00","12812.00"
"04/07/2025 17:00 - 04/07/2025 18:00","CTA|SE","13005.00","12665.00"
"04/07/2025 18:00 - 04/07/2025 19:00","CTA|SE","12585.00","12468.00"
"04/07/2025 19:00 - 04/07/2025 20:00","CTA|SE","12285.00","12160.00"
"04/07/2025 20:00 - 04/07/2025 21:00","CTA|SE","11757.00","11893.00"
"04/07/2025 21:00 - 04/07/2025 22:00","CTA|SE","11223.00","11503.00"
"04/07/2025 22:00 - 04/07/2025 23:00","CTA|SE","11103.00","10898.00"
"04/07/2025 23:00 - 05/07/2025 00:00","CTA|SE","10900.00","10616.00"
"05/07/2025 00:00 - 05/07/2025 01:00","CTA|SE","10659.00","10386.00"
"05/07/2025 01:00 - 05/07/2025 02:00","CTA|SE","10458.00","10198.00"
"05/07/2025 02:00 - 05/07/2025 03:00","CTA|SE","10176.00","10023.00"
"05/07/2025 03:00 - 05/07/2025 04:00","CTA|SE","10219.00","9955.00"
"05/07/2025 04:00 - 05/07/2025 05:00","CTA|SE","10128.00","10138.00"
"05/07/2025 05:00 - 05/07/2025 06:00","CTA|SE","10744.00","10466.00"
"05/07/2025 06:00 - 05/07/2025 07:00","CTA|SE","11047.00","10912.00"
"05/07/2025 07:00 - 05/07/2025 08:00","CTA|SE","11308.00","11353.00"
"05/07/2025 08:00 - 05/07/2025 09:00","CTA|SE","11563.00","11715.00"
"05/07/2025 09:00 - 05/07/2025 10:00","CTA|SE","12020.00","11977.00"
"05/07/2025 10:00 - 05/07/2025 11:00","CTA|SE","11916.00","12116.00"
"05/07/2025 11:00 - 05/07/2025 12:00","CTA|SE","11772.00","12108.00"
"05/07/2025 12:00 - 05/07/2025 13:00","CTA|SE","11999.00","11969.00"
"05/07/2025 13:00 - 05/07/2025 14:00","CTA|SE","11953.00","11920.00"
"05/07/2025 14:00 - 05/07/2025 15:00","CTA|SE","12175.00","11994.00"
"05/07/2025 15:00 - 05/07/2025 16:00","CTA|SE","12583.00","12095.00"
"05/07/2025 16:00 - 05/07/2025 17:00","CTA|SE","12311.00","12116.00"
"05/07/2025 17:00 - 05/07/2025 18:00","CTA|SE","11983.00","12006.00"
"05/07/2025 18:00 - 05/07/2025 19:00","CTA|SE","11900.00","11771.00"
"05/07/2025 19:00 - 05/07/2025 20:00","CTA|SE","11578.00","11582.00"
"05/07/2025 20:00 - 05/07/2025 21:00","CTA|SE","11221.00","11391.00"
"05/07/2025 21:00 - 05/07/2025 22:00","CTA|SE","10637.00","11096.00"
"05/07/2025 22:00 - 05/07/2025 23:00","CTA|SE","10528.00","10656.00"
"05/07/2025 23:00 - 06/07/2025 00:00","CTA|SE","10433.00","10330.00"
"06/07/2025 00:00 - 06/07/2025 01:00","CTA|SE","9900.00","10156.00"
"06/07/2025 01:00 - 06/07/2025 02:00","CTA|SE","9825.00","10036.00"
"06/07/2025 02:00 - 06/07/2025 03:00","CTA|SE","9582.00","9817.00"
"06/07/2025 03:00 - 06/07/2025 04:00","CTA|SE","9496.00","9746.00"
"06/07/2025 04:00 - 06/07/2025 05:00","CTA|SE","9965.00","9879.00"
"06/07/2025 05:00 - 06/07/2025 06:00","CTA|SE","10390.00","10164.00"
"06/07/2025 06:00 - 06/07/2025 07:00","CTA|SE","10890.00","10617.00"
"06/07/2025 07:00 - 06/07/2025 08:00","CTA|SE","11255.00","11073.00"
"06/07/2025 08:00 - 06/07/2025 09:00","CTA|SE","11645.00","11454.00"
"06/07/2025 09:00 - 06/07/2025 10:00","CTA|SE","12107.00","11763.00"
"06/07/2025 10:00 - 06/07/2025 11:00","CTA|SE","12090.00","11907.00"
"06/07/2025 11:00 - 06/07/2025 12:00","CTA|SE","12259.00","11895.00"
"06/07/2025 12:00 - 06/07/2025 13:00","CTA|SE","12092.00","11904.00"
"06/07/2025 13:00 - 06/07/2025 14:00","CTA|SE","11946.00","11824.00"
"06/07/2025 14:00 - 06/07/2025 15:00","CTA|SE","11448.00","11889.00"
"06/07/2025 15:00 - 06/07/2025 16:00","CTA|SE","11895.00","12045.00"
"06/07/2025 16:00 - 06/07/2025 17:00","CTA|SE","12037.00","12229.00"
"06/07/2025 17:00 - 06/07/2025 18:00","CTA|SE","12205.00","12258.00"
"06/07/2025 18:00 - 06/07/2025 19:00","CTA|SE","12211.00","12163.00"
"06/07/2025 19:00 - 06/07/2025 20:00","CTA|SE","11762.00","11944.00"
"06/07/2025 20:00 - 06/07/2025 21:00","CTA|SE","11727.00","11780.00"
"06/07/2025 21:00 - 06/07/2025 22:00","CTA|SE","11404.00","11430.00"
"06/07/2025 22:00 - 06/07/2025 23:00","CTA|SE","10978.00","10972.00"
"06/07/2025 23:00 - 07/07/2025 00:00","CTA|SE","10519.00","10720.00"
"07/07/2025 00:00 - 07/07/2025 01:00","CTA|SE","10376.00","10558.00"
"07/07/2025 01:00 - 07/07/2025 02:00","CTA|SE","10361.00","10465.00"
"07/07/2025 02:00 - 07/07/2025 03:00","CTA|SE","10230.00","10368.00"
"07/07/2025 03:00 - 07/07/2025 04:00","CTA|SE","10359.00","10577.00"
"07/07/2025 04:00 - 07/07/2025 05:00","CTA|SE","11188.00","11276.00"
"07/07/2025 05:00 - 07/07/2025 06:00","CTA|SE","12091.00","12308.00"
"07/07/2025 06:00 - 07/07/2025 07:00","CTA|SE","12695.00","12943.00"
"07/07/2025 07:00 - 07/07/2025 08:00","CTA|SE","13147.00","13246.00"
"07/07/2025 08:00 - 07/07/2025 09:00","CTA|SE","13243.00","13513.00"
"07/07/2025 09:00 - 07/07/2025 10:00","CTA|SE","13265.00","13615.00"
"07/07/2025 10:00 - 07/07/2025 11:00","CTA|SE","13230.00","13608.00"
"07/07/2025 11:00 - 07/07/2025 12:00","CTA|SE","12868.00","13519.00"
"07/07/2025 12:00 - 07/07/2025 13:00","CTA|SE","13483.00","13411.00"
"07/07/2025 13:00 - 07/07/2025 14:00","CTA|SE","13564.00","13368.00"
"07/07/2025 14:00 - 07/07/2025 15:00","CTA|SE","13645.00","13275.00"
"07/07/2025 15:00 - 07/07/2025 16:00","CTA|SE","13601.00","13295.00"
"07/07/2025 16:00 - 07/07/2025 17:00","CTA|SE","13619.00","13199.00"
"07/07/2025 17:00 - 07/07/2025 18:00","CTA|SE","13196.00","13057.00"
"07/07/2025 18:00 - 07/07/2025 19:00","CTA|SE","12864.00","12834.00"
"07/07/2025 19:00 - 07/07/2025 20:00","CTA|SE","12624.00","12600.00"
"07/07/2025 20:00 - 07/07/2025 21:00","CTA|SE","12477.00","12310.00"
"07/07/2025 21:00 - 07/07/2025 22:00","CTA|SE","12097.00","11728.00"
"07/07/2025 22:00 - 07/07/2025 23:00","CTA|SE","10948.00","11202.00"
"07/07/2025 23:00 - 08/07/2025 00:00","CTA|SE","11180.00","10865.00"
"08/07/2025 00:00 - 08/07/2025 01:00","CTA|SE","11097.00","10676.00"
"08/07/2025 01:00 - 08/07/2025 02:00","CTA|SE","10719.00","10599.00"
"08/07/2025 02:00 - 08/07/2025 03:00","CTA|SE","10549.00","10483.00"
"08/07/2025 03:00 - 08/07/2025 04:00","CTA|SE","10818.00","10626.00"
"08/07/2025 04:00 - 08/07/2025 05:00","CTA|SE","11726.00","11282.00"
"08/07/2025 05:00 - 08/07/2025 06:00","CTA|SE","12520.00","12195.00"
"08/07/2025 06:00 - 08/07/2025 07:00","CTA|SE","12991.00","12741.00"
"08/07/2025 07:00 - 08/07/2025 08:00","CTA|SE","13115.00","13001.00"
"08/07/2025 08:00 - 08/07/2025 09:00","CTA|SE","13192.00","13238.00"
"08/07/2025 09:00 - 08/07/2025 10:00","CTA|SE","13193.00","13324.00"
"08/07/2025 10:00 - 08/07/2025 11:00","CTA|SE","13276.00","13349.00"
"08/07/2025 11:00 - 08/07/2025 12:00","CTA|SE","13150.00","13317.00"
"08/07/2025 12:00 - 08/07/2025 13:00","CTA|SE","13130.00","13207.00"
"08/07/2025 13:00 - 08/07/2025 14:00","CTA|SE","12867.00","13175.00"
"08/07/2025 14:00 - 08/07/2025 15:00","CTA|SE","13074.00","13096.00"
"08/07/2025 15:00 - 08/07/2025 16:00","CTA|SE","13122.00","13126.00"
"08/07/2025 16:00 - 08/07/2025 17:00","CTA|SE","13205.00","13030.00"
"08/07/2025 17:00 - 08/07/2025 18:00","CTA|SE","12944.00","12876.00"
"08/07/2025 18:00 - 08/07/2025 19:00","CTA|SE","12790.00","12677.00"
"08/07/2025 19:00 - 08/07/2025 20:00","CTA|SE","12558.00","12443.00"
"08/07/2025 20:00 - 08/07/2025 21:00","CTA|SE","12159.00","12190.00"
"08/07/2025 21:00 - 08/07/2025 22:00","CTA|SE","11487.00","11717.00"
"08/07/2025 22:00 - 08/07/2025 23:00","CTA|SE","11260.00","11257.00"
"08/07/2025 23:00 - 09/07/2025 00:00","CTA|SE","10933.00","10892.00"
"09/07/2025 00:00 - 09/07/2025 01:00","CTA|SE","10997.00","10711.00"
"09/07/2025 01:00 - 09/07/2025 02:00","CTA|SE","10986.00","10606.00"
"09/07/2025 02:00 - 09/07/2025 03:00","CTA|SE","10803.00","10491.00"
"09/07/2025 03:00 - 09/07/2025 04:00","CTA|SE","10990.00","10546.00"
"09/07/2025 04:00 - 09/07/2025 05:00","CTA|SE","11661.00","11177.00"
"09/07/2025 05:00 - 09/07/2025 06:00","CTA|SE","12184.00","12060.00"
"09/07/2025 06:00 - 09/07/2025 07:00","CTA|SE","12624.00","12536.00"
"09/07/2025 07:00 - 09/07/2025 08:00","CTA|SE","12620.00","12721.00"
"09/07/2025 08:00 - 09/07/2025 09:00","CTA|SE","12680.00","12878.00"
"09/07/2025 09:00 - 09/07/2025 10:00","CTA|SE","12794.00","12963.00"
"09/07/2025 10:00 - 09/07/2025 11:00","CTA|SE","12720.00","12973.00"
"09/07/2025 11:00 - 09/07/2025 12:00","CTA|SE","12511.00","12936.00"
"09/07/2025 12:00 - 09/07/2025 13:00","CTA|SE","12407.00","12855.00"
"09/07/2025 13:00 - 09/07/2025 14:00","CTA|SE","12533.00","12838.00"
"09/07/2025 14:00 - 09/07/2025 15:00","CTA|SE","12601.00","12853.00"
"09/07/2025 15:00 - 09/07/2025 16:00","CTA|SE","12544.00","12894.00"
"09/07/2025 16:00 - 09/07/2025 17:00","CTA|SE","12414.00","12854.00"
"09/07/2025 17:00 - 09/07/2025 18:00","CTA|SE","12212.00","12719.00"
"09/07/2025 18:00 - 09/07/2025 19:00","CTA|SE","12112.00","12548.00"
"09/07/2025 19:00 - 09/07/2025 20:00","CTA|SE","12207.00","12343.00"
"09/07/2025 20:00 - 09/07/2025 21:00","CTA|SE","12073.00","12114.00"
"09/07/2025 21:00 - 09/07/2025 22:00","CTA|SE","11675.00","11679.00"
"09/07/2025 22:00 - 09/07/2025 23:00","CTA|SE","11134.00","11139.00"
"09/07/2025 23:00 - 10/07/2025 00:00","CTA|SE","10789.00","10848.00"
"10/07/2025 00:00 - 10/07/2025 01:00","CTA|SE","10781.00","10701.00"
"10/07/2025 01:00 - 10/07/2025 02:00","CTA|SE","10496.00","10620.00"
"10/07/2025 02:00 - 10/07/2025 03:00","CTA|SE","10598.00","10499.00"
"10/07/2025 03:00 - 10/07/2025 04:00","CTA|SE","10737.00","10549.00"
"10/07/2025 04:00 - 10/07/2025 05:00","CTA|SE","11097.00","11206.00"
"10/07/2025 05:00 - 10/07/2025 06:00","CTA|SE","11616.00","12007.00"
"10/07/2025 06:00 - 10/07/2025 07:00","CTA|SE","11970.00","12461.00"
"10/07/2025 07:00 - 10/07/2025 08:00","CTA|SE","11987.00","12712.00"
"10/07/2025 08:00 - 10/07/2025 09:00","CTA|SE","11725.00","12894.00"
"10/07/2025 09:00 - 10/07/2025 10:00","CTA|SE","11642.00","12924.00"
"10/07/2025 10:00 - 10/07/2025 11:00","CTA|SE","11617.00","12937.00"
"10/07/2025 11:00 - 10/07/2025 12:00","CTA|SE","11735.00","12898.00"
"10/07/2025 12:00 - 10/07/2025 13:00","CTA|SE","11530.00","12798.00"
"10/07/2025 13:00 - 10/07/2025 14:00","CTA|SE","11524.00","12790.00"
"10/07/2025 14:00 - 10/07/2025 15:00","CTA|SE","11643.00","12729.00"
"10/07/2025 15:00 - 10/07/2025 16:00","CTA|SE","11954.00","12791.00"
"10/07/2025 16:00 - 10/07/2025 17:00","CTA|SE","12002.00","12737.00"
"10/07/2025 17:00 - 10/07/2025 18:00","CTA|SE","12177.00","12644.00"
"10/07/2025 18:00 - 10/07/2025 19:00","CTA|SE","12319.00","12453.00"
"10/07/2025 19:00 - 10/07/2025 20:00","CTA|SE","11925.00","12279.00"
"10/07/2025 20:00 - 10/07/2025 21:00","CTA|SE","11590.00","12037.00"
"10/07/2025 21:00 - 10/07/2025 22:00","CTA|SE","11065.00","11603.00"
"10/07/2025 22:00 - 10/07/2025 23:00","CTA|SE","10606.00","11087.00"
"10/07/2025 23:00 - 11/07/2025 00:00","CTA|SE","10558.00","10738.00"
"11/07/2025 00:00 - 11/07/2025 01:00","CTA|SE","10289.00","10574.00"
"11/07/2025 01:00 - 11/07/2025 02:00","CTA|SE","10231.00","10483.00"
"11/07/2025 02:00 - 11/07/2025 03:00","CTA|SE","9741.00","10355.00"
"11/07/2025 03:00 - 11/07/2025 04:00","CTA|SE","9799.00","10449.00"
"11/07/2025 04:00 - 11/07/2025 05:00","CTA|SE","10788.00","11020.00"
"11/07/2025 05:00 - 11/07/2025 06:00","CTA|SE","12057.00","11830.00"
"11/07/2025 06:00 - 11/07/2025 07:00","CTA|SE","12494.00","12369.00"
"11/07/2025 07:00 - 11/07/2025 08:00","CTA|SE","12469.00","12674.00"
"11/07/2025 08:00 - 11/07/2025 09:00","CTA|SE","12589.00","12810.00"
"11/07/2025 09:00 - 11/07/2025 10:00","CTA|SE","12072.00","12861.00"
"11/07/2025 10:00 - 11/07/2025 11:00","CTA|SE","12300.00","12847.00"
"11/07/2025 11:00 - 11/07/2025 12:00","CTA|SE","12598.00","12774.00"
"11/07/2025 12:00 - 11/07/2025 13:00","CTA|SE","12653.00","12641.00"
"11/07/2025 13:00 - 11/07/2025 14:00","CTA|SE","12719.00","12586.00"
"11/07/2025 14:00 - 11/07/2025 15:00","CTA|SE","12532.00","12482.00"
"11/07/2025 15:00 - 11/07/2025 16:00","CTA|SE","12518.00","12502.00"
"11/07/2025 16:00 - 11/07/2025 17:00","CTA|SE","12729.00","12406.00"
"11/07/2025 17:00 - 11/07/2025 18:00","CTA|SE","12601.00","12225.00"
"11/07/2025 18:00 - 11/07/2025 19:00","CTA|SE","12321.00","12006.00"
"11/07/2025 19:00 - 11/07/2025 20:00","CTA|SE","12117.00","11783.00"
"11/07/2025 20:00 - 11/07/2025 21:00","CTA|SE","11403.00","11587.00"
"11/07/2025 21:00 - 11/07/2025 22:00","CTA|SE","10792.00","11195.00"
"11/07/2025 22:00 - 11/07/2025 23:00","CTA|SE","10006.00","10614.00"
"11/07/2025 23:00 - 12/07/2025 00:00","CTA|SE","9399.00","10325.00"
"12/07/2025 00:00 - 12/07/2025 01:00","CTA|SE","9313.00","10121.00"
"12/07/2025 01:00 - 12/07/2025 02:00","CTA|SE","9500.00","9936.00"
"12/07/2025 02:00 - 12/07/2025 03:00","CTA|SE","9523.00","9749.00"
"12/07/2025 03:00 - 12/07/2025 04:00","CTA|SE","9155.00","9604.00"
"12/07/2025 04:00 - 12/07/2025 05:00","CTA|SE","9103.00","9699.00"
"12/07/2025 05:00 - 12/07/2025 06:00","CTA|SE","9455.00","10021.00"
"12/07/2025 06:00 - 12/07/2025 07:00","CTA|SE","10093.00","10570.00"
"12/07/2025 07:00 - 12/07/2025 08:00","CTA|SE","10397.00","11027.00"
"12/07/2025 08:00 - 12/07/2025 09:00","CTA|SE","10784.00","11325.00"
"12/07/2025 09:00 - 12/07/2025 10:00","CTA|SE","10857.00","11469.00"
"12/07/2025 10:00 - 12/07/2025 11:00","CTA|SE","10829.00","11554.00"
"12/07/2025 11:00 - 12/07/2025 12:00","CTA|SE","11036.00","11569.00"
"12/07/2025 12:00 - 12/07/2025 13:00","CTA|SE","11122.00","11496.00"
"12/07/2025 13:00 - 12/07/2025 14:00","CTA|SE","11249.00","11420.00"
"12/07/2025 14:00 - 12/07/2025 15:00","CTA|SE","11702.00","11452.00"
"12/07/2025 15:00 - 12/07/2025 16:00","CTA|SE","11912.00","11589.00"
"12/07/2025 16:00 - 12/07/2025 17:00","CTA|SE","11836.00","11657.00"
"12/07/2025 17:00 - 12/07/2025 18:00","CTA|SE","11819.00","11581.00"
"12/07/2025 18:00 - 12/07/2025 19:00","CTA|SE","11786.00","11419.00"
"12/07/2025 19:00 - 12/07/2025 20:00","CTA|SE","11592.00","11245.00"
"12/07/2025 20:00 - 12/07/2025 21:00","CTA|SE","11266.00","11132.00"
"12/07/2025 21:00 - 12/07/2025 22:00","CTA|SE","10782.00","10761.00"
"12/07/2025 22:00 - 12/07/2025 23:00","CTA|SE","9932.00","10394.00"
"12/07/2025 23:00 - 13/07/2025 00:00","CTA|SE","9513.00","10099.00"
"13/07/2025 00:00 - 13/07/2025 01:00","CTA|SE","9755.00","9897.00"
"13/07/2025 01:00 - 13/07/2025 02:00","CTA|SE","9665.00","9740.00"
"13/07/2025 02:00 - 13/07/2025 03:00","CTA|SE","9435.00","9569.00"
"13/07/2025 03:00 - 13/07/2025 04:00","CTA|SE","9184.00","9425.00"
"13/07/2025 04:00 - 13/07/2025 05:00","CTA|SE","9448.00","9497.00"
"13/07/2025 05:00 - 13/07/2025 06:00","CTA|SE","10029.00","9794.00"
"13/07/2025 06:00 - 13/07/2025 07:00","CTA|SE","10351.00","10204.00"
"13/07/2025 07:00 - 13/07/2025 08:00","CTA|SE","10694.00","10626.00"
"13/07/2025 08:00 - 13/07/2025 09:00","CTA|SE","10807.00","10971.00"
"13/07/2025 09:00 - 13/07/2025 10:00","CTA|SE","10692.00","11200.00"
"13/07/2025 10:00 - 13/07/2025 11:00","CTA|SE","10656.00","11281.00"
"13/07/2025 11:00 - 13/07/2025 12:00","CTA|SE","10805.00","11323.00"
"13/07/2025 12:00 - 13/07/2025 13:00","CTA|SE","10966.00","11300.00"
"13/07/2025 13:00 - 13/07/2025 14:00","CTA|SE","10993.00","11204.00"
"13/07/2025 14:00 - 13/07/2025 15:00","CTA|SE","11185.00","11241.00"
"13/07/2025 15:00 - 13/07/2025 16:00","CTA|SE","11623.00","11413.00"
"13/07/2025 16:00 - 13/07/2025 17:00","CTA|SE","11637.00","11581.00"
"13/07/2025 17:00 - 13/07/2025 18:00","CTA|SE","11759.00","11607.00"
"13/07/2025 18:00 - 13/07/2025 19:00","CTA|SE","11526.00","11567.00"
"13/07/2025 19:00 - 13/07/2025 20:00","CTA|SE","11347.00","11433.00"
"13/07/2025 20:00 - 13/07/2025 21:00","CTA|SE","11324.00","11256.00"
"13/07/2025 21:00 - 13/07/2025 22:00","CTA|SE","10827.00","10833.00"
"13/07/2025 22:00 - 13/07/2025 23:00","CTA|SE","9922.00","10410.00"
"13/07/2025 23:00 - 14/07/2025 00:00","CTA|SE","9515.00","10082.00"
"14/07/2025 00:00 - 14/07/2025 01:00","CTA|SE","9259.00","9927.00"
"14/07/2025 01:00 - 14/07/2025 02:00","CTA|SE","9309.00","9820.00"
"14/07/2025 02:00 - 14/07/2025 03:00","CTA|SE","9075.00","9673.00"
"14/07/2025 03:00 - 14/07/2025 04:00","CTA|SE","9130.00","9757.00"
"14/07/2025 04:00 - 14/07/2025 05:00","CTA|SE","9956.00","10355.00"
"14/07/2025 05:00 - 14/07/2025 06:00","CTA|SE","10904.00","11184.00"
"14/07/2025 06:00 - 14/07/2025 07:00","CTA|SE","11310.00","11797.00"
"14/07/2025 07:00 - 14/07/2025 08:00","CTA|SE","11633.00","12090.00"
"14/07/2025 08:00 - 14/07/2025 09:00","CTA|SE","11811.00","12338.00"
"14/07/2025 09:00 - 14/07/2025 10:00","CTA|SE","11783.00","12437.00"
"14/07/2025 10:00 - 14/07/2025 11:00","CTA|SE","11786.00","12473.00"
"14/07/2025 11:00 - 14/07/2025 12:00","CTA|SE","11521.00","12448.00"
"14/07/2025 12:00 - 14/07/2025 13:00","CTA|SE","11484.00","12382.00"
"14/07/2025 13:00 - 14/07/2025 14:00","CTA|SE","11755.00","12374.00"
"14/07/2025 14:00 - 14/07/2025 15:00","CTA|SE","11948.00","12306.00"
"14/07/2025 15:00 - 14/07/2025 16:00","CTA|SE","12173.00","12363.00"
"14/07/2025 16:00 - 14/07/2025 17:00","CTA|SE","12302.00","12318.00"
"14/07/2025 17:00 - 14/07/2025 18:00","CTA|SE","12262.00","12204.00"
"14/07/2025 18:00 - 14/07/2025 19:00","CTA|SE","11950.00","12046.00"
"14/07/2025 19:00 - 14/07/2025 20:00","CTA|SE","11637.00","11794.00"
"14/07/2025 20:00 - 14/07/2025 21:00","CTA|SE","11252.00","11533.00"
"14/07/2025 21:00 - 14/07/2025 22:00","CTA|SE","10675.00","11049.00"
"14/07/2025 22:00 - 14/07/2025 23:00","CTA|SE","10287.00","10651.00"
"14/07/2025 23:00 - 15/07/2025 00:00","CTA|SE","10075.00","10280.00"
"15/07/2025 00:00 - 15/07/2025 01:00","CTA|SE","10062.00","10095.00"
"15/07/2025 01:00 - 15/07/2025 02:00","CTA|SE","10137.00","9981.00"
"15/07/2025 02:00 - 15/07/2025 03:00","CTA|SE","9951.00","9808.00"
"15/07/2025 03:00 - 15/07/2025 04:00","CTA|SE","9831.00","9869.00"
"15/07/2025 04:00 - 15/07/2025 05:00","CTA|SE","10345.00","10386.00"
"15/07/2025 05:00 - 15/07/2025 06:00","CTA|SE","10959.00","11200.00"
"15/07/2025 06:00 - 15/07/2025 07:00","CTA|SE","11330.00","11756.00"
"15/07/2025 07:00 - 15/07/2025 08:00","CTA|SE","11484.00","12041.00"
"15/07/2025 08:00 - 15/07/2025 09:00","CTA|SE","11778.00","12256.00"
"15/07/2025 09:00 - 15/07/2025 10:00","CTA|SE","12011.00","12356.00"
"15/07/2025 10:00 - 15/07/2025 11:00","CTA|SE","12127.00","12415.00"
"15/07/2025 11:00 - 15/07/2025 12:00","CTA|SE","11845.00","12396.00"
"15/07/2025 12:00 - 15/07/2025 13:00","CTA|SE","11598.00","12323.00"
"15/07/2025 13:00 - 15/07/2025 14:00","CTA|SE","11642.00","12328.00"
"15/07/2025 14:00 - 15/07/2025 15:00","CTA|SE","11934.00","12290.00"
"15/07/2025 15:00 - 15/07/2025 16:00","CTA|SE","12325.00","12401.00"
"15/07/2025 16:00 - 15/07/2025 17:00","CTA|SE","12135.00","12406.00"
"15/07/2025 17:00 - 15/07/2025 18:00","CTA|SE","11964.00","12274.00"
"15/07/2025 18:00 - 15/07/2025 19:00","CTA|SE","11973.00","12082.00"
"15/07/2025 19:00 - 15/07/2025 20:00","CTA|SE","11678.00","11834.00"
"15/07/2025 20:00 - 15/07/2025 21:00","CTA|SE","11468.00","11578.00"
"15/07/2025 21:00 - 15/07/2025 22:00","CTA|SE","10960.00","11089.00"
"15/07/2025 22:00 - 15/07/2025 23:00","CTA|SE","10288.00","10578.00"
"15/07/2025 23:00 - 16/07/2025 00:00","CTA|SE","10097.00","10233.00"
"16/07/2025 00:00 - 16/07/2025 01:00","CTA|SE","9962.00","10046.00"
"16/07/2025 01:00 - 16/07/2025 02:00","CTA|SE","9571.00","9907.00"
"16/07/2025 02:00 - 16/07/2025 03:00","CTA|SE","9485.00","9808.00"
"16/07/2025 03:00 - 16/07/2025 04:00","CTA|SE","9513.00","9871.00"
"16/07/2025 04:00 - 16/07/2025 05:00","CTA|SE","10197.00","10404.00"
"16/07/2025 05:00 - 16/07/2025 06:00","CTA|SE","10873.00","11233.00"
"16/07/2025 06:00 - 16/07/2025 07:00","CTA|SE","11072.00","11816.00"
"16/07/2025 07:00 - 16/07/2025 08:00","CTA|SE","11335.00","12110.00"
"16/07/2025 08:00 - 16/07/2025 09:00","CTA|SE","11970.00","12337.00"
"16/07/2025 09:00 - 16/07/2025 10:00","CTA|SE","11933.00","12461.00"
"16/07/2025 10:00 - 16/07/2025 11:00","CTA|SE","11977.00","12525.00"
"16/07/2025 11:00 - 16/07/2025 12:00","CTA|SE","11848.00","12525.00"
"16/07/2025 12:00 - 16/07/2025 13:00","CTA|SE","12064.00","12426.00"
"16/07/2025 13:00 - 16/07/2025 14:00","CTA|SE","12331.00","12424.00"
"16/07/2025 14:00 - 16/07/2025 15:00","CTA|SE","12233.00","12354.00"
"16/07/2025 15:00 - 16/07/2025 16:00","CTA|SE","12163.00","12402.00"
"16/07/2025 16:00 - 16/07/2025 17:00","CTA|SE","12319.00","12390.00"
"16/07/2025 17:00 - 16/07/2025 18:00","CTA|SE","12304.00","12293.00"
"16/07/2025 18:00 - 16/07/2025 19:00","CTA|SE","12420.00","12110.00"
"16/07/2025 19:00 - 16/07/2025 20:00","CTA|SE","11470.00","11850.00"
"16/07/2025 20:00 - 16/07/2025 21:00","CTA|SE","11370.00","11599.00"
"16/07/2025 21:00 - 16/07/2025 22:00","CTA|SE","10792.00","11093.00"
"16/07/2025 22:00 - 16/07/2025 23:00","CTA|SE","10236.00","10521.00"
"16/07/2025 23:00 - 17/07/2025 00:00","CTA|SE","9675.00","10145.00"
"17/07/2025 00:00 - 17/07/2025 01:00","CTA|SE","9840.00","9952.00"
"17/07/2025 01:00 - 17/07/2025 02:00","CTA|SE","9710.00","9874.00"
"17/07/2025 02:00 - 17/07/2025 03:00","CTA|SE","9451.00","9805.00"
"17/07/2025 03:00 - 17/07/2025 04:00","CTA|SE","9348.00","9782.00"
"17/07/2025 04:00 - 17/07/2025 05:00","CTA|SE","10074.00","10271.00"
"17/07/2025 05:00 - 17/07/2025 06:00","CTA|SE","11145.00","11046.00"
"17/07/2025 06:00 - 17/07/2025 07:00","CTA|SE","11750.00","11588.00"
"17/07/2025 07:00 - 17/07/2025 08:00","CTA|SE","12018.00","11846.00"
"17/07/2025 08:00 - 17/07/2025 09:00","CTA|SE","12142.00","12030.00"
"17/07/2025 09:00 - 17/07/2025 10:00","CTA|SE","12056.00","12110.00"
"17/07/2025 10:00 - 17/07/2025 11:00","CTA|SE","12042.00","12156.00"
"17/07/2025 11:00 - 17/07/2025 12:00","CTA|SE","11982.00","12110.00"
"17/07/2025 12:00 - 17/07/2025 13:00","CTA|SE","11966.00","11986.00"
"17/07/2025 13:00 - 17/07/2025 14:00","CTA|SE","12120.00","11985.00"
"17/07/2025 14:00 - 17/07/2025 15:00","CTA|SE","12296.00","11991.00"
"17/07/2025 15:00 - 17/07/2025 16:00","CTA|SE","12462.00","12122.00"
"17/07/2025 16:00 - 17/07/2025 17:00","CTA|SE","12559.00","12146.00"
"17/07/2025 17:00 - 17/07/2025 18:00","CTA|SE","12888.00","12024.00"
"17/07/2025 18:00 - 17/07/2025 19:00","CTA|SE","12498.00","11828.00"
"17/07/2025 19:00 - 17/07/2025 20:00","CTA|SE","12188.00","11703.00"
"17/07/2025 20:00 - 17/07/2025 21:00","CTA|SE","11926.00","11480.00"
"17/07/2025 21:00 - 17/07/2025 22:00","CTA|SE","11209.00","10964.00"
"17/07/2025 22:00 - 17/07/2025 23:00","CTA|SE","10135.00","10532.00"
"17/07/2025 23:00 - 18/07/2025 00:00","CTA|SE","10338.00","10202.00"
"18/07/2025 00:00 - 18/07/2025 01:00","CTA|SE","9773.00","10020.00"
"18/07/2025 01:00 - 18/07/2025 02:00","CTA|SE","9770.00","9967.00"
"18/07/2025 02:00 - 18/07/2025 03:00","CTA|SE","9702.00","9866.00"
"18/07/2025 03:00 - 18/07/2025 04:00","CTA|SE","9783.00","9908.00"
"18/07/2025 04:00 - 18/07/2025 05:00","CTA|SE","10365.00","10326.00"
"18/07/2025 05:00 - 18/07/2025 06:00","CTA|SE","10958.00","11062.00"
"18/07/2025 06:00 - 18/07/2025 07:00","CTA|SE","11506.00","11603.00"
"18/07/2025 07:00 - 18/07/2025 08:00","CTA|SE","11627.00","11912.00"
"18/07/2025 08:00 - 18/07/2025 09:00","CTA|SE","12019.00","12084.00"
"18/07/2025 09:00 - 18/07/2025 10:00","CTA|SE","12072.00","12140.00"
"18/07/2025 10:00 - 18/07/2025 11:00","CTA|SE","11936.00","12103.00"
"18/07/2025 11:00 - 18/07/2025 12:00","CTA|SE","12033.00","12031.00"
"18/07/2025 12:00 - 18/07/2025 13:00","CTA|SE","12165.00","11975.00"
"18/07/2025 13:00 - 18/07/2025 14:00","CTA|SE","12160.00","11954.00"
"18/07/2025 14:00 - 18/07/2025 15:00","CTA|SE","12121.00","11900.00"
"18/07/2025 15:00 - 18/07/2025 16:00","CTA|SE","12114.00","11956.00"
"18/07/2025 16:00 - 18/07/2025 17:00","CTA|SE","12154.00","11889.00"
"18/07/2025 17:00 - 18/07/2025 18:00","CTA|SE","11945.00","11746.00"
"18/07/2025 18:00 - 18/07/2025 19:00","CTA|SE","11700.00","11573.00"
"18/07/2025 19:00 - 18/07/2025 20:00","CTA|SE","11444.00","11414.00"
"18/07/2025 20:00 - 18/07/2025 21:00","CTA|SE","11159.00","11217.00"
"18/07/2025 21:00 - 18/07/2025 22:00","CTA|SE","10649.00","10821.00"
"18/07/2025 22:00 - 18/07/2025 23:00","CTA|SE","10139.00","10389.00"
"18/07/2025 23:00 - 19/07/2025 00:00","CTA|SE","9795.00","10079.00"
"19/07/2025 00:00 - 19/07/2025 01:00","CTA|SE","9854.00","9847.00"
"19/07/2025 01:00 - 19/07/2025 02:00","CTA|SE","9811.00","9746.00"
"19/07/2025 02:00 - 19/07/2025 03:00","CTA|SE","9368.00","9608.00"
"19/07/2025 03:00 - 19/07/2025 04:00","CTA|SE","9213.00","9501.00"
"19/07/2025 04:00 - 19/07/2025 05:00","CTA|SE","9233.00","9536.00"
"19/07/2025 05:00 - 19/07/2025 06:00","CTA|SE","9717.00","9784.00"
"19/07/2025 06:00 - 19/07/2025 07:00","CTA|SE","10399.00","10213.00"
"19/07/2025 07:00 - 19/07/2025 08:00","CTA|SE","10550.00","10609.00"
"19/07/2025 08:00 - 19/07/2025 09:00","CTA|SE","10581.00","10833.00"
"19/07/2025 09:00 - 19/07/2025 10:00","CTA|SE","10611.00","10973.00"
"19/07/2025 10:00 - 19/07/2025 11:00","CTA|SE","10894.00","11005.00"
"19/07/2025 11:00 - 19/07/2025 12:00","CTA|SE","10967.00","11029.00"
"19/07/2025 12:00 - 19/07/2025 13:00","CTA|SE","10792.00","11054.00"
"19/07/2025 13:00 - 19/07/2025 14:00","CTA|SE","11044.00","10997.00"
"19/07/2025 14:00 - 19/07/2025 15:00","CTA|SE","10921.00","11096.00"
"19/07/2025 15:00 - 19/07/2025 16:00","CTA|SE","11566.00","11251.00"
"19/07/2025 16:00 - 19/07/2025 17:00","CTA|SE","11560.00","11313.00"
"19/07/2025 17:00 - 19/07/2025 18:00","CTA|SE","11887.00","11306.00"
"19/07/2025 18:00 - 19/07/2025 19:00","CTA|SE","11924.00","11215.00"
"19/07/2025 19:00 - 19/07/2025 20:00","CTA|SE","11282.00","11124.00"
"19/07/2025 20:00 - 19/07/2025 21:00","CTA|SE","11023.00","11011.00"
"19/07/2025 21:00 - 19/07/2025 22:00","CTA|SE","10671.00","10650.00"
"19/07/2025 22:00 - 19/07/2025 23:00","CTA|SE","10189.00","10281.00"
"19/07/2025 23:00 - 20/07/2025 00:00","CTA|SE","10096.00","9894.00"
"20/07/2025 00:00 - 20/07/2025 01:00","CTA|SE","9936.00","9759.00"
"20/07/2025 01:00 - 20/07/2025 02:00","CTA|SE","9597.00","9679.00"
"20/07/2025 02:00 - 20/07/2025 03:00","CTA|SE","9205.00","9517.00"
"20/07/2025 03:00 - 20/07/2025 04:00","CTA|SE","9207.00","9359.00"
"20/07/2025 04:00 - 20/07/2025 05:00","CTA|SE","9348.00","9373.00"
"20/07/2025 05:00 - 20/07/2025 06:00","CTA|SE","9709.00","9640.00"
"20/07/2025 06:00 - 20/07/2025 07:00","CTA|SE","10062.00","10031.00"
"20/07/2025 07:00 - 20/07/2025 08:00","CTA|SE","10356.00","10438.00"
"20/07/2025 08:00 - 20/07/2025 09:00","CTA|SE","10485.00","10773.00"
"20/07/2025 09:00 - 20/07/2025 10:00","CTA|SE","10977.00","10929.00"
"20/07/2025 10:00 - 20/07/2025 11:00","CTA|SE","10912.00","10956.00"
"20/07/2025 11:00 - 20/07/2025 12:00","CTA|SE","10910.00","11019.00"
"20/07/2025 12:00 - 20/07/2025 13:00","CTA|SE","10628.00","11021.00"
"20/07/2025 13:00 - 20/07/2025 14:00","CTA|SE","10660.00","11066.00"
"20/07/2025 14:00 - 20/07/2025 15:00","CTA|SE","11052.00","11168.00"
"20/07/2025 15:00 - 20/07/2025 16:00","CTA|SE","11708.00","11359.00"
"20/07/2025 16:00 - 20/07/2025 17:00","CTA|SE","12096.00","11474.00"
"20/07/2025 17:00 - 20/07/2025 18:00","CTA|SE","12546.00","11502.00"
"20/07/2025 18:00 - 20/07/2025 19:00","CTA|SE","12413.00","11466.00"
"20/07/2025 19:00 - 20/07/2025 20:00","CTA|SE","12072.00","11315.00"
"20/07/2025 20:00 - 20/07/2025 21:00","CTA|SE","11464.00","11129.00"
"20/07/2025 21:00 - 20/07/2025 22:00","CTA|SE","11147.00","10734.00"
"20/07/2025 22:00 - 20/07/2025 23:00","CTA|SE","10607.00","10239.00"
"20/07/2025 23:00 - 21/07/2025 00:00","CTA|SE","10356.00","9928.00"
"21/07/2025 00:00 - 21/07/2025 01:00","CTA|SE","10309.00","9801.00"
"21/07/2025 01:00 - 21/07/2025 02:00","CTA|SE","10092.00","9702.00"
"21/07/2025 02:00 - 21/07/2025 03:00","CTA|SE","9841.00","9596.00"
"21/07/2025 03:00 - 21/07/2025 04:00","CTA|SE","9689.00","9602.00"
"21/07/2025 04:00 - 21/07/2025 05:00","CTA|SE","10117.00","10092.00"
"21/07/2025 05:00 - 21/07/2025 06:00","CTA|SE","11185.00","10816.00"
"21/07/2025 06:00 - 21/07/2025 07:00","CTA|SE","12023.00","11398.00"
"21/07/2025 07:00 - 21/07/2025 08:00","CTA|SE","12342.00","11734.00"
"21/07/2025 08:00 - 21/07/2025 09:00","CTA|SE","12347.00","11934.00"
"21/07/2025 09:00 - 21/07/2025 10:00","CTA|SE","12243.00","12053.00"
"21/07/2025 10:00 - 21/07/2025 11:00","CTA|SE","12299.00","12100.00"
"21/07/2025 11:00 - 21/07/2025 12:00","CTA|SE","12065.00","12070.00"
"21/07/2025 12:00 - 21/07/2025 13:00","CTA|SE","12478.00","12014.00"
"21/07/2025 13:00 - 21/07/2025 14:00","CTA|SE","12546.00","11998.00"
"21/07/2025 14:00 - 21/07/2025 15:00","CTA|SE","12478.00","12107.00"
"21/07/2025 15:00 - 21/07/2025 16:00","CTA|SE","12450.00","12166.00"
"21/07/2025 16:00 - 21/07/2025 17:00","CTA|SE","12549.00","12185.00"
"21/07/2025 17:00 - 21/07/2025 18:00","CTA|SE","12606.00","12077.00"
"21/07/2025 18:00 - 21/07/2025 19:00","CTA|SE","12378.00","11874.00"
"21/07/2025 19:00 - 21/07/2025 20:00","CTA|SE","12066.00","11677.00"
"21/07/2025 20:00 - 21/07/2025 21:00","CTA|SE","11405.00","11462.00"
"21/07/2025 21:00 - 21/07/2025 22:00","CTA|SE","10845.00","10954.00"
"21/07/2025 22:00 - 21/07/2025 23:00","CTA|SE","10511.00","10430.00"
"21/07/2025 23:00 - 22/07/2025 00:00","CTA|SE","10195.00","10112.00"
"22/07/2025 00:00 - 22/07/2025 01:00","CTA|SE","10116.00","9947.00"
"22/07/2025 01:00 - 22/07/2025 02:00","CTA|SE","10041.00","9849.00"
"22/07/2025 02:00 - 22/07/2025 03:00","CTA|SE","9880.00","9731.00"
"22/07/2025 03:00 - 22/07/2025 04:00","CTA|SE","9817.00","9752.00"
"22/07/2025 04:00 - 22/07/2025 05:00","CTA|SE","10496.00","10170.00"
"22/07/2025 05:00 - 22/07/2025 06:00","CTA|SE","11437.00","10923.00"
"22/07/2025 06:00 - 22/07/2025 07:00","CTA|SE","11924.00","11510.00"
"22/07/2025 07:00 - 22/07/2025 08:00","CTA|SE","12311.00","11800.00"
"22/07/2025 08:00 - 22/07/2025 09:00","CTA|SE","12392.00","12014.00"
"22/07/2025 09:00 - 22/07/2025 10:00","CTA|SE","12322.00","12145.00"
"22/07/2025 10:00 - 22/07/2025 11:00","CTA|SE","12187.00","12162.00"
"22/07/2025 11:00 - 22/07/2025 12:00","CTA|SE","12040.00","12134.00"
"22/07/2025 12:00 - 22/07/2025 13:00","CTA|SE","11844.00","12091.00"
"22/07/2025 13:00 - 22/07/2025 14:00","CTA|SE","11842.00","12097.00"
"22/07/2025 14:00 - 22/07/2025 15:00","CTA|SE","11714.00","12121.00"
"22/07/2025 15:00 - 22/07/2025 16:00","CTA|SE","11976.00","12207.00"
"22/07/2025 16:00 - 22/07/2025 17:00","CTA|SE","12166.00","12207.00"
"22/07/2025 17:00 - 22/07/2025 18:00","CTA|SE","12019.00","12130.00"
"22/07/2025 18:00 - 22/07/2025 19:00","CTA|SE","11895.00","11953.00"
"22/07/2025 19:00 - 22/07/2025 20:00","CTA|SE","12041.00","11759.00"
"22/07/2025 20:00 - 22/07/2025 21:00","CTA|SE","11673.00","11507.00"
"22/07/2025 21:00 - 22/07/2025 22:00","CTA|SE","11218.00","11008.00"
"22/07/2025 22:00 - 22/07/2025 23:00","CTA|SE","10799.00","10467.00"
"22/07/2025 23:00 - 23/07/2025 00:00","CTA|SE","10434.00","10151.00"
"23/07/2025 00:00 - 23/07/2025 01:00","CTA|SE","10208.00","9982.00"
"23/07/2025 01:00 - 23/07/2025 02:00","CTA|SE","10171.00","9874.00"
"23/07/2025 02:00 - 23/07/2025 03:00","CTA|SE","10068.00","9761.00"
"23/07/2025 03:00 - 23/07/2025 04:00","CTA|SE","10030.00","9787.00"
"23/07/2025 04:00 - 23/07/2025 05:00","CTA|SE","10502.00","10202.00"
"23/07/2025 05:00 - 23/07/2025 06:00","CTA|SE","11279.00","10962.00"
"23/07/2025 06:00 - 23/07/2025 07:00","CTA|SE","12150.00","11560.00"
"23/07/2025 07:00 - 23/07/2025 08:00","CTA|SE","12425.00","11864.00"
"23/07/2025 08:00 - 23/07/2025 09:00","CTA|SE","12674.00","12100.00"
"23/07/2025 09:00 - 23/07/2025 10:00","CTA|SE","12768.00","12226.00"
"23/07/2025 10:00 - 23/07/2025 11:00","CTA|SE","12503.00","12232.00"
"23/07/2025 11:00 - 23/07/2025 12:00","CTA|SE","12316.00","12219.00"
"23/07/2025 12:00 - 23/07/2025 13:00","CTA|SE","12432.00","12170.00"
"23/07/2025 13:00 - 23/07/2025 14:00","CTA|SE","12689.00","12147.00"
"23/07/2025 14:00 - 23/07/2025 15:00","CTA|SE","12322.00","12187.00"
"23/07/2025 15:00 - 23/07/2025 16:00","CTA|SE","12953.00","12249.00"
"23/07/2025 16:00 - 23/07/2025 17:00","CTA|SE","12743.00","12230.00"
"23/07/2025 17:00 - 23/07/2025 18:00","CTA|SE","12780.00","12150.00"
"23/07/2025 18:00 - 23/07/2025 19:00","CTA|SE","12371.00","11972.00"
"23/07/2025 19:00 - 23/07/2025 20:00","CTA|SE","12052.00","11772.00"
"23/07/2025 20:00 - 23/07/2025 21:00","CTA|SE","11678.00","11537.00"
"23/07/2025 21:00 - 23/07/2025 22:00","CTA|SE","11179.00","11046.00"
"23/07/2025 22:00 - 23/07/2025 23:00","CTA|SE","10619.00","10519.00"
"23/07/2025 23:00 - 24/07/2025 00:00","CTA|SE","10294.00","10192.00"
"24/07/2025 00:00 - 24/07/2025 01:00","CTA|SE","10006.00","9979.00"
"24/07/2025 01:00 - 24/07/2025 02:00","CTA|SE","9860.00","9913.00"
"24/07/2025 02:00 - 24/07/2025 03:00","CTA|SE","9968.00","9804.00"
"24/07/2025 03:00 - 24/07/2025 04:00","CTA|SE","9960.00","9813.00"
"24/07/2025 04:00 - 24/07/2025 05:00","CTA|SE","10442.00","10237.00"
"24/07/2025 05:00 - 24/07/2025 06:00","CTA|SE","11551.00","10937.00"
"24/07/2025 06:00 - 24/07/2025 07:00","CTA|SE","11964.00","11542.00"
"24/07/2025 07:00 - 24/07/2025 08:00","CTA|SE","12413.00","11837.00"
"24/07/2025 08:00 - 24/07/2025 09:00","CTA|SE","12474.00","12025.00"
"24/07/2025 09:00 - 24/07/2025 10:00","CTA|SE","12286.00","12132.00"
"24/07/2025 10:00 - 24/07/2025 11:00","CTA|SE","12222.00","12123.00"
"24/07/2025 11:00 - 24/07/2025 12:00","CTA|SE","-","12086.00"
"24/07/2025 12:00 - 24/07/2025 13:00","CTA|SE","-","12060.00"
"24/07/2025 13:00 - 24/07/2025 14:00","CTA|SE","-","12047.00"
"24/07/2025 14:00 - 24/07/2025 15:00","CTA|SE","-","12018.00"
"24/07/2025 15:00 - 24/07/2025 16:00","CTA|SE","-","12134.00"
"24/07/2025 16:00 - 24/07/2025 17:00","CTA|SE","-","12121.00"
"24/07/2025 17:00 - 24/07/2025 18:00","CTA|SE","-","12056.00"
"24/07/2025 18:00 - 24/07/2025 19:00","CTA|SE","-","11867.00"
"24/07/2025 19:00 - 24/07/2025 20:00","CTA|SE","-","11693.00"
"24/07/2025 20:00 - 24/07/2025 21:00","CTA|SE","-","11476.00"
"24/07/2025 21:00 - 24/07/2025 22:00","CTA|SE","-","10979.00"
"24/07/2025 22:00 - 24/07/2025 23:00","CTA|SE","-","10638.00"
"24/07/2025 23:00 - 25/07/2025 00:00","CTA|SE","-","10220.00"
"25/07/2025 00:00 - 25/07/2025 01:00","CTA|SE","-","10139.00"
"25/07/2025 01:00 - 25/07/2025 02:00","CTA|SE","-","9975.00"
"25/07/2025 02:00 - 25/07/2025 03:00","CTA|SE","-","9859.00"
"25/07/2025 03:00 - 25/07/2025 04:00","CTA|SE","-","9883.00"
"25/07/2025 04:00 - 25/07/2025 05:00","CTA|SE","-","10328.00"
"25/07/2025 05:00 - 25/07/2025 06:00","CTA|SE","-","11014.00"
"25/07/2025 06:00 - 25/07/2025 07:00","CTA|SE","-","11588.00"
"25/07/2025 07:00 - 25/07/2025 08:00","CTA|SE","-","11905.00"
"25/07/2025 08:00 - 25/07/2025 09:00","CTA|SE","-","12116.00"
"25/07/2025 09:00 - 25/07/2025 10:00","CTA|SE","-","12246.00"
"25/07/2025 10:00 - 25/07/2025 11:00","CTA|SE","-","12205.00"
"25/07/2025 11:00 - 25/07/2025 12:00","CTA|SE","-","12133.00"
"25/07/2025 12:00 - 25/07/2025 13:00","CTA|SE","-","12111.00"
"25/07/2025 13:00 - 25/07/2025 14:00","CTA|SE","-","12103.00"
"25/07/2025 14:00 - 25/07/2025 15:00","CTA|SE","-","12014.00"
"25/07/2025 15:00 - 25/07/2025 16:00","CTA|SE","-","12073.00"
"25/07/2025 16:00 - 25/07/2025 17:00","CTA|SE","-","12039.00"
"25/07/2025 17:00 - 25/07/2025 18:00","CTA|SE","-","11886.00"
"25/07/2025 18:00 - 25/07/2025 19:00","CTA|SE","-","11663.00"
"25/07/2025 19:00 - 25/07/2025 20:00","CTA|SE","-","11487.00"
"25/07/2025 20:00 - 25/07/2025 21:00","CTA|SE","-","11280.00"
"25/07/2025 21:00 - 25/07/2025 22:00","CTA|SE","-","10864.00"
"25/07/2025 22:00 - 25/07/2025 23:00","CTA|SE","-","-"
"25/07/2025 23:00 - 26/07/2025 00:00","CTA|SE","-","-"
"26/07/2025 00:00 - 26/07/2025 01:00","CTA|SE","-","-"
"26/07/2025 01:00 - 26/07/2025 02:00","CTA|SE","-","-"
"26/07/2025 02:00 - 26/07/2025 03:00","CTA|SE","-","-"
"26/07/2025 03:00 - 26/07/2025 04:00","CTA|SE","-","-"
"26/07/2025 04:00 - 26/07/2025 05:00","CTA|SE","-","-"
"26/07/2025 05:00 - 26/07/2025 06:00","CTA|SE","-","-"
"26/07/2025 06:00 - 26/07/2025 07:00","CTA|SE","-","-"
"26/07/2025 07:00 - 26/07/2025 08:00","CTA|SE","-","-"
"26/07/2025 08:00 - 26/07/2025 09:00","CTA|SE","-","-"
"26/07/2025 09:00 - 26/07/2025 10:00","CTA|SE","-","-"
"26/07/2025 10:00 - 26/07/2025 11:00","CTA|SE","-","-"
"26/07/2025 11:00 - 26/07/2025 12:00","CTA|SE","-","-"
"26/07/2025 12:00 - 26/07/2025 13:00","CTA|SE","-","-"
"26/07/2025 13:00 - 26/07/2025 14:00","CTA|SE","-","-"
"26/07/2025 14:00 - 26/07/2025 15:00","CTA|SE","-","-"
"26/07/2025 15:00 - 26/07/2025 16:00","CTA|SE","-","-"
"26/07/2025 16:00 - 26/07/2025 17:00","CTA|SE","-","-"
"26/07/2025 17:00 - 26/07/2025 18:00","CTA|SE","-","-"
"26/07/2025 18:00 - 26/07/2025 19:00","CTA|SE","-","-"
"26/07/2025 19:00 - 26/07/2025 20:00","CTA|SE","-","-"
"26/07/2025 20:00 - 26/07/2025 21:00","CTA|SE","-","-"
"26/07/2025 21:00 - 26/07/2025 22:00","CTA|SE","-","-"
"26/07/2025 22:00 - 26/07/2025 23:00","CTA|SE","-","-"
"26/07/2025 23:00 - 27/07/2025 00:00","CTA|SE","-","-"
"27/07/2025 00:00 - 27/07/2025 01:00","CTA|SE","-","-"
"27/07/2025 01:00 - 27/07/2025 02:00","CTA|SE","-","-"
"27/07/2025 02:00 - 27/07/2025 03:00","CTA|SE","-","-"
"27/07/2025 03:00 - 27/07/2025 04:00","CTA|SE","-","-"
"27/07/2025 04:00 - 27/07/2025 05:00","CTA|SE","-","-"
"27/07/2025 05:00 - 27/07/2025 06:00","CTA|SE","-","-"
"27/07/2025 06:00 - 27/07/2025 07:00","CTA|SE","-","-"
"27/07/2025 07:00 - 27/07/2025 08:00","CTA|SE","-","-"
"27/07/2025 08:00 - 27/07/2025 09:00","CTA|SE","-","-"
"27/07/2025 09:00 - 27/07/2025 10:00","CTA|SE","-","-"
"27/07/2025 10:00 - 27/07/2025 11:00","CTA|SE","-","-"
"27/07/2025 11:00 - 27/07/2025 12:00","CTA|SE","-","-"
"27/07/2025 12:00 - 27/07/2025 13:00","CTA|SE","-","-"
"27/07/2025 13:00 - 27/07/2025 14:00","CTA|SE","-","-"
"27/07/2025 14:00 - 27/07/2025 15:00","CTA|SE","-","-"
"27/07/2025 15:00 - 27/07/2025 16:00","CTA|SE","-","-"
"27/07/2025 16:00 - 27/07/2025 17:00","CTA|SE","-","-"
"27/07/2025 17:00 - 27/07/2025 18:00","CTA|SE","-","-"
"27/07/2025 18:00 - 27/07/2025 19:00","CTA|SE","-","-"
"27/07/2025 19:00 - 27/07/2025 20:00","CTA|SE","-","-"
"27/07/2025 20:00 - 27/07/2025 21:00","CTA|SE","-","-"
"27/07/2025 21:00 - 27/07/2025 22:00","CTA|SE","-","-"
"27/07/2025 22:00 - 27/07/2025 23:00","CTA|SE","-","-"
"27/07/2025 23:00 - 28/07/2025 00:00","CTA|SE","-","-"
"28/07/2025 00:00 - 28/07/2025 01:00","CTA|SE","-","-"
"28/07/2025 01:00 - 28/07/2025 02:00","CTA|SE","-","-"
"28/07/2025 02:00 - 28/07/2025 03:00","CTA|SE","-","-"
"28/07/2025 03:00 - 28/07/2025 04:00","CTA|SE","-","-"
"28/07/2025 04:00 - 28/07/2025 05:00","CTA|SE","-","-"
"28/07/2025 05:00 - 28/07/2025 06:00","CTA|SE","-","-"
"28/07/2025 06:00 - 28/07/2025 07:00","CTA|SE","-","-"
"28/07/2025 07:00 - 28/07/2025 08:00","CTA|SE","-","-"
"28/07/2025 08:00 - 28/07/2025 09:00","CTA|SE","-","-"
"28/07/2025 09:00 - 28/07/2025 10:00","CTA|SE","-","-"
"28/07/2025 10:00 - 28/07/2025 11:00","CTA|SE","-","-"
"28/07/2025 11:00 - 28/07/2025 12:00","CTA|SE","-","-"
"28/07/2025 12:00 - 28/07/2025 13:00","CTA|SE","-","-"
"28/07/2025 13:00 - 28/07/2025 14:00","CTA|SE","-","-"
"28/07/2025 14:00 - 28/07/2025 15:00","CTA|SE","-","-"
"28/07/2025 15:00 - 28/07/2025 16:00","CTA|SE","-","-"
"28/07/2025 16:00 - 28/07/2025 17:00","CTA|SE","-","-"
"28/07/2025 17:00 - 28/07/2025 18:00","CTA|SE","-","-"
"28/07/2025 18:00 - 28/07/2025 19:00","CTA|SE","-","-"
"28/07/2025 19:00 - 28/07/2025 20:00","CTA|SE","-","-"
"28/07/2025 20:00 - 28/07/2025 21:00","CTA|SE","-","-"
"28/07/2025 21:00 - 28/07/2025 22:00","CTA|SE","-","-"
"28/07/2025 22:00 - 28/07/2025 23:00","CTA|SE","-","-"
"28/07/2025 23:00 - 29/07/2025 00:00","CTA|SE","-","-"
"29/07/2025 00:00 - 29/07/2025 01:00","CTA|SE","-","-"
"29/07/2025 01:00 - 29/07/2025 02:00","CTA|SE","-","-"
"29/07/2025 02:00 - 29/07/2025 03:00","CTA|SE","-","-"
"29/07/2025 03:00 - 29/07/2025 04:00","CTA|SE","-","-"
"29/07/2025 04:00 - 29/07/2025 05:00","CTA|SE","-","-"
"29/07/2025 05:00 - 29/07/2025 06:00","CTA|SE","-","-"
"29/07/2025 06:00 - 29/07/2025 07:00","CTA|SE","-","-"
"29/07/2025 07:00 - 29/07/2025 08:00","CTA|SE","-","-"
"29/07/2025 08:00 - 29/07/2025 09:00","CTA|SE","-","-"
"29/07/2025 09:00 - 29/07/2025 10:00","CTA|SE","-","-"
"29/07/2025 10:00 - 29/07/2025 11:00","CTA|SE","-","-"
"29/07/2025 11:00 - 29/07/2025 12:00","CTA|SE","-","-"
"29/07/2025 12:00 - 29/07/2025 13:00","CTA|SE","-","-"
"29/07/2025 13:00 - 29/07/2025 14:00","CTA|SE","-","-"
"29/07/2025 14:00 - 29/07/2025 15:00","CTA|SE","-","-"
"29/07/2025 15:00 - 29/07/2025 16:00","CTA|SE","-","-"
"29/07/2025 16:00 - 29/07/2025 17:00","CTA|SE","-","-"
"29/07/2025 17:00 - 29/07/2025 18:00","CTA|SE","-","-"
"29/07/2025 18:00 - 29/07/2025 19:00","CTA|SE","-","-"
"29/07/2025 19:00 - 29/07/2025 20:00","CTA|SE","-","-"
"29/07/2025 20:00 - 29/07/2025 21:00","CTA|SE","-","-"
"29/07/2025 21:00 - 29/07/2025 22:00","CTA|SE","-","-"
"29/07/2025 22:00 - 29/07/2025 23:00","CTA|SE","-","-"
"29/07/2025 23:00 - 30/07/2025 00:00","CTA|SE","-","-"
"30/07/2025 00:00 - 30/07/2025 01:00","CTA|SE","-","-"
"30/07/2025 01:00 - 30/07/2025 02:00","CTA|SE","-","-"
"30/07/2025 02:00 - 30/07/2025 03:00","CTA|SE","-","-"
"30/07/2025 03:00 - 30/07/2025 04:00","CTA|SE","-","-"
"30/07/2025 04:00 - 30/07/2025 05:00","CTA|SE","-","-"
"30/07/2025 05:00 - 30/07/2025 06:00","CTA|SE","-","-"
"30/07/2025 06:00 - 30/07/2025 07:00","CTA|SE","-","-"
"30/07/2025 07:00 - 30/07/2025 08:00","CTA|SE","-","-"
"30/07/2025 08:00 - 30/07/2025 09:00","CTA|SE","-","-"
"30/07/2025 09:00 - 30/07/2025 10:00","CTA|SE","-","-"
"30/07/2025 10:00 - 30/07/2025 11:00","CTA|SE","-","-"
"30/07/2025 11:00 - 30/07/2025 12:00","CTA|SE","-","-"
"30/07/2025 12:00 - 30/07/2025 13:00","CTA|SE","-","-"
"30/07/2025 13:00 - 30/07/2025 14:00","CTA|SE","-","-"
"30/07/2025 14:00 - 30/07/2025 15:00","CTA|SE","-","-"
"30/07/2025 15:00 - 30/07/2025 16:00","CTA|SE","-","-"
"30/07/2025 16:00 - 30/07/2025 17:00","CTA|SE","-","-"
"30/07/2025 17:00 - 30/07/2025 18:00","CTA|SE","-","-"
"30/07/2025 18:00 - 30/07/2025 19:00","CTA|SE","-","-"
"30/07/2025 19:00 - 30/07/2025 20:00","CTA|SE","-","-"
"30/07/2025 20:00 - 30/07/2025 21:00","CTA|SE","-","-"
"30/07/2025 21:00 - 30/07/2025 22:00","CTA|SE","-","-"
"30/07/2025 22:00 - 30/07/2025 23:00","CTA|SE","-","-"
"30/07/2025 23:00 - 31/07/2025 00:00","CTA|SE","-","-"
"31/07/2025 00:00 - 31/07/2025 01:00","CTA|SE","-","-"
"31/07/2025 01:00 - 31/07/2025 02:00","CTA|SE","-","-"
"31/07/2025 02:00 - 31/07/2025 03:00","CTA|SE","-","-"
"31/07/2025 03:00 - 31/07/2025 04:00","CTA|SE","-","-"
"31/07/2025 04:00 - 31/07/2025 05:00","CTA|SE","-","-"
"31/07/2025 05:00 - 31/07/2025 06:00","CTA|SE","-","-"
"31/07/2025 06:00 - 31/07/2025 07:00","CTA|SE","-","-"
"31/07/2025 07:00 - 31/07/2025 08:00","CTA|SE","-","-"
"31/07/2025 08:00 - 31/07/2025 09:00","CTA|SE","-","-"
"31/07/2025 09:00 - 31/07/2025 10:00","CTA|SE","-","-"
"31/07/2025 10:00 - 31/07/2025 11:00","CTA|SE","-","-"
"31/07/2025 11:00 - 31/07/2025 12:00","CTA|SE","-","-"
"31/07/2025 12:00 - 31/07/2025 13:00","CTA|SE","-","-"
"31/07/2025 13:00 - 31/07/2025 14:00","CTA|SE","-","-"
"31/07/2025 14:00 - 31/07/2025 15:00","CTA|SE","-","-"
"31/07/2025 15:00 - 31/07/2025 16:00","CTA|SE","-","-"
"31/07/2025 16:00 - 31/07/2025 17:00","CTA|SE","-","-"
"31/07/2025 17:00 - 31/07/2025 18:00","CTA|SE","-","-"
"31/07/2025 18:00 - 31/07/2025 19:00","CTA|SE","-","-"
"31/07/2025 19:00 - 31/07/2025 20:00","CTA|SE","-","-"
"31/07/2025 20:00 - 31/07/2025 21:00","CTA|SE","-","-"
"31/07/2025 21:00 - 31/07/2025 22:00","CTA|SE","-","-"
"31/07/2025 22:00 - 31/07/2025 23:00","CTA|SE","-","-"
"31/07/2025 23:00 - 01/08/2025 00:00","CTA|SE","-","-"
"01/08/2025 00:00 - 01/08/2025 01:00","CTA|SE","-","-"
"01/08/2025 01:00 - 01/08/2025 02:00","CTA|SE","-","-"
"01/08/2025 02:00 - 01/08/2025 03:00","CTA|SE","-","-"
"01/08/2025 03:00 - 01/08/2025 04:00","CTA|SE","-","-"
"01/08/2025 04:00 - 01/08/2025 05:00","CTA|SE","-","-"
"01/08/2025 05:00 - 01/08/2025 06:00","CTA|SE","-","-"
"01/08/2025 06:00 - 01/08/2025 07:00","CTA|SE","-","-"
"01/08/2025 07:00 - 01/08/2025 08:00","CTA|SE","-","-"
"01/08/2025 08:00 - 01/08/2025 09:00","CTA|SE","-","-"
"01/08/2025 09:00 - 01/08/2025 10:00","CTA|SE","-","-"
"01/08/2025 10:00 - 01/08/2025 11:00","CTA|SE","-","-"
"01/08/2025 11:00 - 01/08/2025 12:00","CTA|SE","-","-"
"01/08/2025 12:00 - 01/08/2025 13:00","CTA|SE","-","-"
"01/08/2025 13:00 - 01/08/2025 14:00","CTA|SE","-","-"
"01/08/2025 14:00 - 01/08/2025 15:00","CTA|SE","-","-"
"01/08/2025 15:00 - 01/08/2025 16:00","CTA|SE","-","-"
"01/08/2025 16:00 - 01/08/2025 17:00","CTA|SE","-","-"
"01/08/2025 17:00 - 01/08/2025 18:00","CTA|SE","-","-"
"01/08/2025 18:00 - 01/08/2025 19:00","CTA|SE","-","-"
"01/08/2025 19:00 - 01/08/2025 20:00","CTA|SE","-","-"
"01/08/2025 20:00 - 01/08/2025 21:00","CTA|SE","-","-"
"01/08/2025 21:00 - 01/08/2025 22:00","CTA|SE","-","-"
"01/08/2025 22:00 - 01/08/2025 23:00","CTA|SE","-","-"
"01/08/2025 23:00 - 02/08/2025 00:00","CTA|SE","-","-"
"02/08/2025 00:00 - 02/08/2025 01:00","CTA|SE","-","-"
"02/08/2025 01:00 - 02/08/2025 02:00","CTA|SE","-","-"
"02/08/2025 02:00 - 02/08/2025 03:00","CTA|SE","-","-"
"02/08/2025 03:00 - 02/08/2025 04:00","CTA|SE","-","-"
"02/08/2025 04:00 - 02/08/2025 05:00","CTA|SE","-","-"
"02/08/2025 05:00 - 02/08/2025 06:00","CTA|SE","-","-"
"02/08/2025 06:00 - 02/08/2025 07:00","CTA|SE","-","-"
"02/08/2025 07:00 - 02/08/2025 08:00","CTA|SE","-","-"
"02/08/2025 08:00 - 02/08/2025 09:00","CTA|SE","-","-"
"02/08/2025 09:00 - 02/08/2025 10:00","CTA|SE","-","-"
"02/08/2025 10:00 - 02/08/2025 11:00","CTA|SE","-","-"
"02/08/2025 11:00 - 02/08/2025 12:00","CTA|SE","-","-"
"02/08/2025 12:00 - 02/08/2025 13:00","CTA|SE","-","-"
"02/08/2025 13:00 - 02/08/2025 14:00","CTA|SE","-","-"
"02/08/2025 14:00 - 02/08/2025 15:00","CTA|SE","-","-"
"02/08/2025 15:00 - 02/08/2025 16:00","CTA|SE","-","-"
"02/08/2025 16:00 - 02/08/2025 17:00","CTA|SE","-","-"
"02/08/2025 17:00 - 02/08/2025 18:00","CTA|SE","-","-"
"02/08/2025 18:00 - 02/08/2025 19:00","CTA|SE","-","-"
"02/08/2025 19:00 - 02/08/2025 20:00","CTA|SE","-","-"
"02/08/2025 20:00 - 02/08/2025 21:00","CTA|SE","-","-"
"02/08/2025 21:00 - 02/08/2025 22:00","CTA|SE","-","-"
"02/08/2025 22:00 - 02/08/2025 23:00","CTA|SE","-","-"
"02/08/2025 23:00 - 03/08/2025 00:00","CTA|SE","-","-"
"03/08/2025 00:00 - 03/08/2025 01:00","CTA|SE","-","-"
"03/08/2025 01:00 - 03/08/2025 02:00","CTA|SE","-","-"
"03/08/2025 02:00 - 03/08/2025 03:00","CTA|SE","-","-"
"03/08/2025 03:00 - 03/08/2025 04:00","CTA|SE","-","-"
"03/08/2025 04:00 - 03/08/2025 05:00","CTA|SE","-","-"
"03/08/2025 05:00 - 03/08/2025 06:00","CTA|SE","-","-"
"03/08/2025 06:00 - 03/08/2025 07:00","CTA|SE","-","-"
"03/08/2025 07:00 - 03/08/2025 08:00","CTA|SE","-","-"
"03/08/2025 08:00 - 03/08/2025 09:00","CTA|SE","-","-"
"03/08/2025 09:00 - 03/08/2025 10:00","CTA|SE","-","-"
"03/08/2025 10:00 - 03/08/2025 11:00","CTA|SE","-","-"
"03/08/2025 11:00 - 03/08/2025 12:00","CTA|SE","-","-"
"03/08/2025 12:00 - 03/08/2025 13:00","CTA|SE","-","-"
"03/08/2025 13:00 - 03/08/2025 14:00","CTA|SE","-","-"
"03/08/2025 14:00 - 03/08/2025 15:00","CTA|SE","-","-"
"03/08/2025 15:00 - 03/08/2025 16:00","CTA|SE","-","-"
"03/08/2025 16:00 - 03/08/2025 17:00","CTA|SE","-","-"
"03/08/2025 17:00 - 03/08/2025 18:00","CTA|SE","-","-"
"03/08/2025 18:00 - 03/08/2025 19:00","CTA|SE","-","-"
"03/08/2025 19:00 - 03/08/2025 20:00","CTA|SE","-","-"
"03/08/2025 20:00 - 03/08/2025 21:00","CTA|SE","-","-"
"03/08/2025 21:00 - 03/08/2025 22:00","CTA|SE","-","-"
"03/08/2025 22:00 - 03/08/2025 23:00","CTA|SE","-","-"
"03/08/2025 23:00 - 04/08/2025 00:00","CTA|SE","-","-"
"04/08/2025 00:00 - 04/08/2025 01:00","CTA|SE","-","-"
"04/08/2025 01:00 - 04/08/2025 02:00","CTA|SE","-","-"
"04/08/2025 02:00 - 04/08/2025 03:00","CTA|SE","-","-"
"04/08/2025 03:00 - 04/08/2025 04:00","CTA|SE","-","-"
"04/08/2025 04:00 - 04/08/2025 05:00","CTA|SE","-","-"
"04/08/2025 05:00 - 04/08/2025 06:00","CTA|SE","-","-"
"04/08/2025 06:00 - 04/08/2025 07:00","CTA|SE","-","-"
"04/08/2025 07:00 - 04/08/2025 08:00","CTA|SE","-","-"
"04/08/2025 08:00 - 04/08/2025 09:00","CTA|SE","-","-"
"04/08/2025 09:00 - 04/08/2025 10:00","CTA|SE","-","-"
"04/08/2025 10:00 - 04/08/2025 11:00","CTA|SE","-","-"
"04/08/2025 11:00 - 04/08/2025 12:00","CTA|SE","-","-"
"04/08/2025 12:00 - 04/08/2025 13:00","CTA|SE","-","-"
"04/08/2025 13:00 - 04/08/2025 14:00","CTA|SE","-","-"
"04/08/2025 14:00 - 04/08/2025 15:00","CTA|SE","-","-"
"04/08/2025 15:00 - 04/08/2025 16:00","CTA|SE","-","-"
"04/08/2025 16:00 - 04/08/2025 17:00","CTA|SE","-","-"
"04/08/2025 17:00 - 04/08/2025 18:00","CTA|SE","-","-"
"04/08/2025 18:00 - 04/08/2025 19:00","CTA|SE","-","-"
"04/08/2025 19:00 - 04/08/2025 20:00","CTA|SE","-","-"
"04/08/2025 20:00 - 04/08/2025 21:00","CTA|SE","-","-"
"04/08/2025 21:00 - 04/08/2025 22:00","CTA|SE","-","-"
"04/08/2025 22:00 - 04/08/2025 23:00","CTA|SE","-","-"
"04/08/2025 23:00 - 05/08/2025 00:00","CTA|SE","-","-"
"05/08/2025 00:00 - 05/08/2025 01:00","CTA|SE","-","-"
"05/08/2025 01:00 - 05/08/2025 02:00","CTA|SE","-","-"
"05/08/2025 02:00 - 05/08/2025 03:00","CTA|SE","-","-"
"05/08/2025 03:00 - 05/08/2025 04:00","CTA|SE","-","-"
"05/08/2025 04:00 - 05/08/2025 05:00","CTA|SE","-","-"
"05/08/2025 05:00 - 05/08/2025 06:00","CTA|SE","-","-"
"05/08/2025 06:00 - 05/08/2025 07:00","CTA|SE","-","-"
"05/08/2025 07:00 - 05/08/2025 08:00","CTA|SE","-","-"
"05/08/2025 08:00 - 05/08/2025 09:00","CTA|SE","-","-"
"05/08/2025 09:00 - 05/08/2025 10:00","CTA|SE","-","-"
"05/08/2025 10:00 - 05/08/2025 11:00","CTA|SE","-","-"
"05/08/2025 11:00 - 05/08/2025 12:00","CTA|SE","-","-"
"05/08/2025 12:00 - 05/08/2025 13:00","CTA|SE","-","-"
"05/08/2025 13:00 - 05/08/2025 14:00","CTA|SE","-","-"
"05/08/2025 14:00 - 05/08/2025 15:00","CTA|SE","-","-"
"05/08/2025 15:00 - 05/08/2025 16:00","CTA|SE","-","-"
"05/08/2025 16:00 - 05/08/2025 17:00","CTA|SE","-","-"
"05/08/2025 17:00 - 05/08/2025 18:00","CTA|SE","-","-"
"05/08/2025 18:00 - 05/08/2025 19:00","CTA|SE","-","-"
"05/08/2025 19:00 - 05/08/2025 20:00","CTA|SE","-","-"
"05/08/2025 20:00 - 05/08/2025 21:00","CTA|SE","-","-"
"05/08/2025 21:00 - 05/08/2025 22:00","CTA|SE","-","-"
"05/08/2025 22:00 - 05/08/2025 23:00","CTA|SE","-","-"
"05/08/2025 23:00 - 06/08/2025 00:00","CTA|SE","-","-"
"06/08/2025 00:00 - 06/08/2025 01:00","CTA|SE","-","-"
"06/08/2025 01:00 - 06/08/2025 02:00","CTA|SE","-","-"
"06/08/2025 02:00 - 06/08/2025 03:00","CTA|SE","-","-"
"06/08/2025 03:00 - 06/08/2025 04:00","CTA|SE","-","-"
"06/08/2025 04:00 - 06/08/2025 05:00","CTA|SE","-","-"
"06/08/2025 05:00 - 06/08/2025 06:00","CTA|SE","-","-"
"06/08/2025 06:00 - 06/08/2025 07:00","CTA|SE","-","-"
"06/08/2025 07:00 - 06/08/2025 08:00","CTA|SE","-","-"
"06/08/2025 08:00 - 06/08/2025 09:00","CTA|SE","-","-"
"06/08/2025 09:00 - 06/08/2025 10:00","CTA|SE","-","-"
"06/08/2025 10:00 - 06/08/2025 11:00","CTA|SE","-","-"
"06/08/2025 11:00 - 06/08/2025 12:00","CTA|SE","-","-"
"06/08/2025 12:00 - 06/08/2025 13:00","CTA|SE","-","-"
"06/08/2025 13:00 - 06/08/2025 14:00","CTA|SE","-","-"
"06/08/2025 14:00 - 06/08/2025 15:00","CTA|SE","-","-"
"06/08/2025 15:00 - 06/08/2025 16:00","CTA|SE","-","-"
"06/08/2025 16:00 - 06/08/2025 17:00","CTA|SE","-","-"
"06/08/2025 17:00 - 06/08/2025 18:00","CTA|SE","-","-"
"06/08/2025 18:00 - 06/08/2025 19:00","CTA|SE","-","-"
"06/08/2025 19:00 - 06/08/2025 20:00","CTA|SE","-","-"
"06/08/2025 20:00 - 06/08/2025 21:00","CTA|SE","-","-"
"06/08/2025 21:00 - 06/08/2025 22:00","CTA|SE","-","-"
"06/08/2025 22:00 - 06/08/2025 23:00","CTA|SE","-","-"
"06/08/2025 23:00 - 07/08/2025 00:00","CTA|SE","-","-"
"07/08/2025 00:00 - 07/08/2025 01:00","CTA|SE","-","-"
"07/08/2025 01:00 - 07/08/2025 02:00","CTA|SE","-","-"
"07/08/2025 02:00 - 07/08/2025 03:00","CTA|SE","-","-"
"07/08/2025 03:00 - 07/08/2025 04:00","CTA|SE","-","-"
"07/08/2025 04:00 - 07/08/2025 05:00","CTA|SE","-","-"
"07/08/2025 05:00 - 07/08/2025 06:00","CTA|SE","-","-"
"07/08/2025 06:00 - 07/08/2025 07:00","CTA|SE","-","-"
"07/08/2025 07:00 - 07/08/2025 08:00","CTA|SE","-","-"
"07/08/2025 08:00 - 07/08/2025 09:00","CTA|SE","-","-"
"07/08/2025 09:00 - 07/08/2025 10:00","CTA|SE","-","-"
"07/08/2025 10:00 - 07/08/2025 11:00","CTA|SE","-","-"
"07/08/2025 11:00 - 07/08/2025 12:00","CTA|SE","-","-"
"07/08/2025 12:00 - 07/08/2025 13:00","CTA|SE","-","-"
"07/08/2025 13:00 - 07/08/2025 14:00","CTA|SE","-","-"
"07/08/2025 14:00 - 07/08/2025 15:00","CTA|SE","-","-"
"07/08/2025 15:00 - 07/08/2025 16:00","CTA|SE","-","-"
"07/08/2025 16:00 - 07/08/2025 17:00","CTA|SE","-","-"
"07/08/2025 17:00 - 07/08/2025 18:00","CTA|SE","-","-"
"07/08/2025 18:00 - 07/08/2025 19:00","CTA|SE","-","-"
"07/08/2025 19:00 - 07/08/2025 20:00","CTA|SE","-","-"
"07/08/2025 20:00 - 07/08/2025 21:00","CTA|SE","-","-"
"07/08/2025 21:00 - 07/08/2025 22:00","CTA|SE","-","-"
"07/08/2025 22:00 - 07/08/2025 23:00","CTA|SE","-","-"
"07/08/2025 23:00 - 08/08/2025 00:00","CTA|SE","-","-"
"08/08/2025 00:00 - 08/08/2025 01:00","CTA|SE","-","-"
"08/08/2025 01:00 - 08/08/2025 02:00","CTA|SE","-","-"
"08/08/2025 02:00 - 08/08/2025 03:00","CTA|SE","-","-"
"08/08/2025 03:00 - 08/08/2025 04:00","CTA|SE","-","-"
"08/08/2025 04:00 - 08/08/2025 05:00","CTA|SE","-","-"
"08/08/2025 05:00 - 08/08/2025 06:00","CTA|SE","-","-"
"08/08/2025 06:00 - 08/08/2025 07:00","CTA|SE","-","-"
"08/08/2025 07:00 - 08/08/2025 08:00","CTA|SE","-","-"
"08/08/2025 08:00 - 08/08/2025 09:00","CTA|SE","-","-"
"08/08/2025 09:00 - 08/08/2025 10:00","CTA|SE","-","-"
"08/08/2025 10:00 - 08/08/2025 11:00","CTA|SE","-","-"
"08/08/2025 11:00 - 08/08/2025 12:00","CTA|SE","-","-"
"08/08/2025 12:00 - 08/08/2025 13:00","CTA|SE","-","-"
"08/08/2025 13:00 - 08/08/2025 14:00","CTA|SE","-","-"
"08/08/2025 14:00 - 08/08/2025 15:00","CTA|SE","-","-"
"08/08/2025 15:00 - 08/08/2025 16:00","CTA|SE","-","-"
"08/08/2025 16:00 - 08/08/2025 17:00","CTA|SE","-","-"
"08/08/2025 17:00 - 08/08/2025 18:00","CTA|SE","-","-"
"08/08/2025 18:00 - 08/08/2025 19:00","CTA|SE","-","-"
"08/08/2025 19:00 - 08/08/2025 20:00","CTA|SE","-","-"
"08/08/2025 20:00 - 08/08/2025 21:00","CTA|SE","-","-"
"08/08/2025 21:00 - 08/08/2025 22:00","CTA|SE","-","-"
"08/08/2025 22:00 - 08/08/2025 23:00","CTA|SE","-","-"
"08/08/2025 23:00 - 09/08/2025 00:00","CTA|SE","-","-"
"09/08/2025 00:00 - 09/08/2025 01:00","CTA|SE","-","-"
"09/08/2025 01:00 - 09/08/2025 02:00","CTA|SE","-","-"
"09/08/2025 02:00 - 09/08/2025 03:00","CTA|SE","-","-"
"09/08/2025 03:00 - 09/08/2025 04:00","CTA|SE","-","-"
"09/08/2025 04:00 - 09/08/2025 05:00","CTA|SE","-","-"
"09/08/2025 05:00 - 09/08/2025 06:00","CTA|SE","-","-"
"09/08/2025 06:00 - 09/08/2025 07:00","CTA|SE","-","-"
"09/08/2025 07:00 - 09/08/2025 08:00","CTA|SE","-","-"
"09/08/2025 08:00 - 09/08/2025 09:00","CTA|SE","-","-"
"09/08/2025 09:00 - 09/08/2025 10:00","CTA|SE","-","-"
"09/08/2025 10:00 - 09/08/2025 11:00","CTA|SE","-","-"
"09/08/2025 11:00 - 09/08/2025 12:00","CTA|SE","-","-"
"09/08/2025 12:00 - 09/08/2025 13:00","CTA|SE","-","-"
"09/08/2025 13:00 - 09/08/2025 14:00","CTA|SE","-","-"
"09/08/2025 14:00 - 09/08/2025 15:00","CTA|SE","-","-"
"09/08/2025 15:00 - 09/08/2025 16:00","CTA|SE","-","-"
"09/08/2025 16:00 - 09/08/2025 17:00","CTA|SE","-","-"
"09/08/2025 17:00 - 09/08/2025 18:00","CTA|SE","-","-"
"09/08/2025 18:00 - 09/08/2025 19:00","CTA|SE","-","-"
"09/08/2025 19:00 - 09/08/2025 20:00","CTA|SE","-","-"
"09/08/2025 20:00 - 09/08/2025 21:00","CTA|SE","-","-"
"09/08/2025 21:00 - 09/08/2025 22:00","CTA|SE","-","-"
"09/08/2025 22:00 - 09/08/2025 23:00","CTA|SE","-","-"
"09/08/2025 23:00 - 10/08/2025 00:00","CTA|SE","-","-"
"10/08/2025 00:00 - 10/08/2025 01:00","CTA|SE","-","-"
"10/08/2025 01:00 - 10/08/2025 02:00","CTA|SE","-","-"
"10/08/2025 02:00 - 10/08/2025 03:00","CTA|SE","-","-"
"10/08/2025 03:00 - 10/08/2025 04:00","CTA|SE","-","-"
"10/08/2025 04:00 - 10/08/2025 05:00","CTA|SE","-","-"
"10/08/2025 05:00 - 10/08/2025 06:00","CTA|SE","-","-"
"10/08/2025 06:00 - 10/08/2025 07:00","CTA|SE","-","-"
"10/08/2025 07:00 - 10/08/2025 08:00","CTA|SE","-","-"
"10/08/2025 08:00 - 10/08/2025 09:00","CTA|SE","-","-"
"10/08/2025 09:00 - 10/08/2025 10:00","CTA|SE","-","-"
"10/08/2025 10:00 - 10/08/2025 11:00","CTA|SE","-","-"
"10/08/2025 11:00 - 10/08/2025 12:00","CTA|SE","-","-"
"10/08/2025 12:00 - 10/08/2025 13:00","CTA|SE","-","-"
"10/08/2025 13:00 - 10/08/2025 14:00","CTA|SE","-","-"
"10/08/2025 14:00 - 10/08/2025 15:00","CTA|SE","-","-"
"10/08/2025 15:00 - 10/08/2025 16:00","CTA|SE","-","-"
"10/08/2025 16:00 - 10/08/2025 17:00","CTA|SE","-","-"
"10/08/2025 17:00 - 10/08/2025 18:00","CTA|SE","-","-"
"10/08/2025 18:00 - 10/08/2025 19:00","CTA|SE","-","-"
"10/08/2025 19:00 - 10/08/2025 20:00","CTA|SE","-","-"
"10/08/2025 20:00 - 10/08/2025 21:00","CTA|SE","-","-"
"10/08/2025 21:00 - 10/08/2025 22:00","CTA|SE","-","-"
"10/08/2025 22:00 - 10/08/2025 23:00","CTA|SE","-","-"
"10/08/2025 23:00 - 11/08/2025 00:00","CTA|SE","-","-"
"11/08/2025 00:00 - 11/08/2025 01:00","CTA|SE","-","-"
"11/08/2025 01:00 - 11/08/2025 02:00","CTA|SE","-","-"
"11/08/2025 02:00 - 11/08/2025 03:00","CTA|SE","-","-"
"11/08/2025 03:00 - 11/08/2025 04:00","CTA|SE","-","-"
"11/08/2025 04:00 - 11/08/2025 05:00","CTA|SE","-","-"
"11/08/2025 05:00 - 11/08/2025 06:00","CTA|SE","-","-"
"11/08/2025 06:00 - 11/08/2025 07:00","CTA|SE","-","-"
"11/08/2025 07:00 - 11/08/2025 08:00","CTA|SE","-","-"
"11/08/2025 08:00 - 11/08/2025 09:00","CTA|SE","-","-"
"11/08/2025 09:00 - 11/08/2025 10:00","CTA|SE","-","-"
"11/08/2025 10:00 - 11/08/2025 11:00","CTA|SE","-","-"
"11/08/2025 11:00 - 11/08/2025 12:00","CTA|SE","-","-"
"11/08/2025 12:00 - 11/08/2025 13:00","CTA|SE","-","-"
"11/08/2025 13:00 - 11/08/2025 14:00","CTA|SE","-","-"
"11/08/2025 14:00 - 11/08/2025 15:00","CTA|SE","-","-"
"11/08/2025 15:00 - 11/08/2025 16:00","CTA|SE","-","-"
"11/08/2025 16:00 - 11/08/2025 17:00","CTA|SE","-","-"
"11/08/2025 17:00 - 11/08/2025 18:00","CTA|SE","-","-"
"11/08/2025 18:00 - 11/08/2025 19:00","CTA|SE","-","-"
"11/08/2025 19:00 - 11/08/2025 20:00","CTA|SE","-","-"
"11/08/2025 20:00 - 11/08/2025 21:00","CTA|SE","-","-"
"11/08/2025 21:00 - 11/08/2025 22:00","CTA|SE","-","-"
"11/08/2025 22:00 - 11/08/2025 23:00","CTA|SE","-","-"
"11/08/2025 23:00 - 12/08/2025 00:00","CTA|SE","-","-"
"12/08/2025 00:00 - 12/08/2025 01:00","CTA|SE","-","-"
"12/08/2025 01:00 - 12/08/2025 02:00","CTA|SE","-","-"
"12/08/2025 02:00 - 12/08/2025 03:00","CTA|SE","-","-"
"12/08/2025 03:00 - 12/08/2025 04:00","CTA|SE","-","-"
"12/08/2025 04:00 - 12/08/2025 05:00","CTA|SE","-","-"
"12/08/2025 05:00 - 12/08/2025 06:00","CTA|SE","-","-"
"12/08/2025 06:00 - 12/08/2025 07:00","CTA|SE","-","-"
"12/08/2025 07:00 - 12/08/2025 08:00","CTA|SE","-","-"
"12/08/2025 08:00 - 12/08/2025 09:00","CTA|SE","-","-"
"12/08/2025 09:00 - 12/08/2025 10:00","CTA|SE","-","-"
"12/08/2025 10:00 - 12/08/2025 11:00","CTA|SE","-","-"
"12/08/2025 11:00 - 12/08/2025 12:00","CTA|SE","-","-"
"12/08/2025 12:00 - 12/08/2025 13:00","CTA|SE","-","-"
"12/08/2025 13:00 - 12/08/2025 14:00","CTA|SE","-","-"
"12/08/2025 14:00 - 12/08/2025 15:00","CTA|SE","-","-"
"12/08/2025 15:00 - 12/08/2025 16:00","CTA|SE","-","-"
"12/08/2025 16:00 - 12/08/2025 17:00","CTA|SE","-","-"
"12/08/2025 17:00 - 12/08/2025 18:00","CTA|SE","-","-"
"12/08/2025 18:00 - 12/08/2025 19:00","CTA|SE","-","-"
"12/08/2025 19:00 - 12/08/2025 20:00","CTA|SE","-","-"
"12/08/2025 20:00 - 12/08/2025 21:00","CTA|SE","-","-"
"12/08/2025 21:00 - 12/08/2025 22:00","CTA|SE","-","-"
"12/08/2025 22:00 - 12/08/2025 23:00","CTA|SE","-","-"
"12/08/2025 23:00 - 13/08/2025 00:00","CTA|SE","-","-"
"13/08/2025 00:00 - 13/08/2025 01:00","CTA|SE","-","-"
"13/08/2025 01:00 - 13/08/2025 02:00","CTA|SE","-","-"
"13/08/2025 02:00 - 13/08/2025 03:00","CTA|SE","-","-"
"13/08/2025 03:00 - 13/08/2025 04:00","CTA|SE","-","-"
"13/08/2025 04:00 - 13/08/2025 05:00","CTA|SE","-","-"
"13/08/2025 05:00 - 13/08/2025 06:00","CTA|SE","-","-"
"13/08/2025 06:00 - 13/08/2025 07:00","CTA|SE","-","-"
"13/08/2025 07:00 - 13/08/2025 08:00","CTA|SE","-","-"
"13/08/2025 08:00 - 13/08/2025 09:00","CTA|SE","-","-"
"13/08/2025 09:00 - 13/08/2025 10:00","CTA|SE","-","-"
"13/08/2025 10:00 - 13/08/2025 11:00","CTA|SE","-","-"
"13/08/2025 11:00 - 13/08/2025 12:00","CTA|SE","-","-"
"13/08/2025 12:00 - 13/08/2025 13:00","CTA|SE","-","-"
"13/08/2025 13:00 - 13/08/2025 14:00","CTA|SE","-","-"
"13/08/2025 14:00 - 13/08/2025 15:00","CTA|SE","-","-"
"13/08/2025 15:00 - 13/08/2025 16:00","CTA|SE","-","-"
"13/08/2025 16:00 - 13/08/2025 17:00","CTA|SE","-","-"
"13/08/2025 17:00 - 13/08/2025 18:00","CTA|SE","-","-"
"13/08/2025 18:00 - 13/08/2025 19:00","CTA|SE","-","-"
"13/08/2025 19:00 - 13/08/2025 20:00","CTA|SE","-","-"
"13/08/2025 20:00 - 13/08/2025 21:00","CTA|SE","-","-"
"13/08/2025 21:00 - 13/08/2025 22:00","CTA|SE","-","-"
"13/08/2025 22:00 - 13/08/2025 23:00","CTA|SE","-","-"
"13/08/2025 23:00 - 14/08/2025 00:00","CTA|SE","-","-"
"14/08/2025 00:00 - 14/08/2025 01:00","CTA|SE","-","-"
"14/08/2025 01:00 - 14/08/2025 02:00","CTA|SE","-","-"
"14/08/2025 02:00 - 14/08/2025 03:00","CTA|SE","-","-"
"14/08/2025 03:00 - 14/08/2025 04:00","CTA|SE","-","-"
"14/08/2025 04:00 - 14/08/2025 05:00","CTA|SE","-","-"
"14/08/2025 05:00 - 14/08/2025 06:00","CTA|SE","-","-"
"14/08/2025 06:00 - 14/08/2025 07:00","CTA|SE","-","-"
"14/08/2025 07:00 - 14/08/2025 08:00","CTA|SE","-","-"
"14/08/2025 08:00 - 14/08/2025 09:00","CTA|SE","-","-"
"14/08/2025 09:00 - 14/08/2025 10:00","CTA|SE","-","-"
"14/08/2025 10:00 - 14/08/2025 11:00","CTA|SE","-","-"
"14/08/2025 11:00 - 14/08/2025 12:00","CTA|SE","-","-"
"14/08/2025 12:00 - 14/08/2025 13:00","CTA|SE","-","-"
"14/08/2025 13:00 - 14/08/2025 14:00","CTA|SE","-","-"
"14/08/2025 14:00 - 14/08/2025 15:00","CTA|SE","-","-"
"14/08/2025 15:00 - 14/08/2025 16:00","CTA|SE","-","-"
"14/08/2025 16:00 - 14/08/2025 17:00","CTA|SE","-","-"
"14/08/2025 17:00 - 14/08/2025 18:00","CTA|SE","-","-"
"14/08/2025 18:00 - 14/08/2025 19:00","CTA|SE","-","-"
"14/08/2025 19:00 - 14/08/2025 20:00","CTA|SE","-","-"
"14/08/2025 20:00 - 14/08/2025 21:00","CTA|SE","-","-"
"14/08/2025 21:00 - 14/08/2025 22:00","CTA|SE","-","-"
"14/08/2025 22:00 - 14/08/2025 23:00","CTA|SE","-","-"
"14/08/2025 23:00 - 15/08/2025 00:00","CTA|SE","-","-"
"15/08/2025 00:00 - 15/08/2025 01:00","CTA|SE","-","-"
"15/08/2025 01:00 - 15/08/2025 02:00","CTA|SE","-","-"
"15/08/2025 02:00 - 15/08/2025 03:00","CTA|SE","-","-"
"15/08/2025 03:00 - 15/08/2025 04:00","CTA|SE","-","-"
"15/08/2025 04:00 - 15/08/2025 05:00","CTA|SE","-","-"
"15/08/2025 05:00 - 15/08/2025 06:00","CTA|SE","-","-"
"15/08/2025 06:00 - 15/08/2025 07:00","CTA|SE","-","-"
"15/08/2025 07:00 - 15/08/2025 08:00","CTA|SE","-","-"
"15/08/2025 08:00 - 15/08/2025 09:00","CTA|SE","-","-"
"15/08/2025 09:00 - 15/08/2025 10:00","CTA|SE","-","-"
"15/08/2025 10:00 - 15/08/2025 11:00","CTA|SE","-","-"
"15/08/2025 11:00 - 15/08/2025 12:00","CTA|SE","-","-"
"15/08/2025 12:00 - 15/08/2025 13:00","CTA|SE","-","-"
"15/08/2025 13:00 - 15/08/2025 14:00","CTA|SE","-","-"
"15/08/2025 14:00 - 15/08/2025 15:00","CTA|SE","-","-"
"15/08/2025 15:00 - 15/08/2025 16:00","CTA|SE","-","-"
"15/08/2025 16:00 - 15/08/2025 17:00","CTA|SE","-","-"
"15/08/2025 17:00 - 15/08/2025 18:00","CTA|SE","-","-"
"15/08/2025 18:00 - 15/08/2025 19:00","CTA|SE","-","-"
"15/08/2025 19:00 - 15/08/2025 20:00","CTA|SE","-","-"
"15/08/2025 20:00 - 15/08/2025 21:00","CTA|SE","-","-"
"15/08/2025 21:00 - 15/08/2025 22:00","CTA|SE","-","-"
"15/08/2025 22:00 - 15/08/2025 23:00","CTA|SE","-","-"
"15/08/2025 23:00 - 16/08/2025 00:00","CTA|SE","-","-"
"16/08/2025 00:00 - 16/08/2025 01:00","CTA|SE","-","-"
"16/08/2025 01:00 - 16/08/2025 02:00","CTA|SE","-","-"
"16/08/2025 02:00 - 16/08/2025 03:00","CTA|SE","-","-"
"16/08/2025 03:00 - 16/08/2025 04:00","CTA|SE","-","-"
"16/08/2025 04:00 - 16/08/2025 05:00","CTA|SE","-","-"
"16/08/2025 05:00 - 16/08/2025 06:00","CTA|SE","-","-"
"16/08/2025 06:00 - 16/08/2025 07:00","CTA|SE","-","-"
"16/08/2025 07:00 - 16/08/2025 08:00","CTA|SE","-","-"
"16/08/2025 08:00 - 16/08/2025 09:00","CTA|SE","-","-"
"16/08/2025 09:00 - 16/08/2025 10:00","CTA|SE","-","-"
"16/08/2025 10:00 - 16/08/2025 11:00","CTA|SE","-","-"
"16/08/2025 11:00 - 16/08/2025 12:00","CTA|SE","-","-"
"16/08/2025 12:00 - 16/08/2025 13:00","CTA|SE","-","-"
"16/08/2025 13:00 - 16/08/2025 14:00","CTA|SE","-","-"
"16/08/2025 14:00 - 16/08/2025 15:00","CTA|SE","-","-"
"16/08/2025 15:00 - 16/08/2025 16:00","CTA|SE","-","-"
"16/08/2025 16:00 - 16/08/2025 17:00","CTA|SE","-","-"
"16/08/2025 17:00 - 16/08/2025 18:00","CTA|SE","-","-"
"16/08/2025 18:00 - 16/08/2025 19:00","CTA|SE","-","-"
"16/08/2025 19:00 - 16/08/2025 20:00","CTA|SE","-","-"
"16/08/2025 20:00 - 16/08/2025 21:00","CTA|SE","-","-"
"16/08/2025 21:00 - 16/08/2025 22:00","CTA|SE","-","-"
"16/08/2025 22:00 - 16/08/2025 23:00","CTA|SE","-","-"
"16/08/2025 23:00 - 17/08/2025 00:00","CTA|SE","-","-"
"17/08/2025 00:00 - 17/08/2025 01:00","CTA|SE","-","-"
"17/08/2025 01:00 - 17/08/2025 02:00","CTA|SE","-","-"
"17/08/2025 02:00 - 17/08/2025 03:00","CTA|SE","-","-"
"17/08/2025 03:00 - 17/08/2025 04:00","CTA|SE","-","-"
"17/08/2025 04:00 - 17/08/2025 05:00","CTA|SE","-","-"
"17/08/2025 05:00 - 17/08/2025 06:00","CTA|SE","-","-"
"17/08/2025 06:00 - 17/08/2025 07:00","CTA|SE","-","-"
"17/08/2025 07:00 - 17/08/2025 08:00","CTA|SE","-","-"
"17/08/2025 08:00 - 17/08/2025 09:00","CTA|SE","-","-"
"17/08/2025 09:00 - 17/08/2025 10:00","CTA|SE","-","-"
"17/08/2025 10:00 - 17/08/2025 11:00","CTA|SE","-","-"
"17/08/2025 11:00 - 17/08/2025 12:00","CTA|SE","-","-"
"17/08/2025 12:00 - 17/08/2025 13:00","CTA|SE","-","-"
"17/08/2025 13:00 - 17/08/2025 14:00","CTA|SE","-","-"
"17/08/2025 14:00 - 17/08/2025 15:00","CTA|SE","-","-"
"17/08/2025 15:00 - 17/08/2025 16:00","CTA|SE","-","-"
"17/08/2025 16:00 - 17/08/2025 17:00","CTA|SE","-","-"
"17/08/2025 17:00 - 17/08/2025 18:00","CTA|SE","-","-"
"17/08/2025 18:00 - 17/08/2025 19:00","CTA|SE","-","-"
"17/08/2025 19:00 - 17/08/2025 20:00","CTA|SE","-","-"
"17/08/2025 20:00 - 17/08/2025 21:00","CTA|SE","-","-"
"17/08/2025 21:00 - 17/08/2025 22:00","CTA|SE","-","-"
"17/08/2025 22:00 - 17/08/2025 23:00","CTA|SE","-","-"
"17/08/2025 23:00 - 18/08/2025 00:00","CTA|SE","-","-"
"18/08/2025 00:00 - 18/08/2025 01:00","CTA|SE","-","-"
"18/08/2025 01:00 - 18/08/2025 02:00","CTA|SE","-","-"
"18/08/2025 02:00 - 18/08/2025 03:00","CTA|SE","-","-"
"18/08/2025 03:00 - 18/08/2025 04:00","CTA|SE","-","-"
"18/08/2025 04:00 - 18/08/2025 05:00","CTA|SE","-","-"
"18/08/2025 05:00 - 18/08/2025 06:00","CTA|SE","-","-"
"18/08/2025 06:00 - 18/08/2025 07:00","CTA|SE","-","-"
"18/08/2025 07:00 - 18/08/2025 08:00","CTA|SE","-","-"
"18/08/2025 08:00 - 18/08/2025 09:00","CTA|SE","-","-"
"18/08/2025 09:00 - 18/08/2025 10:00","CTA|SE","-","-"
"18/08/2025 10:00 - 18/08/2025 11:00","CTA|SE","-","-"
"18/08/2025 11:00 - 18/08/2025 12:00","CTA|SE","-","-"
"18/08/2025 12:00 - 18/08/2025 13:00","CTA|SE","-","-"
"18/08/2025 13:00 - 18/08/2025 14:00","CTA|SE","-","-"
"18/08/2025 14:00 - 18/08/2025 15:00","CTA|SE","-","-"
"18/08/2025 15:00 - 18/08/2025 16:00","CTA|SE","-","-"
"18/08/2025 16:00 - 18/08/2025 17:00","CTA|SE","-","-"
"18/08/2025 17:00 - 18/08/2025 18:00","CTA|SE","-","-"
"18/08/2025 18:00 - 18/08/2025 19:00","CTA|SE","-","-"
"18/08/2025 19:00 - 18/08/2025 20:00","CTA|SE","-","-"
"18/08/2025 20:00 - 18/08/2025 21:00","CTA|SE","-","-"
"18/08/2025 21:00 - 18/08/2025 22:00","CTA|SE","-","-"
"18/08/2025 22:00 - 18/08/2025 23:00","CTA|SE","-","-"
"18/08/2025 23:00 - 19/08/2025 00:00","CTA|SE","-","-"
"19/08/2025 00:00 - 19/08/2025 01:00","CTA|SE","-","-"
"19/08/2025 01:00 - 19/08/2025 02:00","CTA|SE","-","-"
"19/08/2025 02:00 - 19/08/2025 03:00","CTA|SE","-","-"
"19/08/2025 03:00 - 19/08/2025 04:00","CTA|SE","-","-"
"19/08/2025 04:00 - 19/08/2025 05:00","CTA|SE","-","-"
"19/08/2025 05:00 - 19/08/2025 06:00","CTA|SE","-","-"
"19/08/2025 06:00 - 19/08/2025 07:00","CTA|SE","-","-"
"19/08/2025 07:00 - 19/08/2025 08:00","CTA|SE","-","-"
"19/08/2025 08:00 - 19/08/2025 09:00","CTA|SE","-","-"
"19/08/2025 09:00 - 19/08/2025 10:00","CTA|SE","-","-"
"19/08/2025 10:00 - 19/08/2025 11:00","CTA|SE","-","-"
"19/08/2025 11:00 - 19/08/2025 12:00","CTA|SE","-","-"
"19/08/2025 12:00 - 19/08/2025 13:00","CTA|SE","-","-"
"19/08/2025 13:00 - 19/08/2025 14:00","CTA|SE","-","-"
"19/08/2025 14:00 - 19/08/2025 15:00","CTA|SE","-","-"
"19/08/2025 15:00 - 19/08/2025 16:00","CTA|SE","-","-"
"19/08/2025 16:00 - 19/08/2025 17:00","CTA|SE","-","-"
"19/08/2025 17:00 - 19/08/2025 18:00","CTA|SE","-","-"
"19/08/2025 18:00 - 19/08/2025 19:00","CTA|SE","-","-"
"19/08/2025 19:00 - 19/08/2025 20:00","CTA|SE","-","-"
"19/08/2025 20:00 - 19/08/2025 21:00","CTA|SE","-","-"
"19/08/2025 21:00 - 19/08/2025 22:00","CTA|SE","-","-"
"19/08/2025 22:00 - 19/08/2025 23:00","CTA|SE","-","-"
"19/08/2025 23:00 - 20/08/2025 00:00","CTA|SE","-","-"
"20/08/2025 00:00 - 20/08/2025 01:00","CTA|SE","-","-"
"20/08/2025 01:00 - 20/08/2025 02:00","CTA|SE","-","-"
"20/08/2025 02:00 - 20/08/2025 03:00","CTA|SE","-","-"
"20/08/2025 03:00 - 20/08/2025 04:00","CTA|SE","-","-"
"20/08/2025 04:00 - 20/08/2025 05:00","CTA|SE","-","-"
"20/08/2025 05:00 - 20/08/2025 06:00","CTA|SE","-","-"
"20/08/2025 06:00 - 20/08/2025 07:00","CTA|SE","-","-"
"20/08/2025 07:00 - 20/08/2025 08:00","CTA|SE","-","-"
"20/08/2025 08:00 - 20/08/2025 09:00","CTA|SE","-","-"
"20/08/2025 09:00 - 20/08/2025 10:00","CTA|SE","-","-"
"20/08/2025 10:00 - 20/08/2025 11:00","CTA|SE","-","-"
"20/08/2025 11:00 - 20/08/2025 12:00","CTA|SE","-","-"
"20/08/2025 12:00 - 20/08/2025 13:00","CTA|SE","-","-"
"20/08/2025 13:00 - 20/08/2025 14:00","CTA|SE","-","-"
"20/08/2025 14:00 - 20/08/2025 15:00","CTA|SE","-","-"
"20/08/2025 15:00 - 20/08/2025 16:00","CTA|SE","-","-"
"20/08/2025 16:00 - 20/08/2025 17:00","CTA|SE","-","-"
"20/08/2025 17:00 - 20/08/2025 18:00","CTA|SE","-","-"
"20/08/2025 18:00 - 20/08/2025 19:00","CTA|SE","-","-"
"20/08/2025 19:00 - 20/08/2025 20:00","CTA|SE","-","-"
"20/08/2025 20:00 - 20/08/2025 21:00","CTA|SE","-","-"
"20/08/2025 21:00 - 20/08/2025 22:00","CTA|SE","-","-"
"20/08/2025 22:00 - 20/08/2025 23:00","CTA|SE","-","-"
"20/08/2025 23:00 - 21/08/2025 00:00","CTA|SE","-","-"
"21/08/2025 00:00 - 21/08/2025 01:00","CTA|SE","-","-"
"21/08/2025 01:00 - 21/08/2025 02:00","CTA|SE","-","-"
"21/08/2025 02:00 - 21/08/2025 03:00","CTA|SE","-","-"
"21/08/2025 03:00 - 21/08/2025 04:00","CTA|SE","-","-"
"21/08/2025 04:00 - 21/08/2025 05:00","CTA|SE","-","-"
"21/08/2025 05:00 - 21/08/2025 06:00","CTA|SE","-","-"
"21/08/2025 06:00 - 21/08/2025 07:00","CTA|SE","-","-"
"21/08/2025 07:00 - 21/08/2025 08:00","CTA|SE","-","-"
"21/08/2025 08:00 - 21/08/2025 09:00","CTA|SE","-","-"
"21/08/2025 09:00 - 21/08/2025 10:00","CTA|SE","-","-"
"21/08/2025 10:00 - 21/08/2025 11:00","CTA|SE","-","-"
"21/08/2025 11:00 - 21/08/2025 12:00","CTA|SE","-","-"
"21/08/2025 12:00 - 21/08/2025 13:00","CTA|SE","-","-"
"21/08/2025 13:00 - 21/08/2025 14:00","CTA|SE","-","-"
"21/08/2025 14:00 - 21/08/2025 15:00","CTA|SE","-","-"
"21/08/2025 15:00 - 21/08/2025 16:00","CTA|SE","-","-"
"21/08/2025 16:00 - 21/08/2025 17:00","CTA|SE","-","-"
"21/08/2025 17:00 - 21/08/2025 18:00","CTA|SE","-","-"
"21/08/2025 18:00 - 21/08/2025 19:00","CTA|SE","-","-"
"21/08/2025 19:00 - 21/08/2025 20:00","CTA|SE","-","-"
"21/08/2025 20:00 - 21/08/2025 21:00","CTA|SE","-","-"
"21/08/2025 21:00 - 21/08/2025 22:00","CTA|SE","-","-"
"21/08/2025 22:00 - 21/08/2025 23:00","CTA|SE","-","-"
"21/08/2025 23:00 - 22/08/2025 00:00","CTA|SE","-","-"
"22/08/2025 00:00 - 22/08/2025 01:00","CTA|SE","-","-"
"22/08/2025 01:00 - 22/08/2025 02:00","CTA|SE","-","-"
"22/08/2025 02:00 - 22/08/2025 03:00","CTA|SE","-","-"
"22/08/2025 03:00 - 22/08/2025 04:00","CTA|SE","-","-"
"22/08/2025 04:00 - 22/08/2025 05:00","CTA|SE","-","-"
"22/08/2025 05:00 - 22/08/2025 06:00","CTA|SE","-","-"
"22/08/2025 06:00 - 22/08/2025 07:00","CTA|SE","-","-"
"22/08/2025 07:00 - 22/08/2025 08:00","CTA|SE","-","-"
"22/08/2025 08:00 - 22/08/2025 09:00","CTA|SE","-","-"
"22/08/2025 09:00 - 22/08/2025 10:00","CTA|SE","-","-"
"22/08/2025 10:00 - 22/08/2025 11:00","CTA|SE","-","-"
"22/08/2025 11:00 - 22/08/2025 12:00","CTA|SE","-","-"
"22/08/2025 12:00 - 22/08/2025 13:00","CTA|SE","-","-"
"22/08/2025 13:00 - 22/08/2025 14:00","CTA|SE","-","-"
"22/08/2025 14:00 - 22/08/2025 15:00","CTA|SE","-","-"
"22/08/2025 15:00 - 22/08/2025 16:00","CTA|SE","-","-"
"22/08/2025 16:00 - 22/08/2025 17:00","CTA|SE","-","-"
"22/08/2025 17:00 - 22/08/2025 18:00","CTA|SE","-","-"
"22/08/2025 18:00 - 22/08/2025 19:00","CTA|SE","-","-"
"22/08/2025 19:00 - 22/08/2025 20:00","CTA|SE","-","-"
"22/08/2025 20:00 - 22/08/2025 21:00","CTA|SE","-","-"
"22/08/2025 21:00 - 22/08/2025 22:00","CTA|SE","-","-"
"22/08/2025 22:00 - 22/08/2025 23:00","CTA|SE","-","-"
"22/08/2025 23:00 - 23/08/2025 00:00","CTA|SE","-","-"
"23/08/2025 00:00 - 23/08/2025 01:00","CTA|SE","-","-"
"23/08/2025 01:00 - 23/08/2025 02:00","CTA|SE","-","-"
"23/08/2025 02:00 - 23/08/2025 03:00","CTA|SE","-","-"
"23/08/2025 03:00 - 23/08/2025 04:00","CTA|SE","-","-"
"23/08/2025 04:00 - 23/08/2025 05:00","CTA|SE","-","-"
"23/08/2025 05:00 - 23/08/2025 06:00","CTA|SE","-","-"
"23/08/2025 06:00 - 23/08/2025 07:00","CTA|SE","-","-"
"23/08/2025 07:00 - 23/08/2025 08:00","CTA|SE","-","-"
"23/08/2025 08:00 - 23/08/2025 09:00","CTA|SE","-","-"
"23/08/2025 09:00 - 23/08/2025 10:00","CTA|SE","-","-"
"23/08/2025 10:00 - 23/08/2025 11:00","CTA|SE","-","-"
"23/08/2025 11:00 - 23/08/2025 12:00","CTA|SE","-","-"
"23/08/2025 12:00 - 23/08/2025 13:00","CTA|SE","-","-"
"23/08/2025 13:00 - 23/08/2025 14:00","CTA|SE","-","-"
"23/08/2025 14:00 - 23/08/2025 15:00","CTA|SE","-","-"
"23/08/2025 15:00 - 23/08/2025 16:00","CTA|SE","-","-"
"23/08/2025 16:00 - 23/08/2025 17:00","CTA|SE","-","-"
"23/08/2025 17:00 - 23/08/2025 18:00","CTA|SE","-","-"
"23/08/2025 18:00 - 23/08/2025 19:00","CTA|SE","-","-"
"23/08/2025 19:00 - 23/08/2025 20:00","CTA|SE","-","-"
"23/08/2025 20:00 - 23/08/2025 21:00","CTA|SE","-","-"
"23/08/2025 21:00 - 23/08/2025 22:00","CTA|SE","-","-"
"23/08/2025 22:00 - 23/08/2025 23:00","CTA|SE","-","-"
"23/08/2025 23:00 - 24/08/2025 00:00","CTA|SE","-","-"
"24/08/2025 00:00 - 24/08/2025 01:00","CTA|SE","-","-"
"24/08/2025 01:00 - 24/08/2025 02:00","CTA|SE","-","-"
"24/08/2025 02:00 - 24/08/2025 03:00","CTA|SE","-","-"
"24/08/2025 03:00 - 24/08/2025 04:00","CTA|SE","-","-"
"24/08/2025 04:00 - 24/08/2025 05:00","CTA|SE","-","-"
"24/08/2025 05:00 - 24/08/2025 06:00","CTA|SE","-","-"
"24/08/2025 06:00 - 24/08/2025 07:00","CTA|SE","-","-"
"24/08/2025 07:00 - 24/08/2025 08:00","CTA|SE","-","-"
"24/08/2025 08:00 - 24/08/2025 09:00","CTA|SE","-","-"
"24/08/2025 09:00 - 24/08/2025 10:00","CTA|SE","-","-"
"24/08/2025 10:00 - 24/08/2025 11:00","CTA|SE","-","-"
"24/08/2025 11:00 - 24/08/2025 12:00","CTA|SE","-","-"
"24/08/2025 12:00 - 24/08/2025 13:00","CTA|SE","-","-"
"24/08/2025 13:00 - 24/08/2025 14:00","CTA|SE","-","-"
"24/08/2025 14:00 - 24/08/2025 15:00","CTA|SE","-","-"
"24/08/2025 15:00 - 24/08/2025 16:00","CTA|SE","-","-"
"24/08/2025 16:00 - 24/08/2025 17:00","CTA|SE","-","-"
"24/08/2025 17:00 - 24/08/2025 18:00","CTA|SE","-","-"
"24/08/2025 18:00 - 24/08/2025 19:00","CTA|SE","-","-"
"24/08/2025 19:00 - 24/08/2025 20:00","CTA|SE","-","-"
"24/08/2025 20:00 - 24/08/2025 21:00","CTA|SE","-","-"
"24/08/2025 21:00 - 24/08/2025 22:00","CTA|SE","-","-"
"24/08/2025 22:00 - 24/08/2025 23:00","CTA|SE","-","-"
"24/08/2025 23:00 - 25/08/2025 00:00","CTA|SE","-","-"
"25/08/2025 00:00 - 25/08/2025 01:00","CTA|SE","-","-"
"25/08/2025 01:00 - 25/08/2025 02:00","CTA|SE","-","-"
"25/08/2025 02:00 - 25/08/2025 03:00","CTA|SE","-","-"
"25/08/2025 03:00 - 25/08/2025 04:00","CTA|SE","-","-"
"25/08/2025 04:00 - 25/08/2025 05:00","CTA|SE","-","-"
"25/08/2025 05:00 - 25/08/2025 06:00","CTA|SE","-","-"
"25/08/2025 06:00 - 25/08/2025 07:00","CTA|SE","-","-"
"25/08/2025 07:00 - 25/08/2025 08:00","CTA|SE","-","-"
"25/08/2025 08:00 - 25/08/2025 09:00","CTA|SE","-","-"
"25/08/2025 09:00 - 25/08/2025 10:00","CTA|SE","-","-"
"25/08/2025 10:00 - 25/08/2025 11:00","CTA|SE","-","-"
"25/08/2025 11:00 - 25/08/2025 12:00","CTA|SE","-","-"
"25/08/2025 12:00 - 25/08/2025 13:00","CTA|SE","-","-"
"25/08/2025 13:00 - 25/08/2025 14:00","CTA|SE","-","-"
"25/08/2025 14:00 - 25/08/2025 15:00","CTA|SE","-","-"
"25/08/2025 15:00 - 25/08/2025 16:00","CTA|SE","-","-"
"25/08/2025 16:00 - 25/08/2025 17:00","CTA|SE","-","-"
"25/08/2025 17:00 - 25/08/2025 18:00","CTA|SE","-","-"
"25/08/2025 18:00 - 25/08/2025 19:00","CTA|SE","-","-"
"25/08/2025 19:00 - 25/08/2025 20:00","CTA|SE","-","-"
"25/08/2025 20:00 - 25/08/2025 21:00","CTA|SE","-","-"
"25/08/2025 21:00 - 25/08/2025 22:00","CTA|SE","-","-"
"25/08/2025 22:00 - 25/08/2025 23:00","CTA|SE","-","-"
"25/08/2025 23:00 - 26/08/2025 00:00","CTA|SE","-","-"
"26/08/2025 00:00 - 26/08/2025 01:00","CTA|SE","-","-"
"26/08/2025 01:00 - 26/08/2025 02:00","CTA|SE","-","-"
"26/08/2025 02:00 - 26/08/2025 03:00","CTA|SE","-","-"
"26/08/2025 03:00 - 26/08/2025 04:00","CTA|SE","-","-"
"26/08/2025 04:00 - 26/08/2025 05:00","CTA|SE","-","-"
"26/08/2025 05:00 - 26/08/2025 06:00","CTA|SE","-","-"
"26/08/2025 06:00 - 26/08/2025 07:00","CTA|SE","-","-"
"26/08/2025 07:00 - 26/08/2025 08:00","CTA|SE","-","-"
"26/08/2025 08:00 - 26/08/2025 09:00","CTA|SE","-","-"
"26/08/2025 09:00 - 26/08/2025 10:00","CTA|SE","-","-"
"26/08/2025 10:00 - 26/08/2025 11:00","CTA|SE","-","-"
"26/08/2025 11:00 - 26/08/2025 12:00","CTA|SE","-","-"
"26/08/2025 12:00 - 26/08/2025 13:00","CTA|SE","-","-"
"26/08/2025 13:00 - 26/08/2025 14:00","CTA|SE","-","-"
"26/08/2025 14:00 - 26/08/2025 15:00","CTA|SE","-","-"
"26/08/2025 15:00 - 26/08/2025 16:00","CTA|SE","-","-"
"26/08/2025 16:00 - 26/08/2025 17:00","CTA|SE","-","-"
"26/08/2025 17:00 - 26/08/2025 18:00","CTA|SE","-","-"
"26/08/2025 18:00 - 26/08/2025 19:00","CTA|SE","-","-"
"26/08/2025 19:00 - 26/08/2025 20:00","CTA|SE","-","-"
"26/08/2025 20:00 - 26/08/2025 21:00","CTA|SE","-","-"
"26/08/2025 21:00 - 26/08/2025 22:00","CTA|SE","-","-"
"26/08/2025 22:00 - 26/08/2025 23:00","CTA|SE","-","-"
"26/08/2025 23:00 - 27/08/2025 00:00","CTA|SE","-","-"
"27/08/2025 00:00 - 27/08/2025 01:00","CTA|SE","-","-"
"27/08/2025 01:00 - 27/08/2025 02:00","CTA|SE","-","-"
"27/08/2025 02:00 - 27/08/2025 03:00","CTA|SE","-","-"
"27/08/2025 03:00 - 27/08/2025 04:00","CTA|SE","-","-"
"27/08/2025 04:00 - 27/08/2025 05:00","CTA|SE","-","-"
"27/08/2025 05:00 - 27/08/2025 06:00","CTA|SE","-","-"
"27/08/2025 06:00 - 27/08/2025 07:00","CTA|SE","-","-"
"27/08/2025 07:00 - 27/08/2025 08:00","CTA|SE","-","-"
"27/08/2025 08:00 - 27/08/2025 09:00","CTA|SE","-","-"
"27/08/2025 09:00 - 27/08/2025 10:00","CTA|SE","-","-"
"27/08/2025 10:00 - 27/08/2025 11:00","CTA|SE","-","-"
"27/08/2025 11:00 - 27/08/2025 12:00","CTA|SE","-","-"
"27/08/2025 12:00 - 27/08/2025 13:00","CTA|SE","-","-"
"27/08/2025 13:00 - 27/08/2025 14:00","CTA|SE","-","-"
"27/08/2025 14:00 - 27/08/2025 15:00","CTA|SE","-","-"
"27/08/2025 15:00 - 27/08/2025 16:00","CTA|SE","-","-"
"27/08/2025 16:00 - 27/08/2025 17:00","CTA|SE","-","-"
"27/08/2025 17:00 - 27/08/2025 18:00","CTA|SE","-","-"
"27/08/2025 18:00 - 27/08/2025 19:00","CTA|SE","-","-"
"27/08/2025 19:00 - 27/08/2025 20:00","CTA|SE","-","-"
"27/08/2025 20:00 - 27/08/2025 21:00","CTA|SE","-","-"
"27/08/2025 21:00 - 27/08/2025 22:00","CTA|SE","-","-"
"27/08/2025 22:00 - 27/08/2025 23:00","CTA|SE","-","-"
"27/08/2025 23:00 - 28/08/2025 00:00","CTA|SE","-","-"
"28/08/2025 00:00 - 28/08/2025 01:00","CTA|SE","-","-"
"28/08/2025 01:00 - 28/08/2025 02:00","CTA|SE","-","-"
"28/08/2025 02:00 - 28/08/2025 03:00","CTA|SE","-","-"
"28/08/2025 03:00 - 28/08/2025 04:00","CTA|SE","-","-"
"28/08/2025 04:00 - 28/08/2025 05:00","CTA|SE","-","-"
"28/08/2025 05:00 - 28/08/2025 06:00","CTA|SE","-","-"
"28/08/2025 06:00 - 28/08/2025 07:00","CTA|SE","-","-"
"28/08/2025 07:00 - 28/08/2025 08:00","CTA|SE","-","-"
"28/08/2025 08:00 - 28/08/2025 09:00","CTA|SE","-","-"
"28/08/2025 09:00 - 28/08/2025 10:00","CTA|SE","-","-"
"28/08/2025 10:00 - 28/08/2025 11:00","CTA|SE","-","-"
"28/08/2025 11:00 - 28/08/2025 12:00","CTA|SE","-","-"
"28/08/2025 12:00 - 28/08/2025 13:00","CTA|SE","-","-"
"28/08/2025 13:00 - 28/08/2025 14:00","CTA|SE","-","-"
"28/08/2025 14:00 - 28/08/2025 15:00","CTA|SE","-","-"
"28/08/2025 15:00 - 28/08/2025 16:00","CTA|SE","-","-"
"28/08/2025 16:00 - 28/08/2025 17:00","CTA|SE","-","-"
"28/08/2025 17:00 - 28/08/2025 18:00","CTA|SE","-","-"
"28/08/2025 18:00 - 28/08/2025 19:00","CTA|SE","-","-"
"28/08/2025 19:00 - 28/08/2025 20:00","CTA|SE","-","-"
"28/08/2025 20:00 - 28/08/2025 21:00","CTA|SE","-","-"
"28/08/2025 21:00 - 28/08/2025 22:00","CTA|SE","-","-"
"28/08/2025 22:00 - 28/08/2025 23:00","CTA|SE","-","-"
"28/08/2025 23:00 - 29/08/2025 00:00","CTA|SE","-","-"
"29/08/2025 00:00 - 29/08/2025 01:00","CTA|SE","-","-"
"29/08/2025 01:00 - 29/08/2025 02:00","CTA|SE","-","-"
"29/08/2025 02:00 - 29/08/2025 03:00","CTA|SE","-","-"
"29/08/2025 03:00 - 29/08/2025 04:00","CTA|SE","-","-"
"29/08/2025 04:00 - 29/08/2025 05:00","CTA|SE","-","-"
"29/08/2025 05:00 - 29/08/2025 06:00","CTA|SE","-","-"
"29/08/2025 06:00 - 29/08/2025 07:00","CTA|SE","-","-"
"29/08/2025 07:00 - 29/08/2025 08:00","CTA|SE","-","-"
"29/08/2025 08:00 - 29/08/2025 09:00","CTA|SE","-","-"
"29/08/2025 09:00 - 29/08/2025 10:00","CTA|SE","-","-"
"29/08/2025 10:00 - 29/08/2025 11:00","CTA|SE","-","-"
"29/08/2025 11:00 - 29/08/2025 12:00","CTA|SE","-","-"
"29/08/2025 12:00 - 29/08/2025 13:00","CTA|SE","-","-"
"29/08/2025 13:00 - 29/08/2025 14:00","CTA|SE","-","-"
"29/08/2025 14:00 - 29/08/2025 15:00","CTA|SE","-","-"
"29/08/2025 15:00 - 29/08/2025 16:00","CTA|SE","-","-"
"29/08/2025 16:00 - 29/08/2025 17:00","CTA|SE","-","-"
"29/08/2025 17:00 - 29/08/2025 18:00","CTA|SE","-","-"
"29/08/2025 18:00 - 29/08/2025 19:00","CTA|SE","-","-"
"29/08/2025 19:00 - 29/08/2025 20:00","CTA|SE","-","-"
"29/08/2025 20:00 - 29/08/2025 21:00","CTA|SE","-","-"
"29/08/2025 21:00 - 29/08/2025 22:00","CTA|SE","-","-"
"29/08/2025 22:00 - 29/08/2025 23:00","CTA|SE","-","-"
"29/08/2025 23:00 - 30/08/2025 00:00","CTA|SE","-","-"
"30/08/2025 00:00 - 30/08/2025 01:00","CTA|SE","-","-"
"30/08/2025 01:00 - 30/08/2025 02:00","CTA|SE","-","-"
"30/08/2025 02:00 - 30/08/2025 03:00","CTA|SE","-","-"
"30/08/2025 03:00 - 30/08/2025 04:00","CTA|SE","-","-"
"30/08/2025 04:00 - 30/08/2025 05:00","CTA|SE","-","-"
"30/08/2025 05:00 - 30/08/2025 06:00","CTA|SE","-","-"
"30/08/2025 06:00 - 30/08/2025 07:00","CTA|SE","-","-"
"30/08/2025 07:00 - 30/08/2025 08:00","CTA|SE","-","-"
"30/08/2025 08:00 - 30/08/2025 09:00","CTA|SE","-","-"
"30/08/2025 09:00 - 30/08/2025 10:00","CTA|SE","-","-"
"30/08/2025 10:00 - 30/08/2025 11:00","CTA|SE","-","-"
"30/08/2025 11:00 - 30/08/2025 12:00","CTA|SE","-","-"
"30/08/2025 12:00 - 30/08/2025 13:00","CTA|SE","-","-"
"30/08/2025 13:00 - 30/08/2025 14:00","CTA|SE","-","-"
"30/08/2025 14:00 - 30/08/2025 15:00","CTA|SE","-","-"
"30/08/2025 15:00 - 30/08/2025 16:00","CTA|SE","-","-"
"30/08/2025 16:00 - 30/08/2025 17:00","CTA|SE","-","-"
"30/08/2025 17:00 - 30/08/2025 18:00","CTA|SE","-","-"
"30/08/2025 18:00 - 30/08/2025 19:00","CTA|SE","-","-"
"30/08/2025 19:00 - 30/08/2025 20:00","CTA|SE","-","-"
"30/08/2025 20:00 - 30/08/2025 21:00","CTA|SE","-","-"
"30/08/2025 21:00 - 30/08/2025 22:00","CTA|SE","-","-"
"30/08/2025 22:00 - 30/08/2025 23:00","CTA|SE","-","-"
"30/08/2025 23:00 - 31/08/2025 00:00","CTA|SE","-","-"
"31/08/2025 00:00 - 31/08/2025 01:00","CTA|SE","-","-"
"31/08/2025 01:00 - 31/08/2025 02:00","CTA|SE","-","-"
"31/08/2025 02:00 - 31/08/2025 03:00","CTA|SE","-","-"
"31/08/2025 03:00 - 31/08/2025 04:00","CTA|SE","-","-"
"31/08/2025 04:00 - 31/08/2025 05:00","CTA|SE","-","-"
"31/08/2025 05:00 - 31/08/2025 06:00","CTA|SE","-","-"
"31/08/2025 06:00 - 31/08/2025 07:00","CTA|SE","-","-"
"31/08/2025 07:00 - 31/08/2025 08:00","CTA|SE","-","-"
"31/08/2025 08:00 - 31/08/2025 09:00","CTA|SE","-","-"
"31/08/2025 09:00 - 31/08/2025 10:00","CTA|SE","-","-"
"31/08/2025 10:00 - 31/08/2025 11:00","CTA|SE","-","-"
"31/08/2025 11:00 - 31/08/2025 12:00","CTA|SE","-","-"
"31/08/2025 12:00 - 31/08/2025 13:00","CTA|SE","-","-"
"31/08/2025 13:00 - 31/08/2025 14:00","CTA|SE","-","-"
"31/08/2025 14:00 - 31/08/2025 15:00","CTA|SE","-","-"
"31/08/2025 15:00 - 31/08/2025 16:00","CTA|SE","-","-"
"31/08/2025 16:00 - 31/08/2025 17:00","CTA|SE","-","-"
"31/08/2025 17:00 - 31/08/2025 18:00","CTA|SE","-","-"
"31/08/2025 18:00 - 31/08/2025 19:00","CTA|SE","-","-"
"31/08/2025 19:00 - 31/08/2025 20:00","CTA|SE","-","-"
"31/08/2025 20:00 - 31/08/2025 21:00","CTA|SE","-","-"
"31/08/2025 21:00 - 31/08/2025 22:00","CTA|SE","-","-"
"31/08/2025 22:00 - 31/08/2025 23:00","CTA|SE","-","-"
"31/08/2025 23:00 - 01/09/2025 00:00","CTA|SE","-","-"
"01/09/2025 00:00 - 01/09/2025 01:00","CTA|SE","-","-"
"01/09/2025 01:00 - 01/09/2025 02:00","CTA|SE","-","-"
"01/09/2025 02:00 - 01/09/2025 03:00","CTA|SE","-","-"
"01/09/2025 03:00 - 01/09/2025 04:00","CTA|SE","-","-"
"01/09/2025 04:00 - 01/09/2025 05:00","CTA|SE","-","-"
"01/09/2025 05:00 - 01/09/2025 06:00","CTA|SE","-","-"
"01/09/2025 06:00 - 01/09/2025 07:00","CTA|SE","-","-"
"01/09/2025 07:00 - 01/09/2025 08:00","CTA|SE","-","-"
"01/09/2025 08:00 - 01/09/2025 09:00","CTA|SE","-","-"
"01/09/2025 09:00 - 01/09/2025 10:00","CTA|SE","-","-"
"01/09/2025 10:00 - 01/09/2025 11:00","CTA|SE","-","-"
"01/09/2025 11:00 - 01/09/2025 12:00","CTA|SE","-","-"
"01/09/2025 12:00 - 01/09/2025 13:00","CTA|SE","-","-"
"01/09/2025 13:00 - 01/09/2025 14:00","CTA|SE","-","-"
"01/09/2025 14:00 - 01/09/2025 15:00","CTA|SE","-","-"
"01/09/2025 15:00 - 01/09/2025 16:00","CTA|SE","-","-"
"01/09/2025 16:00 - 01/09/2025 17:00","CTA|SE","-","-"
"01/09/2025 17:00 - 01/09/2025 18:00","CTA|SE","-","-"
"01/09/2025 18:00 - 01/09/2025 19:00","CTA|SE","-","-"
"01/09/2025 19:00 - 01/09/2025 20:00","CTA|SE","-","-"
"01/09/2025 20:00 - 01/09/2025 21:00","CTA|SE","-","-"
"01/09/2025 21:00 - 01/09/2025 22:00","CTA|SE","-","-"
"01/09/2025 22:00 - 01/09/2025 23:00","CTA|SE","-","-"
"01/09/2025 23:00 - 02/09/2025 00:00","CTA|SE","-","-"
"02/09/2025 00:00 - 02/09/2025 01:00","CTA|SE","-","-"
"02/09/2025 01:00 - 02/09/2025 02:00","CTA|SE","-","-"
"02/09/2025 02:00 - 02/09/2025 03:00","CTA|SE","-","-"
"02/09/2025 03:00 - 02/09/2025 04:00","CTA|SE","-","-"
"02/09/2025 04:00 - 02/09/2025 05:00","CTA|SE","-","-"
"02/09/2025 05:00 - 02/09/2025 06:00","CTA|SE","-","-"
"02/09/2025 06:00 - 02/09/2025 07:00","CTA|SE","-","-"
"02/09/2025 07:00 - 02/09/2025 08:00","CTA|SE","-","-"
"02/09/2025 08:00 - 02/09/2025 09:00","CTA|SE","-","-"
"02/09/2025 09:00 - 02/09/2025 10:00","CTA|SE","-","-"
"02/09/2025 10:00 - 02/09/2025 11:00","CTA|SE","-","-"
"02/09/2025 11:00 - 02/09/2025 12:00","CTA|SE","-","-"
"02/09/2025 12:00 - 02/09/2025 13:00","CTA|SE","-","-"
"02/09/2025 13:00 - 02/09/2025 14:00","CTA|SE","-","-"
"02/09/2025 14:00 - 02/09/2025 15:00","CTA|SE","-","-"
"02/09/2025 15:00 - 02/09/2025 16:00","CTA|SE","-","-"
"02/09/2025 16:00 - 02/09/2025 17:00","CTA|SE","-","-"
"02/09/2025 17:00 - 02/09/2025 18:00","CTA|SE","-","-"
"02/09/2025 18:00 - 02/09/2025 19:00","CTA|SE","-","-"
"02/09/2025 19:00 - 02/09/2025 20:00","CTA|SE","-","-"
"02/09/2025 20:00 - 02/09/2025 21:00","CTA|SE","-","-"
"02/09/2025 21:00 - 02/09/2025 22:00","CTA|SE","-","-"
"02/09/2025 22:00 - 02/09/2025 23:00","CTA|SE","-","-"
"02/09/2025 23:00 - 03/09/2025 00:00","CTA|SE","-","-"
"03/09/2025 00:00 - 03/09/2025 01:00","CTA|SE","-","-"
"03/09/2025 01:00 - 03/09/2025 02:00","CTA|SE","-","-"
"03/09/2025 02:00 - 03/09/2025 03:00","CTA|SE","-","-"
"03/09/2025 03:00 - 03/09/2025 04:00","CTA|SE","-","-"
"03/09/2025 04:00 - 03/09/2025 05:00","CTA|SE","-","-"
"03/09/2025 05:00 - 03/09/2025 06:00","CTA|SE","-","-"
"03/09/2025 06:00 - 03/09/2025 07:00","CTA|SE","-","-"
"03/09/2025 07:00 - 03/09/2025 08:00","CTA|SE","-","-"
"03/09/2025 08:00 - 03/09/2025 09:00","CTA|SE","-","-"
"03/09/2025 09:00 - 03/09/2025 10:00","CTA|SE","-","-"
"03/09/2025 10:00 - 03/09/2025 11:00","CTA|SE","-","-"
"03/09/2025 11:00 - 03/09/2025 12:00","CTA|SE","-","-"
"03/09/2025 12:00 - 03/09/2025 13:00","CTA|SE","-","-"
"03/09/2025 13:00 - 03/09/2025 14:00","CTA|SE","-","-"
"03/09/2025 14:00 - 03/09/2025 15:00","CTA|SE","-","-"
"03/09/2025 15:00 - 03/09/2025 16:00","CTA|SE","-","-"
"03/09/2025 16:00 - 03/09/2025 17:00","CTA|SE","-","-"
"03/09/2025 17:00 - 03/09/2025 18:00","CTA|SE","-","-"
"03/09/2025 18:00 - 03/09/2025 19:00","CTA|SE","-","-"
"03/09/2025 19:00 - 03/09/2025 20:00","CTA|SE","-","-"
"03/09/2025 20:00 - 03/09/2025 21:00","CTA|SE","-","-"
"03/09/2025 21:00 - 03/09/2025 22:00","CTA|SE","-","-"
"03/09/2025 22:00 - 03/09/2025 23:00","CTA|SE","-","-"
"03/09/2025 23:00 - 04/09/2025 00:00","CTA|SE","-","-"
"04/09/2025 00:00 - 04/09/2025 01:00","CTA|SE","-","-"
"04/09/2025 01:00 - 04/09/2025 02:00","CTA|SE","-","-"
"04/09/2025 02:00 - 04/09/2025 03:00","CTA|SE","-","-"
"04/09/2025 03:00 - 04/09/2025 04:00","CTA|SE","-","-"
"04/09/2025 04:00 - 04/09/2025 05:00","CTA|SE","-","-"
"04/09/2025 05:00 - 04/09/2025 06:00","CTA|SE","-","-"
"04/09/2025 06:00 - 04/09/2025 07:00","CTA|SE","-","-"
"04/09/2025 07:00 - 04/09/2025 08:00","CTA|SE","-","-"
"04/09/2025 08:00 - 04/09/2025 09:00","CTA|SE","-","-"
"04/09/2025 09:00 - 04/09/2025 10:00","CTA|SE","-","-"
"04/09/2025 10:00 - 04/09/2025 11:00","CTA|SE","-","-"
"04/09/2025 11:00 - 04/09/2025 12:00","CTA|SE","-","-"
"04/09/2025 12:00 - 04/09/2025 13:00","CTA|SE","-","-"
"04/09/2025 13:00 - 04/09/2025 14:00","CTA|SE","-","-"
"04/09/2025 14:00 - 04/09/2025 15:00","CTA|SE","-","-"
"04/09/2025 15:00 - 04/09/2025 16:00","CTA|SE","-","-"
"04/09/2025 16:00 - 04/09/2025 17:00","CTA|SE","-","-"
"04/09/2025 17:00 - 04/09/2025 18:00","CTA|SE","-","-"
"04/09/2025 18:00 - 04/09/2025 19:00","CTA|SE","-","-"
"04/09/2025 19:00 - 04/09/2025 20:00","CTA|SE","-","-"
"04/09/2025 20:00 - 04/09/2025 21:00","CTA|SE","-","-"
"04/09/2025 21:00 - 04/09/2025 22:00","CTA|SE","-","-"
"04/09/2025 22:00 - 04/09/2025 23:00","CTA|SE","-","-"
"04/09/2025 23:00 - 05/09/2025 00:00","CTA|SE","-","-"
"05/09/2025 00:00 - 05/09/2025 01:00","CTA|SE","-","-"
"05/09/2025 01:00 - 05/09/2025 02:00","CTA|SE","-","-"
"05/09/2025 02:00 - 05/09/2025 03:00","CTA|SE","-","-"
"05/09/2025 03:00 - 05/09/2025 04:00","CTA|SE","-","-"
"05/09/2025 04:00 - 05/09/2025 05:00","CTA|SE","-","-"
"05/09/2025 05:00 - 05/09/2025 06:00","CTA|SE","-","-"
"05/09/2025 06:00 - 05/09/2025 07:00","CTA|SE","-","-"
"05/09/2025 07:00 - 05/09/2025 08:00","CTA|SE","-","-"
"05/09/2025 08:00 - 05/09/2025 09:00","CTA|SE","-","-"
"05/09/2025 09:00 - 05/09/2025 10:00","CTA|SE","-","-"
"05/09/2025 10:00 - 05/09/2025 11:00","CTA|SE","-","-"
"05/09/2025 11:00 - 05/09/2025 12:00","CTA|SE","-","-"
"05/09/2025 12:00 - 05/09/2025 13:00","CTA|SE","-","-"
"05/09/2025 13:00 - 05/09/2025 14:00","CTA|SE","-","-"
"05/09/2025 14:00 - 05/09/2025 15:00","CTA|SE","-","-"
"05/09/2025 15:00 - 05/09/2025 16:00","CTA|SE","-","-"
"05/09/2025 16:00 - 05/09/2025 17:00","CTA|SE","-","-"
"05/09/2025 17:00 - 05/09/2025 18:00","CTA|SE","-","-"
"05/09/2025 18:00 - 05/09/2025 19:00","CTA|SE","-","-"
"05/09/2025 19:00 - 05/09/2025 20:00","CTA|SE","-","-"
"05/09/2025 20:00 - 05/09/2025 21:00","CTA|SE","-","-"
"05/09/2025 21:00 - 05/09/2025 22:00","CTA|SE","-","-"
"05/09/2025 22:00 - 05/09/2025 23:00","CTA|SE","-","-"
"05/09/2025 23:00 - 06/09/2025 00:00","CTA|SE","-","-"
"06/09/2025 00:00 - 06/09/2025 01:00","CTA|SE","-","-"
"06/09/2025 01:00 - 06/09/2025 02:00","CTA|SE","-","-"
"06/09/2025 02:00 - 06/09/2025 03:00","CTA|SE","-","-"
"06/09/2025 03:00 - 06/09/2025 04:00","CTA|SE","-","-"
"06/09/2025 04:00 - 06/09/2025 05:00","CTA|SE","-","-"
"06/09/2025 05:00 - 06/09/2025 06:00","CTA|SE","-","-"
"06/09/2025 06:00 - 06/09/2025 07:00","CTA|SE","-","-"
"06/09/2025 07:00 - 06/09/2025 08:00","CTA|SE","-","-"
"06/09/2025 08:00 - 06/09/2025 09:00","CTA|SE","-","-"
"06/09/2025 09:00 - 06/09/2025 10:00","CTA|SE","-","-"
"06/09/2025 10:00 - 06/09/2025 11:00","CTA|SE","-","-"
"06/09/2025 11:00 - 06/09/2025 12:00","CTA|SE","-","-"
"06/09/2025 12:00 - 06/09/2025 13:00","CTA|SE","-","-"
"06/09/2025 13:00 - 06/09/2025 14:00","CTA|SE","-","-"
"06/09/2025 14:00 - 06/09/2025 15:00","CTA|SE","-","-"
"06/09/2025 15:00 - 06/09/2025 16:00","CTA|SE","-","-"
"06/09/2025 16:00 - 06/09/2025 17:00","CTA|SE","-","-"
"06/09/2025 17:00 - 06/09/2025 18:00","CTA|SE","-","-"
"06/09/2025 18:00 - 06/09/2025 19:00","CTA|SE","-","-"
"06/09/2025 19:00 - 06/09/2025 20:00","CTA|SE","-","-"
"06/09/2025 20:00 - 06/09/2025 21:00","CTA|SE","-","-"
"06/09/2025 21:00 - 06/09/2025 22:00","CTA|SE","-","-"
"06/09/2025 22:00 - 06/09/2025 23:00","CTA|SE","-","-"
"06/09/2025 23:00 - 07/09/2025 00:00","CTA|SE","-","-"
"07/09/2025 00:00 - 07/09/2025 01:00","CTA|SE","-","-"
"07/09/2025 01:00 - 07/09/2025 02:00","CTA|SE","-","-"
"07/09/2025 02:00 - 07/09/2025 03:00","CTA|SE","-","-"
"07/09/2025 03:00 - 07/09/2025 04:00","CTA|SE","-","-"
"07/09/2025 04:00 - 07/09/2025 05:00","CTA|SE","-","-"
"07/09/2025 05:00 - 07/09/2025 06:00","CTA|SE","-","-"
"07/09/2025 06:00 - 07/09/2025 07:00","CTA|SE","-","-"
"07/09/2025 07:00 - 07/09/2025 08:00","CTA|SE","-","-"
"07/09/2025 08:00 - 07/09/2025 09:00","CTA|SE","-","-"
"07/09/2025 09:00 - 07/09/2025 10:00","CTA|SE","-","-"
"07/09/2025 10:00 - 07/09/2025 11:00","CTA|SE","-","-"
"07/09/2025 11:00 - 07/09/2025 12:00","CTA|SE","-","-"
"07/09/2025 12:00 - 07/09/2025 13:00","CTA|SE","-","-"
"07/09/2025 13:00 - 07/09/2025 14:00","CTA|SE","-","-"
"07/09/2025 14:00 - 07/09/2025 15:00","CTA|SE","-","-"
"07/09/2025 15:00 - 07/09/2025 16:00","CTA|SE","-","-"
"07/09/2025 16:00 - 07/09/2025 17:00","CTA|SE","-","-"
"07/09/2025 17:00 - 07/09/2025 18:00","CTA|SE","-","-"
"07/09/2025 18:00 - 07/09/2025 19:00","CTA|SE","-","-"
"07/09/2025 19:00 - 07/09/2025 20:00","CTA|SE","-","-"
"07/09/2025 20:00 - 07/09/2025 21:00","CTA|SE","-","-"
"07/09/2025 21:00 - 07/09/2025 22:00","CTA|SE","-","-"
"07/09/2025 22:00 - 07/09/2025 23:00","CTA|SE","-","-"
"07/09/2025 23:00 - 08/09/2025 00:00","CTA|SE","-","-"
"08/09/2025 00:00 - 08/09/2025 01:00","CTA|SE","-","-"
"08/09/2025 01:00 - 08/09/2025 02:00","CTA|SE","-","-"
"08/09/2025 02:00 - 08/09/2025 03:00","CTA|SE","-","-"
"08/09/2025 03:00 - 08/09/2025 04:00","CTA|SE","-","-"
"08/09/2025 04:00 - 08/09/2025 05:00","CTA|SE","-","-"
"08/09/2025 05:00 - 08/09/2025 06:00","CTA|SE","-","-"
"08/09/2025 06:00 - 08/09/2025 07:00","CTA|SE","-","-"
"08/09/2025 07:00 - 08/09/2025 08:00","CTA|SE","-","-"
"08/09/2025 08:00 - 08/09/2025 09:00","CTA|SE","-","-"
"08/09/2025 09:00 - 08/09/2025 10:00","CTA|SE","-","-"
"08/09/2025 10:00 - 08/09/2025 11:00","CTA|SE","-","-"
"08/09/2025 11:00 - 08/09/2025 12:00","CTA|SE","-","-"
"08/09/2025 12:00 - 08/09/2025 13:00","CTA|SE","-","-"
"08/09/2025 13:00 - 08/09/2025 14:00","CTA|SE","-","-"
"08/09/2025 14:00 - 08/09/2025 15:00","CTA|SE","-","-"
"08/09/2025 15:00 - 08/09/2025 16:00","CTA|SE","-","-"
"08/09/2025 16:00 - 08/09/2025 17:00","CTA|SE","-","-"
"08/09/2025 17:00 - 08/09/2025 18:00","CTA|SE","-","-"
"08/09/2025 18:00 - 08/09/2025 19:00","CTA|SE","-","-"
"08/09/2025 19:00 - 08/09/2025 20:00","CTA|SE","-","-"
"08/09/2025 20:00 - 08/09/2025 21:00","CTA|SE","-","-"
"08/09/2025 21:00 - 08/09/2025 22:00","CTA|SE","-","-"
"08/09/2025 22:00 - 08/09/2025 23:00","CTA|SE","-","-"
"08/09/2025 23:00 - 09/09/2025 00:00","CTA|SE","-","-"
"09/09/2025 00:00 - 09/09/2025 01:00","CTA|SE","-","-"
"09/09/2025 01:00 - 09/09/2025 02:00","CTA|SE","-","-"
"09/09/2025 02:00 - 09/09/2025 03:00","CTA|SE","-","-"
"09/09/2025 03:00 - 09/09/2025 04:00","CTA|SE","-","-"
"09/09/2025 04:00 - 09/09/2025 05:00","CTA|SE","-","-"
"09/09/2025 05:00 - 09/09/2025 06:00","CTA|SE","-","-"
"09/09/2025 06:00 - 09/09/2025 07:00","CTA|SE","-","-"
"09/09/2025 07:00 - 09/09/2025 08:00","CTA|SE","-","-"
"09/09/2025 08:00 - 09/09/2025 09:00","CTA|SE","-","-"
"09/09/2025 09:00 - 09/09/2025 10:00","CTA|SE","-","-"
"09/09/2025 10:00 - 09/09/2025 11:00","CTA|SE","-","-"
"09/09/2025 11:00 - 09/09/2025 12:00","CTA|SE","-","-"
"09/09/2025 12:00 - 09/09/2025 13:00","CTA|SE","-","-"
"09/09/2025 13:00 - 09/09/2025 14:00","CTA|SE","-","-"
"09/09/2025 14:00 - 09/09/2025 15:00","CTA|SE","-","-"
"09/09/2025 15:00 - 09/09/2025 16:00","CTA|SE","-","-"
"09/09/2025 16:00 - 09/09/2025 17:00","CTA|SE","-","-"
"09/09/2025 17:00 - 09/09/2025 18:00","CTA|SE","-","-"
"09/09/2025 18:00 - 09/09/2025 19:00","CTA|SE","-","-"
"09/09/2025 19:00 - 09/09/2025 20:00","CTA|SE","-","-"
"09/09/2025 20:00 - 09/09/2025 21:00","CTA|SE","-","-"
"09/09/2025 21:00 - 09/09/2025 22:00","CTA|SE","-","-"
"09/09/2025 22:00 - 09/09/2025 23:00","CTA|SE","-","-"
"09/09/2025 23:00 - 10/09/2025 00:00","CTA|SE","-","-"
"10/09/2025 00:00 - 10/09/2025 01:00","CTA|SE","-","-"
"10/09/2025 01:00 - 10/09/2025 02:00","CTA|SE","-","-"
"10/09/2025 02:00 - 10/09/2025 03:00","CTA|SE","-","-"
"10/09/2025 03:00 - 10/09/2025 04:00","CTA|SE","-","-"
"10/09/2025 04:00 - 10/09/2025 05:00","CTA|SE","-","-"
"10/09/2025 05:00 - 10/09/2025 06:00","CTA|SE","-","-"
"10/09/2025 06:00 - 10/09/2025 07:00","CTA|SE","-","-"
"10/09/2025 07:00 - 10/09/2025 08:00","CTA|SE","-","-"
"10/09/2025 08:00 - 10/09/2025 09:00","CTA|SE","-","-"
"10/09/2025 09:00 - 10/09/2025 10:00","CTA|SE","-","-"
"10/09/2025 10:00 - 10/09/2025 11:00","CTA|SE","-","-"
"10/09/2025 11:00 - 10/09/2025 12:00","CTA|SE","-","-"
"10/09/2025 12:00 - 10/09/2025 13:00","CTA|SE","-","-"
"10/09/2025 13:00 - 10/09/2025 14:00","CTA|SE","-","-"
"10/09/2025 14:00 - 10/09/2025 15:00","CTA|SE","-","-"
"10/09/2025 15:00 - 10/09/2025 16:00","CTA|SE","-","-"
"10/09/2025 16:00 - 10/09/2025 17:00","CTA|SE","-","-"
"10/09/2025 17:00 - 10/09/2025 18:00","CTA|SE","-","-"
"10/09/2025 18:00 - 10/09/2025 19:00","CTA|SE","-","-"
"10/09/2025 19:00 - 10/09/2025 20:00","CTA|SE","-","-"
"10/09/2025 20:00 - 10/09/2025 21:00","CTA|SE","-","-"
"10/09/2025 21:00 - 10/09/2025 22:00","CTA|SE","-","-"
"10/09/2025 22:00 - 10/09/2025 23:00","CTA|SE","-","-"
"10/09/2025 23:00 - 11/09/2025 00:00","CTA|SE","-","-"
"11/09/2025 00:00 - 11/09/2025 01:00","CTA|SE","-","-"
"11/09/2025 01:00 - 11/09/2025 02:00","CTA|SE","-","-"
"11/09/2025 02:00 - 11/09/2025 03:00","CTA|SE","-","-"
"11/09/2025 03:00 - 11/09/2025 04:00","CTA|SE","-","-"
"11/09/2025 04:00 - 11/09/2025 05:00","CTA|SE","-","-"
"11/09/2025 05:00 - 11/09/2025 06:00","CTA|SE","-","-"
"11/09/2025 06:00 - 11/09/2025 07:00","CTA|SE","-","-"
"11/09/2025 07:00 - 11/09/2025 08:00","CTA|SE","-","-"
"11/09/2025 08:00 - 11/09/2025 09:00","CTA|SE","-","-"
"11/09/2025 09:00 - 11/09/2025 10:00","CTA|SE","-","-"
"11/09/2025 10:00 - 11/09/2025 11:00","CTA|SE","-","-"
"11/09/2025 11:00 - 11/09/2025 12:00","CTA|SE","-","-"
"11/09/2025 12:00 - 11/09/2025 13:00","CTA|SE","-","-"
"11/09/2025 13:00 - 11/09/2025 14:00","CTA|SE","-","-"
"11/09/2025 14:00 - 11/09/2025 15:00","CTA|SE","-","-"
"11/09/2025 15:00 - 11/09/2025 16:00","CTA|SE","-","-"
"11/09/2025 16:00 - 11/09/2025 17:00","CTA|SE","-","-"
"11/09/2025 17:00 - 11/09/2025 18:00","CTA|SE","-","-"
"11/09/2025 18:00 - 11/09/2025 19:00","CTA|SE","-","-"
"11/09/2025 19:00 - 11/09/2025 20:00","CTA|SE","-","-"
"11/09/2025 20:00 - 11/09/2025 21:00","CTA|SE","-","-"
"11/09/2025 21:00 - 11/09/2025 22:00","CTA|SE","-","-"
"11/09/2025 22:00 - 11/09/2025 23:00","CTA|SE","-","-"
"11/09/2025 23:00 - 12/09/2025 00:00","CTA|SE","-","-"
"12/09/2025 00:00 - 12/09/2025 01:00","CTA|SE","-","-"
"12/09/2025 01:00 - 12/09/2025 02:00","CTA|SE","-","-"
"12/09/2025 02:00 - 12/09/2025 03:00","CTA|SE","-","-"
"12/09/2025 03:00 - 12/09/2025 04:00","CTA|SE","-","-"
"12/09/2025 04:00 - 12/09/2025 05:00","CTA|SE","-","-"
"12/09/2025 05:00 - 12/09/2025 06:00","CTA|SE","-","-"
"12/09/2025 06:00 - 12/09/2025 07:00","CTA|SE","-","-"
"12/09/2025 07:00 - 12/09/2025 08:00","CTA|SE","-","-"
"12/09/2025 08:00 - 12/09/2025 09:00","CTA|SE","-","-"
"12/09/2025 09:00 - 12/09/2025 10:00","CTA|SE","-","-"
"12/09/2025 10:00 - 12/09/2025 11:00","CTA|SE","-","-"
"12/09/2025 11:00 - 12/09/2025 12:00","CTA|SE","-","-"
"12/09/2025 12:00 - 12/09/2025 13:00","CTA|SE","-","-"
"12/09/2025 13:00 - 12/09/2025 14:00","CTA|SE","-","-"
"12/09/2025 14:00 - 12/09/2025 15:00","CTA|SE","-","-"
"12/09/2025 15:00 - 12/09/2025 16:00","CTA|SE","-","-"
"12/09/2025 16:00 - 12/09/2025 17:00","CTA|SE","-","-"
"12/09/2025 17:00 - 12/09/2025 18:00","CTA|SE","-","-"
"12/09/2025 18:00 - 12/09/2025 19:00","CTA|SE","-","-"
"12/09/2025 19:00 - 12/09/2025 20:00","CTA|SE","-","-"
"12/09/2025 20:00 - 12/09/2025 21:00","CTA|SE","-","-"
"12/09/2025 21:00 - 12/09/2025 22:00","CTA|SE","-","-"
"12/09/2025 22:00 - 12/09/2025 23:00","CTA|SE","-","-"
"12/09/2025 23:00 - 13/09/2025 00:00","CTA|SE","-","-"
"13/09/2025 00:00 - 13/09/2025 01:00","CTA|SE","-","-"
"13/09/2025 01:00 - 13/09/2025 02:00","CTA|SE","-","-"
"13/09/2025 02:00 - 13/09/2025 03:00","CTA|SE","-","-"
"13/09/2025 03:00 - 13/09/2025 04:00","CTA|SE","-","-"
"13/09/2025 04:00 - 13/09/2025 05:00","CTA|SE","-","-"
"13/09/2025 05:00 - 13/09/2025 06:00","CTA|SE","-","-"
"13/09/2025 06:00 - 13/09/2025 07:00","CTA|SE","-","-"
"13/09/2025 07:00 - 13/09/2025 08:00","CTA|SE","-","-"
"13/09/2025 08:00 - 13/09/2025 09:00","CTA|SE","-","-"
"13/09/2025 09:00 - 13/09/2025 10:00","CTA|SE","-","-"
"13/09/2025 10:00 - 13/09/2025 11:00","CTA|SE","-","-"
"13/09/2025 11:00 - 13/09/2025 12:00","CTA|SE","-","-"
"13/09/2025 12:00 - 13/09/2025 13:00","CTA|SE","-","-"
"13/09/2025 13:00 - 13/09/2025 14:00","CTA|SE","-","-"
"13/09/2025 14:00 - 13/09/2025 15:00","CTA|SE","-","-"
"13/09/2025 15:00 - 13/09/2025 16:00","CTA|SE","-","-"
"13/09/2025 16:00 - 13/09/2025 17:00","CTA|SE","-","-"
"13/09/2025 17:00 - 13/09/2025 18:00","CTA|SE","-","-"
"13/09/2025 18:00 - 13/09/2025 19:00","CTA|SE","-","-"
"13/09/2025 19:00 - 13/09/2025 20:00","CTA|SE","-","-"
"13/09/2025 20:00 - 13/09/2025 21:00","CTA|SE","-","-"
"13/09/2025 21:00 - 13/09/2025 22:00","CTA|SE","-","-"
"13/09/2025 22:00 - 13/09/2025 23:00","CTA|SE","-","-"
"13/09/2025 23:00 - 14/09/2025 00:00","CTA|SE","-","-"
"14/09/2025 00:00 - 14/09/2025 01:00","CTA|SE","-","-"
"14/09/2025 01:00 - 14/09/2025 02:00","CTA|SE","-","-"
"14/09/2025 02:00 - 14/09/2025 03:00","CTA|SE","-","-"
"14/09/2025 03:00 - 14/09/2025 04:00","CTA|SE","-","-"
"14/09/2025 04:00 - 14/09/2025 05:00","CTA|SE","-","-"
"14/09/2025 05:00 - 14/09/2025 06:00","CTA|SE","-","-"
"14/09/2025 06:00 - 14/09/2025 07:00","CTA|SE","-","-"
"14/09/2025 07:00 - 14/09/2025 08:00","CTA|SE","-","-"
"14/09/2025 08:00 - 14/09/2025 09:00","CTA|SE","-","-"
"14/09/2025 09:00 - 14/09/2025 10:00","CTA|SE","-","-"
"14/09/2025 10:00 - 14/09/2025 11:00","CTA|SE","-","-"
"14/09/2025 11:00 - 14/09/2025 12:00","CTA|SE","-","-"
"14/09/2025 12:00 - 14/09/2025 13:00","CTA|SE","-","-"
"14/09/2025 13:00 - 14/09/2025 14:00","CTA|SE","-","-"
"14/09/2025 14:00 - 14/09/2025 15:00","CTA|SE","-","-"
"14/09/2025 15:00 - 14/09/2025 16:00","CTA|SE","-","-"
"14/09/2025 16:00 - 14/09/2025 17:00","CTA|SE","-","-"
"14/09/2025 17:00 - 14/09/2025 18:00","CTA|SE","-","-"
"14/09/2025 18:00 - 14/09/2025 19:00","CTA|SE","-","-"
"14/09/2025 19:00 - 14/09/2025 20:00","CTA|SE","-","-"
"14/09/2025 20:00 - 14/09/2025 21:00","CTA|SE","-","-"
"14/09/2025 21:00 - 14/09/2025 22:00","CTA|SE","-","-"
"14/09/2025 22:00 - 14/09/2025 23:00","CTA|SE","-","-"
"14/09/2025 23:00 - 15/09/2025 00:00","CTA|SE","-","-"
"15/09/2025 00:00 - 15/09/2025 01:00","CTA|SE","-","-"
"15/09/2025 01:00 - 15/09/2025 02:00","CTA|SE","-","-"
"15/09/2025 02:00 - 15/09/2025 03:00","CTA|SE","-","-"
"15/09/2025 03:00 - 15/09/2025 04:00","CTA|SE","-","-"
"15/09/2025 04:00 - 15/09/2025 05:00","CTA|SE","-","-"
"15/09/2025 05:00 - 15/09/2025 06:00","CTA|SE","-","-"
"15/09/2025 06:00 - 15/09/2025 07:00","CTA|SE","-","-"
"15/09/2025 07:00 - 15/09/2025 08:00","CTA|SE","-","-"
"15/09/2025 08:00 - 15/09/2025 09:00","CTA|SE","-","-"
"15/09/2025 09:00 - 15/09/2025 10:00","CTA|SE","-","-"
"15/09/2025 10:00 - 15/09/2025 11:00","CTA|SE","-","-"
"15/09/2025 11:00 - 15/09/2025 12:00","CTA|SE","-","-"
"15/09/2025 12:00 - 15/09/2025 13:00","CTA|SE","-","-"
"15/09/2025 13:00 - 15/09/2025 14:00","CTA|SE","-","-"
"15/09/2025 14:00 - 15/09/2025 15:00","CTA|SE","-","-"
"15/09/2025 15:00 - 15/09/2025 16:00","CTA|SE","-","-"
"15/09/2025 16:00 - 15/09/2025 17:00","CTA|SE","-","-"
"15/09/2025 17:00 - 15/09/2025 18:00","CTA|SE","-","-"
"15/09/2025 18:00 - 15/09/2025 19:00","CTA|SE","-","-"
"15/09/2025 19:00 - 15/09/2025 20:00","CTA|SE","-","-"
"15/09/2025 20:00 - 15/09/2025 21:00","CTA|SE","-","-"
"15/09/2025 21:00 - 15/09/2025 22:00","CTA|SE","-","-"
"15/09/2025 22:00 - 15/09/2025 23:00","CTA|SE","-","-"
"15/09/2025 23:00 - 16/09/2025 00:00","CTA|SE","-","-"
"16/09/2025 00:00 - 16/09/2025 01:00","CTA|SE","-","-"
"16/09/2025 01:00 - 16/09/2025 02:00","CTA|SE","-","-"
"16/09/2025 02:00 - 16/09/2025 03:00","CTA|SE","-","-"
"16/09/2025 03:00 - 16/09/2025 04:00","CTA|SE","-","-"
"16/09/2025 04:00 - 16/09/2025 05:00","CTA|SE","-","-"
"16/09/2025 05:00 - 16/09/2025 06:00","CTA|SE","-","-"
"16/09/2025 06:00 - 16/09/2025 07:00","CTA|SE","-","-"
"16/09/2025 07:00 - 16/09/2025 08:00","CTA|SE","-","-"
"16/09/2025 08:00 - 16/09/2025 09:00","CTA|SE","-","-"
"16/09/2025 09:00 - 16/09/2025 10:00","CTA|SE","-","-"
"16/09/2025 10:00 - 16/09/2025 11:00","CTA|SE","-","-"
"16/09/2025 11:00 - 16/09/2025 12:00","CTA|SE","-","-"
"16/09/2025 12:00 - 16/09/2025 13:00","CTA|SE","-","-"
"16/09/2025 13:00 - 16/09/2025 14:00","CTA|SE","-","-"
"16/09/2025 14:00 - 16/09/2025 15:00","CTA|SE","-","-"
"16/09/2025 15:00 - 16/09/2025 16:00","CTA|SE","-","-"
"16/09/2025 16:00 - 16/09/2025 17:00","CTA|SE","-","-"
"16/09/2025 17:00 - 16/09/2025 18:00","CTA|SE","-","-"
"16/09/2025 18:00 - 16/09/2025 19:00","CTA|SE","-","-"
"16/09/2025 19:00 - 16/09/2025 20:00","CTA|SE","-","-"
"16/09/2025 20:00 - 16/09/2025 21:00","CTA|SE","-","-"
"16/09/2025 21:00 - 16/09/2025 22:00","CTA|SE","-","-"
"16/09/2025 22:00 - 16/09/2025 23:00","CTA|SE","-","-"
"16/09/2025 23:00 - 17/09/2025 00:00","CTA|SE","-","-"
"17/09/2025 00:00 - 17/09/2025 01:00","CTA|SE","-","-"
"17/09/2025 01:00 - 17/09/2025 02:00","CTA|SE","-","-"
"17/09/2025 02:00 - 17/09/2025 03:00","CTA|SE","-","-"
"17/09/2025 03:00 - 17/09/2025 04:00","CTA|SE","-","-"
"17/09/2025 04:00 - 17/09/2025 05:00","CTA|SE","-","-"
"17/09/2025 05:00 - 17/09/2025 06:00","CTA|SE","-","-"
"17/09/2025 06:00 - 17/09/2025 07:00","CTA|SE","-","-"
"17/09/2025 07:00 - 17/09/2025 08:00","CTA|SE","-","-"
"17/09/2025 08:00 - 17/09/2025 09:00","CTA|SE","-","-"
"17/09/2025 09:00 - 17/09/2025 10:00","CTA|SE","-","-"
"17/09/2025 10:00 - 17/09/2025 11:00","CTA|SE","-","-"
"17/09/2025 11:00 - 17/09/2025 12:00","CTA|SE","-","-"
"17/09/2025 12:00 - 17/09/2025 13:00","CTA|SE","-","-"
"17/09/2025 13:00 - 17/09/2025 14:00","CTA|SE","-","-"
"17/09/2025 14:00 - 17/09/2025 15:00","CTA|SE","-","-"
"17/09/2025 15:00 - 17/09/2025 16:00","CTA|SE","-","-"
"17/09/2025 16:00 - 17/09/2025 17:00","CTA|SE","-","-"
"17/09/2025 17:00 - 17/09/2025 18:00","CTA|SE","-","-"
"17/09/2025 18:00 - 17/09/2025 19:00","CTA|SE","-","-"
"17/09/2025 19:00 - 17/09/2025 20:00","CTA|SE","-","-"
"17/09/2025 20:00 - 17/09/2025 21:00","CTA|SE","-","-"
"17/09/2025 21:00 - 17/09/2025 22:00","CTA|SE","-","-"
"17/09/2025 22:00 - 17/09/2025 23:00","CTA|SE","-","-"
"17/09/2025 23:00 - 18/09/2025 00:00","CTA|SE","-","-"
"18/09/2025 00:00 - 18/09/2025 01:00","CTA|SE","-","-"
"18/09/2025 01:00 - 18/09/2025 02:00","CTA|SE","-","-"
"18/09/2025 02:00 - 18/09/2025 03:00","CTA|SE","-","-"
"18/09/2025 03:00 - 18/09/2025 04:00","CTA|SE","-","-"
"18/09/2025 04:00 - 18/09/2025 05:00","CTA|SE","-","-"
"18/09/2025 05:00 - 18/09/2025 06:00","CTA|SE","-","-"
"18/09/2025 06:00 - 18/09/2025 07:00","CTA|SE","-","-"
"18/09/2025 07:00 - 18/09/2025 08:00","CTA|SE","-","-"
"18/09/2025 08:00 - 18/09/2025 09:00","CTA|SE","-","-"
"18/09/2025 09:00 - 18/09/2025 10:00","CTA|SE","-","-"
"18/09/2025 10:00 - 18/09/2025 11:00","CTA|SE","-","-"
"18/09/2025 11:00 - 18/09/2025 12:00","CTA|SE","-","-"
"18/09/2025 12:00 - 18/09/2025 13:00","CTA|SE","-","-"
"18/09/2025 13:00 - 18/09/2025 14:00","CTA|SE","-","-"
"18/09/2025 14:00 - 18/09/2025 15:00","CTA|SE","-","-"
"18/09/2025 15:00 - 18/09/2025 16:00","CTA|SE","-","-"
"18/09/2025 16:00 - 18/09/2025 17:00","CTA|SE","-","-"
"18/09/2025 17:00 - 18/09/2025 18:00","CTA|SE","-","-"
"18/09/2025 18:00 - 18/09/2025 19:00","CTA|SE","-","-"
"18/09/2025 19:00 - 18/09/2025 20:00","CTA|SE","-","-"
"18/09/2025 20:00 - 18/09/2025 21:00","CTA|SE","-","-"
"18/09/2025 21:00 - 18/09/2025 22:00","CTA|SE","-","-"
"18/09/2025 22:00 - 18/09/2025 23:00","CTA|SE","-","-"
"18/09/2025 23:00 - 19/09/2025 00:00","CTA|SE","-","-"
"19/09/2025 00:00 - 19/09/2025 01:00","CTA|SE","-","-"
"19/09/2025 01:00 - 19/09/2025 02:00","CTA|SE","-","-"
"19/09/2025 02:00 - 19/09/2025 03:00","CTA|SE","-","-"
"19/09/2025 03:00 - 19/09/2025 04:00","CTA|SE","-","-"
"19/09/2025 04:00 - 19/09/2025 05:00","CTA|SE","-","-"
"19/09/2025 05:00 - 19/09/2025 06:00","CTA|SE","-","-"
"19/09/2025 06:00 - 19/09/2025 07:00","CTA|SE","-","-"
"19/09/2025 07:00 - 19/09/2025 08:00","CTA|SE","-","-"
"19/09/2025 08:00 - 19/09/2025 09:00","CTA|SE","-","-"
"19/09/2025 09:00 - 19/09/2025 10:00","CTA|SE","-","-"
"19/09/2025 10:00 - 19/09/2025 11:00","CTA|SE","-","-"
"19/09/2025 11:00 - 19/09/2025 12:00","CTA|SE","-","-"
"19/09/2025 12:00 - 19/09/2025 13:00","CTA|SE","-","-"
"19/09/2025 13:00 - 19/09/2025 14:00","CTA|SE","-","-"
"19/09/2025 14:00 - 19/09/2025 15:00","CTA|SE","-","-"
"19/09/2025 15:00 - 19/09/2025 16:00","CTA|SE","-","-"
"19/09/2025 16:00 - 19/09/2025 17:00","CTA|SE","-","-"
"19/09/2025 17:00 - 19/09/2025 18:00","CTA|SE","-","-"
"19/09/2025 18:00 - 19/09/2025 19:00","CTA|SE","-","-"
"19/09/2025 19:00 - 19/09/2025 20:00","CTA|SE","-","-"
"19/09/2025 20:00 - 19/09/2025 21:00","CTA|SE","-","-"
"19/09/2025 21:00 - 19/09/2025 22:00","CTA|SE","-","-"
"19/09/2025 22:00 - 19/09/2025 23:00","CTA|SE","-","-"
"19/09/2025 23:00 - 20/09/2025 00:00","CTA|SE","-","-"
"20/09/2025 00:00 - 20/09/2025 01:00","CTA|SE","-","-"
"20/09/2025 01:00 - 20/09/2025 02:00","CTA|SE","-","-"
"20/09/2025 02:00 - 20/09/2025 03:00","CTA|SE","-","-"
"20/09/2025 03:00 - 20/09/2025 04:00","CTA|SE","-","-"
"20/09/2025 04:00 - 20/09/2025 05:00","CTA|SE","-","-"
"20/09/2025 05:00 - 20/09/2025 06:00","CTA|SE","-","-"
"20/09/2025 06:00 - 20/09/2025 07:00","CTA|SE","-","-"
"20/09/2025 07:00 - 20/09/2025 08:00","CTA|SE","-","-"
"20/09/2025 08:00 - 20/09/2025 09:00","CTA|SE","-","-"
"20/09/2025 09:00 - 20/09/2025 10:00","CTA|SE","-","-"
"20/09/2025 10:00 - 20/09/2025 11:00","CTA|SE","-","-"
"20/09/2025 11:00 - 20/09/2025 12:00","CTA|SE","-","-"
"20/09/2025 12:00 - 20/09/2025 13:00","CTA|SE","-","-"
"20/09/2025 13:00 - 20/09/2025 14:00","CTA|SE","-","-"
"20/09/2025 14:00 - 20/09/2025 15:00","CTA|SE","-","-"
"20/09/2025 15:00 - 20/09/2025 16:00","CTA|SE","-","-"
"20/09/2025 16:00 - 20/09/2025 17:00","CTA|SE","-","-"
"20/09/2025 17:00 - 20/09/2025 18:00","CTA|SE","-","-"
"20/09/2025 18:00 - 20/09/2025 19:00","CTA|SE","-","-"
"20/09/2025 19:00 - 20/09/2025 20:00","CTA|SE","-","-"
"20/09/2025 20:00 - 20/09/2025 21:00","CTA|SE","-","-"
"20/09/2025 21:00 - 20/09/2025 22:00","CTA|SE","-","-"
"20/09/2025 22:00 - 20/09/2025 23:00","CTA|SE","-","-"
"20/09/2025 23:00 - 21/09/2025 00:00","CTA|SE","-","-"
"21/09/2025 00:00 - 21/09/2025 01:00","CTA|SE","-","-"
"21/09/2025 01:00 - 21/09/2025 02:00","CTA|SE","-","-"
"21/09/2025 02:00 - 21/09/2025 03:00","CTA|SE","-","-"
"21/09/2025 03:00 - 21/09/2025 04:00","CTA|SE","-","-"
"21/09/2025 04:00 - 21/09/2025 05:00","CTA|SE","-","-"
"21/09/2025 05:00 - 21/09/2025 06:00","CTA|SE","-","-"
"21/09/2025 06:00 - 21/09/2025 07:00","CTA|SE","-","-"
"21/09/2025 07:00 - 21/09/2025 08:00","CTA|SE","-","-"
"21/09/2025 08:00 - 21/09/2025 09:00","CTA|SE","-","-"
"21/09/2025 09:00 - 21/09/2025 10:00","CTA|SE","-","-"
"21/09/2025 10:00 - 21/09/2025 11:00","CTA|SE","-","-"
"21/09/2025 11:00 - 21/09/2025 12:00","CTA|SE","-","-"
"21/09/2025 12:00 - 21/09/2025 13:00","CTA|SE","-","-"
"21/09/2025 13:00 - 21/09/2025 14:00","CTA|SE","-","-"
"21/09/2025 14:00 - 21/09/2025 15:00","CTA|SE","-","-"
"21/09/2025 15:00 - 21/09/2025 16:00","CTA|SE","-","-"
"21/09/2025 16:00 - 21/09/2025 17:00","CTA|SE","-","-"
"21/09/2025 17:00 - 21/09/2025 18:00","CTA|SE","-","-"
"21/09/2025 18:00 - 21/09/2025 19:00","CTA|SE","-","-"
"21/09/2025 19:00 - 21/09/2025 20:00","CTA|SE","-","-"
"21/09/2025 20:00 - 21/09/2025 21:00","CTA|SE","-","-"
"21/09/2025 21:00 - 21/09/2025 22:00","CTA|SE","-","-"
"21/09/2025 22:00 - 21/09/2025 23:00","CTA|SE","-","-"
"21/09/2025 23:00 - 22/09/2025 00:00","CTA|SE","-","-"
"22/09/2025 00:00 - 22/09/2025 01:00","CTA|SE","-","-"
"22/09/2025 01:00 - 22/09/2025 02:00","CTA|SE","-","-"
"22/09/2025 02:00 - 22/09/2025 03:00","CTA|SE","-","-"
"22/09/2025 03:00 - 22/09/2025 04:00","CTA|SE","-","-"
"22/09/2025 04:00 - 22/09/2025 05:00","CTA|SE","-","-"
"22/09/2025 05:00 - 22/09/2025 06:00","CTA|SE","-","-"
"22/09/2025 06:00 - 22/09/2025 07:00","CTA|SE","-","-"
"22/09/2025 07:00 - 22/09/2025 08:00","CTA|SE","-","-"
"22/09/2025 08:00 - 22/09/2025 09:00","CTA|SE","-","-"
"22/09/2025 09:00 - 22/09/2025 10:00","CTA|SE","-","-"
"22/09/2025 10:00 - 22/09/2025 11:00","CTA|SE","-","-"
"22/09/2025 11:00 - 22/09/2025 12:00","CTA|SE","-","-"
"22/09/2025 12:00 - 22/09/2025 13:00","CTA|SE","-","-"
"22/09/2025 13:00 - 22/09/2025 14:00","CTA|SE","-","-"
"22/09/2025 14:00 - 22/09/2025 15:00","CTA|SE","-","-"
"22/09/2025 15:00 - 22/09/2025 16:00","CTA|SE","-","-"
"22/09/2025 16:00 - 22/09/2025 17:00","CTA|SE","-","-"
"22/09/2025 17:00 - 22/09/2025 18:00","CTA|SE","-","-"
"22/09/2025 18:00 - 22/09/2025 19:00","CTA|SE","-","-"
"22/09/2025 19:00 - 22/09/2025 20:00","CTA|SE","-","-"
"22/09/2025 20:00 - 22/09/2025 21:00","CTA|SE","-","-"
"22/09/2025 21:00 - 22/09/2025 22:00","CTA|SE","-","-"
"22/09/2025 22:00 - 22/09/2025 23:00","CTA|SE","-","-"
"22/09/2025 23:00 - 23/09/2025 00:00","CTA|SE","-","-"
"23/09/2025 00:00 - 23/09/2025 01:00","CTA|SE","-","-"
"23/09/2025 01:00 - 23/09/2025 02:00","CTA|SE","-","-"
"23/09/2025 02:00 - 23/09/2025 03:00","CTA|SE","-","-"
"23/09/2025 03:00 - 23/09/2025 04:00","CTA|SE","-","-"
"23/09/2025 04:00 - 23/09/2025 05:00","CTA|SE","-","-"
"23/09/2025 05:00 - 23/09/2025 06:00","CTA|SE","-","-"
"23/09/2025 06:00 - 23/09/2025 07:00","CTA|SE","-","-"
"23/09/2025 07:00 - 23/09/2025 08:00","CTA|SE","-","-"
"23/09/2025 08:00 - 23/09/2025 09:00","CTA|SE","-","-"
"23/09/2025 09:00 - 23/09/2025 10:00","CTA|SE","-","-"
"23/09/2025 10:00 - 23/09/2025 11:00","CTA|SE","-","-"
"23/09/2025 11:00 - 23/09/2025 12:00","CTA|SE","-","-"
"23/09/2025 12:00 - 23/09/2025 13:00","CTA|SE","-","-"
"23/09/2025 13:00 - 23/09/2025 14:00","CTA|SE","-","-"
"23/09/2025 14:00 - 23/09/2025 15:00","CTA|SE","-","-"
"23/09/2025 15:00 - 23/09/2025 16:00","CTA|SE","-","-"
"23/09/2025 16:00 - 23/09/2025 17:00","CTA|SE","-","-"
"23/09/2025 17:00 - 23/09/2025 18:00","CTA|SE","-","-"
"23/09/2025 18:00 - 23/09/2025 19:00","CTA|SE","-","-"
"23/09/2025 19:00 - 23/09/2025 20:00","CTA|SE","-","-"
"23/09/2025 20:00 - 23/09/2025 21:00","CTA|SE","-","-"
"23/09/2025 21:00 - 23/09/2025 22:00","CTA|SE","-","-"
"23/09/2025 22:00 - 23/09/2025 23:00","CTA|SE","-","-"
"23/09/2025 23:00 - 24/09/2025 00:00","CTA|SE","-","-"
"24/09/2025 00:00 - 24/09/2025 01:00","CTA|SE","-","-"
"24/09/2025 01:00 - 24/09/2025 02:00","CTA|SE","-","-"
"24/09/2025 02:00 - 24/09/2025 03:00","CTA|SE","-","-"
"24/09/2025 03:00 - 24/09/2025 04:00","CTA|SE","-","-"
"24/09/2025 04:00 - 24/09/2025 05:00","CTA|SE","-","-"
"24/09/2025 05:00 - 24/09/2025 06:00","CTA|SE","-","-"
"24/09/2025 06:00 - 24/09/2025 07:00","CTA|SE","-","-"
"24/09/2025 07:00 - 24/09/2025 08:00","CTA|SE","-","-"
"24/09/2025 08:00 - 24/09/2025 09:00","CTA|SE","-","-"
"24/09/2025 09:00 - 24/09/2025 10:00","CTA|SE","-","-"
"24/09/2025 10:00 - 24/09/2025 11:00","CTA|SE","-","-"
"24/09/2025 11:00 - 24/09/2025 12:00","CTA|SE","-","-"
"24/09/2025 12:00 - 24/09/2025 13:00","CTA|SE","-","-"
"24/09/2025 13:00 - 24/09/2025 14:00","CTA|SE","-","-"
"24/09/2025 14:00 - 24/09/2025 15:00","CTA|SE","-","-"
"24/09/2025 15:00 - 24/09/2025 16:00","CTA|SE","-","-"
"24/09/2025 16:00 - 24/09/2025 17:00","CTA|SE","-","-"
"24/09/2025 17:00 - 24/09/2025 18:00","CTA|SE","-","-"
"24/09/2025 18:00 - 24/09/2025 19:00","CTA|SE","-","-"
"24/09/2025 19:00 - 24/09/2025 20:00","CTA|SE","-","-"
"24/09/2025 20:00 - 24/09/2025 21:00","CTA|SE","-","-"
"24/09/2025 21:00 - 24/09/2025 22:00","CTA|SE","-","-"
"24/09/2025 22:00 - 24/09/2025 23:00","CTA|SE","-","-"
"24/09/2025 23:00 - 25/09/2025 00:00","CTA|SE","-","-"
"25/09/2025 00:00 - 25/09/2025 01:00","CTA|SE","-","-"
"25/09/2025 01:00 - 25/09/2025 02:00","CTA|SE","-","-"
"25/09/2025 02:00 - 25/09/2025 03:00","CTA|SE","-","-"
"25/09/2025 03:00 - 25/09/2025 04:00","CTA|SE","-","-"
"25/09/2025 04:00 - 25/09/2025 05:00","CTA|SE","-","-"
"25/09/2025 05:00 - 25/09/2025 06:00","CTA|SE","-","-"
"25/09/2025 06:00 - 25/09/2025 07:00","CTA|SE","-","-"
"25/09/2025 07:00 - 25/09/2025 08:00","CTA|SE","-","-"
"25/09/2025 08:00 - 25/09/2025 09:00","CTA|SE","-","-"
"25/09/2025 09:00 - 25/09/2025 10:00","CTA|SE","-","-"
"25/09/2025 10:00 - 25/09/2025 11:00","CTA|SE","-","-"
"25/09/2025 11:00 - 25/09/2025 12:00","CTA|SE","-","-"
"25/09/2025 12:00 - 25/09/2025 13:00","CTA|SE","-","-"
"25/09/2025 13:00 - 25/09/2025 14:00","CTA|SE","-","-"
"25/09/2025 14:00 - 25/09/2025 15:00","CTA|SE","-","-"
"25/09/2025 15:00 - 25/09/2025 16:00","CTA|SE","-","-"
"25/09/2025 16:00 - 25/09/2025 17:00","CTA|SE","-","-"
"25/09/2025 17:00 - 25/09/2025 18:00","CTA|SE","-","-"
"25/09/2025 18:00 - 25/09/2025 19:00","CTA|SE","-","-"
"25/09/2025 19:00 - 25/09/2025 20:00","CTA|SE","-","-"
"25/09/2025 20:00 - 25/09/2025 21:00","CTA|SE","-","-"
"25/09/2025 21:00 - 25/09/2025 22:00","CTA|SE","-","-"
"25/09/2025 22:00 - 25/09/2025 23:00","CTA|SE","-","-"
"25/09/2025 23:00 - 26/09/2025 00:00","CTA|SE","-","-"
"26/09/2025 00:00 - 26/09/2025 01:00","CTA|SE","-","-"
"26/09/2025 01:00 - 26/09/2025 02:00","CTA|SE","-","-"
"26/09/2025 02:00 - 26/09/2025 03:00","CTA|SE","-","-"
"26/09/2025 03:00 - 26/09/2025 04:00","CTA|SE","-","-"
"26/09/2025 04:00 - 26/09/2025 05:00","CTA|SE","-","-"
"26/09/2025 05:00 - 26/09/2025 06:00","CTA|SE","-","-"
"26/09/2025 06:00 - 26/09/2025 07:00","CTA|SE","-","-"
"26/09/2025 07:00 - 26/09/2025 08:00","CTA|SE","-","-"
"26/09/2025 08:00 - 26/09/2025 09:00","CTA|SE","-","-"
"26/09/2025 09:00 - 26/09/2025 10:00","CTA|SE","-","-"
"26/09/2025 10:00 - 26/09/2025 11:00","CTA|SE","-","-"
"26/09/2025 11:00 - 26/09/2025 12:00","CTA|SE","-","-"
"26/09/2025 12:00 - 26/09/2025 13:00","CTA|SE","-","-"
"26/09/2025 13:00 - 26/09/2025 14:00","CTA|SE","-","-"
"26/09/2025 14:00 - 26/09/2025 15:00","CTA|SE","-","-"
"26/09/2025 15:00 - 26/09/2025 16:00","CTA|SE","-","-"
"26/09/2025 16:00 - 26/09/2025 17:00","CTA|SE","-","-"
"26/09/2025 17:00 - 26/09/2025 18:00","CTA|SE","-","-"
"26/09/2025 18:00 - 26/09/2025 19:00","CTA|SE","-","-"
"26/09/2025 19:00 - 26/09/2025 20:00","CTA|SE","-","-"
"26/09/2025 20:00 - 26/09/2025 21:00","CTA|SE","-","-"
"26/09/2025 21:00 - 26/09/2025 22:00","CTA|SE","-","-"
"26/09/2025 22:00 - 26/09/2025 23:00","CTA|SE","-","-"
"26/09/2025 23:00 - 27/09/2025 00:00","CTA|SE","-","-"
"27/09/2025 00:00 - 27/09/2025 01:00","CTA|SE","-","-"
"27/09/2025 01:00 - 27/09/2025 02:00","CTA|SE","-","-"
"27/09/2025 02:00 - 27/09/2025 03:00","CTA|SE","-","-"
"27/09/2025 03:00 - 27/09/2025 04:00","CTA|SE","-","-"
"27/09/2025 04:00 - 27/09/2025 05:00","CTA|SE","-","-"
"27/09/2025 05:00 - 27/09/2025 06:00","CTA|SE","-","-"
"27/09/2025 06:00 - 27/09/2025 07:00","CTA|SE","-","-"
"27/09/2025 07:00 - 27/09/2025 08:00","CTA|SE","-","-"
"27/09/2025 08:00 - 27/09/2025 09:00","CTA|SE","-","-"
"27/09/2025 09:00 - 27/09/2025 10:00","CTA|SE","-","-"
"27/09/2025 10:00 - 27/09/2025 11:00","CTA|SE","-","-"
"27/09/2025 11:00 - 27/09/2025 12:00","CTA|SE","-","-"
"27/09/2025 12:00 - 27/09/2025 13:00","CTA|SE","-","-"
"27/09/2025 13:00 - 27/09/2025 14:00","CTA|SE","-","-"
"27/09/2025 14:00 - 27/09/2025 15:00","CTA|SE","-","-"
"27/09/2025 15:00 - 27/09/2025 16:00","CTA|SE","-","-"
"27/09/2025 16:00 - 27/09/2025 17:00","CTA|SE","-","-"
"27/09/2025 17:00 - 27/09/2025 18:00","CTA|SE","-","-"
"27/09/2025 18:00 - 27/09/2025 19:00","CTA|SE","-","-"
"27/09/2025 19:00 - 27/09/2025 20:00","CTA|SE","-","-"
"27/09/2025 20:00 - 27/09/2025 21:00","CTA|SE","-","-"
"27/09/2025 21:00 - 27/09/2025 22:00","CTA|SE","-","-"
"27/09/2025 22:00 - 27/09/2025 23:00","CTA|SE","-","-"
"27/09/2025 23:00 - 28/09/2025 00:00","CTA|SE","-","-"
"28/09/2025 00:00 - 28/09/2025 01:00","CTA|SE","-","-"
"28/09/2025 01:00 - 28/09/2025 02:00","CTA|SE","-","-"
"28/09/2025 02:00 - 28/09/2025 03:00","CTA|SE","-","-"
"28/09/2025 03:00 - 28/09/2025 04:00","CTA|SE","-","-"
"28/09/2025 04:00 - 28/09/2025 05:00","CTA|SE","-","-"
"28/09/2025 05:00 - 28/09/2025 06:00","CTA|SE","-","-"
"28/09/2025 06:00 - 28/09/2025 07:00","CTA|SE","-","-"
"28/09/2025 07:00 - 28/09/2025 08:00","CTA|SE","-","-"
"28/09/2025 08:00 - 28/09/2025 09:00","CTA|SE","-","-"
"28/09/2025 09:00 - 28/09/2025 10:00","CTA|SE","-","-"
"28/09/2025 10:00 - 28/09/2025 11:00","CTA|SE","-","-"
"28/09/2025 11:00 - 28/09/2025 12:00","CTA|SE","-","-"
"28/09/2025 12:00 - 28/09/2025 13:00","CTA|SE","-","-"
"28/09/2025 13:00 - 28/09/2025 14:00","CTA|SE","-","-"
"28/09/2025 14:00 - 28/09/2025 15:00","CTA|SE","-","-"
"28/09/2025 15:00 - 28/09/2025 16:00","CTA|SE","-","-"
"28/09/2025 16:00 - 28/09/2025 17:00","CTA|SE","-","-"
"28/09/2025 17:00 - 28/09/2025 18:00","CTA|SE","-","-"
"28/09/2025 18:00 - 28/09/2025 19:00","CTA|SE","-","-"
"28/09/2025 19:00 - 28/09/2025 20:00","CTA|SE","-","-"
"28/09/2025 20:00 - 28/09/2025 21:00","CTA|SE","-","-"
"28/09/2025 21:00 - 28/09/2025 22:00","CTA|SE","-","-"
"28/09/2025 22:00 - 28/09/2025 23:00","CTA|SE","-","-"
"28/09/2025 23:00 - 29/09/2025 00:00","CTA|SE","-","-"
"29/09/2025 00:00 - 29/09/2025 01:00","CTA|SE","-","-"
"29/09/2025 01:00 - 29/09/2025 02:00","CTA|SE","-","-"
"29/09/2025 02:00 - 29/09/2025 03:00","CTA|SE","-","-"
"29/09/2025 03:00 - 29/09/2025 04:00","CTA|SE","-","-"
"29/09/2025 04:00 - 29/09/2025 05:00","CTA|SE","-","-"
"29/09/2025 05:00 - 29/09/2025 06:00","CTA|SE","-","-"
"29/09/2025 06:00 - 29/09/2025 07:00","CTA|SE","-","-"
"29/09/2025 07:00 - 29/09/2025 08:00","CTA|SE","-","-"
"29/09/2025 08:00 - 29/09/2025 09:00","CTA|SE","-","-"
"29/09/2025 09:00 - 29/09/2025 10:00","CTA|SE","-","-"
"29/09/2025 10:00 - 29/09/2025 11:00","CTA|SE","-","-"
"29/09/2025 11:00 - 29/09/2025 12:00","CTA|SE","-","-"
"29/09/2025 12:00 - 29/09/2025 13:00","CTA|SE","-","-"
"29/09/2025 13:00 - 29/09/2025 14:00","CTA|SE","-","-"
"29/09/2025 14:00 - 29/09/2025 15:00","CTA|SE","-","-"
"29/09/2025 15:00 - 29/09/2025 16:00","CTA|SE","-","-"
"29/09/2025 16:00 - 29/09/2025 17:00","CTA|SE","-","-"
"29/09/2025 17:00 - 29/09/2025 18:00","CTA|SE","-","-"
"29/09/2025 18:00 - 29/09/2025 19:00","CTA|SE","-","-"
"29/09/2025 19:00 - 29/09/2025 20:00","CTA|SE","-","-"
"29/09/2025 20:00 - 29/09/2025 21:00","CTA|SE","-","-"
"29/09/2025 21:00 - 29/09/2025 22:00","CTA|SE","-","-"
"29/09/2025 22:00 - 29/09/2025 23:00","CTA|SE","-","-"
"29/09/2025 23:00 - 30/09/2025 00:00","CTA|SE","-","-"
"30/09/2025 00:00 - 30/09/2025 01:00","CTA|SE","-","-"
"30/09/2025 01:00 - 30/09/2025 02:00","CTA|SE","-","-"
"30/09/2025 02:00 - 30/09/2025 03:00","CTA|SE","-","-"
"30/09/2025 03:00 - 30/09/2025 04:00","CTA|SE","-","-"
"30/09/2025 04:00 - 30/09/2025 05:00","CTA|SE","-","-"
"30/09/2025 05:00 - 30/09/2025 06:00","CTA|SE","-","-"
"30/09/2025 06:00 - 30/09/2025 07:00","CTA|SE","-","-"
"30/09/2025 07:00 - 30/09/2025 08:00","CTA|SE","-","-"
"30/09/2025 08:00 - 30/09/2025 09:00","CTA|SE","-","-"
"30/09/2025 09:00 - 30/09/2025 10:00","CTA|SE","-","-"
"30/09/2025 10:00 - 30/09/2025 11:00","CTA|SE","-","-"
"30/09/2025 11:00 - 30/09/2025 12:00","CTA|SE","-","-"
"30/09/2025 12:00 - 30/09/2025 13:00","CTA|SE","-","-"
"30/09/2025 13:00 - 30/09/2025 14:00","CTA|SE","-","-"
"30/09/2025 14:00 - 30/09/2025 15:00","CTA|SE","-","-"
"30/09/2025 15:00 - 30/09/2025 16:00","CTA|SE","-","-"
"30/09/2025 16:00 - 30/09/2025 17:00","CTA|SE","-","-"
"30/09/2025 17:00 - 30/09/2025 18:00","CTA|SE","-","-"
"30/09/2025 18:00 - 30/09/2025 19:00","CTA|SE","-","-"
"30/09/2025 19:00 - 30/09/2025 20:00","CTA|SE","-","-"
"30/09/2025 20:00 - 30/09/2025 21:00","CTA|SE","-","-"
"30/09/2025 21:00 - 30/09/2025 22:00","CTA|SE","-","-"
"30/09/2025 22:00 - 30/09/2025 23:00","CTA|SE","-","-"
"30/09/2025 23:00 - 01/10/2025 00:00","CTA|SE","-","-"
"01/10/2025 00:00 - 01/10/2025 01:00","CTA|SE","-","-"
"01/10/2025 01:00 - 01/10/2025 02:00","CTA|SE","-","-"
"01/10/2025 02:00 - 01/10/2025 03:00","CTA|SE","-","-"
"01/10/2025 03:00 - 01/10/2025 04:00","CTA|SE","-","-"
"01/10/2025 04:00 - 01/10/2025 05:00","CTA|SE","-","-"
"01/10/2025 05:00 - 01/10/2025 06:00","CTA|SE","-","-"
"01/10/2025 06:00 - 01/10/2025 07:00","CTA|SE","-","-"
"01/10/2025 07:00 - 01/10/2025 08:00","CTA|SE","-","-"
"01/10/2025 08:00 - 01/10/2025 09:00","CTA|SE","-","-"
"01/10/2025 09:00 - 01/10/2025 10:00","CTA|SE","-","-"
"01/10/2025 10:00 - 01/10/2025 11:00","CTA|SE","-","-"
"01/10/2025 11:00 - 01/10/2025 12:00","CTA|SE","-","-"
"01/10/2025 12:00 - 01/10/2025 13:00","CTA|SE","-","-"
"01/10/2025 13:00 - 01/10/2025 14:00","CTA|SE","-","-"
"01/10/2025 14:00 - 01/10/2025 15:00","CTA|SE","-","-"
"01/10/2025 15:00 - 01/10/2025 16:00","CTA|SE","-","-"
"01/10/2025 16:00 - 01/10/2025 17:00","CTA|SE","-","-"
"01/10/2025 17:00 - 01/10/2025 18:00","CTA|SE","-","-"
"01/10/2025 18:00 - 01/10/2025 19:00","CTA|SE","-","-"
"01/10/2025 19:00 - 01/10/2025 20:00","CTA|SE","-","-"
"01/10/2025 20:00 - 01/10/2025 21:00","CTA|SE","-","-"
"01/10/2025 21:00 - 01/10/2025 22:00","CTA|SE","-","-"
"01/10/2025 22:00 - 01/10/2025 23:00","CTA|SE","-","-"
"01/10/2025 23:00 - 02/10/2025 00:00","CTA|SE","-","-"
"02/10/2025 00:00 - 02/10/2025 01:00","CTA|SE","-","-"
"02/10/2025 01:00 - 02/10/2025 02:00","CTA|SE","-","-"
"02/10/2025 02:00 - 02/10/2025 03:00","CTA|SE","-","-"
"02/10/2025 03:00 - 02/10/2025 04:00","CTA|SE","-","-"
"02/10/2025 04:00 - 02/10/2025 05:00","CTA|SE","-","-"
"02/10/2025 05:00 - 02/10/2025 06:00","CTA|SE","-","-"
"02/10/2025 06:00 - 02/10/2025 07:00","CTA|SE","-","-"
"02/10/2025 07:00 - 02/10/2025 08:00","CTA|SE","-","-"
"02/10/2025 08:00 - 02/10/2025 09:00","CTA|SE","-","-"
"02/10/2025 09:00 - 02/10/2025 10:00","CTA|SE","-","-"
"02/10/2025 10:00 - 02/10/2025 11:00","CTA|SE","-","-"
"02/10/2025 11:00 - 02/10/2025 12:00","CTA|SE","-","-"
"02/10/2025 12:00 - 02/10/2025 13:00","CTA|SE","-","-"
"02/10/2025 13:00 - 02/10/2025 14:00","CTA|SE","-","-"
"02/10/2025 14:00 - 02/10/2025 15:00","CTA|SE","-","-"
"02/10/2025 15:00 - 02/10/2025 16:00","CTA|SE","-","-"
"02/10/2025 16:00 - 02/10/2025 17:00","CTA|SE","-","-"
"02/10/2025 17:00 - 02/10/2025 18:00","CTA|SE","-","-"
"02/10/2025 18:00 - 02/10/2025 19:00","CTA|SE","-","-"
"02/10/2025 19:00 - 02/10/2025 20:00","CTA|SE","-","-"
"02/10/2025 20:00 - 02/10/2025 21:00","CTA|SE","-","-"
"02/10/2025 21:00 - 02/10/2025 22:00","CTA|SE","-","-"
"02/10/2025 22:00 - 02/10/2025 23:00","CTA|SE","-","-"
"02/10/2025 23:00 - 03/10/2025 00:00","CTA|SE","-","-"
"03/10/2025 00:00 - 03/10/2025 01:00","CTA|SE","-","-"
"03/10/2025 01:00 - 03/10/2025 02:00","CTA|SE","-","-"
"03/10/2025 02:00 - 03/10/2025 03:00","CTA|SE","-","-"
"03/10/2025 03:00 - 03/10/2025 04:00","CTA|SE","-","-"
"03/10/2025 04:00 - 03/10/2025 05:00","CTA|SE","-","-"
"03/10/2025 05:00 - 03/10/2025 06:00","CTA|SE","-","-"
"03/10/2025 06:00 - 03/10/2025 07:00","CTA|SE","-","-"
"03/10/2025 07:00 - 03/10/2025 08:00","CTA|SE","-","-"
"03/10/2025 08:00 - 03/10/2025 09:00","CTA|SE","-","-"
"03/10/2025 09:00 - 03/10/2025 10:00","CTA|SE","-","-"
"03/10/2025 10:00 - 03/10/2025 11:00","CTA|SE","-","-"
"03/10/2025 11:00 - 03/10/2025 12:00","CTA|SE","-","-"
"03/10/2025 12:00 - 03/10/2025 13:00","CTA|SE","-","-"
"03/10/2025 13:00 - 03/10/2025 14:00","CTA|SE","-","-"
"03/10/2025 14:00 - 03/10/2025 15:00","CTA|SE","-","-"
"03/10/2025 15:00 - 03/10/2025 16:00","CTA|SE","-","-"
"03/10/2025 16:00 - 03/10/2025 17:00","CTA|SE","-","-"
"03/10/2025 17:00 - 03/10/2025 18:00","CTA|SE","-","-"
"03/10/2025 18:00 - 03/10/2025 19:00","CTA|SE","-","-"
"03/10/2025 19:00 - 03/10/2025 20:00","CTA|SE","-","-"
"03/10/2025 20:00 - 03/10/2025 21:00","CTA|SE","-","-"
"03/10/2025 21:00 - 03/10/2025 22:00","CTA|SE","-","-"
"03/10/2025 22:00 - 03/10/2025 23:00","CTA|SE","-","-"
"03/10/2025 23:00 - 04/10/2025 00:00","CTA|SE","-","-"
"04/10/2025 00:00 - 04/10/2025 01:00","CTA|SE","-","-"
"04/10/2025 01:00 - 04/10/2025 02:00","CTA|SE","-","-"
"04/10/2025 02:00 - 04/10/2025 03:00","CTA|SE","-","-"
"04/10/2025 03:00 - 04/10/2025 04:00","CTA|SE","-","-"
"04/10/2025 04:00 - 04/10/2025 05:00","CTA|SE","-","-"
"04/10/2025 05:00 - 04/10/2025 06:00","CTA|SE","-","-"
"04/10/2025 06:00 - 04/10/2025 07:00","CTA|SE","-","-"
"04/10/2025 07:00 - 04/10/2025 08:00","CTA|SE","-","-"
"04/10/2025 08:00 - 04/10/2025 09:00","CTA|SE","-","-"
"04/10/2025 09:00 - 04/10/2025 10:00","CTA|SE","-","-"
"04/10/2025 10:00 - 04/10/2025 11:00","CTA|SE","-","-"
"04/10/2025 11:00 - 04/10/2025 12:00","CTA|SE","-","-"
"04/10/2025 12:00 - 04/10/2025 13:00","CTA|SE","-","-"
"04/10/2025 13:00 - 04/10/2025 14:00","CTA|SE","-","-"
"04/10/2025 14:00 - 04/10/2025 15:00","CTA|SE","-","-"
"04/10/2025 15:00 - 04/10/2025 16:00","CTA|SE","-","-"
"04/10/2025 16:00 - 04/10/2025 17:00","CTA|SE","-","-"
"04/10/2025 17:00 - 04/10/2025 18:00","CTA|SE","-","-"
"04/10/2025 18:00 - 04/10/2025 19:00","CTA|SE","-","-"
"04/10/2025 19:00 - 04/10/2025 20:00","CTA|SE","-","-"
"04/10/2025 20:00 - 04/10/2025 21:00","CTA|SE","-","-"
"04/10/2025 21:00 - 04/10/2025 22:00","CTA|SE","-","-"
"04/10/2025 22:00 - 04/10/2025 23:00","CTA|SE","-","-"
"04/10/2025 23:00 - 05/10/2025 00:00","CTA|SE","-","-"
"05/10/2025 00:00 - 05/10/2025 01:00","CTA|SE","-","-"
"05/10/2025 01:00 - 05/10/2025 02:00","CTA|SE","-","-"
"05/10/2025 02:00 - 05/10/2025 03:00","CTA|SE","-","-"
"05/10/2025 03:00 - 05/10/2025 04:00","CTA|SE","-","-"
"05/10/2025 04:00 - 05/10/2025 05:00","CTA|SE","-","-"
"05/10/2025 05:00 - 05/10/2025 06:00","CTA|SE","-","-"
"05/10/2025 06:00 - 05/10/2025 07:00","CTA|SE","-","-"
"05/10/2025 07:00 - 05/10/2025 08:00","CTA|SE","-","-"
"05/10/2025 08:00 - 05/10/2025 09:00","CTA|SE","-","-"
"05/10/2025 09:00 - 05/10/2025 10:00","CTA|SE","-","-"
"05/10/2025 10:00 - 05/10/2025 11:00","CTA|SE","-","-"
"05/10/2025 11:00 - 05/10/2025 12:00","CTA|SE","-","-"
"05/10/2025 12:00 - 05/10/2025 13:00","CTA|SE","-","-"
"05/10/2025 13:00 - 05/10/2025 14:00","CTA|SE","-","-"
"05/10/2025 14:00 - 05/10/2025 15:00","CTA|SE","-","-"
"05/10/2025 15:00 - 05/10/2025 16:00","CTA|SE","-","-"
"05/10/2025 16:00 - 05/10/2025 17:00","CTA|SE","-","-"
"05/10/2025 17:00 - 05/10/2025 18:00","CTA|SE","-","-"
"05/10/2025 18:00 - 05/10/2025 19:00","CTA|SE","-","-"
"05/10/2025 19:00 - 05/10/2025 20:00","CTA|SE","-","-"
"05/10/2025 20:00 - 05/10/2025 21:00","CTA|SE","-","-"
"05/10/2025 21:00 - 05/10/2025 22:00","CTA|SE","-","-"
"05/10/2025 22:00 - 05/10/2025 23:00","CTA|SE","-","-"
"05/10/2025 23:00 - 06/10/2025 00:00","CTA|SE","-","-"
"06/10/2025 00:00 - 06/10/2025 01:00","CTA|SE","-","-"
"06/10/2025 01:00 - 06/10/2025 02:00","CTA|SE","-","-"
"06/10/2025 02:00 - 06/10/2025 03:00","CTA|SE","-","-"
"06/10/2025 03:00 - 06/10/2025 04:00","CTA|SE","-","-"
"06/10/2025 04:00 - 06/10/2025 05:00","CTA|SE","-","-"
"06/10/2025 05:00 - 06/10/2025 06:00","CTA|SE","-","-"
"06/10/2025 06:00 - 06/10/2025 07:00","CTA|SE","-","-"
"06/10/2025 07:00 - 06/10/2025 08:00","CTA|SE","-","-"
"06/10/2025 08:00 - 06/10/2025 09:00","CTA|SE","-","-"
"06/10/2025 09:00 - 06/10/2025 10:00","CTA|SE","-","-"
"06/10/2025 10:00 - 06/10/2025 11:00","CTA|SE","-","-"
"06/10/2025 11:00 - 06/10/2025 12:00","CTA|SE","-","-"
"06/10/2025 12:00 - 06/10/2025 13:00","CTA|SE","-","-"
"06/10/2025 13:00 - 06/10/2025 14:00","CTA|SE","-","-"
"06/10/2025 14:00 - 06/10/2025 15:00","CTA|SE","-","-"
"06/10/2025 15:00 - 06/10/2025 16:00","CTA|SE","-","-"
"06/10/2025 16:00 - 06/10/2025 17:00","CTA|SE","-","-"
"06/10/2025 17:00 - 06/10/2025 18:00","CTA|SE","-","-"
"06/10/2025 18:00 - 06/10/2025 19:00","CTA|SE","-","-"
"06/10/2025 19:00 - 06/10/2025 20:00","CTA|SE","-","-"
"06/10/2025 20:00 - 06/10/2025 21:00","CTA|SE","-","-"
"06/10/2025 21:00 - 06/10/2025 22:00","CTA|SE","-","-"
"06/10/2025 22:00 - 06/10/2025 23:00","CTA|SE","-","-"
"06/10/2025 23:00 - 07/10/2025 00:00","CTA|SE","-","-"
"07/10/2025 00:00 - 07/10/2025 01:00","CTA|SE","-","-"
"07/10/2025 01:00 - 07/10/2025 02:00","CTA|SE","-","-"
"07/10/2025 02:00 - 07/10/2025 03:00","CTA|SE","-","-"
"07/10/2025 03:00 - 07/10/2025 04:00","CTA|SE","-","-"
"07/10/2025 04:00 - 07/10/2025 05:00","CTA|SE","-","-"
"07/10/2025 05:00 - 07/10/2025 06:00","CTA|SE","-","-"
"07/10/2025 06:00 - 07/10/2025 07:00","CTA|SE","-","-"
"07/10/2025 07:00 - 07/10/2025 08:00","CTA|SE","-","-"
"07/10/2025 08:00 - 07/10/2025 09:00","CTA|SE","-","-"
"07/10/2025 09:00 - 07/10/2025 10:00","CTA|SE","-","-"
"07/10/2025 10:00 - 07/10/2025 11:00","CTA|SE","-","-"
"07/10/2025 11:00 - 07/10/2025 12:00","CTA|SE","-","-"
"07/10/2025 12:00 - 07/10/2025 13:00","CTA|SE","-","-"
"07/10/2025 13:00 - 07/10/2025 14:00","CTA|SE","-","-"
"07/10/2025 14:00 - 07/10/2025 15:00","CTA|SE","-","-"
"07/10/2025 15:00 - 07/10/2025 16:00","CTA|SE","-","-"
"07/10/2025 16:00 - 07/10/2025 17:00","CTA|SE","-","-"
"07/10/2025 17:00 - 07/10/2025 18:00","CTA|SE","-","-"
"07/10/2025 18:00 - 07/10/2025 19:00","CTA|SE","-","-"
"07/10/2025 19:00 - 07/10/2025 20:00","CTA|SE","-","-"
"07/10/2025 20:00 - 07/10/2025 21:00","CTA|SE","-","-"
"07/10/2025 21:00 - 07/10/2025 22:00","CTA|SE","-","-"
"07/10/2025 22:00 - 07/10/2025 23:00","CTA|SE","-","-"
"07/10/2025 23:00 - 08/10/2025 00:00","CTA|SE","-","-"
"08/10/2025 00:00 - 08/10/2025 01:00","CTA|SE","-","-"
"08/10/2025 01:00 - 08/10/2025 02:00","CTA|SE","-","-"
"08/10/2025 02:00 - 08/10/2025 03:00","CTA|SE","-","-"
"08/10/2025 03:00 - 08/10/2025 04:00","CTA|SE","-","-"
"08/10/2025 04:00 - 08/10/2025 05:00","CTA|SE","-","-"
"08/10/2025 05:00 - 08/10/2025 06:00","CTA|SE","-","-"
"08/10/2025 06:00 - 08/10/2025 07:00","CTA|SE","-","-"
"08/10/2025 07:00 - 08/10/2025 08:00","CTA|SE","-","-"
"08/10/2025 08:00 - 08/10/2025 09:00","CTA|SE","-","-"
"08/10/2025 09:00 - 08/10/2025 10:00","CTA|SE","-","-"
"08/10/2025 10:00 - 08/10/2025 11:00","CTA|SE","-","-"
"08/10/2025 11:00 - 08/10/2025 12:00","CTA|SE","-","-"
"08/10/2025 12:00 - 08/10/2025 13:00","CTA|SE","-","-"
"08/10/2025 13:00 - 08/10/2025 14:00","CTA|SE","-","-"
"08/10/2025 14:00 - 08/10/2025 15:00","CTA|SE","-","-"
"08/10/2025 15:00 - 08/10/2025 16:00","CTA|SE","-","-"
"08/10/2025 16:00 - 08/10/2025 17:00","CTA|SE","-","-"
"08/10/2025 17:00 - 08/10/2025 18:00","CTA|SE","-","-"
"08/10/2025 18:00 - 08/10/2025 19:00","CTA|SE","-","-"
"08/10/2025 19:00 - 08/10/2025 20:00","CTA|SE","-","-"
"08/10/2025 20:00 - 08/10/2025 21:00","CTA|SE","-","-"
"08/10/2025 21:00 - 08/10/2025 22:00","CTA|SE","-","-"
"08/10/2025 22:00 - 08/10/2025 23:00","CTA|SE","-","-"
"08/10/2025 23:00 - 09/10/2025 00:00","CTA|SE","-","-"
"09/10/2025 00:00 - 09/10/2025 01:00","CTA|SE","-","-"
"09/10/2025 01:00 - 09/10/2025 02:00","CTA|SE","-","-"
"09/10/2025 02:00 - 09/10/2025 03:00","CTA|SE","-","-"
"09/10/2025 03:00 - 09/10/2025 04:00","CTA|SE","-","-"
"09/10/2025 04:00 - 09/10/2025 05:00","CTA|SE","-","-"
"09/10/2025 05:00 - 09/10/2025 06:00","CTA|SE","-","-"
"09/10/2025 06:00 - 09/10/2025 07:00","CTA|SE","-","-"
"09/10/2025 07:00 - 09/10/2025 08:00","CTA|SE","-","-"
"09/10/2025 08:00 - 09/10/2025 09:00","CTA|SE","-","-"
"09/10/2025 09:00 - 09/10/2025 10:00","CTA|SE","-","-"
"09/10/2025 10:00 - 09/10/2025 11:00","CTA|SE","-","-"
"09/10/2025 11:00 - 09/10/2025 12:00","CTA|SE","-","-"
"09/10/2025 12:00 - 09/10/2025 13:00","CTA|SE","-","-"
"09/10/2025 13:00 - 09/10/2025 14:00","CTA|SE","-","-"
"09/10/2025 14:00 - 09/10/2025 15:00","CTA|SE","-","-"
"09/10/2025 15:00 - 09/10/2025 16:00","CTA|SE","-","-"
"09/10/2025 16:00 - 09/10/2025 17:00","CTA|SE","-","-"
"09/10/2025 17:00 - 09/10/2025 18:00","CTA|SE","-","-"
"09/10/2025 18:00 - 09/10/2025 19:00","CTA|SE","-","-"
"09/10/2025 19:00 - 09/10/2025 20:00","CTA|SE","-","-"
"09/10/2025 20:00 - 09/10/2025 21:00","CTA|SE","-","-"
"09/10/2025 21:00 - 09/10/2025 22:00","CTA|SE","-","-"
"09/10/2025 22:00 - 09/10/2025 23:00","CTA|SE","-","-"
"09/10/2025 23:00 - 10/10/2025 00:00","CTA|SE","-","-"
"10/10/2025 00:00 - 10/10/2025 01:00","CTA|SE","-","-"
"10/10/2025 01:00 - 10/10/2025 02:00","CTA|SE","-","-"
"10/10/2025 02:00 - 10/10/2025 03:00","CTA|SE","-","-"
"10/10/2025 03:00 - 10/10/2025 04:00","CTA|SE","-","-"
"10/10/2025 04:00 - 10/10/2025 05:00","CTA|SE","-","-"
"10/10/2025 05:00 - 10/10/2025 06:00","CTA|SE","-","-"
"10/10/2025 06:00 - 10/10/2025 07:00","CTA|SE","-","-"
"10/10/2025 07:00 - 10/10/2025 08:00","CTA|SE","-","-"
"10/10/2025 08:00 - 10/10/2025 09:00","CTA|SE","-","-"
"10/10/2025 09:00 - 10/10/2025 10:00","CTA|SE","-","-"
"10/10/2025 10:00 - 10/10/2025 11:00","CTA|SE","-","-"
"10/10/2025 11:00 - 10/10/2025 12:00","CTA|SE","-","-"
"10/10/2025 12:00 - 10/10/2025 13:00","CTA|SE","-","-"
"10/10/2025 13:00 - 10/10/2025 14:00","CTA|SE","-","-"
"10/10/2025 14:00 - 10/10/2025 15:00","CTA|SE","-","-"
"10/10/2025 15:00 - 10/10/2025 16:00","CTA|SE","-","-"
"10/10/2025 16:00 - 10/10/2025 17:00","CTA|SE","-","-"
"10/10/2025 17:00 - 10/10/2025 18:00","CTA|SE","-","-"
"10/10/2025 18:00 - 10/10/2025 19:00","CTA|SE","-","-"
"10/10/2025 19:00 - 10/10/2025 20:00","CTA|SE","-","-"
"10/10/2025 20:00 - 10/10/2025 21:00","CTA|SE","-","-"
"10/10/2025 21:00 - 10/10/2025 22:00","CTA|SE","-","-"
"10/10/2025 22:00 - 10/10/2025 23:00","CTA|SE","-","-"
"10/10/2025 23:00 - 11/10/2025 00:00","CTA|SE","-","-"
"11/10/2025 00:00 - 11/10/2025 01:00","CTA|SE","-","-"
"11/10/2025 01:00 - 11/10/2025 02:00","CTA|SE","-","-"
"11/10/2025 02:00 - 11/10/2025 03:00","CTA|SE","-","-"
"11/10/2025 03:00 - 11/10/2025 04:00","CTA|SE","-","-"
"11/10/2025 04:00 - 11/10/2025 05:00","CTA|SE","-","-"
"11/10/2025 05:00 - 11/10/2025 06:00","CTA|SE","-","-"
"11/10/2025 06:00 - 11/10/2025 07:00","CTA|SE","-","-"
"11/10/2025 07:00 - 11/10/2025 08:00","CTA|SE","-","-"
"11/10/2025 08:00 - 11/10/2025 09:00","CTA|SE","-","-"
"11/10/2025 09:00 - 11/10/2025 10:00","CTA|SE","-","-"
"11/10/2025 10:00 - 11/10/2025 11:00","CTA|SE","-","-"
"11/10/2025 11:00 - 11/10/2025 12:00","CTA|SE","-","-"
"11/10/2025 12:00 - 11/10/2025 13:00","CTA|SE","-","-"
"11/10/2025 13:00 - 11/10/2025 14:00","CTA|SE","-","-"
"11/10/2025 14:00 - 11/10/2025 15:00","CTA|SE","-","-"
"11/10/2025 15:00 - 11/10/2025 16:00","CTA|SE","-","-"
"11/10/2025 16:00 - 11/10/2025 17:00","CTA|SE","-","-"
"11/10/2025 17:00 - 11/10/2025 18:00","CTA|SE","-","-"
"11/10/2025 18:00 - 11/10/2025 19:00","CTA|SE","-","-"
"11/10/2025 19:00 - 11/10/2025 20:00","CTA|SE","-","-"
"11/10/2025 20:00 - 11/10/2025 21:00","CTA|SE","-","-"
"11/10/2025 21:00 - 11/10/2025 22:00","CTA|SE","-","-"
"11/10/2025 22:00 - 11/10/2025 23:00","CTA|SE","-","-"
"11/10/2025 23:00 - 12/10/2025 00:00","CTA|SE","-","-"
"12/10/2025 00:00 - 12/10/2025 01:00","CTA|SE","-","-"
"12/10/2025 01:00 - 12/10/2025 02:00","CTA|SE","-","-"
"12/10/2025 02:00 - 12/10/2025 03:00","CTA|SE","-","-"
"12/10/2025 03:00 - 12/10/2025 04:00","CTA|SE","-","-"
"12/10/2025 04:00 - 12/10/2025 05:00","CTA|SE","-","-"
"12/10/2025 05:00 - 12/10/2025 06:00","CTA|SE","-","-"
"12/10/2025 06:00 - 12/10/2025 07:00","CTA|SE","-","-"
"12/10/2025 07:00 - 12/10/2025 08:00","CTA|SE","-","-"
"12/10/2025 08:00 - 12/10/2025 09:00","CTA|SE","-","-"
"12/10/2025 09:00 - 12/10/2025 10:00","CTA|SE","-","-"
"12/10/2025 10:00 - 12/10/2025 11:00","CTA|SE","-","-"
"12/10/2025 11:00 - 12/10/2025 12:00","CTA|SE","-","-"
"12/10/2025 12:00 - 12/10/2025 13:00","CTA|SE","-","-"
"12/10/2025 13:00 - 12/10/2025 14:00","CTA|SE","-","-"
"12/10/2025 14:00 - 12/10/2025 15:00","CTA|SE","-","-"
"12/10/2025 15:00 - 12/10/2025 16:00","CTA|SE","-","-"
"12/10/2025 16:00 - 12/10/2025 17:00","CTA|SE","-","-"
"12/10/2025 17:00 - 12/10/2025 18:00","CTA|SE","-","-"
"12/10/2025 18:00 - 12/10/2025 19:00","CTA|SE","-","-"
"12/10/2025 19:00 - 12/10/2025 20:00","CTA|SE","-","-"
"12/10/2025 20:00 - 12/10/2025 21:00","CTA|SE","-","-"
"12/10/2025 21:00 - 12/10/2025 22:00","CTA|SE","-","-"
"12/10/2025 22:00 - 12/10/2025 23:00","CTA|SE","-","-"
"12/10/2025 23:00 - 13/10/2025 00:00","CTA|SE","-","-"
"13/10/2025 00:00 - 13/10/2025 01:00","CTA|SE","-","-"
"13/10/2025 01:00 - 13/10/2025 02:00","CTA|SE","-","-"
"13/10/2025 02:00 - 13/10/2025 03:00","CTA|SE","-","-"
"13/10/2025 03:00 - 13/10/2025 04:00","CTA|SE","-","-"
"13/10/2025 04:00 - 13/10/2025 05:00","CTA|SE","-","-"
"13/10/2025 05:00 - 13/10/2025 06:00","CTA|SE","-","-"
"13/10/2025 06:00 - 13/10/2025 07:00","CTA|SE","-","-"
"13/10/2025 07:00 - 13/10/2025 08:00","CTA|SE","-","-"
"13/10/2025 08:00 - 13/10/2025 09:00","CTA|SE","-","-"
"13/10/2025 09:00 - 13/10/2025 10:00","CTA|SE","-","-"
"13/10/2025 10:00 - 13/10/2025 11:00","CTA|SE","-","-"
"13/10/2025 11:00 - 13/10/2025 12:00","CTA|SE","-","-"
"13/10/2025 12:00 - 13/10/2025 13:00","CTA|SE","-","-"
"13/10/2025 13:00 - 13/10/2025 14:00","CTA|SE","-","-"
"13/10/2025 14:00 - 13/10/2025 15:00","CTA|SE","-","-"
"13/10/2025 15:00 - 13/10/2025 16:00","CTA|SE","-","-"
"13/10/2025 16:00 - 13/10/2025 17:00","CTA|SE","-","-"
"13/10/2025 17:00 - 13/10/2025 18:00","CTA|SE","-","-"
"13/10/2025 18:00 - 13/10/2025 19:00","CTA|SE","-","-"
"13/10/2025 19:00 - 13/10/2025 20:00","CTA|SE","-","-"
"13/10/2025 20:00 - 13/10/2025 21:00","CTA|SE","-","-"
"13/10/2025 21:00 - 13/10/2025 22:00","CTA|SE","-","-"
"13/10/2025 22:00 - 13/10/2025 23:00","CTA|SE","-","-"
"13/10/2025 23:00 - 14/10/2025 00:00","CTA|SE","-","-"
"14/10/2025 00:00 - 14/10/2025 01:00","CTA|SE","-","-"
"14/10/2025 01:00 - 14/10/2025 02:00","CTA|SE","-","-"
"14/10/2025 02:00 - 14/10/2025 03:00","CTA|SE","-","-"
"14/10/2025 03:00 - 14/10/2025 04:00","CTA|SE","-","-"
"14/10/2025 04:00 - 14/10/2025 05:00","CTA|SE","-","-"
"14/10/2025 05:00 - 14/10/2025 06:00","CTA|SE","-","-"
"14/10/2025 06:00 - 14/10/2025 07:00","CTA|SE","-","-"
"14/10/2025 07:00 - 14/10/2025 08:00","CTA|SE","-","-"
"14/10/2025 08:00 - 14/10/2025 09:00","CTA|SE","-","-"
"14/10/2025 09:00 - 14/10/2025 10:00","CTA|SE","-","-"
"14/10/2025 10:00 - 14/10/2025 11:00","CTA|SE","-","-"
"14/10/2025 11:00 - 14/10/2025 12:00","CTA|SE","-","-"
"14/10/2025 12:00 - 14/10/2025 13:00","CTA|SE","-","-"
"14/10/2025 13:00 - 14/10/2025 14:00","CTA|SE","-","-"
"14/10/2025 14:00 - 14/10/2025 15:00","CTA|SE","-","-"
"14/10/2025 15:00 - 14/10/2025 16:00","CTA|SE","-","-"
"14/10/2025 16:00 - 14/10/2025 17:00","CTA|SE","-","-"
"14/10/2025 17:00 - 14/10/2025 18:00","CTA|SE","-","-"
"14/10/2025 18:00 - 14/10/2025 19:00","CTA|SE","-","-"
"14/10/2025 19:00 - 14/10/2025 20:00","CTA|SE","-","-"
"14/10/2025 20:00 - 14/10/2025 21:00","CTA|SE","-","-"
"14/10/2025 21:00 - 14/10/2025 22:00","CTA|SE","-","-"
"14/10/2025 22:00 - 14/10/2025 23:00","CTA|SE","-","-"
"14/10/2025 23:00 - 15/10/2025 00:00","CTA|SE","-","-"
"15/10/2025 00:00 - 15/10/2025 01:00","CTA|SE","-","-"
"15/10/2025 01:00 - 15/10/2025 02:00","CTA|SE","-","-"
"15/10/2025 02:00 - 15/10/2025 03:00","CTA|SE","-","-"
"15/10/2025 03:00 - 15/10/2025 04:00","CTA|SE","-","-"
"15/10/2025 04:00 - 15/10/2025 05:00","CTA|SE","-","-"
"15/10/2025 05:00 - 15/10/2025 06:00","CTA|SE","-","-"
"15/10/2025 06:00 - 15/10/2025 07:00","CTA|SE","-","-"
"15/10/2025 07:00 - 15/10/2025 08:00","CTA|SE","-","-"
"15/10/2025 08:00 - 15/10/2025 09:00","CTA|SE","-","-"
"15/10/2025 09:00 - 15/10/2025 10:00","CTA|SE","-","-"
"15/10/2025 10:00 - 15/10/2025 11:00","CTA|SE","-","-"
"15/10/2025 11:00 - 15/10/2025 12:00","CTA|SE","-","-"
"15/10/2025 12:00 - 15/10/2025 13:00","CTA|SE","-","-"
"15/10/2025 13:00 - 15/10/2025 14:00","CTA|SE","-","-"
"15/10/2025 14:00 - 15/10/2025 15:00","CTA|SE","-","-"
"15/10/2025 15:00 - 15/10/2025 16:00","CTA|SE","-","-"
"15/10/2025 16:00 - 15/10/2025 17:00","CTA|SE","-","-"
"15/10/2025 17:00 - 15/10/2025 18:00","CTA|SE","-","-"
"15/10/2025 18:00 - 15/10/2025 19:00","CTA|SE","-","-"
"15/10/2025 19:00 - 15/10/2025 20:00","CTA|SE","-","-"
"15/10/2025 20:00 - 15/10/2025 21:00","CTA|SE","-","-"
"15/10/2025 21:00 - 15/10/2025 22:00","CTA|SE","-","-"
"15/10/2025 22:00 - 15/10/2025 23:00","CTA|SE","-","-"
"15/10/2025 23:00 - 16/10/2025 00:00","CTA|SE","-","-"
"16/10/2025 00:00 - 16/10/2025 01:00","CTA|SE","-","-"
"16/10/2025 01:00 - 16/10/2025 02:00","CTA|SE","-","-"
"16/10/2025 02:00 - 16/10/2025 03:00","CTA|SE","-","-"
"16/10/2025 03:00 - 16/10/2025 04:00","CTA|SE","-","-"
"16/10/2025 04:00 - 16/10/2025 05:00","CTA|SE","-","-"
"16/10/2025 05:00 - 16/10/2025 06:00","CTA|SE","-","-"
"16/10/2025 06:00 - 16/10/2025 07:00","CTA|SE","-","-"
"16/10/2025 07:00 - 16/10/2025 08:00","CTA|SE","-","-"
"16/10/2025 08:00 - 16/10/2025 09:00","CTA|SE","-","-"
"16/10/2025 09:00 - 16/10/2025 10:00","CTA|SE","-","-"
"16/10/2025 10:00 - 16/10/2025 11:00","CTA|SE","-","-"
"16/10/2025 11:00 - 16/10/2025 12:00","CTA|SE","-","-"
"16/10/2025 12:00 - 16/10/2025 13:00","CTA|SE","-","-"
"16/10/2025 13:00 - 16/10/2025 14:00","CTA|SE","-","-"
"16/10/2025 14:00 - 16/10/2025 15:00","CTA|SE","-","-"
"16/10/2025 15:00 - 16/10/2025 16:00","CTA|SE","-","-"
"16/10/2025 16:00 - 16/10/2025 17:00","CTA|SE","-","-"
"16/10/2025 17:00 - 16/10/2025 18:00","CTA|SE","-","-"
"16/10/2025 18:00 - 16/10/2025 19:00","CTA|SE","-","-"
"16/10/2025 19:00 - 16/10/2025 20:00","CTA|SE","-","-"
"16/10/2025 20:00 - 16/10/2025 21:00","CTA|SE","-","-"
"16/10/2025 21:00 - 16/10/2025 22:00","CTA|SE","-","-"
"16/10/2025 22:00 - 16/10/2025 23:00","CTA|SE","-","-"
"16/10/2025 23:00 - 17/10/2025 00:00","CTA|SE","-","-"
"17/10/2025 00:00 - 17/10/2025 01:00","CTA|SE","-","-"
"17/10/2025 01:00 - 17/10/2025 02:00","CTA|SE","-","-"
"17/10/2025 02:00 - 17/10/2025 03:00","CTA|SE","-","-"
"17/10/2025 03:00 - 17/10/2025 04:00","CTA|SE","-","-"
"17/10/2025 04:00 - 17/10/2025 05:00","CTA|SE","-","-"
"17/10/2025 05:00 - 17/10/2025 06:00","CTA|SE","-","-"
"17/10/2025 06:00 - 17/10/2025 07:00","CTA|SE","-","-"
"17/10/2025 07:00 - 17/10/2025 08:00","CTA|SE","-","-"
"17/10/2025 08:00 - 17/10/2025 09:00","CTA|SE","-","-"
"17/10/2025 09:00 - 17/10/2025 10:00","CTA|SE","-","-"
"17/10/2025 10:00 - 17/10/2025 11:00","CTA|SE","-","-"
"17/10/2025 11:00 - 17/10/2025 12:00","CTA|SE","-","-"
"17/10/2025 12:00 - 17/10/2025 13:00","CTA|SE","-","-"
"17/10/2025 13:00 - 17/10/2025 14:00","CTA|SE","-","-"
"17/10/2025 14:00 - 17/10/2025 15:00","CTA|SE","-","-"
"17/10/2025 15:00 - 17/10/2025 16:00","CTA|SE","-","-"
"17/10/2025 16:00 - 17/10/2025 17:00","CTA|SE","-","-"
"17/10/2025 17:00 - 17/10/2025 18:00","CTA|SE","-","-"
"17/10/2025 18:00 - 17/10/2025 19:00","CTA|SE","-","-"
"17/10/2025 19:00 - 17/10/2025 20:00","CTA|SE","-","-"
"17/10/2025 20:00 - 17/10/2025 21:00","CTA|SE","-","-"
"17/10/2025 21:00 - 17/10/2025 22:00","CTA|SE","-","-"
"17/10/2025 22:00 - 17/10/2025 23:00","CTA|SE","-","-"
"17/10/2025 23:00 - 18/10/2025 00:00","CTA|SE","-","-"
"18/10/2025 00:00 - 18/10/2025 01:00","CTA|SE","-","-"
"18/10/2025 01:00 - 18/10/2025 02:00","CTA|SE","-","-"
"18/10/2025 02:00 - 18/10/2025 03:00","CTA|SE","-","-"
"18/10/2025 03:00 - 18/10/2025 04:00","CTA|SE","-","-"
"18/10/2025 04:00 - 18/10/2025 05:00","CTA|SE","-","-"
"18/10/2025 05:00 - 18/10/2025 06:00","CTA|SE","-","-"
"18/10/2025 06:00 - 18/10/2025 07:00","CTA|SE","-","-"
"18/10/2025 07:00 - 18/10/2025 08:00","CTA|SE","-","-"
"18/10/2025 08:00 - 18/10/2025 09:00","CTA|SE","-","-"
"18/10/2025 09:00 - 18/10/2025 10:00","CTA|SE","-","-"
"18/10/2025 10:00 - 18/10/2025 11:00","CTA|SE","-","-"
"18/10/2025 11:00 - 18/10/2025 12:00","CTA|SE","-","-"
"18/10/2025 12:00 - 18/10/2025 13:00","CTA|SE","-","-"
"18/10/2025 13:00 - 18/10/2025 14:00","CTA|SE","-","-"
"18/10/2025 14:00 - 18/10/2025 15:00","CTA|SE","-","-"
"18/10/2025 15:00 - 18/10/2025 16:00","CTA|SE","-","-"
"18/10/2025 16:00 - 18/10/2025 17:00","CTA|SE","-","-"
"18/10/2025 17:00 - 18/10/2025 18:00","CTA|SE","-","-"
"18/10/2025 18:00 - 18/10/2025 19:00","CTA|SE","-","-"
"18/10/2025 19:00 - 18/10/2025 20:00","CTA|SE","-","-"
"18/10/2025 20:00 - 18/10/2025 21:00","CTA|SE","-","-"
"18/10/2025 21:00 - 18/10/2025 22:00","CTA|SE","-","-"
"18/10/2025 22:00 - 18/10/2025 23:00","CTA|SE","-","-"
"18/10/2025 23:00 - 19/10/2025 00:00","CTA|SE","-","-"
"19/10/2025 00:00 - 19/10/2025 01:00","CTA|SE","-","-"
"19/10/2025 01:00 - 19/10/2025 02:00","CTA|SE","-","-"
"19/10/2025 02:00 - 19/10/2025 03:00","CTA|SE","-","-"
"19/10/2025 03:00 - 19/10/2025 04:00","CTA|SE","-","-"
"19/10/2025 04:00 - 19/10/2025 05:00","CTA|SE","-","-"
"19/10/2025 05:00 - 19/10/2025 06:00","CTA|SE","-","-"
"19/10/2025 06:00 - 19/10/2025 07:00","CTA|SE","-","-"
"19/10/2025 07:00 - 19/10/2025 08:00","CTA|SE","-","-"
"19/10/2025 08:00 - 19/10/2025 09:00","CTA|SE","-","-"
"19/10/2025 09:00 - 19/10/2025 10:00","CTA|SE","-","-"
"19/10/2025 10:00 - 19/10/2025 11:00","CTA|SE","-","-"
"19/10/2025 11:00 - 19/10/2025 12:00","CTA|SE","-","-"
"19/10/2025 12:00 - 19/10/2025 13:00","CTA|SE","-","-"
"19/10/2025 13:00 - 19/10/2025 14:00","CTA|SE","-","-"
"19/10/2025 14:00 - 19/10/2025 15:00","CTA|SE","-","-"
"19/10/2025 15:00 - 19/10/2025 16:00","CTA|SE","-","-"
"19/10/2025 16:00 - 19/10/2025 17:00","CTA|SE","-","-"
"19/10/2025 17:00 - 19/10/2025 18:00","CTA|SE","-","-"
"19/10/2025 18:00 - 19/10/2025 19:00","CTA|SE","-","-"
"19/10/2025 19:00 - 19/10/2025 20:00","CTA|SE","-","-"
"19/10/2025 20:00 - 19/10/2025 21:00","CTA|SE","-","-"
"19/10/2025 21:00 - 19/10/2025 22:00","CTA|SE","-","-"
"19/10/2025 22:00 - 19/10/2025 23:00","CTA|SE","-","-"
"19/10/2025 23:00 - 20/10/2025 00:00","CTA|SE","-","-"
"20/10/2025 00:00 - 20/10/2025 01:00","CTA|SE","-","-"
"20/10/2025 01:00 - 20/10/2025 02:00","CTA|SE","-","-"
"20/10/2025 02:00 - 20/10/2025 03:00","CTA|SE","-","-"
"20/10/2025 03:00 - 20/10/2025 04:00","CTA|SE","-","-"
"20/10/2025 04:00 - 20/10/2025 05:00","CTA|SE","-","-"
"20/10/2025 05:00 - 20/10/2025 06:00","CTA|SE","-","-"
"20/10/2025 06:00 - 20/10/2025 07:00","CTA|SE","-","-"
"20/10/2025 07:00 - 20/10/2025 08:00","CTA|SE","-","-"
"20/10/2025 08:00 - 20/10/2025 09:00","CTA|SE","-","-"
"20/10/2025 09:00 - 20/10/2025 10:00","CTA|SE","-","-"
"20/10/2025 10:00 - 20/10/2025 11:00","CTA|SE","-","-"
"20/10/2025 11:00 - 20/10/2025 12:00","CTA|SE","-","-"
"20/10/2025 12:00 - 20/10/2025 13:00","CTA|SE","-","-"
"20/10/2025 13:00 - 20/10/2025 14:00","CTA|SE","-","-"
"20/10/2025 14:00 - 20/10/2025 15:00","CTA|SE","-","-"
"20/10/2025 15:00 - 20/10/2025 16:00","CTA|SE","-","-"
"20/10/2025 16:00 - 20/10/2025 17:00","CTA|SE","-","-"
"20/10/2025 17:00 - 20/10/2025 18:00","CTA|SE","-","-"
"20/10/2025 18:00 - 20/10/2025 19:00","CTA|SE","-","-"
"20/10/2025 19:00 - 20/10/2025 20:00","CTA|SE","-","-"
"20/10/2025 20:00 - 20/10/2025 21:00","CTA|SE","-","-"
"20/10/2025 21:00 - 20/10/2025 22:00","CTA|SE","-","-"
"20/10/2025 22:00 - 20/10/2025 23:00","CTA|SE","-","-"
"20/10/2025 23:00 - 21/10/2025 00:00","CTA|SE","-","-"
"21/10/2025 00:00 - 21/10/2025 01:00","CTA|SE","-","-"
"21/10/2025 01:00 - 21/10/2025 02:00","CTA|SE","-","-"
"21/10/2025 02:00 - 21/10/2025 03:00","CTA|SE","-","-"
"21/10/2025 03:00 - 21/10/2025 04:00","CTA|SE","-","-"
"21/10/2025 04:00 - 21/10/2025 05:00","CTA|SE","-","-"
"21/10/2025 05:00 - 21/10/2025 06:00","CTA|SE","-","-"
"21/10/2025 06:00 - 21/10/2025 07:00","CTA|SE","-","-"
"21/10/2025 07:00 - 21/10/2025 08:00","CTA|SE","-","-"
"21/10/2025 08:00 - 21/10/2025 09:00","CTA|SE","-","-"
"21/10/2025 09:00 - 21/10/2025 10:00","CTA|SE","-","-"
"21/10/2025 10:00 - 21/10/2025 11:00","CTA|SE","-","-"
"21/10/2025 11:00 - 21/10/2025 12:00","CTA|SE","-","-"
"21/10/2025 12:00 - 21/10/2025 13:00","CTA|SE","-","-"
"21/10/2025 13:00 - 21/10/2025 14:00","CTA|SE","-","-"
"21/10/2025 14:00 - 21/10/2025 15:00","CTA|SE","-","-"
"21/10/2025 15:00 - 21/10/2025 16:00","CTA|SE","-","-"
"21/10/2025 16:00 - 21/10/2025 17:00","CTA|SE","-","-"
"21/10/2025 17:00 - 21/10/2025 18:00","CTA|SE","-","-"
"21/10/2025 18:00 - 21/10/2025 19:00","CTA|SE","-","-"
"21/10/2025 19:00 - 21/10/2025 20:00","CTA|SE","-","-"
"21/10/2025 20:00 - 21/10/2025 21:00","CTA|SE","-","-"
"21/10/2025 21:00 - 21/10/2025 22:00","CTA|SE","-","-"
"21/10/2025 22:00 - 21/10/2025 23:00","CTA|SE","-","-"
"21/10/2025 23:00 - 22/10/2025 00:00","CTA|SE","-","-"
"22/10/2025 00:00 - 22/10/2025 01:00","CTA|SE","-","-"
"22/10/2025 01:00 - 22/10/2025 02:00","CTA|SE","-","-"
"22/10/2025 02:00 - 22/10/2025 03:00","CTA|SE","-","-"
"22/10/2025 03:00 - 22/10/2025 04:00","CTA|SE","-","-"
"22/10/2025 04:00 - 22/10/2025 05:00","CTA|SE","-","-"
"22/10/2025 05:00 - 22/10/2025 06:00","CTA|SE","-","-"
"22/10/2025 06:00 - 22/10/2025 07:00","CTA|SE","-","-"
"22/10/2025 07:00 - 22/10/2025 08:00","CTA|SE","-","-"
"22/10/2025 08:00 - 22/10/2025 09:00","CTA|SE","-","-"
"22/10/2025 09:00 - 22/10/2025 10:00","CTA|SE","-","-"
"22/10/2025 10:00 - 22/10/2025 11:00","CTA|SE","-","-"
"22/10/2025 11:00 - 22/10/2025 12:00","CTA|SE","-","-"
"22/10/2025 12:00 - 22/10/2025 13:00","CTA|SE","-","-"
"22/10/2025 13:00 - 22/10/2025 14:00","CTA|SE","-","-"
"22/10/2025 14:00 - 22/10/2025 15:00","CTA|SE","-","-"
"22/10/2025 15:00 - 22/10/2025 16:00","CTA|SE","-","-"
"22/10/2025 16:00 - 22/10/2025 17:00","CTA|SE","-","-"
"22/10/2025 17:00 - 22/10/2025 18:00","CTA|SE","-","-"
"22/10/2025 18:00 - 22/10/2025 19:00","CTA|SE","-","-"
"22/10/2025 19:00 - 22/10/2025 20:00","CTA|SE","-","-"
"22/10/2025 20:00 - 22/10/2025 21:00","CTA|SE","-","-"
"22/10/2025 21:00 - 22/10/2025 22:00","CTA|SE","-","-"
"22/10/2025 22:00 - 22/10/2025 23:00","CTA|SE","-","-"
"22/10/2025 23:00 - 23/10/2025 00:00","CTA|SE","-","-"
"23/10/2025 00:00 - 23/10/2025 01:00","CTA|SE","-","-"
"23/10/2025 01:00 - 23/10/2025 02:00","CTA|SE","-","-"
"23/10/2025 02:00 - 23/10/2025 03:00","CTA|SE","-","-"
"23/10/2025 03:00 - 23/10/2025 04:00","CTA|SE","-","-"
"23/10/2025 04:00 - 23/10/2025 05:00","CTA|SE","-","-"
"23/10/2025 05:00 - 23/10/2025 06:00","CTA|SE","-","-"
"23/10/2025 06:00 - 23/10/2025 07:00","CTA|SE","-","-"
"23/10/2025 07:00 - 23/10/2025 08:00","CTA|SE","-","-"
"23/10/2025 08:00 - 23/10/2025 09:00","CTA|SE","-","-"
"23/10/2025 09:00 - 23/10/2025 10:00","CTA|SE","-","-"
"23/10/2025 10:00 - 23/10/2025 11:00","CTA|SE","-","-"
"23/10/2025 11:00 - 23/10/2025 12:00","CTA|SE","-","-"
"23/10/2025 12:00 - 23/10/2025 13:00","CTA|SE","-","-"
"23/10/2025 13:00 - 23/10/2025 14:00","CTA|SE","-","-"
"23/10/2025 14:00 - 23/10/2025 15:00","CTA|SE","-","-"
"23/10/2025 15:00 - 23/10/2025 16:00","CTA|SE","-","-"
"23/10/2025 16:00 - 23/10/2025 17:00","CTA|SE","-","-"
"23/10/2025 17:00 - 23/10/2025 18:00","CTA|SE","-","-"
"23/10/2025 18:00 - 23/10/2025 19:00","CTA|SE","-","-"
"23/10/2025 19:00 - 23/10/2025 20:00","CTA|SE","-","-"
"23/10/2025 20:00 - 23/10/2025 21:00","CTA|SE","-","-"
"23/10/2025 21:00 - 23/10/2025 22:00","CTA|SE","-","-"
"23/10/2025 22:00 - 23/10/2025 23:00","CTA|SE","-","-"
"23/10/2025 23:00 - 24/10/2025 00:00","CTA|SE","-","-"
"24/10/2025 00:00 - 24/10/2025 01:00","CTA|SE","-","-"
"24/10/2025 01:00 - 24/10/2025 02:00","CTA|SE","-","-"
"24/10/2025 02:00 - 24/10/2025 03:00","CTA|SE","-","-"
"24/10/2025 03:00 - 24/10/2025 04:00","CTA|SE","-","-"
"24/10/2025 04:00 - 24/10/2025 05:00","CTA|SE","-","-"
"24/10/2025 05:00 - 24/10/2025 06:00","CTA|SE","-","-"
"24/10/2025 06:00 - 24/10/2025 07:00","CTA|SE","-","-"
"24/10/2025 07:00 - 24/10/2025 08:00","CTA|SE","-","-"
"24/10/2025 08:00 - 24/10/2025 09:00","CTA|SE","-","-"
"24/10/2025 09:00 - 24/10/2025 10:00","CTA|SE","-","-"
"24/10/2025 10:00 - 24/10/2025 11:00","CTA|SE","-","-"
"24/10/2025 11:00 - 24/10/2025 12:00","CTA|SE","-","-"
"24/10/2025 12:00 - 24/10/2025 13:00","CTA|SE","-","-"
"24/10/2025 13:00 - 24/10/2025 14:00","CTA|SE","-","-"
"24/10/2025 14:00 - 24/10/2025 15:00","CTA|SE","-","-"
"24/10/2025 15:00 - 24/10/2025 16:00","CTA|SE","-","-"
"24/10/2025 16:00 - 24/10/2025 17:00","CTA|SE","-","-"
"24/10/2025 17:00 - 24/10/2025 18:00","CTA|SE","-","-"
"24/10/2025 18:00 - 24/10/2025 19:00","CTA|SE","-","-"
"24/10/2025 19:00 - 24/10/2025 20:00","CTA|SE","-","-"
"24/10/2025 20:00 - 24/10/2025 21:00","CTA|SE","-","-"
"24/10/2025 21:00 - 24/10/2025 22:00","CTA|SE","-","-"
"24/10/2025 22:00 - 24/10/2025 23:00","CTA|SE","-","-"
"24/10/2025 23:00 - 25/10/2025 00:00","CTA|SE","-","-"
"25/10/2025 00:00 - 25/10/2025 01:00","CTA|SE","-","-"
"25/10/2025 01:00 - 25/10/2025 02:00","CTA|SE","-","-"
"25/10/2025 02:00 - 25/10/2025 03:00","CTA|SE","-","-"
"25/10/2025 03:00 - 25/10/2025 04:00","CTA|SE","-","-"
"25/10/2025 04:00 - 25/10/2025 05:00","CTA|SE","-","-"
"25/10/2025 05:00 - 25/10/2025 06:00","CTA|SE","-","-"
"25/10/2025 06:00 - 25/10/2025 07:00","CTA|SE","-","-"
"25/10/2025 07:00 - 25/10/2025 08:00","CTA|SE","-","-"
"25/10/2025 08:00 - 25/10/2025 09:00","CTA|SE","-","-"
"25/10/2025 09:00 - 25/10/2025 10:00","CTA|SE","-","-"
"25/10/2025 10:00 - 25/10/2025 11:00","CTA|SE","-","-"
"25/10/2025 11:00 - 25/10/2025 12:00","CTA|SE","-","-"
"25/10/2025 12:00 - 25/10/2025 13:00","CTA|SE","-","-"
"25/10/2025 13:00 - 25/10/2025 14:00","CTA|SE","-","-"
"25/10/2025 14:00 - 25/10/2025 15:00","CTA|SE","-","-"
"25/10/2025 15:00 - 25/10/2025 16:00","CTA|SE","-","-"
"25/10/2025 16:00 - 25/10/2025 17:00","CTA|SE","-","-"
"25/10/2025 17:00 - 25/10/2025 18:00","CTA|SE","-","-"
"25/10/2025 18:00 - 25/10/2025 19:00","CTA|SE","-","-"
"25/10/2025 19:00 - 25/10/2025 20:00","CTA|SE","-","-"
"25/10/2025 20:00 - 25/10/2025 21:00","CTA|SE","-","-"
"25/10/2025 21:00 - 25/10/2025 22:00","CTA|SE","-","-"
"25/10/2025 22:00 - 25/10/2025 23:00","CTA|SE","-","-"
"25/10/2025 23:00 - 26/10/2025 00:00","CTA|SE","-","-"
"26/10/2025 00:00 - 26/10/2025 01:00","CTA|SE","-","-"
"26/10/2025 01:00 - 26/10/2025 02:00","CTA|SE","-","-"
"26/10/2025 02:00 - 26/10/2025 03:00","CTA|SE","-","-"
"26/10/2025 03:00 - 26/10/2025 04:00","CTA|SE","-","-"
"26/10/2025 04:00 - 26/10/2025 05:00","CTA|SE","-","-"
"26/10/2025 05:00 - 26/10/2025 06:00","CTA|SE","-","-"
"26/10/2025 06:00 - 26/10/2025 07:00","CTA|SE","-","-"
"26/10/2025 07:00 - 26/10/2025 08:00","CTA|SE","-","-"
"26/10/2025 08:00 - 26/10/2025 09:00","CTA|SE","-","-"
"26/10/2025 09:00 - 26/10/2025 10:00","CTA|SE","-","-"
"26/10/2025 10:00 - 26/10/2025 11:00","CTA|SE","-","-"
"26/10/2025 11:00 - 26/10/2025 12:00","CTA|SE","-","-"
"26/10/2025 12:00 - 26/10/2025 13:00","CTA|SE","-","-"
"26/10/2025 13:00 - 26/10/2025 14:00","CTA|SE","-","-"
"26/10/2025 14:00 - 26/10/2025 15:00","CTA|SE","-","-"
"26/10/2025 15:00 - 26/10/2025 16:00","CTA|SE","-","-"
"26/10/2025 16:00 - 26/10/2025 17:00","CTA|SE","-","-"
"26/10/2025 17:00 - 26/10/2025 18:00","CTA|SE","-","-"
"26/10/2025 18:00 - 26/10/2025 19:00","CTA|SE","-","-"
"26/10/2025 19:00 - 26/10/2025 20:00","CTA|SE","-","-"
"26/10/2025 20:00 - 26/10/2025 21:00","CTA|SE","-","-"
"26/10/2025 21:00 - 26/10/2025 22:00","CTA|SE","-","-"
"26/10/2025 22:00 - 26/10/2025 23:00","CTA|SE","-","-"
"26/10/2025 23:00 - 27/10/2025 00:00","CTA|SE","-","-"
"27/10/2025 00:00 - 27/10/2025 01:00","CTA|SE","-","-"
"27/10/2025 01:00 - 27/10/2025 02:00","CTA|SE","-","-"
"27/10/2025 02:00 - 27/10/2025 03:00","CTA|SE","-","-"
"27/10/2025 03:00 - 27/10/2025 04:00","CTA|SE","-","-"
"27/10/2025 04:00 - 27/10/2025 05:00","CTA|SE","-","-"
"27/10/2025 05:00 - 27/10/2025 06:00","CTA|SE","-","-"
"27/10/2025 06:00 - 27/10/2025 07:00","CTA|SE","-","-"
"27/10/2025 07:00 - 27/10/2025 08:00","CTA|SE","-","-"
"27/10/2025 08:00 - 27/10/2025 09:00","CTA|SE","-","-"
"27/10/2025 09:00 - 27/10/2025 10:00","CTA|SE","-","-"
"27/10/2025 10:00 - 27/10/2025 11:00","CTA|SE","-","-"
"27/10/2025 11:00 - 27/10/2025 12:00","CTA|SE","-","-"
"27/10/2025 12:00 - 27/10/2025 13:00","CTA|SE","-","-"
"27/10/2025 13:00 - 27/10/2025 14:00","CTA|SE","-","-"
"27/10/2025 14:00 - 27/10/2025 15:00","CTA|SE","-","-"
"27/10/2025 15:00 - 27/10/2025 16:00","CTA|SE","-","-"
"27/10/2025 16:00 - 27/10/2025 17:00","CTA|SE","-","-"
"27/10/2025 17:00 - 27/10/2025 18:00","CTA|SE","-","-"
"27/10/2025 18:00 - 27/10/2025 19:00","CTA|SE","-","-"
"27/10/2025 19:00 - 27/10/2025 20:00","CTA|SE","-","-"
"27/10/2025 20:00 - 27/10/2025 21:00","CTA|SE","-","-"
"27/10/2025 21:00 - 27/10/2025 22:00","CTA|SE","-","-"
"27/10/2025 22:00 - 27/10/2025 23:00","CTA|SE","-","-"
"27/10/2025 23:00 - 28/10/2025 00:00","CTA|SE","-","-"
"28/10/2025 00:00 - 28/10/2025 01:00","CTA|SE","-","-"
"28/10/2025 01:00 - 28/10/2025 02:00","CTA|SE","-","-"
"28/10/2025 02:00 - 28/10/2025 03:00","CTA|SE","-","-"
"28/10/2025 03:00 - 28/10/2025 04:00","CTA|SE","-","-"
"28/10/2025 04:00 - 28/10/2025 05:00","CTA|SE","-","-"
"28/10/2025 05:00 - 28/10/2025 06:00","CTA|SE","-","-"
"28/10/2025 06:00 - 28/10/2025 07:00","CTA|SE","-","-"
"28/10/2025 07:00 - 28/10/2025 08:00","CTA|SE","-","-"
"28/10/2025 08:00 - 28/10/2025 09:00","CTA|SE","-","-"
"28/10/2025 09:00 - 28/10/2025 10:00","CTA|SE","-","-"
"28/10/2025 10:00 - 28/10/2025 11:00","CTA|SE","-","-"
"28/10/2025 11:00 - 28/10/2025 12:00","CTA|SE","-","-"
"28/10/2025 12:00 - 28/10/2025 13:00","CTA|SE","-","-"
"28/10/2025 13:00 - 28/10/2025 14:00","CTA|SE","-","-"
"28/10/2025 14:00 - 28/10/2025 15:00","CTA|SE","-","-"
"28/10/2025 15:00 - 28/10/2025 16:00","CTA|SE","-","-"
"28/10/2025 16:00 - 28/10/2025 17:00","CTA|SE","-","-"
"28/10/2025 17:00 - 28/10/2025 18:00","CTA|SE","-","-"
"28/10/2025 18:00 - 28/10/2025 19:00","CTA|SE","-","-"
"28/10/2025 19:00 - 28/10/2025 20:00","CTA|SE","-","-"
"28/10/2025 20:00 - 28/10/2025 21:00","CTA|SE","-","-"
"28/10/2025 21:00 - 28/10/2025 22:00","CTA|SE","-","-"
"28/10/2025 22:00 - 28/10/2025 23:00","CTA|SE","-","-"
"28/10/2025 23:00 - 29/10/2025 00:00","CTA|SE","-","-"
"29/10/2025 00:00 - 29/10/2025 01:00","CTA|SE","-","-"
"29/10/2025 01:00 - 29/10/2025 02:00","CTA|SE","-","-"
"29/10/2025 02:00 - 29/10/2025 03:00","CTA|SE","-","-"
"29/10/2025 03:00 - 29/10/2025 04:00","CTA|SE","-","-"
"29/10/2025 04:00 - 29/10/2025 05:00","CTA|SE","-","-"
"29/10/2025 05:00 - 29/10/2025 06:00","CTA|SE","-","-"
"29/10/2025 06:00 - 29/10/2025 07:00","CTA|SE","-","-"
"29/10/2025 07:00 - 29/10/2025 08:00","CTA|SE","-","-"
"29/10/2025 08:00 - 29/10/2025 09:00","CTA|SE","-","-"
"29/10/2025 09:00 - 29/10/2025 10:00","CTA|SE","-","-"
"29/10/2025 10:00 - 29/10/2025 11:00","CTA|SE","-","-"
"29/10/2025 11:00 - 29/10/2025 12:00","CTA|SE","-","-"
"29/10/2025 12:00 - 29/10/2025 13:00","CTA|SE","-","-"
"29/10/2025 13:00 - 29/10/2025 14:00","CTA|SE","-","-"
"29/10/2025 14:00 - 29/10/2025 15:00","CTA|SE","-","-"
"29/10/2025 15:00 - 29/10/2025 16:00","CTA|SE","-","-"
"29/10/2025 16:00 - 29/10/2025 17:00","CTA|SE","-","-"
"29/10/2025 17:00 - 29/10/2025 18:00","CTA|SE","-","-"
"29/10/2025 18:00 - 29/10/2025 19:00","CTA|SE","-","-"
"29/10/2025 19:00 - 29/10/2025 20:00","CTA|SE","-","-"
"29/10/2025 20:00 - 29/10/2025 21:00","CTA|SE","-","-"
"29/10/2025 21:00 - 29/10/2025 22:00","CTA|SE","-","-"
"29/10/2025 22:00 - 29/10/2025 23:00","CTA|SE","-","-"
"29/10/2025 23:00 - 30/10/2025 00:00","CTA|SE","-","-"
"30/10/2025 00:00 - 30/10/2025 01:00","CTA|SE","-","-"
"30/10/2025 01:00 - 30/10/2025 02:00","CTA|SE","-","-"
"30/10/2025 02:00 - 30/10/2025 03:00","CTA|SE","-","-"
"30/10/2025 03:00 - 30/10/2025 04:00","CTA|SE","-","-"
"30/10/2025 04:00 - 30/10/2025 05:00","CTA|SE","-","-"
"30/10/2025 05:00 - 30/10/2025 06:00","CTA|SE","-","-"
"30/10/2025 06:00 - 30/10/2025 07:00","CTA|SE","-","-"
"30/10/2025 07:00 - 30/10/2025 08:00","CTA|SE","-","-"
"30/10/2025 08:00 - 30/10/2025 09:00","CTA|SE","-","-"
"30/10/2025 09:00 - 30/10/2025 10:00","CTA|SE","-","-"
"30/10/2025 10:00 - 30/10/2025 11:00","CTA|SE","-","-"
"30/10/2025 11:00 - 30/10/2025 12:00","CTA|SE","-","-"
"30/10/2025 12:00 - 30/10/2025 13:00","CTA|SE","-","-"
"30/10/2025 13:00 - 30/10/2025 14:00","CTA|SE","-","-"
"30/10/2025 14:00 - 30/10/2025 15:00","CTA|SE","-","-"
"30/10/2025 15:00 - 30/10/2025 16:00","CTA|SE","-","-"
"30/10/2025 16:00 - 30/10/2025 17:00","CTA|SE","-","-"
"30/10/2025 17:00 - 30/10/2025 18:00","CTA|SE","-","-"
"30/10/2025 18:00 - 30/10/2025 19:00","CTA|SE","-","-"
"30/10/2025 19:00 - 30/10/2025 20:00","CTA|SE","-","-"
"30/10/2025 20:00 - 30/10/2025 21:00","CTA|SE","-","-"
"30/10/2025 21:00 - 30/10/2025 22:00","CTA|SE","-","-"
"30/10/2025 22:00 - 30/10/2025 23:00","CTA|SE","-","-"
"30/10/2025 23:00 - 31/10/2025 00:00","CTA|SE","-","-"
"31/10/2025 00:00 - 31/10/2025 01:00","CTA|SE","-","-"
"31/10/2025 01:00 - 31/10/2025 02:00","CTA|SE","-","-"
"31/10/2025 02:00 - 31/10/2025 03:00","CTA|SE","-","-"
"31/10/2025 03:00 - 31/10/2025 04:00","CTA|SE","-","-"
"31/10/2025 04:00 - 31/10/2025 05:00","CTA|SE","-","-"
"31/10/2025 05:00 - 31/10/2025 06:00","CTA|SE","-","-"
"31/10/2025 06:00 - 31/10/2025 07:00","CTA|SE","-","-"
"31/10/2025 07:00 - 31/10/2025 08:00","CTA|SE","-","-"
"31/10/2025 08:00 - 31/10/2025 09:00","CTA|SE","-","-"
"31/10/2025 09:00 - 31/10/2025 10:00","CTA|SE","-","-"
"31/10/2025 10:00 - 31/10/2025 11:00","CTA|SE","-","-"
"31/10/2025 11:00 - 31/10/2025 12:00","CTA|SE","-","-"
"31/10/2025 12:00 - 31/10/2025 13:00","CTA|SE","-","-"
"31/10/2025 13:00 - 31/10/2025 14:00","CTA|SE","-","-"
"31/10/2025 14:00 - 31/10/2025 15:00","CTA|SE","-","-"
"31/10/2025 15:00 - 31/10/2025 16:00","CTA|SE","-","-"
"31/10/2025 16:00 - 31/10/2025 17:00","CTA|SE","-","-"
"31/10/2025 17:00 - 31/10/2025 18:00","CTA|SE","-","-"
"31/10/2025 18:00 - 31/10/2025 19:00","CTA|SE","-","-"
"31/10/2025 19:00 - 31/10/2025 20:00","CTA|SE","-","-"
"31/10/2025 20:00 - 31/10/2025 21:00","CTA|SE","-","-"
"31/10/2025 21:00 - 31/10/2025 22:00","CTA|SE","-","-"
"31/10/2025 22:00 - 31/10/2025 23:00","CTA|SE","-","-"
"31/10/2025 23:00 - 01/11/2025 00:00","CTA|SE","-","-"
"01/11/2025 00:00 - 01/11/2025 01:00","CTA|SE","-","-"
"01/11/2025 01:00 - 01/11/2025 02:00","CTA|SE","-","-"
"01/11/2025 02:00 - 01/11/2025 03:00","CTA|SE","-","-"
"01/11/2025 03:00 - 01/11/2025 04:00","CTA|SE","-","-"
"01/11/2025 04:00 - 01/11/2025 05:00","CTA|SE","-","-"
"01/11/2025 05:00 - 01/11/2025 06:00","CTA|SE","-","-"
"01/11/2025 06:00 - 01/11/2025 07:00","CTA|SE","-","-"
"01/11/2025 07:00 - 01/11/2025 08:00","CTA|SE","-","-"
"01/11/2025 08:00 - 01/11/2025 09:00","CTA|SE","-","-"
"01/11/2025 09:00 - 01/11/2025 10:00","CTA|SE","-","-"
"01/11/2025 10:00 - 01/11/2025 11:00","CTA|SE","-","-"
"01/11/2025 11:00 - 01/11/2025 12:00","CTA|SE","-","-"
"01/11/2025 12:00 - 01/11/2025 13:00","CTA|SE","-","-"
"01/11/2025 13:00 - 01/11/2025 14:00","CTA|SE","-","-"
"01/11/2025 14:00 - 01/11/2025 15:00","CTA|SE","-","-"
"01/11/2025 15:00 - 01/11/2025 16:00","CTA|SE","-","-"
"01/11/2025 16:00 - 01/11/2025 17:00","CTA|SE","-","-"
"01/11/2025 17:00 - 01/11/2025 18:00","CTA|SE","-","-"
"01/11/2025 18:00 - 01/11/2025 19:00","CTA|SE","-","-"
"01/11/2025 19:00 - 01/11/2025 20:00","CTA|SE","-","-"
"01/11/2025 20:00 - 01/11/2025 21:00","CTA|SE","-","-"
"01/11/2025 21:00 - 01/11/2025 22:00","CTA|SE","-","-"
"01/11/2025 22:00 - 01/11/2025 23:00","CTA|SE","-","-"
"01/11/2025 23:00 - 02/11/2025 00:00","CTA|SE","-","-"
"02/11/2025 00:00 - 02/11/2025 01:00","CTA|SE","-","-"
"02/11/2025 01:00 - 02/11/2025 02:00","CTA|SE","-","-"
"02/11/2025 02:00 - 02/11/2025 03:00","CTA|SE","-","-"
"02/11/2025 03:00 - 02/11/2025 04:00","CTA|SE","-","-"
"02/11/2025 04:00 - 02/11/2025 05:00","CTA|SE","-","-"
"02/11/2025 05:00 - 02/11/2025 06:00","CTA|SE","-","-"
"02/11/2025 06:00 - 02/11/2025 07:00","CTA|SE","-","-"
"02/11/2025 07:00 - 02/11/2025 08:00","CTA|SE","-","-"
"02/11/2025 08:00 - 02/11/2025 09:00","CTA|SE","-","-"
"02/11/2025 09:00 - 02/11/2025 10:00","CTA|SE","-","-"
"02/11/2025 10:00 - 02/11/2025 11:00","CTA|SE","-","-"
"02/11/2025 11:00 - 02/11/2025 12:00","CTA|SE","-","-"
"02/11/2025 12:00 - 02/11/2025 13:00","CTA|SE","-","-"
"02/11/2025 13:00 - 02/11/2025 14:00","CTA|SE","-","-"
"02/11/2025 14:00 - 02/11/2025 15:00","CTA|SE","-","-"
"02/11/2025 15:00 - 02/11/2025 16:00","CTA|SE","-","-"
"02/11/2025 16:00 - 02/11/2025 17:00","CTA|SE","-","-"
"02/11/2025 17:00 - 02/11/2025 18:00","CTA|SE","-","-"
"02/11/2025 18:00 - 02/11/2025 19:00","CTA|SE","-","-"
"02/11/2025 19:00 - 02/11/2025 20:00","CTA|SE","-","-"
"02/11/2025 20:00 - 02/11/2025 21:00","CTA|SE","-","-"
"02/11/2025 21:00 - 02/11/2025 22:00","CTA|SE","-","-"
"02/11/2025 22:00 - 02/11/2025 23:00","CTA|SE","-","-"
"02/11/2025 23:00 - 03/11/2025 00:00","CTA|SE","-","-"
"03/11/2025 00:00 - 03/11/2025 01:00","CTA|SE","-","-"
"03/11/2025 01:00 - 03/11/2025 02:00","CTA|SE","-","-"
"03/11/2025 02:00 - 03/11/2025 03:00","CTA|SE","-","-"
"03/11/2025 03:00 - 03/11/2025 04:00","CTA|SE","-","-"
"03/11/2025 04:00 - 03/11/2025 05:00","CTA|SE","-","-"
"03/11/2025 05:00 - 03/11/2025 06:00","CTA|SE","-","-"
"03/11/2025 06:00 - 03/11/2025 07:00","CTA|SE","-","-"
"03/11/2025 07:00 - 03/11/2025 08:00","CTA|SE","-","-"
"03/11/2025 08:00 - 03/11/2025 09:00","CTA|SE","-","-"
"03/11/2025 09:00 - 03/11/2025 10:00","CTA|SE","-","-"
"03/11/2025 10:00 - 03/11/2025 11:00","CTA|SE","-","-"
"03/11/2025 11:00 - 03/11/2025 12:00","CTA|SE","-","-"
"03/11/2025 12:00 - 03/11/2025 13:00","CTA|SE","-","-"
"03/11/2025 13:00 - 03/11/2025 14:00","CTA|SE","-","-"
"03/11/2025 14:00 - 03/11/2025 15:00","CTA|SE","-","-"
"03/11/2025 15:00 - 03/11/2025 16:00","CTA|SE","-","-"
"03/11/2025 16:00 - 03/11/2025 17:00","CTA|SE","-","-"
"03/11/2025 17:00 - 03/11/2025 18:00","CTA|SE","-","-"
"03/11/2025 18:00 - 03/11/2025 19:00","CTA|SE","-","-"
"03/11/2025 19:00 - 03/11/2025 20:00","CTA|SE","-","-"
"03/11/2025 20:00 - 03/11/2025 21:00","CTA|SE","-","-"
"03/11/2025 21:00 - 03/11/2025 22:00","CTA|SE","-","-"
"03/11/2025 22:00 - 03/11/2025 23:00","CTA|SE","-","-"
"03/11/2025 23:00 - 04/11/2025 00:00","CTA|SE","-","-"
"04/11/2025 00:00 - 04/11/2025 01:00","CTA|SE","-","-"
"04/11/2025 01:00 - 04/11/2025 02:00","CTA|SE","-","-"
"04/11/2025 02:00 - 04/11/2025 03:00","CTA|SE","-","-"
"04/11/2025 03:00 - 04/11/2025 04:00","CTA|SE","-","-"
"04/11/2025 04:00 - 04/11/2025 05:00","CTA|SE","-","-"
"04/11/2025 05:00 - 04/11/2025 06:00","CTA|SE","-","-"
"04/11/2025 06:00 - 04/11/2025 07:00","CTA|SE","-","-"
"04/11/2025 07:00 - 04/11/2025 08:00","CTA|SE","-","-"
"04/11/2025 08:00 - 04/11/2025 09:00","CTA|SE","-","-"
"04/11/2025 09:00 - 04/11/2025 10:00","CTA|SE","-","-"
"04/11/2025 10:00 - 04/11/2025 11:00","CTA|SE","-","-"
"04/11/2025 11:00 - 04/11/2025 12:00","CTA|SE","-","-"
"04/11/2025 12:00 - 04/11/2025 13:00","CTA|SE","-","-"
"04/11/2025 13:00 - 04/11/2025 14:00","CTA|SE","-","-"
"04/11/2025 14:00 - 04/11/2025 15:00","CTA|SE","-","-"
"04/11/2025 15:00 - 04/11/2025 16:00","CTA|SE","-","-"
"04/11/2025 16:00 - 04/11/2025 17:00","CTA|SE","-","-"
"04/11/2025 17:00 - 04/11/2025 18:00","CTA|SE","-","-"
"04/11/2025 18:00 - 04/11/2025 19:00","CTA|SE","-","-"
"04/11/2025 19:00 - 04/11/2025 20:00","CTA|SE","-","-"
"04/11/2025 20:00 - 04/11/2025 21:00","CTA|SE","-","-"
"04/11/2025 21:00 - 04/11/2025 22:00","CTA|SE","-","-"
"04/11/2025 22:00 - 04/11/2025 23:00","CTA|SE","-","-"
"04/11/2025 23:00 - 05/11/2025 00:00","CTA|SE","-","-"
"05/11/2025 00:00 - 05/11/2025 01:00","CTA|SE","-","-"
"05/11/2025 01:00 - 05/11/2025 02:00","CTA|SE","-","-"
"05/11/2025 02:00 - 05/11/2025 03:00","CTA|SE","-","-"
"05/11/2025 03:00 - 05/11/2025 04:00","CTA|SE","-","-"
"05/11/2025 04:00 - 05/11/2025 05:00","CTA|SE","-","-"
"05/11/2025 05:00 - 05/11/2025 06:00","CTA|SE","-","-"
"05/11/2025 06:00 - 05/11/2025 07:00","CTA|SE","-","-"
"05/11/2025 07:00 - 05/11/2025 08:00","CTA|SE","-","-"
"05/11/2025 08:00 - 05/11/2025 09:00","CTA|SE","-","-"
"05/11/2025 09:00 - 05/11/2025 10:00","CTA|SE","-","-"
"05/11/2025 10:00 - 05/11/2025 11:00","CTA|SE","-","-"
"05/11/2025 11:00 - 05/11/2025 12:00","CTA|SE","-","-"
"05/11/2025 12:00 - 05/11/2025 13:00","CTA|SE","-","-"
"05/11/2025 13:00 - 05/11/2025 14:00","CTA|SE","-","-"
"05/11/2025 14:00 - 05/11/2025 15:00","CTA|SE","-","-"
"05/11/2025 15:00 - 05/11/2025 16:00","CTA|SE","-","-"
"05/11/2025 16:00 - 05/11/2025 17:00","CTA|SE","-","-"
"05/11/2025 17:00 - 05/11/2025 18:00","CTA|SE","-","-"
"05/11/2025 18:00 - 05/11/2025 19:00","CTA|SE","-","-"
"05/11/2025 19:00 - 05/11/2025 20:00","CTA|SE","-","-"
"05/11/2025 20:00 - 05/11/2025 21:00","CTA|SE","-","-"
"05/11/2025 21:00 - 05/11/2025 22:00","CTA|SE","-","-"
"05/11/2025 22:00 - 05/11/2025 23:00","CTA|SE","-","-"
"05/11/2025 23:00 - 06/11/2025 00:00","CTA|SE","-","-"
"06/11/2025 00:00 - 06/11/2025 01:00","CTA|SE","-","-"
"06/11/2025 01:00 - 06/11/2025 02:00","CTA|SE","-","-"
"06/11/2025 02:00 - 06/11/2025 03:00","CTA|SE","-","-"
"06/11/2025 03:00 - 06/11/2025 04:00","CTA|SE","-","-"
"06/11/2025 04:00 - 06/11/2025 05:00","CTA|SE","-","-"
"06/11/2025 05:00 - 06/11/2025 06:00","CTA|SE","-","-"
"06/11/2025 06:00 - 06/11/2025 07:00","CTA|SE","-","-"
"06/11/2025 07:00 - 06/11/2025 08:00","CTA|SE","-","-"
"06/11/2025 08:00 - 06/11/2025 09:00","CTA|SE","-","-"
"06/11/2025 09:00 - 06/11/2025 10:00","CTA|SE","-","-"
"06/11/2025 10:00 - 06/11/2025 11:00","CTA|SE","-","-"
"06/11/2025 11:00 - 06/11/2025 12:00","CTA|SE","-","-"
"06/11/2025 12:00 - 06/11/2025 13:00","CTA|SE","-","-"
"06/11/2025 13:00 - 06/11/2025 14:00","CTA|SE","-","-"
"06/11/2025 14:00 - 06/11/2025 15:00","CTA|SE","-","-"
"06/11/2025 15:00 - 06/11/2025 16:00","CTA|SE","-","-"
"06/11/2025 16:00 - 06/11/2025 17:00","CTA|SE","-","-"
"06/11/2025 17:00 - 06/11/2025 18:00","CTA|SE","-","-"
"06/11/2025 18:00 - 06/11/2025 19:00","CTA|SE","-","-"
"06/11/2025 19:00 - 06/11/2025 20:00","CTA|SE","-","-"
"06/11/2025 20:00 - 06/11/2025 21:00","CTA|SE","-","-"
"06/11/2025 21:00 - 06/11/2025 22:00","CTA|SE","-","-"
"06/11/2025 22:00 - 06/11/2025 23:00","CTA|SE","-","-"
"06/11/2025 23:00 - 07/11/2025 00:00","CTA|SE","-","-"
"07/11/2025 00:00 - 07/11/2025 01:00","CTA|SE","-","-"
"07/11/2025 01:00 - 07/11/2025 02:00","CTA|SE","-","-"
"07/11/2025 02:00 - 07/11/2025 03:00","CTA|SE","-","-"
"07/11/2025 03:00 - 07/11/2025 04:00","CTA|SE","-","-"
"07/11/2025 04:00 - 07/11/2025 05:00","CTA|SE","-","-"
"07/11/2025 05:00 - 07/11/2025 06:00","CTA|SE","-","-"
"07/11/2025 06:00 - 07/11/2025 07:00","CTA|SE","-","-"
"07/11/2025 07:00 - 07/11/2025 08:00","CTA|SE","-","-"
"07/11/2025 08:00 - 07/11/2025 09:00","CTA|SE","-","-"
"07/11/2025 09:00 - 07/11/2025 10:00","CTA|SE","-","-"
"07/11/2025 10:00 - 07/11/2025 11:00","CTA|SE","-","-"
"07/11/2025 11:00 - 07/11/2025 12:00","CTA|SE","-","-"
"07/11/2025 12:00 - 07/11/2025 13:00","CTA|SE","-","-"
"07/11/2025 13:00 - 07/11/2025 14:00","CTA|SE","-","-"
"07/11/2025 14:00 - 07/11/2025 15:00","CTA|SE","-","-"
"07/11/2025 15:00 - 07/11/2025 16:00","CTA|SE","-","-"
"07/11/2025 16:00 - 07/11/2025 17:00","CTA|SE","-","-"
"07/11/2025 17:00 - 07/11/2025 18:00","CTA|SE","-","-"
"07/11/2025 18:00 - 07/11/2025 19:00","CTA|SE","-","-"
"07/11/2025 19:00 - 07/11/2025 20:00","CTA|SE","-","-"
"07/11/2025 20:00 - 07/11/2025 21:00","CTA|SE","-","-"
"07/11/2025 21:00 - 07/11/2025 22:00","CTA|SE","-","-"
"07/11/2025 22:00 - 07/11/2025 23:00","CTA|SE","-","-"
"07/11/2025 23:00 - 08/11/2025 00:00","CTA|SE","-","-"
"08/11/2025 00:00 - 08/11/2025 01:00","CTA|SE","-","-"
"08/11/2025 01:00 - 08/11/2025 02:00","CTA|SE","-","-"
"08/11/2025 02:00 - 08/11/2025 03:00","CTA|SE","-","-"
"08/11/2025 03:00 - 08/11/2025 04:00","CTA|SE","-","-"
"08/11/2025 04:00 - 08/11/2025 05:00","CTA|SE","-","-"
"08/11/2025 05:00 - 08/11/2025 06:00","CTA|SE","-","-"
"08/11/2025 06:00 - 08/11/2025 07:00","CTA|SE","-","-"
"08/11/2025 07:00 - 08/11/2025 08:00","CTA|SE","-","-"
"08/11/2025 08:00 - 08/11/2025 09:00","CTA|SE","-","-"
"08/11/2025 09:00 - 08/11/2025 10:00","CTA|SE","-","-"
"08/11/2025 10:00 - 08/11/2025 11:00","CTA|SE","-","-"
"08/11/2025 11:00 - 08/11/2025 12:00","CTA|SE","-","-"
"08/11/2025 12:00 - 08/11/2025 13:00","CTA|SE","-","-"
"08/11/2025 13:00 - 08/11/2025 14:00","CTA|SE","-","-"
"08/11/2025 14:00 - 08/11/2025 15:00","CTA|SE","-","-"
"08/11/2025 15:00 - 08/11/2025 16:00","CTA|SE","-","-"
"08/11/2025 16:00 - 08/11/2025 17:00","CTA|SE","-","-"
"08/11/2025 17:00 - 08/11/2025 18:00","CTA|SE","-","-"
"08/11/2025 18:00 - 08/11/2025 19:00","CTA|SE","-","-"
"08/11/2025 19:00 - 08/11/2025 20:00","CTA|SE","-","-"
"08/11/2025 20:00 - 08/11/2025 21:00","CTA|SE","-","-"
"08/11/2025 21:00 - 08/11/2025 22:00","CTA|SE","-","-"
"08/11/2025 22:00 - 08/11/2025 23:00","CTA|SE","-","-"
"08/11/2025 23:00 - 09/11/2025 00:00","CTA|SE","-","-"
"09/11/2025 00:00 - 09/11/2025 01:00","CTA|SE","-","-"
"09/11/2025 01:00 - 09/11/2025 02:00","CTA|SE","-","-"
"09/11/2025 02:00 - 09/11/2025 03:00","CTA|SE","-","-"
"09/11/2025 03:00 - 09/11/2025 04:00","CTA|SE","-","-"
"09/11/2025 04:00 - 09/11/2025 05:00","CTA|SE","-","-"
"09/11/2025 05:00 - 09/11/2025 06:00","CTA|SE","-","-"
"09/11/2025 06:00 - 09/11/2025 07:00","CTA|SE","-","-"
"09/11/2025 07:00 - 09/11/2025 08:00","CTA|SE","-","-"
"09/11/2025 08:00 - 09/11/2025 09:00","CTA|SE","-","-"
"09/11/2025 09:00 - 09/11/2025 10:00","CTA|SE","-","-"
"09/11/2025 10:00 - 09/11/2025 11:00","CTA|SE","-","-"
"09/11/2025 11:00 - 09/11/2025 12:00","CTA|SE","-","-"
"09/11/2025 12:00 - 09/11/2025 13:00","CTA|SE","-","-"
"09/11/2025 13:00 - 09/11/2025 14:00","CTA|SE","-","-"
"09/11/2025 14:00 - 09/11/2025 15:00","CTA|SE","-","-"
"09/11/2025 15:00 - 09/11/2025 16:00","CTA|SE","-","-"
"09/11/2025 16:00 - 09/11/2025 17:00","CTA|SE","-","-"
"09/11/2025 17:00 - 09/11/2025 18:00","CTA|SE","-","-"
"09/11/2025 18:00 - 09/11/2025 19:00","CTA|SE","-","-"
"09/11/2025 19:00 - 09/11/2025 20:00","CTA|SE","-","-"
"09/11/2025 20:00 - 09/11/2025 21:00","CTA|SE","-","-"
"09/11/2025 21:00 - 09/11/2025 22:00","CTA|SE","-","-"
"09/11/2025 22:00 - 09/11/2025 23:00","CTA|SE","-","-"
"09/11/2025 23:00 - 10/11/2025 00:00","CTA|SE","-","-"
"10/11/2025 00:00 - 10/11/2025 01:00","CTA|SE","-","-"
"10/11/2025 01:00 - 10/11/2025 02:00","CTA|SE","-","-"
"10/11/2025 02:00 - 10/11/2025 03:00","CTA|SE","-","-"
"10/11/2025 03:00 - 10/11/2025 04:00","CTA|SE","-","-"
"10/11/2025 04:00 - 10/11/2025 05:00","CTA|SE","-","-"
"10/11/2025 05:00 - 10/11/2025 06:00","CTA|SE","-","-"
"10/11/2025 06:00 - 10/11/2025 07:00","CTA|SE","-","-"
"10/11/2025 07:00 - 10/11/2025 08:00","CTA|SE","-","-"
"10/11/2025 08:00 - 10/11/2025 09:00","CTA|SE","-","-"
"10/11/2025 09:00 - 10/11/2025 10:00","CTA|SE","-","-"
"10/11/2025 10:00 - 10/11/2025 11:00","CTA|SE","-","-"
"10/11/2025 11:00 - 10/11/2025 12:00","CTA|SE","-","-"
"10/11/2025 12:00 - 10/11/2025 13:00","CTA|SE","-","-"
"10/11/2025 13:00 - 10/11/2025 14:00","CTA|SE","-","-"
"10/11/2025 14:00 - 10/11/2025 15:00","CTA|SE","-","-"
"10/11/2025 15:00 - 10/11/2025 16:00","CTA|SE","-","-"
"10/11/2025 16:00 - 10/11/2025 17:00","CTA|SE","-","-"
"10/11/2025 17:00 - 10/11/2025 18:00","CTA|SE","-","-"
"10/11/2025 18:00 - 10/11/2025 19:00","CTA|SE","-","-"
"10/11/2025 19:00 - 10/11/2025 20:00","CTA|SE","-","-"
"10/11/2025 20:00 - 10/11/2025 21:00","CTA|SE","-","-"
"10/11/2025 21:00 - 10/11/2025 22:00","CTA|SE","-","-"
"10/11/2025 22:00 - 10/11/2025 23:00","CTA|SE","-","-"
"10/11/2025 23:00 - 11/11/2025 00:00","CTA|SE","-","-"
"11/11/2025 00:00 - 11/11/2025 01:00","CTA|SE","-","-"
"11/11/2025 01:00 - 11/11/2025 02:00","CTA|SE","-","-"
"11/11/2025 02:00 - 11/11/2025 03:00","CTA|SE","-","-"
"11/11/2025 03:00 - 11/11/2025 04:00","CTA|SE","-","-"
"11/11/2025 04:00 - 11/11/2025 05:00","CTA|SE","-","-"
"11/11/2025 05:00 - 11/11/2025 06:00","CTA|SE","-","-"
"11/11/2025 06:00 - 11/11/2025 07:00","CTA|SE","-","-"
"11/11/2025 07:00 - 11/11/2025 08:00","CTA|SE","-","-"
"11/11/2025 08:00 - 11/11/2025 09:00","CTA|SE","-","-"
"11/11/2025 09:00 - 11/11/2025 10:00","CTA|SE","-","-"
"11/11/2025 10:00 - 11/11/2025 11:00","CTA|SE","-","-"
"11/11/2025 11:00 - 11/11/2025 12:00","CTA|SE","-","-"
"11/11/2025 12:00 - 11/11/2025 13:00","CTA|SE","-","-"
"11/11/2025 13:00 - 11/11/2025 14:00","CTA|SE","-","-"
"11/11/2025 14:00 - 11/11/2025 15:00","CTA|SE","-","-"
"11/11/2025 15:00 - 11/11/2025 16:00","CTA|SE","-","-"
"11/11/2025 16:00 - 11/11/2025 17:00","CTA|SE","-","-"
"11/11/2025 17:00 - 11/11/2025 18:00","CTA|SE","-","-"
"11/11/2025 18:00 - 11/11/2025 19:00","CTA|SE","-","-"
"11/11/2025 19:00 - 11/11/2025 20:00","CTA|SE","-","-"
"11/11/2025 20:00 - 11/11/2025 21:00","CTA|SE","-","-"
"11/11/2025 21:00 - 11/11/2025 22:00","CTA|SE","-","-"
"11/11/2025 22:00 - 11/11/2025 23:00","CTA|SE","-","-"
"11/11/2025 23:00 - 12/11/2025 00:00","CTA|SE","-","-"
"12/11/2025 00:00 - 12/11/2025 01:00","CTA|SE","-","-"
"12/11/2025 01:00 - 12/11/2025 02:00","CTA|SE","-","-"
"12/11/2025 02:00 - 12/11/2025 03:00","CTA|SE","-","-"
"12/11/2025 03:00 - 12/11/2025 04:00","CTA|SE","-","-"
"12/11/2025 04:00 - 12/11/2025 05:00","CTA|SE","-","-"
"12/11/2025 05:00 - 12/11/2025 06:00","CTA|SE","-","-"
"12/11/2025 06:00 - 12/11/2025 07:00","CTA|SE","-","-"
"12/11/2025 07:00 - 12/11/2025 08:00","CTA|SE","-","-"
"12/11/2025 08:00 - 12/11/2025 09:00","CTA|SE","-","-"
"12/11/2025 09:00 - 12/11/2025 10:00","CTA|SE","-","-"
"12/11/2025 10:00 - 12/11/2025 11:00","CTA|SE","-","-"
"12/11/2025 11:00 - 12/11/2025 12:00","CTA|SE","-","-"
"12/11/2025 12:00 - 12/11/2025 13:00","CTA|SE","-","-"
"12/11/2025 13:00 - 12/11/2025 14:00","CTA|SE","-","-"
"12/11/2025 14:00 - 12/11/2025 15:00","CTA|SE","-","-"
"12/11/2025 15:00 - 12/11/2025 16:00","CTA|SE","-","-"
"12/11/2025 16:00 - 12/11/2025 17:00","CTA|SE","-","-"
"12/11/2025 17:00 - 12/11/2025 18:00","CTA|SE","-","-"
"12/11/2025 18:00 - 12/11/2025 19:00","CTA|SE","-","-"
"12/11/2025 19:00 - 12/11/2025 20:00","CTA|SE","-","-"
"12/11/2025 20:00 - 12/11/2025 21:00","CTA|SE","-","-"
"12/11/2025 21:00 - 12/11/2025 22:00","CTA|SE","-","-"
"12/11/2025 22:00 - 12/11/2025 23:00","CTA|SE","-","-"
"12/11/2025 23:00 - 13/11/2025 00:00","CTA|SE","-","-"
"13/11/2025 00:00 - 13/11/2025 01:00","CTA|SE","-","-"
"13/11/2025 01:00 - 13/11/2025 02:00","CTA|SE","-","-"
"13/11/2025 02:00 - 13/11/2025 03:00","CTA|SE","-","-"
"13/11/2025 03:00 - 13/11/2025 04:00","CTA|SE","-","-"
"13/11/2025 04:00 - 13/11/2025 05:00","CTA|SE","-","-"
"13/11/2025 05:00 - 13/11/2025 06:00","CTA|SE","-","-"
"13/11/2025 06:00 - 13/11/2025 07:00","CTA|SE","-","-"
"13/11/2025 07:00 - 13/11/2025 08:00","CTA|SE","-","-"
"13/11/2025 08:00 - 13/11/2025 09:00","CTA|SE","-","-"
"13/11/2025 09:00 - 13/11/2025 10:00","CTA|SE","-","-"
"13/11/2025 10:00 - 13/11/2025 11:00","CTA|SE","-","-"
"13/11/2025 11:00 - 13/11/2025 12:00","CTA|SE","-","-"
"13/11/2025 12:00 - 13/11/2025 13:00","CTA|SE","-","-"
"13/11/2025 13:00 - 13/11/2025 14:00","CTA|SE","-","-"
"13/11/2025 14:00 - 13/11/2025 15:00","CTA|SE","-","-"
"13/11/2025 15:00 - 13/11/2025 16:00","CTA|SE","-","-"
"13/11/2025 16:00 - 13/11/2025 17:00","CTA|SE","-","-"
"13/11/2025 17:00 - 13/11/2025 18:00","CTA|SE","-","-"
"13/11/2025 18:00 - 13/11/2025 19:00","CTA|SE","-","-"
"13/11/2025 19:00 - 13/11/2025 20:00","CTA|SE","-","-"
"13/11/2025 20:00 - 13/11/2025 21:00","CTA|SE","-","-"
"13/11/2025 21:00 - 13/11/2025 22:00","CTA|SE","-","-"
"13/11/2025 22:00 - 13/11/2025 23:00","CTA|SE","-","-"
"13/11/2025 23:00 - 14/11/2025 00:00","CTA|SE","-","-"
"14/11/2025 00:00 - 14/11/2025 01:00","CTA|SE","-","-"
"14/11/2025 01:00 - 14/11/2025 02:00","CTA|SE","-","-"
"14/11/2025 02:00 - 14/11/2025 03:00","CTA|SE","-","-"
"14/11/2025 03:00 - 14/11/2025 04:00","CTA|SE","-","-"
"14/11/2025 04:00 - 14/11/2025 05:00","CTA|SE","-","-"
"14/11/2025 05:00 - 14/11/2025 06:00","CTA|SE","-","-"
"14/11/2025 06:00 - 14/11/2025 07:00","CTA|SE","-","-"
"14/11/2025 07:00 - 14/11/2025 08:00","CTA|SE","-","-"
"14/11/2025 08:00 - 14/11/2025 09:00","CTA|SE","-","-"
"14/11/2025 09:00 - 14/11/2025 10:00","CTA|SE","-","-"
"14/11/2025 10:00 - 14/11/2025 11:00","CTA|SE","-","-"
"14/11/2025 11:00 - 14/11/2025 12:00","CTA|SE","-","-"
"14/11/2025 12:00 - 14/11/2025 13:00","CTA|SE","-","-"
"14/11/2025 13:00 - 14/11/2025 14:00","CTA|SE","-","-"
"14/11/2025 14:00 - 14/11/2025 15:00","CTA|SE","-","-"
"14/11/2025 15:00 - 14/11/2025 16:00","CTA|SE","-","-"
"14/11/2025 16:00 - 14/11/2025 17:00","CTA|SE","-","-"
"14/11/2025 17:00 - 14/11/2025 18:00","CTA|SE","-","-"
"14/11/2025 18:00 - 14/11/2025 19:00","CTA|SE","-","-"
"14/11/2025 19:00 - 14/11/2025 20:00","CTA|SE","-","-"
"14/11/2025 20:00 - 14/11/2025 21:00","CTA|SE","-","-"
"14/11/2025 21:00 - 14/11/2025 22:00","CTA|SE","-","-"
"14/11/2025 22:00 - 14/11/2025 23:00","CTA|SE","-","-"
"14/11/2025 23:00 - 15/11/2025 00:00","CTA|SE","-","-"
"15/11/2025 00:00 - 15/11/2025 01:00","CTA|SE","-","-"
"15/11/2025 01:00 - 15/11/2025 02:00","CTA|SE","-","-"
"15/11/2025 02:00 - 15/11/2025 03:00","CTA|SE","-","-"
"15/11/2025 03:00 - 15/11/2025 04:00","CTA|SE","-","-"
"15/11/2025 04:00 - 15/11/2025 05:00","CTA|SE","-","-"
"15/11/2025 05:00 - 15/11/2025 06:00","CTA|SE","-","-"
"15/11/2025 06:00 - 15/11/2025 07:00","CTA|SE","-","-"
"15/11/2025 07:00 - 15/11/2025 08:00","CTA|SE","-","-"
"15/11/2025 08:00 - 15/11/2025 09:00","CTA|SE","-","-"
"15/11/2025 09:00 - 15/11/2025 10:00","CTA|SE","-","-"
"15/11/2025 10:00 - 15/11/2025 11:00","CTA|SE","-","-"
"15/11/2025 11:00 - 15/11/2025 12:00","CTA|SE","-","-"
"15/11/2025 12:00 - 15/11/2025 13:00","CTA|SE","-","-"
"15/11/2025 13:00 - 15/11/2025 14:00","CTA|SE","-","-"
"15/11/2025 14:00 - 15/11/2025 15:00","CTA|SE","-","-"
"15/11/2025 15:00 - 15/11/2025 16:00","CTA|SE","-","-"
"15/11/2025 16:00 - 15/11/2025 17:00","CTA|SE","-","-"
"15/11/2025 17:00 - 15/11/2025 18:00","CTA|SE","-","-"
"15/11/2025 18:00 - 15/11/2025 19:00","CTA|SE","-","-"
"15/11/2025 19:00 - 15/11/2025 20:00","CTA|SE","-","-"
"15/11/2025 20:00 - 15/11/2025 21:00","CTA|SE","-","-"
"15/11/2025 21:00 - 15/11/2025 22:00","CTA|SE","-","-"
"15/11/2025 22:00 - 15/11/2025 23:00","CTA|SE","-","-"
"15/11/2025 23:00 - 16/11/2025 00:00","CTA|SE","-","-"
"16/11/2025 00:00 - 16/11/2025 01:00","CTA|SE","-","-"
"16/11/2025 01:00 - 16/11/2025 02:00","CTA|SE","-","-"
"16/11/2025 02:00 - 16/11/2025 03:00","CTA|SE","-","-"
"16/11/2025 03:00 - 16/11/2025 04:00","CTA|SE","-","-"
"16/11/2025 04:00 - 16/11/2025 05:00","CTA|SE","-","-"
"16/11/2025 05:00 - 16/11/2025 06:00","CTA|SE","-","-"
"16/11/2025 06:00 - 16/11/2025 07:00","CTA|SE","-","-"
"16/11/2025 07:00 - 16/11/2025 08:00","CTA|SE","-","-"
"16/11/2025 08:00 - 16/11/2025 09:00","CTA|SE","-","-"
"16/11/2025 09:00 - 16/11/2025 10:00","CTA|SE","-","-"
"16/11/2025 10:00 - 16/11/2025 11:00","CTA|SE","-","-"
"16/11/2025 11:00 - 16/11/2025 12:00","CTA|SE","-","-"
"16/11/2025 12:00 - 16/11/2025 13:00","CTA|SE","-","-"
"16/11/2025 13:00 - 16/11/2025 14:00","CTA|SE","-","-"
"16/11/2025 14:00 - 16/11/2025 15:00","CTA|SE","-","-"
"16/11/2025 15:00 - 16/11/2025 16:00","CTA|SE","-","-"
"16/11/2025 16:00 - 16/11/2025 17:00","CTA|SE","-","-"
"16/11/2025 17:00 - 16/11/2025 18:00","CTA|SE","-","-"
"16/11/2025 18:00 - 16/11/2025 19:00","CTA|SE","-","-"
"16/11/2025 19:00 - 16/11/2025 20:00","CTA|SE","-","-"
"16/11/2025 20:00 - 16/11/2025 21:00","CTA|SE","-","-"
"16/11/2025 21:00 - 16/11/2025 22:00","CTA|SE","-","-"
"16/11/2025 22:00 - 16/11/2025 23:00","CTA|SE","-","-"
"16/11/2025 23:00 - 17/11/2025 00:00","CTA|SE","-","-"
"17/11/2025 00:00 - 17/11/2025 01:00","CTA|SE","-","-"
"17/11/2025 01:00 - 17/11/2025 02:00","CTA|SE","-","-"
"17/11/2025 02:00 - 17/11/2025 03:00","CTA|SE","-","-"
"17/11/2025 03:00 - 17/11/2025 04:00","CTA|SE","-","-"
"17/11/2025 04:00 - 17/11/2025 05:00","CTA|SE","-","-"
"17/11/2025 05:00 - 17/11/2025 06:00","CTA|SE","-","-"
"17/11/2025 06:00 - 17/11/2025 07:00","CTA|SE","-","-"
"17/11/2025 07:00 - 17/11/2025 08:00","CTA|SE","-","-"
"17/11/2025 08:00 - 17/11/2025 09:00","CTA|SE","-","-"
"17/11/2025 09:00 - 17/11/2025 10:00","CTA|SE","-","-"
"17/11/2025 10:00 - 17/11/2025 11:00","CTA|SE","-","-"
"17/11/2025 11:00 - 17/11/2025 12:00","CTA|SE","-","-"
"17/11/2025 12:00 - 17/11/2025 13:00","CTA|SE","-","-"
"17/11/2025 13:00 - 17/11/2025 14:00","CTA|SE","-","-"
"17/11/2025 14:00 - 17/11/2025 15:00","CTA|SE","-","-"
"17/11/2025 15:00 - 17/11/2025 16:00","CTA|SE","-","-"
"17/11/2025 16:00 - 17/11/2025 17:00","CTA|SE","-","-"
"17/11/2025 17:00 - 17/11/2025 18:00","CTA|SE","-","-"
"17/11/2025 18:00 - 17/11/2025 19:00","CTA|SE","-","-"
"17/11/2025 19:00 - 17/11/2025 20:00","CTA|SE","-","-"
"17/11/2025 20:00 - 17/11/2025 21:00","CTA|SE","-","-"
"17/11/2025 21:00 - 17/11/2025 22:00","CTA|SE","-","-"
"17/11/2025 22:00 - 17/11/2025 23:00","CTA|SE","-","-"
"17/11/2025 23:00 - 18/11/2025 00:00","CTA|SE","-","-"
"18/11/2025 00:00 - 18/11/2025 01:00","CTA|SE","-","-"
"18/11/2025 01:00 - 18/11/2025 02:00","CTA|SE","-","-"
"18/11/2025 02:00 - 18/11/2025 03:00","CTA|SE","-","-"
"18/11/2025 03:00 - 18/11/2025 04:00","CTA|SE","-","-"
"18/11/2025 04:00 - 18/11/2025 05:00","CTA|SE","-","-"
"18/11/2025 05:00 - 18/11/2025 06:00","CTA|SE","-","-"
"18/11/2025 06:00 - 18/11/2025 07:00","CTA|SE","-","-"
"18/11/2025 07:00 - 18/11/2025 08:00","CTA|SE","-","-"
"18/11/2025 08:00 - 18/11/2025 09:00","CTA|SE","-","-"
"18/11/2025 09:00 - 18/11/2025 10:00","CTA|SE","-","-"
"18/11/2025 10:00 - 18/11/2025 11:00","CTA|SE","-","-"
"18/11/2025 11:00 - 18/11/2025 12:00","CTA|SE","-","-"
"18/11/2025 12:00 - 18/11/2025 13:00","CTA|SE","-","-"
"18/11/2025 13:00 - 18/11/2025 14:00","CTA|SE","-","-"
"18/11/2025 14:00 - 18/11/2025 15:00","CTA|SE","-","-"
"18/11/2025 15:00 - 18/11/2025 16:00","CTA|SE","-","-"
"18/11/2025 16:00 - 18/11/2025 17:00","CTA|SE","-","-"
"18/11/2025 17:00 - 18/11/2025 18:00","CTA|SE","-","-"
"18/11/2025 18:00 - 18/11/2025 19:00","CTA|SE","-","-"
"18/11/2025 19:00 - 18/11/2025 20:00","CTA|SE","-","-"
"18/11/2025 20:00 - 18/11/2025 21:00","CTA|SE","-","-"
"18/11/2025 21:00 - 18/11/2025 22:00","CTA|SE","-","-"
"18/11/2025 22:00 - 18/11/2025 23:00","CTA|SE","-","-"
"18/11/2025 23:00 - 19/11/2025 00:00","CTA|SE","-","-"
"19/11/2025 00:00 - 19/11/2025 01:00","CTA|SE","-","-"
"19/11/2025 01:00 - 19/11/2025 02:00","CTA|SE","-","-"
"19/11/2025 02:00 - 19/11/2025 03:00","CTA|SE","-","-"
"19/11/2025 03:00 - 19/11/2025 04:00","CTA|SE","-","-"
"19/11/2025 04:00 - 19/11/2025 05:00","CTA|SE","-","-"
"19/11/2025 05:00 - 19/11/2025 06:00","CTA|SE","-","-"
"19/11/2025 06:00 - 19/11/2025 07:00","CTA|SE","-","-"
"19/11/2025 07:00 - 19/11/2025 08:00","CTA|SE","-","-"
"19/11/2025 08:00 - 19/11/2025 09:00","CTA|SE","-","-"
"19/11/2025 09:00 - 19/11/2025 10:00","CTA|SE","-","-"
"19/11/2025 10:00 - 19/11/2025 11:00","CTA|SE","-","-"
"19/11/2025 11:00 - 19/11/2025 12:00","CTA|SE","-","-"
"19/11/2025 12:00 - 19/11/2025 13:00","CTA|SE","-","-"
"19/11/2025 13:00 - 19/11/2025 14:00","CTA|SE","-","-"
"19/11/2025 14:00 - 19/11/2025 15:00","CTA|SE","-","-"
"19/11/2025 15:00 - 19/11/2025 16:00","CTA|SE","-","-"
"19/11/2025 16:00 - 19/11/2025 17:00","CTA|SE","-","-"
"19/11/2025 17:00 - 19/11/2025 18:00","CTA|SE","-","-"
"19/11/2025 18:00 - 19/11/2025 19:00","CTA|SE","-","-"
"19/11/2025 19:00 - 19/11/2025 20:00","CTA|SE","-","-"
"19/11/2025 20:00 - 19/11/2025 21:00","CTA|SE","-","-"
"19/11/2025 21:00 - 19/11/2025 22:00","CTA|SE","-","-"
"19/11/2025 22:00 - 19/11/2025 23:00","CTA|SE","-","-"
"19/11/2025 23:00 - 20/11/2025 00:00","CTA|SE","-","-"
"20/11/2025 00:00 - 20/11/2025 01:00","CTA|SE","-","-"
"20/11/2025 01:00 - 20/11/2025 02:00","CTA|SE","-","-"
"20/11/2025 02:00 - 20/11/2025 03:00","CTA|SE","-","-"
"20/11/2025 03:00 - 20/11/2025 04:00","CTA|SE","-","-"
"20/11/2025 04:00 - 20/11/2025 05:00","CTA|SE","-","-"
"20/11/2025 05:00 - 20/11/2025 06:00","CTA|SE","-","-"
"20/11/2025 06:00 - 20/11/2025 07:00","CTA|SE","-","-"
"20/11/2025 07:00 - 20/11/2025 08:00","CTA|SE","-","-"
"20/11/2025 08:00 - 20/11/2025 09:00","CTA|SE","-","-"
"20/11/2025 09:00 - 20/11/2025 10:00","CTA|SE","-","-"
"20/11/2025 10:00 - 20/11/2025 11:00","CTA|SE","-","-"
"20/11/2025 11:00 - 20/11/2025 12:00","CTA|SE","-","-"
"20/11/2025 12:00 - 20/11/2025 13:00","CTA|SE","-","-"
"20/11/2025 13:00 - 20/11/2025 14:00","CTA|SE","-","-"
"20/11/2025 14:00 - 20/11/2025 15:00","CTA|SE","-","-"
"20/11/2025 15:00 - 20/11/2025 16:00","CTA|SE","-","-"
"20/11/2025 16:00 - 20/11/2025 17:00","CTA|SE","-","-"
"20/11/2025 17:00 - 20/11/2025 18:00","CTA|SE","-","-"
"20/11/2025 18:00 - 20/11/2025 19:00","CTA|SE","-","-"
"20/11/2025 19:00 - 20/11/2025 20:00","CTA|SE","-","-"
"20/11/2025 20:00 - 20/11/2025 21:00","CTA|SE","-","-"
"20/11/2025 21:00 - 20/11/2025 22:00","CTA|SE","-","-"
"20/11/2025 22:00 - 20/11/2025 23:00","CTA|SE","-","-"
"20/11/2025 23:00 - 21/11/2025 00:00","CTA|SE","-","-"
"21/11/2025 00:00 - 21/11/2025 01:00","CTA|SE","-","-"
"21/11/2025 01:00 - 21/11/2025 02:00","CTA|SE","-","-"
"21/11/2025 02:00 - 21/11/2025 03:00","CTA|SE","-","-"
"21/11/2025 03:00 - 21/11/2025 04:00","CTA|SE","-","-"
"21/11/2025 04:00 - 21/11/2025 05:00","CTA|SE","-","-"
"21/11/2025 05:00 - 21/11/2025 06:00","CTA|SE","-","-"
"21/11/2025 06:00 - 21/11/2025 07:00","CTA|SE","-","-"
"21/11/2025 07:00 - 21/11/2025 08:00","CTA|SE","-","-"
"21/11/2025 08:00 - 21/11/2025 09:00","CTA|SE","-","-"
"21/11/2025 09:00 - 21/11/2025 10:00","CTA|SE","-","-"
"21/11/2025 10:00 - 21/11/2025 11:00","CTA|SE","-","-"
"21/11/2025 11:00 - 21/11/2025 12:00","CTA|SE","-","-"
"21/11/2025 12:00 - 21/11/2025 13:00","CTA|SE","-","-"
"21/11/2025 13:00 - 21/11/2025 14:00","CTA|SE","-","-"
"21/11/2025 14:00 - 21/11/2025 15:00","CTA|SE","-","-"
"21/11/2025 15:00 - 21/11/2025 16:00","CTA|SE","-","-"
"21/11/2025 16:00 - 21/11/2025 17:00","CTA|SE","-","-"
"21/11/2025 17:00 - 21/11/2025 18:00","CTA|SE","-","-"
"21/11/2025 18:00 - 21/11/2025 19:00","CTA|SE","-","-"
"21/11/2025 19:00 - 21/11/2025 20:00","CTA|SE","-","-"
"21/11/2025 20:00 - 21/11/2025 21:00","CTA|SE","-","-"
"21/11/2025 21:00 - 21/11/2025 22:00","CTA|SE","-","-"
"21/11/2025 22:00 - 21/11/2025 23:00","CTA|SE","-","-"
"21/11/2025 23:00 - 22/11/2025 00:00","CTA|SE","-","-"
"22/11/2025 00:00 - 22/11/2025 01:00","CTA|SE","-","-"
"22/11/2025 01:00 - 22/11/2025 02:00","CTA|SE","-","-"
"22/11/2025 02:00 - 22/11/2025 03:00","CTA|SE","-","-"
"22/11/2025 03:00 - 22/11/2025 04:00","CTA|SE","-","-"
"22/11/2025 04:00 - 22/11/2025 05:00","CTA|SE","-","-"
"22/11/2025 05:00 - 22/11/2025 06:00","CTA|SE","-","-"
"22/11/2025 06:00 - 22/11/2025 07:00","CTA|SE","-","-"
"22/11/2025 07:00 - 22/11/2025 08:00","CTA|SE","-","-"
"22/11/2025 08:00 - 22/11/2025 09:00","CTA|SE","-","-"
"22/11/2025 09:00 - 22/11/2025 10:00","CTA|SE","-","-"
"22/11/2025 10:00 - 22/11/2025 11:00","CTA|SE","-","-"
"22/11/2025 11:00 - 22/11/2025 12:00","CTA|SE","-","-"
"22/11/2025 12:00 - 22/11/2025 13:00","CTA|SE","-","-"
"22/11/2025 13:00 - 22/11/2025 14:00","CTA|SE","-","-"
"22/11/2025 14:00 - 22/11/2025 15:00","CTA|SE","-","-"
"22/11/2025 15:00 - 22/11/2025 16:00","CTA|SE","-","-"
"22/11/2025 16:00 - 22/11/2025 17:00","CTA|SE","-","-"
"22/11/2025 17:00 - 22/11/2025 18:00","CTA|SE","-","-"
"22/11/2025 18:00 - 22/11/2025 19:00","CTA|SE","-","-"
"22/11/2025 19:00 - 22/11/2025 20:00","CTA|SE","-","-"
"22/11/2025 20:00 - 22/11/2025 21:00","CTA|SE","-","-"
"22/11/2025 21:00 - 22/11/2025 22:00","CTA|SE","-","-"
"22/11/2025 22:00 - 22/11/2025 23:00","CTA|SE","-","-"
"22/11/2025 23:00 - 23/11/2025 00:00","CTA|SE","-","-"
"23/11/2025 00:00 - 23/11/2025 01:00","CTA|SE","-","-"
"23/11/2025 01:00 - 23/11/2025 02:00","CTA|SE","-","-"
"23/11/2025 02:00 - 23/11/2025 03:00","CTA|SE","-","-"
"23/11/2025 03:00 - 23/11/2025 04:00","CTA|SE","-","-"
"23/11/2025 04:00 - 23/11/2025 05:00","CTA|SE","-","-"
"23/11/2025 05:00 - 23/11/2025 06:00","CTA|SE","-","-"
"23/11/2025 06:00 - 23/11/2025 07:00","CTA|SE","-","-"
"23/11/2025 07:00 - 23/11/2025 08:00","CTA|SE","-","-"
"23/11/2025 08:00 - 23/11/2025 09:00","CTA|SE","-","-"
"23/11/2025 09:00 - 23/11/2025 10:00","CTA|SE","-","-"
"23/11/2025 10:00 - 23/11/2025 11:00","CTA|SE","-","-"
"23/11/2025 11:00 - 23/11/2025 12:00","CTA|SE","-","-"
"23/11/2025 12:00 - 23/11/2025 13:00","CTA|SE","-","-"
"23/11/2025 13:00 - 23/11/2025 14:00","CTA|SE","-","-"
"23/11/2025 14:00 - 23/11/2025 15:00","CTA|SE","-","-"
"23/11/2025 15:00 - 23/11/2025 16:00","CTA|SE","-","-"
"23/11/2025 16:00 - 23/11/2025 17:00","CTA|SE","-","-"
"23/11/2025 17:00 - 23/11/2025 18:00","CTA|SE","-","-"
"23/11/2025 18:00 - 23/11/2025 19:00","CTA|SE","-","-"
"23/11/2025 19:00 - 23/11/2025 20:00","CTA|SE","-","-"
"23/11/2025 20:00 - 23/11/2025 21:00","CTA|SE","-","-"
"23/11/2025 21:00 - 23/11/2025 22:00","CTA|SE","-","-"
"23/11/2025 22:00 - 23/11/2025 23:00","CTA|SE","-","-"
"23/11/2025 23:00 - 24/11/2025 00:00","CTA|SE","-","-"
"24/11/2025 00:00 - 24/11/2025 01:00","CTA|SE","-","-"
"24/11/2025 01:00 - 24/11/2025 02:00","CTA|SE","-","-"
"24/11/2025 02:00 - 24/11/2025 03:00","CTA|SE","-","-"
"24/11/2025 03:00 - 24/11/2025 04:00","CTA|SE","-","-"
"24/11/2025 04:00 - 24/11/2025 05:00","CTA|SE","-","-"
"24/11/2025 05:00 - 24/11/2025 06:00","CTA|SE","-","-"
"24/11/2025 06:00 - 24/11/2025 07:00","CTA|SE","-","-"
"24/11/2025 07:00 - 24/11/2025 08:00","CTA|SE","-","-"
"24/11/2025 08:00 - 24/11/2025 09:00","CTA|SE","-","-"
"24/11/2025 09:00 - 24/11/2025 10:00","CTA|SE","-","-"
"24/11/2025 10:00 - 24/11/2025 11:00","CTA|SE","-","-"
"24/11/2025 11:00 - 24/11/2025 12:00","CTA|SE","-","-"
"24/11/2025 12:00 - 24/11/2025 13:00","CTA|SE","-","-"
"24/11/2025 13:00 - 24/11/2025 14:00","CTA|SE","-","-"
"24/11/2025 14:00 - 24/11/2025 15:00","CTA|SE","-","-"
"24/11/2025 15:00 - 24/11/2025 16:00","CTA|SE","-","-"
"24/11/2025 16:00 - 24/11/2025 17:00","CTA|SE","-","-"
"24/11/2025 17:00 - 24/11/2025 18:00","CTA|SE","-","-"
"24/11/2025 18:00 - 24/11/2025 19:00","CTA|SE","-","-"
"24/11/2025 19:00 - 24/11/2025 20:00","CTA|SE","-","-"
"24/11/2025 20:00 - 24/11/2025 21:00","CTA|SE","-","-"
"24/11/2025 21:00 - 24/11/2025 22:00","CTA|SE","-","-"
"24/11/2025 22:00 - 24/11/2025 23:00","CTA|SE","-","-"
"24/11/2025 23:00 - 25/11/2025 00:00","CTA|SE","-","-"
"25/11/2025 00:00 - 25/11/2025 01:00","CTA|SE","-","-"
"25/11/2025 01:00 - 25/11/2025 02:00","CTA|SE","-","-"
"25/11/2025 02:00 - 25/11/2025 03:00","CTA|SE","-","-"
"25/11/2025 03:00 - 25/11/2025 04:00","CTA|SE","-","-"
"25/11/2025 04:00 - 25/11/2025 05:00","CTA|SE","-","-"
"25/11/2025 05:00 - 25/11/2025 06:00","CTA|SE","-","-"
"25/11/2025 06:00 - 25/11/2025 07:00","CTA|SE","-","-"
"25/11/2025 07:00 - 25/11/2025 08:00","CTA|SE","-","-"
"25/11/2025 08:00 - 25/11/2025 09:00","CTA|SE","-","-"
"25/11/2025 09:00 - 25/11/2025 10:00","CTA|SE","-","-"
"25/11/2025 10:00 - 25/11/2025 11:00","CTA|SE","-","-"
"25/11/2025 11:00 - 25/11/2025 12:00","CTA|SE","-","-"
"25/11/2025 12:00 - 25/11/2025 13:00","CTA|SE","-","-"
"25/11/2025 13:00 - 25/11/2025 14:00","CTA|SE","-","-"
"25/11/2025 14:00 - 25/11/2025 15:00","CTA|SE","-","-"
"25/11/2025 15:00 - 25/11/2025 16:00","CTA|SE","-","-"
"25/11/2025 16:00 - 25/11/2025 17:00","CTA|SE","-","-"
"25/11/2025 17:00 - 25/11/2025 18:00","CTA|SE","-","-"
"25/11/2025 18:00 - 25/11/2025 19:00","CTA|SE","-","-"
"25/11/2025 19:00 - 25/11/2025 20:00","CTA|SE","-","-"
"25/11/2025 20:00 - 25/11/2025 21:00","CTA|SE","-","-"
"25/11/2025 21:00 - 25/11/2025 22:00","CTA|SE","-","-"
"25/11/2025 22:00 - 25/11/2025 23:00","CTA|SE","-","-"
"25/11/2025 23:00 - 26/11/2025 00:00","CTA|SE","-","-"
"26/11/2025 00:00 - 26/11/2025 01:00","CTA|SE","-","-"
"26/11/2025 01:00 - 26/11/2025 02:00","CTA|SE","-","-"
"26/11/2025 02:00 - 26/11/2025 03:00","CTA|SE","-","-"
"26/11/2025 03:00 - 26/11/2025 04:00","CTA|SE","-","-"
"26/11/2025 04:00 - 26/11/2025 05:00","CTA|SE","-","-"
"26/11/2025 05:00 - 26/11/2025 06:00","CTA|SE","-","-"
"26/11/2025 06:00 - 26/11/2025 07:00","CTA|SE","-","-"
"26/11/2025 07:00 - 26/11/2025 08:00","CTA|SE","-","-"
"26/11/2025 08:00 - 26/11/2025 09:00","CTA|SE","-","-"
"26/11/2025 09:00 - 26/11/2025 10:00","CTA|SE","-","-"
"26/11/2025 10:00 - 26/11/2025 11:00","CTA|SE","-","-"
"26/11/2025 11:00 - 26/11/2025 12:00","CTA|SE","-","-"
"26/11/2025 12:00 - 26/11/2025 13:00","CTA|SE","-","-"
"26/11/2025 13:00 - 26/11/2025 14:00","CTA|SE","-","-"
"26/11/2025 14:00 - 26/11/2025 15:00","CTA|SE","-","-"
"26/11/2025 15:00 - 26/11/2025 16:00","CTA|SE","-","-"
"26/11/2025 16:00 - 26/11/2025 17:00","CTA|SE","-","-"
"26/11/2025 17:00 - 26/11/2025 18:00","CTA|SE","-","-"
"26/11/2025 18:00 - 26/11/2025 19:00","CTA|SE","-","-"
"26/11/2025 19:00 - 26/11/2025 20:00","CTA|SE","-","-"
"26/11/2025 20:00 - 26/11/2025 21:00","CTA|SE","-","-"
"26/11/2025 21:00 - 26/11/2025 22:00","CTA|SE","-","-"
"26/11/2025 22:00 - 26/11/2025 23:00","CTA|SE","-","-"
"26/11/2025 23:00 - 27/11/2025 00:00","CTA|SE","-","-"
"27/11/2025 00:00 - 27/11/2025 01:00","CTA|SE","-","-"
"27/11/2025 01:00 - 27/11/2025 02:00","CTA|SE","-","-"
"27/11/2025 02:00 - 27/11/2025 03:00","CTA|SE","-","-"
"27/11/2025 03:00 - 27/11/2025 04:00","CTA|SE","-","-"
"27/11/2025 04:00 - 27/11/2025 05:00","CTA|SE","-","-"
"27/11/2025 05:00 - 27/11/2025 06:00","CTA|SE","-","-"
"27/11/2025 06:00 - 27/11/2025 07:00","CTA|SE","-","-"
"27/11/2025 07:00 - 27/11/2025 08:00","CTA|SE","-","-"
"27/11/2025 08:00 - 27/11/2025 09:00","CTA|SE","-","-"
"27/11/2025 09:00 - 27/11/2025 10:00","CTA|SE","-","-"
"27/11/2025 10:00 - 27/11/2025 11:00","CTA|SE","-","-"
"27/11/2025 11:00 - 27/11/2025 12:00","CTA|SE","-","-"
"27/11/2025 12:00 - 27/11/2025 13:00","CTA|SE","-","-"
"27/11/2025 13:00 - 27/11/2025 14:00","CTA|SE","-","-"
"27/11/2025 14:00 - 27/11/2025 15:00","CTA|SE","-","-"
"27/11/2025 15:00 - 27/11/2025 16:00","CTA|SE","-","-"
"27/11/2025 16:00 - 27/11/2025 17:00","CTA|SE","-","-"
"27/11/2025 17:00 - 27/11/2025 18:00","CTA|SE","-","-"
"27/11/2025 18:00 - 27/11/2025 19:00","CTA|SE","-","-"
"27/11/2025 19:00 - 27/11/2025 20:00","CTA|SE","-","-"
"27/11/2025 20:00 - 27/11/2025 21:00","CTA|SE","-","-"
"27/11/2025 21:00 - 27/11/2025 22:00","CTA|SE","-","-"
"27/11/2025 22:00 - 27/11/2025 23:00","CTA|SE","-","-"
"27/11/2025 23:00 - 28/11/2025 00:00","CTA|SE","-","-"
"28/11/2025 00:00 - 28/11/2025 01:00","CTA|SE","-","-"
"28/11/2025 01:00 - 28/11/2025 02:00","CTA|SE","-","-"
"28/11/2025 02:00 - 28/11/2025 03:00","CTA|SE","-","-"
"28/11/2025 03:00 - 28/11/2025 04:00","CTA|SE","-","-"
"28/11/2025 04:00 - 28/11/2025 05:00","CTA|SE","-","-"
"28/11/2025 05:00 - 28/11/2025 06:00","CTA|SE","-","-"
"28/11/2025 06:00 - 28/11/2025 07:00","CTA|SE","-","-"
"28/11/2025 07:00 - 28/11/2025 08:00","CTA|SE","-","-"
"28/11/2025 08:00 - 28/11/2025 09:00","CTA|SE","-","-"
"28/11/2025 09:00 - 28/11/2025 10:00","CTA|SE","-","-"
"28/11/2025 10:00 - 28/11/2025 11:00","CTA|SE","-","-"
"28/11/2025 11:00 - 28/11/2025 12:00","CTA|SE","-","-"
"28/11/2025 12:00 - 28/11/2025 13:00","CTA|SE","-","-"
"28/11/2025 13:00 - 28/11/2025 14:00","CTA|SE","-","-"
"28/11/2025 14:00 - 28/11/2025 15:00","CTA|SE","-","-"
"28/11/2025 15:00 - 28/11/2025 16:00","CTA|SE","-","-"
"28/11/2025 16:00 - 28/11/2025 17:00","CTA|SE","-","-"
"28/11/2025 17:00 - 28/11/2025 18:00","CTA|SE","-","-"
"28/11/2025 18:00 - 28/11/2025 19:00","CTA|SE","-","-"
"28/11/2025 19:00 - 28/11/2025 20:00","CTA|SE","-","-"
"28/11/2025 20:00 - 28/11/2025 21:00","CTA|SE","-","-"
"28/11/2025 21:00 - 28/11/2025 22:00","CTA|SE","-","-"
"28/11/2025 22:00 - 28/11/2025 23:00","CTA|SE","-","-"
"28/11/2025 23:00 - 29/11/2025 00:00","CTA|SE","-","-"
"29/11/2025 00:00 - 29/11/2025 01:00","CTA|SE","-","-"
"29/11/2025 01:00 - 29/11/2025 02:00","CTA|SE","-","-"
"29/11/2025 02:00 - 29/11/2025 03:00","CTA|SE","-","-"
"29/11/2025 03:00 - 29/11/2025 04:00","CTA|SE","-","-"
"29/11/2025 04:00 - 29/11/2025 05:00","CTA|SE","-","-"
"29/11/2025 05:00 - 29/11/2025 06:00","CTA|SE","-","-"
"29/11/2025 06:00 - 29/11/2025 07:00","CTA|SE","-","-"
"29/11/2025 07:00 - 29/11/2025 08:00","CTA|SE","-","-"
"29/11/2025 08:00 - 29/11/2025 09:00","CTA|SE","-","-"
"29/11/2025 09:00 - 29/11/2025 10:00","CTA|SE","-","-"
"29/11/2025 10:00 - 29/11/2025 11:00","CTA|SE","-","-"
"29/11/2025 11:00 - 29/11/2025 12:00","CTA|SE","-","-"
"29/11/2025 12:00 - 29/11/2025 13:00","CTA|SE","-","-"
"29/11/2025 13:00 - 29/11/2025 14:00","CTA|SE","-","-"
"29/11/2025 14:00 - 29/11/2025 15:00","CTA|SE","-","-"
"29/11/2025 15:00 - 29/11/2025 16:00","CTA|SE","-","-"
"29/11/2025 16:00 - 29/11/2025 17:00","CTA|SE","-","-"
"29/11/2025 17:00 - 29/11/2025 18:00","CTA|SE","-","-"
"29/11/2025 18:00 - 29/11/2025 19:00","CTA|SE","-","-"
"29/11/2025 19:00 - 29/11/2025 20:00","CTA|SE","-","-"
"29/11/2025 20:00 - 29/11/2025 21:00","CTA|SE","-","-"
"29/11/2025 21:00 - 29/11/2025 22:00","CTA|SE","-","-"
"29/11/2025 22:00 - 29/11/2025 23:00","CTA|SE","-","-"
"29/11/2025 23:00 - 30/11/2025 00:00","CTA|SE","-","-"
"30/11/2025 00:00 - 30/11/2025 01:00","CTA|SE","-","-"
"30/11/2025 01:00 - 30/11/2025 02:00","CTA|SE","-","-"
"30/11/2025 02:00 - 30/11/2025 03:00","CTA|SE","-","-"
"30/11/2025 03:00 - 30/11/2025 04:00","CTA|SE","-","-"
"30/11/2025 04:00 - 30/11/2025 05:00","CTA|SE","-","-"
"30/11/2025 05:00 - 30/11/2025 06:00","CTA|SE","-","-"
"30/11/2025 06:00 - 30/11/2025 07:00","CTA|SE","-","-"
"30/11/2025 07:00 - 30/11/2025 08:00","CTA|SE","-","-"
"30/11/2025 08:00 - 30/11/2025 09:00","CTA|SE","-","-"
"30/11/2025 09:00 - 30/11/2025 10:00","CTA|SE","-","-"
"30/11/2025 10:00 - 30/11/2025 11:00","CTA|SE","-","-"
"30/11/2025 11:00 - 30/11/2025 12:00","CTA|SE","-","-"
"30/11/2025 12:00 - 30/11/2025 13:00","CTA|SE","-","-"
"30/11/2025 13:00 - 30/11/2025 14:00","CTA|SE","-","-"
"30/11/2025 14:00 - 30/11/2025 15:00","CTA|SE","-","-"
"30/11/2025 15:00 - 30/11/2025 16:00","CTA|SE","-","-"
"30/11/2025 16:00 - 30/11/2025 17:00","CTA|SE","-","-"
"30/11/2025 17:00 - 30/11/2025 18:00","CTA|SE","-","-"
"30/11/2025 18:00 - 30/11/2025 19:00","CTA|SE","-","-"
"30/11/2025 19:00 - 30/11/2025 20:00","CTA|SE","-","-"
"30/11/2025 20:00 - 30/11/2025 21:00","CTA|SE","-","-"
"30/11/2025 21:00 - 30/11/2025 22:00","CTA|SE","-","-"
"30/11/2025 22:00 - 30/11/2025 23:00","CTA|SE","-","-"
"30/11/2025 23:00 - 01/12/2025 00:00","CTA|SE","-","-"
"01/12/2025 00:00 - 01/12/2025 01:00","CTA|SE","-","-"
"01/12/2025 01:00 - 01/12/2025 02:00","CTA|SE","-","-"
"01/12/2025 02:00 - 01/12/2025 03:00","CTA|SE","-","-"
"01/12/2025 03:00 - 01/12/2025 04:00","CTA|SE","-","-"
"01/12/2025 04:00 - 01/12/2025 05:00","CTA|SE","-","-"
"01/12/2025 05:00 - 01/12/2025 06:00","CTA|SE","-","-"
"01/12/2025 06:00 - 01/12/2025 07:00","CTA|SE","-","-"
"01/12/2025 07:00 - 01/12/2025 08:00","CTA|SE","-","-"
"01/12/2025 08:00 - 01/12/2025 09:00","CTA|SE","-","-"
"01/12/2025 09:00 - 01/12/2025 10:00","CTA|SE","-","-"
"01/12/2025 10:00 - 01/12/2025 11:00","CTA|SE","-","-"
"01/12/2025 11:00 - 01/12/2025 12:00","CTA|SE","-","-"
"01/12/2025 12:00 - 01/12/2025 13:00","CTA|SE","-","-"
"01/12/2025 13:00 - 01/12/2025 14:00","CTA|SE","-","-"
"01/12/2025 14:00 - 01/12/2025 15:00","CTA|SE","-","-"
"01/12/2025 15:00 - 01/12/2025 16:00","CTA|SE","-","-"
"01/12/2025 16:00 - 01/12/2025 17:00","CTA|SE","-","-"
"01/12/2025 17:00 - 01/12/2025 18:00","CTA|SE","-","-"
"01/12/2025 18:00 - 01/12/2025 19:00","CTA|SE","-","-"
"01/12/2025 19:00 - 01/12/2025 20:00","CTA|SE","-","-"
"01/12/2025 20:00 - 01/12/2025 21:00","CTA|SE","-","-"
"01/12/2025 21:00 - 01/12/2025 22:00","CTA|SE","-","-"
"01/12/2025 22:00 - 01/12/2025 23:00","CTA|SE","-","-"
"01/12/2025 23:00 - 02/12/2025 00:00","CTA|SE","-","-"
"02/12/2025 00:00 - 02/12/2025 01:00","CTA|SE","-","-"
"02/12/2025 01:00 - 02/12/2025 02:00","CTA|SE","-","-"
"02/12/2025 02:00 - 02/12/2025 03:00","CTA|SE","-","-"
"02/12/2025 03:00 - 02/12/2025 04:00","CTA|SE","-","-"
"02/12/2025 04:00 - 02/12/2025 05:00","CTA|SE","-","-"
"02/12/2025 05:00 - 02/12/2025 06:00","CTA|SE","-","-"
"02/12/2025 06:00 - 02/12/2025 07:00","CTA|SE","-","-"
"02/12/2025 07:00 - 02/12/2025 08:00","CTA|SE","-","-"
"02/12/2025 08:00 - 02/12/2025 09:00","CTA|SE","-","-"
"02/12/2025 09:00 - 02/12/2025 10:00","CTA|SE","-","-"
"02/12/2025 10:00 - 02/12/2025 11:00","CTA|SE","-","-"
"02/12/2025 11:00 - 02/12/2025 12:00","CTA|SE","-","-"
"02/12/2025 12:00 - 02/12/2025 13:00","CTA|SE","-","-"
"02/12/2025 13:00 - 02/12/2025 14:00","CTA|SE","-","-"
"02/12/2025 14:00 - 02/12/2025 15:00","CTA|SE","-","-"
"02/12/2025 15:00 - 02/12/2025 16:00","CTA|SE","-","-"
"02/12/2025 16:00 - 02/12/2025 17:00","CTA|SE","-","-"
"02/12/2025 17:00 - 02/12/2025 18:00","CTA|SE","-","-"
"02/12/2025 18:00 - 02/12/2025 19:00","CTA|SE","-","-"
"02/12/2025 19:00 - 02/12/2025 20:00","CTA|SE","-","-"
"02/12/2025 20:00 - 02/12/2025 21:00","CTA|SE","-","-"
"02/12/2025 21:00 - 02/12/2025 22:00","CTA|SE","-","-"
"02/12/2025 22:00 - 02/12/2025 23:00","CTA|SE","-","-"
"02/12/2025 23:00 - 03/12/2025 00:00","CTA|SE","-","-"
"03/12/2025 00:00 - 03/12/2025 01:00","CTA|SE","-","-"
"03/12/2025 01:00 - 03/12/2025 02:00","CTA|SE","-","-"
"03/12/2025 02:00 - 03/12/2025 03:00","CTA|SE","-","-"
"03/12/2025 03:00 - 03/12/2025 04:00","CTA|SE","-","-"
"03/12/2025 04:00 - 03/12/2025 05:00","CTA|SE","-","-"
"03/12/2025 05:00 - 03/12/2025 06:00","CTA|SE","-","-"
"03/12/2025 06:00 - 03/12/2025 07:00","CTA|SE","-","-"
"03/12/2025 07:00 - 03/12/2025 08:00","CTA|SE","-","-"
"03/12/2025 08:00 - 03/12/2025 09:00","CTA|SE","-","-"
"03/12/2025 09:00 - 03/12/2025 10:00","CTA|SE","-","-"
"03/12/2025 10:00 - 03/12/2025 11:00","CTA|SE","-","-"
"03/12/2025 11:00 - 03/12/2025 12:00","CTA|SE","-","-"
"03/12/2025 12:00 - 03/12/2025 13:00","CTA|SE","-","-"
"03/12/2025 13:00 - 03/12/2025 14:00","CTA|SE","-","-"
"03/12/2025 14:00 - 03/12/2025 15:00","CTA|SE","-","-"
"03/12/2025 15:00 - 03/12/2025 16:00","CTA|SE","-","-"
"03/12/2025 16:00 - 03/12/2025 17:00","CTA|SE","-","-"
"03/12/2025 17:00 - 03/12/2025 18:00","CTA|SE","-","-"
"03/12/2025 18:00 - 03/12/2025 19:00","CTA|SE","-","-"
"03/12/2025 19:00 - 03/12/2025 20:00","CTA|SE","-","-"
"03/12/2025 20:00 - 03/12/2025 21:00","CTA|SE","-","-"
"03/12/2025 21:00 - 03/12/2025 22:00","CTA|SE","-","-"
"03/12/2025 22:00 - 03/12/2025 23:00","CTA|SE","-","-"
"03/12/2025 23:00 - 04/12/2025 00:00","CTA|SE","-","-"
"04/12/2025 00:00 - 04/12/2025 01:00","CTA|SE","-","-"
"04/12/2025 01:00 - 04/12/2025 02:00","CTA|SE","-","-"
"04/12/2025 02:00 - 04/12/2025 03:00","CTA|SE","-","-"
"04/12/2025 03:00 - 04/12/2025 04:00","CTA|SE","-","-"
"04/12/2025 04:00 - 04/12/2025 05:00","CTA|SE","-","-"
"04/12/2025 05:00 - 04/12/2025 06:00","CTA|SE","-","-"
"04/12/2025 06:00 - 04/12/2025 07:00","CTA|SE","-","-"
"04/12/2025 07:00 - 04/12/2025 08:00","CTA|SE","-","-"
"04/12/2025 08:00 - 04/12/2025 09:00","CTA|SE","-","-"
"04/12/2025 09:00 - 04/12/2025 10:00","CTA|SE","-","-"
"04/12/2025 10:00 - 04/12/2025 11:00","CTA|SE","-","-"
"04/12/2025 11:00 - 04/12/2025 12:00","CTA|SE","-","-"
"04/12/2025 12:00 - 04/12/2025 13:00","CTA|SE","-","-"
"04/12/2025 13:00 - 04/12/2025 14:00","CTA|SE","-","-"
"04/12/2025 14:00 - 04/12/2025 15:00","CTA|SE","-","-"
"04/12/2025 15:00 - 04/12/2025 16:00","CTA|SE","-","-"
"04/12/2025 16:00 - 04/12/2025 17:00","CTA|SE","-","-"
"04/12/2025 17:00 - 04/12/2025 18:00","CTA|SE","-","-"
"04/12/2025 18:00 - 04/12/2025 19:00","CTA|SE","-","-"
"04/12/2025 19:00 - 04/12/2025 20:00","CTA|SE","-","-"
"04/12/2025 20:00 - 04/12/2025 21:00","CTA|SE","-","-"
"04/12/2025 21:00 - 04/12/2025 22:00","CTA|SE","-","-"
"04/12/2025 22:00 - 04/12/2025 23:00","CTA|SE","-","-"
"04/12/2025 23:00 - 05/12/2025 00:00","CTA|SE","-","-"
"05/12/2025 00:00 - 05/12/2025 01:00","CTA|SE","-","-"
"05/12/2025 01:00 - 05/12/2025 02:00","CTA|SE","-","-"
"05/12/2025 02:00 - 05/12/2025 03:00","CTA|SE","-","-"
"05/12/2025 03:00 - 05/12/2025 04:00","CTA|SE","-","-"
"05/12/2025 04:00 - 05/12/2025 05:00","CTA|SE","-","-"
"05/12/2025 05:00 - 05/12/2025 06:00","CTA|SE","-","-"
"05/12/2025 06:00 - 05/12/2025 07:00","CTA|SE","-","-"
"05/12/2025 07:00 - 05/12/2025 08:00","CTA|SE","-","-"
"05/12/2025 08:00 - 05/12/2025 09:00","CTA|SE","-","-"
"05/12/2025 09:00 - 05/12/2025 10:00","CTA|SE","-","-"
"05/12/2025 10:00 - 05/12/2025 11:00","CTA|SE","-","-"
"05/12/2025 11:00 - 05/12/2025 12:00","CTA|SE","-","-"
"05/12/2025 12:00 - 05/12/2025 13:00","CTA|SE","-","-"
"05/12/2025 13:00 - 05/12/2025 14:00","CTA|SE","-","-"
"05/12/2025 14:00 - 05/12/2025 15:00","CTA|SE","-","-"
"05/12/2025 15:00 - 05/12/2025 16:00","CTA|SE","-","-"
"05/12/2025 16:00 - 05/12/2025 17:00","CTA|SE","-","-"
"05/12/2025 17:00 - 05/12/2025 18:00","CTA|SE","-","-"
"05/12/2025 18:00 - 05/12/2025 19:00","CTA|SE","-","-"
"05/12/2025 19:00 - 05/12/2025 20:00","CTA|SE","-","-"
"05/12/2025 20:00 - 05/12/2025 21:00","CTA|SE","-","-"
"05/12/2025 21:00 - 05/12/2025 22:00","CTA|SE","-","-"
"05/12/2025 22:00 - 05/12/2025 23:00","CTA|SE","-","-"
"05/12/2025 23:00 - 06/12/2025 00:00","CTA|SE","-","-"
"06/12/2025 00:00 - 06/12/2025 01:00","CTA|SE","-","-"
"06/12/2025 01:00 - 06/12/2025 02:00","CTA|SE","-","-"
"06/12/2025 02:00 - 06/12/2025 03:00","CTA|SE","-","-"
"06/12/2025 03:00 - 06/12/2025 04:00","CTA|SE","-","-"
"06/12/2025 04:00 - 06/12/2025 05:00","CTA|SE","-","-"
"06/12/2025 05:00 - 06/12/2025 06:00","CTA|SE","-","-"
"06/12/2025 06:00 - 06/12/2025 07:00","CTA|SE","-","-"
"06/12/2025 07:00 - 06/12/2025 08:00","CTA|SE","-","-"
"06/12/2025 08:00 - 06/12/2025 09:00","CTA|SE","-","-"
"06/12/2025 09:00 - 06/12/2025 10:00","CTA|SE","-","-"
"06/12/2025 10:00 - 06/12/2025 11:00","CTA|SE","-","-"
"06/12/2025 11:00 - 06/12/2025 12:00","CTA|SE","-","-"
"06/12/2025 12:00 - 06/12/2025 13:00","CTA|SE","-","-"
"06/12/2025 13:00 - 06/12/2025 14:00","CTA|SE","-","-"
"06/12/2025 14:00 - 06/12/2025 15:00","CTA|SE","-","-"
"06/12/2025 15:00 - 06/12/2025 16:00","CTA|SE","-","-"
"06/12/2025 16:00 - 06/12/2025 17:00","CTA|SE","-","-"
"06/12/2025 17:00 - 06/12/2025 18:00","CTA|SE","-","-"
"06/12/2025 18:00 - 06/12/2025 19:00","CTA|SE","-","-"
"06/12/2025 19:00 - 06/12/2025 20:00","CTA|SE","-","-"
"06/12/2025 20:00 - 06/12/2025 21:00","CTA|SE","-","-"
"06/12/2025 21:00 - 06/12/2025 22:00","CTA|SE","-","-"
"06/12/2025 22:00 - 06/12/2025 23:00","CTA|SE","-","-"
"06/12/2025 23:00 - 07/12/2025 00:00","CTA|SE","-","-"
"07/12/2025 00:00 - 07/12/2025 01:00","CTA|SE","-","-"
"07/12/2025 01:00 - 07/12/2025 02:00","CTA|SE","-","-"
"07/12/2025 02:00 - 07/12/2025 03:00","CTA|SE","-","-"
"07/12/2025 03:00 - 07/12/2025 04:00","CTA|SE","-","-"
"07/12/2025 04:00 - 07/12/2025 05:00","CTA|SE","-","-"
"07/12/2025 05:00 - 07/12/2025 06:00","CTA|SE","-","-"
"07/12/2025 06:00 - 07/12/2025 07:00","CTA|SE","-","-"
"07/12/2025 07:00 - 07/12/2025 08:00","CTA|SE","-","-"
"07/12/2025 08:00 - 07/12/2025 09:00","CTA|SE","-","-"
"07/12/2025 09:00 - 07/12/2025 10:00","CTA|SE","-","-"
"07/12/2025 10:00 - 07/12/2025 11:00","CTA|SE","-","-"
"07/12/2025 11:00 - 07/12/2025 12:00","CTA|SE","-","-"
"07/12/2025 12:00 - 07/12/2025 13:00","CTA|SE","-","-"
"07/12/2025 13:00 - 07/12/2025 14:00","CTA|SE","-","-"
"07/12/2025 14:00 - 07/12/2025 15:00","CTA|SE","-","-"
"07/12/2025 15:00 - 07/12/2025 16:00","CTA|SE","-","-"
"07/12/2025 16:00 - 07/12/2025 17:00","CTA|SE","-","-"
"07/12/2025 17:00 - 07/12/2025 18:00","CTA|SE","-","-"
"07/12/2025 18:00 - 07/12/2025 19:00","CTA|SE","-","-"
"07/12/2025 19:00 - 07/12/2025 20:00","CTA|SE","-","-"
"07/12/2025 20:00 - 07/12/2025 21:00","CTA|SE","-","-"
"07/12/2025 21:00 - 07/12/2025 22:00","CTA|SE","-","-"
"07/12/2025 22:00 - 07/12/2025 23:00","CTA|SE","-","-"
"07/12/2025 23:00 - 08/12/2025 00:00","CTA|SE","-","-"
"08/12/2025 00:00 - 08/12/2025 01:00","CTA|SE","-","-"
"08/12/2025 01:00 - 08/12/2025 02:00","CTA|SE","-","-"
"08/12/2025 02:00 - 08/12/2025 03:00","CTA|SE","-","-"
"08/12/2025 03:00 - 08/12/2025 04:00","CTA|SE","-","-"
"08/12/2025 04:00 - 08/12/2025 05:00","CTA|SE","-","-"
"08/12/2025 05:00 - 08/12/2025 06:00","CTA|SE","-","-"
"08/12/2025 06:00 - 08/12/2025 07:00","CTA|SE","-","-"
"08/12/2025 07:00 - 08/12/2025 08:00","CTA|SE","-","-"
"08/12/2025 08:00 - 08/12/2025 09:00","CTA|SE","-","-"
"08/12/2025 09:00 - 08/12/2025 10:00","CTA|SE","-","-"
"08/12/2025 10:00 - 08/12/2025 11:00","CTA|SE","-","-"
"08/12/2025 11:00 - 08/12/2025 12:00","CTA|SE","-","-"
"08/12/2025 12:00 - 08/12/2025 13:00","CTA|SE","-","-"
"08/12/2025 13:00 - 08/12/2025 14:00","CTA|SE","-","-"
"08/12/2025 14:00 - 08/12/2025 15:00","CTA|SE","-","-"
"08/12/2025 15:00 - 08/12/2025 16:00","CTA|SE","-","-"
"08/12/2025 16:00 - 08/12/2025 17:00","CTA|SE","-","-"
"08/12/2025 17:00 - 08/12/2025 18:00","CTA|SE","-","-"
"08/12/2025 18:00 - 08/12/2025 19:00","CTA|SE","-","-"
"08/12/2025 19:00 - 08/12/2025 20:00","CTA|SE","-","-"
"08/12/2025 20:00 - 08/12/2025 21:00","CTA|SE","-","-"
"08/12/2025 21:00 - 08/12/2025 22:00","CTA|SE","-","-"
"08/12/2025 22:00 - 08/12/2025 23:00","CTA|SE","-","-"
"08/12/2025 23:00 - 09/12/2025 00:00","CTA|SE","-","-"
"09/12/2025 00:00 - 09/12/2025 01:00","CTA|SE","-","-"
"09/12/2025 01:00 - 09/12/2025 02:00","CTA|SE","-","-"
"09/12/2025 02:00 - 09/12/2025 03:00","CTA|SE","-","-"
"09/12/2025 03:00 - 09/12/2025 04:00","CTA|SE","-","-"
"09/12/2025 04:00 - 09/12/2025 05:00","CTA|SE","-","-"
"09/12/2025 05:00 - 09/12/2025 06:00","CTA|SE","-","-"
"09/12/2025 06:00 - 09/12/2025 07:00","CTA|SE","-","-"
"09/12/2025 07:00 - 09/12/2025 08:00","CTA|SE","-","-"
"09/12/2025 08:00 - 09/12/2025 09:00","CTA|SE","-","-"
"09/12/2025 09:00 - 09/12/2025 10:00","CTA|SE","-","-"
"09/12/2025 10:00 - 09/12/2025 11:00","CTA|SE","-","-"
"09/12/2025 11:00 - 09/12/2025 12:00","CTA|SE","-","-"
"09/12/2025 12:00 - 09/12/2025 13:00","CTA|SE","-","-"
"09/12/2025 13:00 - 09/12/2025 14:00","CTA|SE","-","-"
"09/12/2025 14:00 - 09/12/2025 15:00","CTA|SE","-","-"
"09/12/2025 15:00 - 09/12/2025 16:00","CTA|SE","-","-"
"09/12/2025 16:00 - 09/12/2025 17:00","CTA|SE","-","-"
"09/12/2025 17:00 - 09/12/2025 18:00","CTA|SE","-","-"
"09/12/2025 18:00 - 09/12/2025 19:00","CTA|SE","-","-"
"09/12/2025 19:00 - 09/12/2025 20:00","CTA|SE","-","-"
"09/12/2025 20:00 - 09/12/2025 21:00","CTA|SE","-","-"
"09/12/2025 21:00 - 09/12/2025 22:00","CTA|SE","-","-"
"09/12/2025 22:00 - 09/12/2025 23:00","CTA|SE","-","-"
"09/12/2025 23:00 - 10/12/2025 00:00","CTA|SE","-","-"
"10/12/2025 00:00 - 10/12/2025 01:00","CTA|SE","-","-"
"10/12/2025 01:00 - 10/12/2025 02:00","CTA|SE","-","-"
"10/12/2025 02:00 - 10/12/2025 03:00","CTA|SE","-","-"
"10/12/2025 03:00 - 10/12/2025 04:00","CTA|SE","-","-"
"10/12/2025 04:00 - 10/12/2025 05:00","CTA|SE","-","-"
"10/12/2025 05:00 - 10/12/2025 06:00","CTA|SE","-","-"
"10/12/2025 06:00 - 10/12/2025 07:00","CTA|SE","-","-"
"10/12/2025 07:00 - 10/12/2025 08:00","CTA|SE","-","-"
"10/12/2025 08:00 - 10/12/2025 09:00","CTA|SE","-","-"
"10/12/2025 09:00 - 10/12/2025 10:00","CTA|SE","-","-"
"10/12/2025 10:00 - 10/12/2025 11:00","CTA|SE","-","-"
"10/12/2025 11:00 - 10/12/2025 12:00","CTA|SE","-","-"
"10/12/2025 12:00 - 10/12/2025 13:00","CTA|SE","-","-"
"10/12/2025 13:00 - 10/12/2025 14:00","CTA|SE","-","-"
"10/12/2025 14:00 - 10/12/2025 15:00","CTA|SE","-","-"
"10/12/2025 15:00 - 10/12/2025 16:00","CTA|SE","-","-"
"10/12/2025 16:00 - 10/12/2025 17:00","CTA|SE","-","-"
"10/12/2025 17:00 - 10/12/2025 18:00","CTA|SE","-","-"
"10/12/2025 18:00 - 10/12/2025 19:00","CTA|SE","-","-"
"10/12/2025 19:00 - 10/12/2025 20:00","CTA|SE","-","-"
"10/12/2025 20:00 - 10/12/2025 21:00","CTA|SE","-","-"
"10/12/2025 21:00 - 10/12/2025 22:00","CTA|SE","-","-"
"10/12/2025 22:00 - 10/12/2025 23:00","CTA|SE","-","-"
"10/12/2025 23:00 - 11/12/2025 00:00","CTA|SE","-","-"
"11/12/2025 00:00 - 11/12/2025 01:00","CTA|SE","-","-"
"11/12/2025 01:00 - 11/12/2025 02:00","CTA|SE","-","-"
"11/12/2025 02:00 - 11/12/2025 03:00","CTA|SE","-","-"
"11/12/2025 03:00 - 11/12/2025 04:00","CTA|SE","-","-"
"11/12/2025 04:00 - 11/12/2025 05:00","CTA|SE","-","-"
"11/12/2025 05:00 - 11/12/2025 06:00","CTA|SE","-","-"
"11/12/2025 06:00 - 11/12/2025 07:00","CTA|SE","-","-"
"11/12/2025 07:00 - 11/12/2025 08:00","CTA|SE","-","-"
"11/12/2025 08:00 - 11/12/2025 09:00","CTA|SE","-","-"
"11/12/2025 09:00 - 11/12/2025 10:00","CTA|SE","-","-"
"11/12/2025 10:00 - 11/12/2025 11:00","CTA|SE","-","-"
"11/12/2025 11:00 - 11/12/2025 12:00","CTA|SE","-","-"
"11/12/2025 12:00 - 11/12/2025 13:00","CTA|SE","-","-"
"11/12/2025 13:00 - 11/12/2025 14:00","CTA|SE","-","-"
"11/12/2025 14:00 - 11/12/2025 15:00","CTA|SE","-","-"
"11/12/2025 15:00 - 11/12/2025 16:00","CTA|SE","-","-"
"11/12/2025 16:00 - 11/12/2025 17:00","CTA|SE","-","-"
"11/12/2025 17:00 - 11/12/2025 18:00","CTA|SE","-","-"
"11/12/2025 18:00 - 11/12/2025 19:00","CTA|SE","-","-"
"11/12/2025 19:00 - 11/12/2025 20:00","CTA|SE","-","-"
"11/12/2025 20:00 - 11/12/2025 21:00","CTA|SE","-","-"
"11/12/2025 21:00 - 11/12/2025 22:00","CTA|SE","-","-"
"11/12/2025 22:00 - 11/12/2025 23:00","CTA|SE","-","-"
"11/12/2025 23:00 - 12/12/2025 00:00","CTA|SE","-","-"
"12/12/2025 00:00 - 12/12/2025 01:00","CTA|SE","-","-"
"12/12/2025 01:00 - 12/12/2025 02:00","CTA|SE","-","-"
"12/12/2025 02:00 - 12/12/2025 03:00","CTA|SE","-","-"
"12/12/2025 03:00 - 12/12/2025 04:00","CTA|SE","-","-"
"12/12/2025 04:00 - 12/12/2025 05:00","CTA|SE","-","-"
"12/12/2025 05:00 - 12/12/2025 06:00","CTA|SE","-","-"
"12/12/2025 06:00 - 12/12/2025 07:00","CTA|SE","-","-"
"12/12/2025 07:00 - 12/12/2025 08:00","CTA|SE","-","-"
"12/12/2025 08:00 - 12/12/2025 09:00","CTA|SE","-","-"
"12/12/2025 09:00 - 12/12/2025 10:00","CTA|SE","-","-"
"12/12/2025 10:00 - 12/12/2025 11:00","CTA|SE","-","-"
"12/12/2025 11:00 - 12/12/2025 12:00","CTA|SE","-","-"
"12/12/2025 12:00 - 12/12/2025 13:00","CTA|SE","-","-"
"12/12/2025 13:00 - 12/12/2025 14:00","CTA|SE","-","-"
"12/12/2025 14:00 - 12/12/2025 15:00","CTA|SE","-","-"
"12/12/2025 15:00 - 12/12/2025 16:00","CTA|SE","-","-"
"12/12/2025 16:00 - 12/12/2025 17:00","CTA|SE","-","-"
"12/12/2025 17:00 - 12/12/2025 18:00","CTA|SE","-","-"
"12/12/2025 18:00 - 12/12/2025 19:00","CTA|SE","-","-"
"12/12/2025 19:00 - 12/12/2025 20:00","CTA|SE","-","-"
"12/12/2025 20:00 - 12/12/2025 21:00","CTA|SE","-","-"
"12/12/2025 21:00 - 12/12/2025 22:00","CTA|SE","-","-"
"12/12/2025 22:00 - 12/12/2025 23:00","CTA|SE","-","-"
"12/12/2025 23:00 - 13/12/2025 00:00","CTA|SE","-","-"
"13/12/2025 00:00 - 13/12/2025 01:00","CTA|SE","-","-"
"13/12/2025 01:00 - 13/12/2025 02:00","CTA|SE","-","-"
"13/12/2025 02:00 - 13/12/2025 03:00","CTA|SE","-","-"
"13/12/2025 03:00 - 13/12/2025 04:00","CTA|SE","-","-"
"13/12/2025 04:00 - 13/12/2025 05:00","CTA|SE","-","-"
"13/12/2025 05:00 - 13/12/2025 06:00","CTA|SE","-","-"
"13/12/2025 06:00 - 13/12/2025 07:00","CTA|SE","-","-"
"13/12/2025 07:00 - 13/12/2025 08:00","CTA|SE","-","-"
"13/12/2025 08:00 - 13/12/2025 09:00","CTA|SE","-","-"
"13/12/2025 09:00 - 13/12/2025 10:00","CTA|SE","-","-"
"13/12/2025 10:00 - 13/12/2025 11:00","CTA|SE","-","-"
"13/12/2025 11:00 - 13/12/2025 12:00","CTA|SE","-","-"
"13/12/2025 12:00 - 13/12/2025 13:00","CTA|SE","-","-"
"13/12/2025 13:00 - 13/12/2025 14:00","CTA|SE","-","-"
"13/12/2025 14:00 - 13/12/2025 15:00","CTA|SE","-","-"
"13/12/2025 15:00 - 13/12/2025 16:00","CTA|SE","-","-"
"13/12/2025 16:00 - 13/12/2025 17:00","CTA|SE","-","-"
"13/12/2025 17:00 - 13/12/2025 18:00","CTA|SE","-","-"
"13/12/2025 18:00 - 13/12/2025 19:00","CTA|SE","-","-"
"13/12/2025 19:00 - 13/12/2025 20:00","CTA|SE","-","-"
"13/12/2025 20:00 - 13/12/2025 21:00","CTA|SE","-","-"
"13/12/2025 21:00 - 13/12/2025 22:00","CTA|SE","-","-"
"13/12/2025 22:00 - 13/12/2025 23:00","CTA|SE","-","-"
"13/12/2025 23:00 - 14/12/2025 00:00","CTA|SE","-","-"
"14/12/2025 00:00 - 14/12/2025 01:00","CTA|SE","-","-"
"14/12/2025 01:00 - 14/12/2025 02:00","CTA|SE","-","-"
"14/12/2025 02:00 - 14/12/2025 03:00","CTA|SE","-","-"
"14/12/2025 03:00 - 14/12/2025 04:00","CTA|SE","-","-"
"14/12/2025 04:00 - 14/12/2025 05:00","CTA|SE","-","-"
"14/12/2025 05:00 - 14/12/2025 06:00","CTA|SE","-","-"
"14/12/2025 06:00 - 14/12/2025 07:00","CTA|SE","-","-"
"14/12/2025 07:00 - 14/12/2025 08:00","CTA|SE","-","-"
"14/12/2025 08:00 - 14/12/2025 09:00","CTA|SE","-","-"
"14/12/2025 09:00 - 14/12/2025 10:00","CTA|SE","-","-"
"14/12/2025 10:00 - 14/12/2025 11:00","CTA|SE","-","-"
"14/12/2025 11:00 - 14/12/2025 12:00","CTA|SE","-","-"
"14/12/2025 12:00 - 14/12/2025 13:00","CTA|SE","-","-"
"14/12/2025 13:00 - 14/12/2025 14:00","CTA|SE","-","-"
"14/12/2025 14:00 - 14/12/2025 15:00","CTA|SE","-","-"
"14/12/2025 15:00 - 14/12/2025 16:00","CTA|SE","-","-"
"14/12/2025 16:00 - 14/12/2025 17:00","CTA|SE","-","-"
"14/12/2025 17:00 - 14/12/2025 18:00","CTA|SE","-","-"
"14/12/2025 18:00 - 14/12/2025 19:00","CTA|SE","-","-"
"14/12/2025 19:00 - 14/12/2025 20:00","CTA|SE","-","-"
"14/12/2025 20:00 - 14/12/2025 21:00","CTA|SE","-","-"
"14/12/2025 21:00 - 14/12/2025 22:00","CTA|SE","-","-"
"14/12/2025 22:00 - 14/12/2025 23:00","CTA|SE","-","-"
"14/12/2025 23:00 - 15/12/2025 00:00","CTA|SE","-","-"
"15/12/2025 00:00 - 15/12/2025 01:00","CTA|SE","-","-"
"15/12/2025 01:00 - 15/12/2025 02:00","CTA|SE","-","-"
"15/12/2025 02:00 - 15/12/2025 03:00","CTA|SE","-","-"
"15/12/2025 03:00 - 15/12/2025 04:00","CTA|SE","-","-"
"15/12/2025 04:00 - 15/12/2025 05:00","CTA|SE","-","-"
"15/12/2025 05:00 - 15/12/2025 06:00","CTA|SE","-","-"
"15/12/2025 06:00 - 15/12/2025 07:00","CTA|SE","-","-"
"15/12/2025 07:00 - 15/12/2025 08:00","CTA|SE","-","-"
"15/12/2025 08:00 - 15/12/2025 09:00","CTA|SE","-","-"
"15/12/2025 09:00 - 15/12/2025 10:00","CTA|SE","-","-"
"15/12/2025 10:00 - 15/12/2025 11:00","CTA|SE","-","-"
"15/12/2025 11:00 - 15/12/2025 12:00","CTA|SE","-","-"
"15/12/2025 12:00 - 15/12/2025 13:00","CTA|SE","-","-"
"15/12/2025 13:00 - 15/12/2025 14:00","CTA|SE","-","-"
"15/12/2025 14:00 - 15/12/2025 15:00","CTA|SE","-","-"
"15/12/2025 15:00 - 15/12/2025 16:00","CTA|SE","-","-"
"15/12/2025 16:00 - 15/12/2025 17:00","CTA|SE","-","-"
"15/12/2025 17:00 - 15/12/2025 18:00","CTA|SE","-","-"
"15/12/2025 18:00 - 15/12/2025 19:00","CTA|SE","-","-"
"15/12/2025 19:00 - 15/12/2025 20:00","CTA|SE","-","-"
"15/12/2025 20:00 - 15/12/2025 21:00","CTA|SE","-","-"
"15/12/2025 21:00 - 15/12/2025 22:00","CTA|SE","-","-"
"15/12/2025 22:00 - 15/12/2025 23:00","CTA|SE","-","-"
"15/12/2025 23:00 - 16/12/2025 00:00","CTA|SE","-","-"
"16/12/2025 00:00 - 16/12/2025 01:00","CTA|SE","-","-"
"16/12/2025 01:00 - 16/12/2025 02:00","CTA|SE","-","-"
"16/12/2025 02:00 - 16/12/2025 03:00","CTA|SE","-","-"
"16/12/2025 03:00 - 16/12/2025 04:00","CTA|SE","-","-"
"16/12/2025 04:00 - 16/12/2025 05:00","CTA|SE","-","-"
"16/12/2025 05:00 - 16/12/2025 06:00","CTA|SE","-","-"
"16/12/2025 06:00 - 16/12/2025 07:00","CTA|SE","-","-"
"16/12/2025 07:00 - 16/12/2025 08:00","CTA|SE","-","-"
"16/12/2025 08:00 - 16/12/2025 09:00","CTA|SE","-","-"
"16/12/2025 09:00 - 16/12/2025 10:00","CTA|SE","-","-"
"16/12/2025 10:00 - 16/12/2025 11:00","CTA|SE","-","-"
"16/12/2025 11:00 - 16/12/2025 12:00","CTA|SE","-","-"
"16/12/2025 12:00 - 16/12/2025 13:00","CTA|SE","-","-"
"16/12/2025 13:00 - 16/12/2025 14:00","CTA|SE","-","-"
"16/12/2025 14:00 - 16/12/2025 15:00","CTA|SE","-","-"
"16/12/2025 15:00 - 16/12/2025 16:00","CTA|SE","-","-"
"16/12/2025 16:00 - 16/12/2025 17:00","CTA|SE","-","-"
"16/12/2025 17:00 - 16/12/2025 18:00","CTA|SE","-","-"
"16/12/2025 18:00 - 16/12/2025 19:00","CTA|SE","-","-"
"16/12/2025 19:00 - 16/12/2025 20:00","CTA|SE","-","-"
"16/12/2025 20:00 - 16/12/2025 21:00","CTA|SE","-","-"
"16/12/2025 21:00 - 16/12/2025 22:00","CTA|SE","-","-"
"16/12/2025 22:00 - 16/12/2025 23:00","CTA|SE","-","-"
"16/12/2025 23:00 - 17/12/2025 00:00","CTA|SE","-","-"
"17/12/2025 00:00 - 17/12/2025 01:00","CTA|SE","-","-"
"17/12/2025 01:00 - 17/12/2025 02:00","CTA|SE","-","-"
"17/12/2025 02:00 - 17/12/2025 03:00","CTA|SE","-","-"
"17/12/2025 03:00 - 17/12/2025 04:00","CTA|SE","-","-"
"17/12/2025 04:00 - 17/12/2025 05:00","CTA|SE","-","-"
"17/12/2025 05:00 - 17/12/2025 06:00","CTA|SE","-","-"
"17/12/2025 06:00 - 17/12/2025 07:00","CTA|SE","-","-"
"17/12/2025 07:00 - 17/12/2025 08:00","CTA|SE","-","-"
"17/12/2025 08:00 - 17/12/2025 09:00","CTA|SE","-","-"
"17/12/2025 09:00 - 17/12/2025 10:00","CTA|SE","-","-"
"17/12/2025 10:00 - 17/12/2025 11:00","CTA|SE","-","-"
"17/12/2025 11:00 - 17/12/2025 12:00","CTA|SE","-","-"
"17/12/2025 12:00 - 17/12/2025 13:00","CTA|SE","-","-"
"17/12/2025 13:00 - 17/12/2025 14:00","CTA|SE","-","-"
"17/12/2025 14:00 - 17/12/2025 15:00","CTA|SE","-","-"
"17/12/2025 15:00 - 17/12/2025 16:00","CTA|SE","-","-"
"17/12/2025 16:00 - 17/12/2025 17:00","CTA|SE","-","-"
"17/12/2025 17:00 - 17/12/2025 18:00","CTA|SE","-","-"
"17/12/2025 18:00 - 17/12/2025 19:00","CTA|SE","-","-"
"17/12/2025 19:00 - 17/12/2025 20:00","CTA|SE","-","-"
"17/12/2025 20:00 - 17/12/2025 21:00","CTA|SE","-","-"
"17/12/2025 21:00 - 17/12/2025 22:00","CTA|SE","-","-"
"17/12/2025 22:00 - 17/12/2025 23:00","CTA|SE","-","-"
"17/12/2025 23:00 - 18/12/2025 00:00","CTA|SE","-","-"
"18/12/2025 00:00 - 18/12/2025 01:00","CTA|SE","-","-"
"18/12/2025 01:00 - 18/12/2025 02:00","CTA|SE","-","-"
"18/12/2025 02:00 - 18/12/2025 03:00","CTA|SE","-","-"
"18/12/2025 03:00 - 18/12/2025 04:00","CTA|SE","-","-"
"18/12/2025 04:00 - 18/12/2025 05:00","CTA|SE","-","-"
"18/12/2025 05:00 - 18/12/2025 06:00","CTA|SE","-","-"
"18/12/2025 06:00 - 18/12/2025 07:00","CTA|SE","-","-"
"18/12/2025 07:00 - 18/12/2025 08:00","CTA|SE","-","-"
"18/12/2025 08:00 - 18/12/2025 09:00","CTA|SE","-","-"
"18/12/2025 09:00 - 18/12/2025 10:00","CTA|SE","-","-"
"18/12/2025 10:00 - 18/12/2025 11:00","CTA|SE","-","-"
"18/12/2025 11:00 - 18/12/2025 12:00","CTA|SE","-","-"
"18/12/2025 12:00 - 18/12/2025 13:00","CTA|SE","-","-"
"18/12/2025 13:00 - 18/12/2025 14:00","CTA|SE","-","-"
"18/12/2025 14:00 - 18/12/2025 15:00","CTA|SE","-","-"
"18/12/2025 15:00 - 18/12/2025 16:00","CTA|SE","-","-"
"18/12/2025 16:00 - 18/12/2025 17:00","CTA|SE","-","-"
"18/12/2025 17:00 - 18/12/2025 18:00","CTA|SE","-","-"
"18/12/2025 18:00 - 18/12/2025 19:00","CTA|SE","-","-"
"18/12/2025 19:00 - 18/12/2025 20:00","CTA|SE","-","-"
"18/12/2025 20:00 - 18/12/2025 21:00","CTA|SE","-","-"
"18/12/2025 21:00 - 18/12/2025 22:00","CTA|SE","-","-"
"18/12/2025 22:00 - 18/12/2025 23:00","CTA|SE","-","-"
"18/12/2025 23:00 - 19/12/2025 00:00","CTA|SE","-","-"
"19/12/2025 00:00 - 19/12/2025 01:00","CTA|SE","-","-"
"19/12/2025 01:00 - 19/12/2025 02:00","CTA|SE","-","-"
"19/12/2025 02:00 - 19/12/2025 03:00","CTA|SE","-","-"
"19/12/2025 03:00 - 19/12/2025 04:00","CTA|SE","-","-"
"19/12/2025 04:00 - 19/12/2025 05:00","CTA|SE","-","-"
"19/12/2025 05:00 - 19/12/2025 06:00","CTA|SE","-","-"
"19/12/2025 06:00 - 19/12/2025 07:00","CTA|SE","-","-"
"19/12/2025 07:00 - 19/12/2025 08:00","CTA|SE","-","-"
"19/12/2025 08:00 - 19/12/2025 09:00","CTA|SE","-","-"
"19/12/2025 09:00 - 19/12/2025 10:00","CTA|SE","-","-"
"19/12/2025 10:00 - 19/12/2025 11:00","CTA|SE","-","-"
"19/12/2025 11:00 - 19/12/2025 12:00","CTA|SE","-","-"
"19/12/2025 12:00 - 19/12/2025 13:00","CTA|SE","-","-"
"19/12/2025 13:00 - 19/12/2025 14:00","CTA|SE","-","-"
"19/12/2025 14:00 - 19/12/2025 15:00","CTA|SE","-","-"
"19/12/2025 15:00 - 19/12/2025 16:00","CTA|SE","-","-"
"19/12/2025 16:00 - 19/12/2025 17:00","CTA|SE","-","-"
"19/12/2025 17:00 - 19/12/2025 18:00","CTA|SE","-","-"
"19/12/2025 18:00 - 19/12/2025 19:00","CTA|SE","-","-"
"19/12/2025 19:00 - 19/12/2025 20:00","CTA|SE","-","-"
"19/12/2025 20:00 - 19/12/2025 21:00","CTA|SE","-","-"
"19/12/2025 21:00 - 19/12/2025 22:00","CTA|SE","-","-"
"19/12/2025 22:00 - 19/12/2025 23:00","CTA|SE","-","-"
"19/12/2025 23:00 - 20/12/2025 00:00","CTA|SE","-","-"
"20/12/2025 00:00 - 20/12/2025 01:00","CTA|SE","-","-"
"20/12/2025 01:00 - 20/12/2025 02:00","CTA|SE","-","-"
"20/12/2025 02:00 - 20/12/2025 03:00","CTA|SE","-","-"
"20/12/2025 03:00 - 20/12/2025 04:00","CTA|SE","-","-"
"20/12/2025 04:00 - 20/12/2025 05:00","CTA|SE","-","-"
"20/12/2025 05:00 - 20/12/2025 06:00","CTA|SE","-","-"
"20/12/2025 06:00 - 20/12/2025 07:00","CTA|SE","-","-"
"20/12/2025 07:00 - 20/12/2025 08:00","CTA|SE","-","-"
"20/12/2025 08:00 - 20/12/2025 09:00","CTA|SE","-","-"
"20/12/2025 09:00 - 20/12/2025 10:00","CTA|SE","-","-"
"20/12/2025 10:00 - 20/12/2025 11:00","CTA|SE","-","-"
"20/12/2025 11:00 - 20/12/2025 12:00","CTA|SE","-","-"
"20/12/2025 12:00 - 20/12/2025 13:00","CTA|SE","-","-"
"20/12/2025 13:00 - 20/12/2025 14:00","CTA|SE","-","-"
"20/12/2025 14:00 - 20/12/2025 15:00","CTA|SE","-","-"
"20/12/2025 15:00 - 20/12/2025 16:00","CTA|SE","-","-"
"20/12/2025 16:00 - 20/12/2025 17:00","CTA|SE","-","-"
"20/12/2025 17:00 - 20/12/2025 18:00","CTA|SE","-","-"
"20/12/2025 18:00 - 20/12/2025 19:00","CTA|SE","-","-"
"20/12/2025 19:00 - 20/12/2025 20:00","CTA|SE","-","-"
"20/12/2025 20:00 - 20/12/2025 21:00","CTA|SE","-","-"
"20/12/2025 21:00 - 20/12/2025 22:00","CTA|SE","-","-"
"20/12/2025 22:00 - 20/12/2025 23:00","CTA|SE","-","-"
"20/12/2025 23:00 - 21/12/2025 00:00","CTA|SE","-","-"
"21/12/2025 00:00 - 21/12/2025 01:00","CTA|SE","-","-"
"21/12/2025 01:00 - 21/12/2025 02:00","CTA|SE","-","-"
"21/12/2025 02:00 - 21/12/2025 03:00","CTA|SE","-","-"
"21/12/2025 03:00 - 21/12/2025 04:00","CTA|SE","-","-"
"21/12/2025 04:00 - 21/12/2025 05:00","CTA|SE","-","-"
"21/12/2025 05:00 - 21/12/2025 06:00","CTA|SE","-","-"
"21/12/2025 06:00 - 21/12/2025 07:00","CTA|SE","-","-"
"21/12/2025 07:00 - 21/12/2025 08:00","CTA|SE","-","-"
"21/12/2025 08:00 - 21/12/2025 09:00","CTA|SE","-","-"
"21/12/2025 09:00 - 21/12/2025 10:00","CTA|SE","-","-"
"21/12/2025 10:00 - 21/12/2025 11:00","CTA|SE","-","-"
"21/12/2025 11:00 - 21/12/2025 12:00","CTA|SE","-","-"
"21/12/2025 12:00 - 21/12/2025 13:00","CTA|SE","-","-"
"21/12/2025 13:00 - 21/12/2025 14:00","CTA|SE","-","-"
"21/12/2025 14:00 - 21/12/2025 15:00","CTA|SE","-","-"
"21/12/2025 15:00 - 21/12/2025 16:00","CTA|SE","-","-"
"21/12/2025 16:00 - 21/12/2025 17:00","CTA|SE","-","-"
"21/12/2025 17:00 - 21/12/2025 18:00","CTA|SE","-","-"
"21/12/2025 18:00 - 21/12/2025 19:00","CTA|SE","-","-"
"21/12/2025 19:00 - 21/12/2025 20:00","CTA|SE","-","-"
"21/12/2025 20:00 - 21/12/2025 21:00","CTA|SE","-","-"
"21/12/2025 21:00 - 21/12/2025 22:00","CTA|SE","-","-"
"21/12/2025 22:00 - 21/12/2025 23:00","CTA|SE","-","-"
"21/12/2025 23:00 - 22/12/2025 00:00","CTA|SE","-","-"
"22/12/2025 00:00 - 22/12/2025 01:00","CTA|SE","-","-"
"22/12/2025 01:00 - 22/12/2025 02:00","CTA|SE","-","-"
"22/12/2025 02:00 - 22/12/2025 03:00","CTA|SE","-","-"
"22/12/2025 03:00 - 22/12/2025 04:00","CTA|SE","-","-"
"22/12/2025 04:00 - 22/12/2025 05:00","CTA|SE","-","-"
"22/12/2025 05:00 - 22/12/2025 06:00","CTA|SE","-","-"
"22/12/2025 06:00 - 22/12/2025 07:00","CTA|SE","-","-"
"22/12/2025 07:00 - 22/12/2025 08:00","CTA|SE","-","-"
"22/12/2025 08:00 - 22/12/2025 09:00","CTA|SE","-","-"
"22/12/2025 09:00 - 22/12/2025 10:00","CTA|SE","-","-"
"22/12/2025 10:00 - 22/12/2025 11:00","CTA|SE","-","-"
"22/12/2025 11:00 - 22/12/2025 12:00","CTA|SE","-","-"
"22/12/2025 12:00 - 22/12/2025 13:00","CTA|SE","-","-"
"22/12/2025 13:00 - 22/12/2025 14:00","CTA|SE","-","-"
"22/12/2025 14:00 - 22/12/2025 15:00","CTA|SE","-","-"
"22/12/2025 15:00 - 22/12/2025 16:00","CTA|SE","-","-"
"22/12/2025 16:00 - 22/12/2025 17:00","CTA|SE","-","-"
"22/12/2025 17:00 - 22/12/2025 18:00","CTA|SE","-","-"
"22/12/2025 18:00 - 22/12/2025 19:00","CTA|SE","-","-"
"22/12/2025 19:00 - 22/12/2025 20:00","CTA|SE","-","-"
"22/12/2025 20:00 - 22/12/2025 21:00","CTA|SE","-","-"
"22/12/2025 21:00 - 22/12/2025 22:00","CTA|SE","-","-"
"22/12/2025 22:00 - 22/12/2025 23:00","CTA|SE","-","-"
"22/12/2025 23:00 - 23/12/2025 00:00","CTA|SE","-","-"
"23/12/2025 00:00 - 23/12/2025 01:00","CTA|SE","-","-"
"23/12/2025 01:00 - 23/12/2025 02:00","CTA|SE","-","-"
"23/12/2025 02:00 - 23/12/2025 03:00","CTA|SE","-","-"
"23/12/2025 03:00 - 23/12/2025 04:00","CTA|SE","-","-"
"23/12/2025 04:00 - 23/12/2025 05:00","CTA|SE","-","-"
"23/12/2025 05:00 - 23/12/2025 06:00","CTA|SE","-","-"
"23/12/2025 06:00 - 23/12/2025 07:00","CTA|SE","-","-"
"23/12/2025 07:00 - 23/12/2025 08:00","CTA|SE","-","-"
"23/12/2025 08:00 - 23/12/2025 09:00","CTA|SE","-","-"
"23/12/2025 09:00 - 23/12/2025 10:00","CTA|SE","-","-"
"23/12/2025 10:00 - 23/12/2025 11:00","CTA|SE","-","-"
"23/12/2025 11:00 - 23/12/2025 12:00","CTA|SE","-","-"
"23/12/2025 12:00 - 23/12/2025 13:00","CTA|SE","-","-"
"23/12/2025 13:00 - 23/12/2025 14:00","CTA|SE","-","-"
"23/12/2025 14:00 - 23/12/2025 15:00","CTA|SE","-","-"
"23/12/2025 15:00 - 23/12/2025 16:00","CTA|SE","-","-"
"23/12/2025 16:00 - 23/12/2025 17:00","CTA|SE","-","-"
"23/12/2025 17:00 - 23/12/2025 18:00","CTA|SE","-","-"
"23/12/2025 18:00 - 23/12/2025 19:00","CTA|SE","-","-"
"23/12/2025 19:00 - 23/12/2025 20:00","CTA|SE","-","-"
"23/12/2025 20:00 - 23/12/2025 21:00","CTA|SE","-","-"
"23/12/2025 21:00 - 23/12/2025 22:00","CTA|SE","-","-"
"23/12/2025 22:00 - 23/12/2025 23:00","CTA|SE","-","-"
"23/12/2025 23:00 - 24/12/2025 00:00","CTA|SE","-","-"
"24/12/2025 00:00 - 24/12/2025 01:00","CTA|SE","-","-"
"24/12/2025 01:00 - 24/12/2025 02:00","CTA|SE","-","-"
"24/12/2025 02:00 - 24/12/2025 03:00","CTA|SE","-","-"
"24/12/2025 03:00 - 24/12/2025 04:00","CTA|SE","-","-"
"24/12/2025 04:00 - 24/12/2025 05:00","CTA|SE","-","-"
"24/12/2025 05:00 - 24/12/2025 06:00","CTA|SE","-","-"
"24/12/2025 06:00 - 24/12/2025 07:00","CTA|SE","-","-"
"24/12/2025 07:00 - 24/12/2025 08:00","CTA|SE","-","-"
"24/12/2025 08:00 - 24/12/2025 09:00","CTA|SE","-","-"
"24/12/2025 09:00 - 24/12/2025 10:00","CTA|SE","-","-"
"24/12/2025 10:00 - 24/12/2025 11:00","CTA|SE","-","-"
"24/12/2025 11:00 - 24/12/2025 12:00","CTA|SE","-","-"
"24/12/2025 12:00 - 24/12/2025 13:00","CTA|SE","-","-"
"24/12/2025 13:00 - 24/12/2025 14:00","CTA|SE","-","-"
"24/12/2025 14:00 - 24/12/2025 15:00","CTA|SE","-","-"
"24/12/2025 15:00 - 24/12/2025 16:00","CTA|SE","-","-"
"24/12/2025 16:00 - 24/12/2025 17:00","CTA|SE","-","-"
"24/12/2025 17:00 - 24/12/2025 18:00","CTA|SE","-","-"
"24/12/2025 18:00 - 24/12/2025 19:00","CTA|SE","-","-"
"24/12/2025 19:00 - 24/12/2025 20:00","CTA|SE","-","-"
"24/12/2025 20:00 - 24/12/2025 21:00","CTA|SE","-","-"
"24/12/2025 21:00 - 24/12/2025 22:00","CTA|SE","-","-"
"24/12/2025 22:00 - 24/12/2025 23:00","CTA|SE","-","-"
"24/12/2025 23:00 - 25/12/2025 00:00","CTA|SE","-","-"
"25/12/2025 00:00 - 25/12/2025 01:00","CTA|SE","-","-"
"25/12/2025 01:00 - 25/12/2025 02:00","CTA|SE","-","-"
"25/12/2025 02:00 - 25/12/2025 03:00","CTA|SE","-","-"
"25/12/2025 03:00 - 25/12/2025 04:00","CTA|SE","-","-"
"25/12/2025 04:00 - 25/12/2025 05:00","CTA|SE","-","-"
"25/12/2025 05:00 - 25/12/2025 06:00","CTA|SE","-","-"
"25/12/2025 06:00 - 25/12/2025 07:00","CTA|SE","-","-"
"25/12/2025 07:00 - 25/12/2025 08:00","CTA|SE","-","-"
"25/12/2025 08:00 - 25/12/2025 09:00","CTA|SE","-","-"
"25/12/2025 09:00 - 25/12/2025 10:00","CTA|SE","-","-"
"25/12/2025 10:00 - 25/12/2025 11:00","CTA|SE","-","-"
"25/12/2025 11:00 - 25/12/2025 12:00","CTA|SE","-","-"
"25/12/2025 12:00 - 25/12/2025 13:00","CTA|SE","-","-"
"25/12/2025 13:00 - 25/12/2025 14:00","CTA|SE","-","-"
"25/12/2025 14:00 - 25/12/2025 15:00","CTA|SE","-","-"
"25/12/2025 15:00 - 25/12/2025 16:00","CTA|SE","-","-"
"25/12/2025 16:00 - 25/12/2025 17:00","CTA|SE","-","-"
"25/12/2025 17:00 - 25/12/2025 18:00","CTA|SE","-","-"
"25/12/2025 18:00 - 25/12/2025 19:00","CTA|SE","-","-"
"25/12/2025 19:00 - 25/12/2025 20:00","CTA|SE","-","-"
"25/12/2025 20:00 - 25/12/2025 21:00","CTA|SE","-","-"
"25/12/2025 21:00 - 25/12/2025 22:00","CTA|SE","-","-"
"25/12/2025 22:00 - 25/12/2025 23:00","CTA|SE","-","-"
"25/12/2025 23:00 - 26/12/2025 00:00","CTA|SE","-","-"
"26/12/2025 00:00 - 26/12/2025 01:00","CTA|SE","-","-"
"26/12/2025 01:00 - 26/12/2025 02:00","CTA|SE","-","-"
"26/12/2025 02:00 - 26/12/2025 03:00","CTA|SE","-","-"
"26/12/2025 03:00 - 26/12/2025 04:00","CTA|SE","-","-"
"26/12/2025 04:00 - 26/12/2025 05:00","CTA|SE","-","-"
"26/12/2025 05:00 - 26/12/2025 06:00","CTA|SE","-","-"
"26/12/2025 06:00 - 26/12/2025 07:00","CTA|SE","-","-"
"26/12/2025 07:00 - 26/12/2025 08:00","CTA|SE","-","-"
"26/12/2025 08:00 - 26/12/2025 09:00","CTA|SE","-","-"
"26/12/2025 09:00 - 26/12/2025 10:00","CTA|SE","-","-"
"26/12/2025 10:00 - 26/12/2025 11:00","CTA|SE","-","-"
"26/12/2025 11:00 - 26/12/2025 12:00","CTA|SE","-","-"
"26/12/2025 12:00 - 26/12/2025 13:00","CTA|SE","-","-"
"26/12/2025 13:00 - 26/12/2025 14:00","CTA|SE","-","-"
"26/12/2025 14:00 - 26/12/2025 15:00","CTA|SE","-","-"
"26/12/2025 15:00 - 26/12/2025 16:00","CTA|SE","-","-"
"26/12/2025 16:00 - 26/12/2025 17:00","CTA|SE","-","-"
"26/12/2025 17:00 - 26/12/2025 18:00","CTA|SE","-","-"
"26/12/2025 18:00 - 26/12/2025 19:00","CTA|SE","-","-"
"26/12/2025 19:00 - 26/12/2025 20:00","CTA|SE","-","-"
"26/12/2025 20:00 - 26/12/2025 21:00","CTA|SE","-","-"
"26/12/2025 21:00 - 26/12/2025 22:00","CTA|SE","-","-"
"26/12/2025 22:00 - 26/12/2025 23:00","CTA|SE","-","-"
"26/12/2025 23:00 - 27/12/2025 00:00","CTA|SE","-","-"
"27/12/2025 00:00 - 27/12/2025 01:00","CTA|SE","-","-"
"27/12/2025 01:00 - 27/12/2025 02:00","CTA|SE","-","-"
"27/12/2025 02:00 - 27/12/2025 03:00","CTA|SE","-","-"
"27/12/2025 03:00 - 27/12/2025 04:00","CTA|SE","-","-"
"27/12/2025 04:00 - 27/12/2025 05:00","CTA|SE","-","-"
"27/12/2025 05:00 - 27/12/2025 06:00","CTA|SE","-","-"
"27/12/2025 06:00 - 27/12/2025 07:00","CTA|SE","-","-"
"27/12/2025 07:00 - 27/12/2025 08:00","CTA|SE","-","-"
"27/12/2025 08:00 - 27/12/2025 09:00","CTA|SE","-","-"
"27/12/2025 09:00 - 27/12/2025 10:00","CTA|SE","-","-"
"27/12/2025 10:00 - 27/12/2025 11:00","CTA|SE","-","-"
"27/12/2025 11:00 - 27/12/2025 12:00","CTA|SE","-","-"
"27/12/2025 12:00 - 27/12/2025 13:00","CTA|SE","-","-"
"27/12/2025 13:00 - 27/12/2025 14:00","CTA|SE","-","-"
"27/12/2025 14:00 - 27/12/2025 15:00","CTA|SE","-","-"
"27/12/2025 15:00 - 27/12/2025 16:00","CTA|SE","-","-"
"27/12/2025 16:00 - 27/12/2025 17:00","CTA|SE","-","-"
"27/12/2025 17:00 - 27/12/2025 18:00","CTA|SE","-","-"
"27/12/2025 18:00 - 27/12/2025 19:00","CTA|SE","-","-"
"27/12/2025 19:00 - 27/12/2025 20:00","CTA|SE","-","-"
"27/12/2025 20:00 - 27/12/2025 21:00","CTA|SE","-","-"
"27/12/2025 21:00 - 27/12/2025 22:00","CTA|SE","-","-"
"27/12/2025 22:00 - 27/12/2025 23:00","CTA|SE","-","-"
"27/12/2025 23:00 - 28/12/2025 00:00","CTA|SE","-","-"
"28/12/2025 00:00 - 28/12/2025 01:00","CTA|SE","-","-"
"28/12/2025 01:00 - 28/12/2025 02:00","CTA|SE","-","-"
"28/12/2025 02:00 - 28/12/2025 03:00","CTA|SE","-","-"
"28/12/2025 03:00 - 28/12/2025 04:00","CTA|SE","-","-"
"28/12/2025 04:00 - 28/12/2025 05:00","CTA|SE","-","-"
"28/12/2025 05:00 - 28/12/2025 06:00","CTA|SE","-","-"
"28/12/2025 06:00 - 28/12/2025 07:00","CTA|SE","-","-"
"28/12/2025 07:00 - 28/12/2025 08:00","CTA|SE","-","-"
"28/12/2025 08:00 - 28/12/2025 09:00","CTA|SE","-","-"
"28/12/2025 09:00 - 28/12/2025 10:00","CTA|SE","-","-"
"28/12/2025 10:00 - 28/12/2025 11:00","CTA|SE","-","-"
"28/12/2025 11:00 - 28/12/2025 12:00","CTA|SE","-","-"
"28/12/2025 12:00 - 28/12/2025 13:00","CTA|SE","-","-"
"28/12/2025 13:00 - 28/12/2025 14:00","CTA|SE","-","-"
"28/12/2025 14:00 - 28/12/2025 15:00","CTA|SE","-","-"
"28/12/2025 15:00 - 28/12/2025 16:00","CTA|SE","-","-"
"28/12/2025 16:00 - 28/12/2025 17:00","CTA|SE","-","-"
"28/12/2025 17:00 - 28/12/2025 18:00","CTA|SE","-","-"
"28/12/2025 18:00 - 28/12/2025 19:00","CTA|SE","-","-"
"28/12/2025 19:00 - 28/12/2025 20:00","CTA|SE","-","-"
"28/12/2025 20:00 - 28/12/2025 21:00","CTA|SE","-","-"
"28/12/2025 21:00 - 28/12/2025 22:00","CTA|SE","-","-"
"28/12/2025 22:00 - 28/12/2025 23:00","CTA|SE","-","-"
"28/12/2025 23:00 - 29/12/2025 00:00","CTA|SE","-","-"
"29/12/2025 00:00 - 29/12/2025 01:00","CTA|SE","-","-"
"29/12/2025 01:00 - 29/12/2025 02:00","CTA|SE","-","-"
"29/12/2025 02:00 - 29/12/2025 03:00","CTA|SE","-","-"
"29/12/2025 03:00 - 29/12/2025 04:00","CTA|SE","-","-"
"29/12/2025 04:00 - 29/12/2025 05:00","CTA|SE","-","-"
"29/12/2025 05:00 - 29/12/2025 06:00","CTA|SE","-","-"
"29/12/2025 06:00 - 29/12/2025 07:00","CTA|SE","-","-"
"29/12/2025 07:00 - 29/12/2025 08:00","CTA|SE","-","-"
"29/12/2025 08:00 - 29/12/2025 09:00","CTA|SE","-","-"
"29/12/2025 09:00 - 29/12/2025 10:00","CTA|SE","-","-"
"29/12/2025 10:00 - 29/12/2025 11:00","CTA|SE","-","-"
"29/12/2025 11:00 - 29/12/2025 12:00","CTA|SE","-","-"
"29/12/2025 12:00 - 29/12/2025 13:00","CTA|SE","-","-"
"29/12/2025 13:00 - 29/12/2025 14:00","CTA|SE","-","-"
"29/12/2025 14:00 - 29/12/2025 15:00","CTA|SE","-","-"
"29/12/2025 15:00 - 29/12/2025 16:00","CTA|SE","-","-"
"29/12/2025 16:00 - 29/12/2025 17:00","CTA|SE","-","-"
"29/12/2025 17:00 - 29/12/2025 18:00","CTA|SE","-","-"
"29/12/2025 18:00 - 29/12/2025 19:00","CTA|SE","-","-"
"29/12/2025 19:00 - 29/12/2025 20:00","CTA|SE","-","-"
"29/12/2025 20:00 - 29/12/2025 21:00","CTA|SE","-","-"
"29/12/2025 21:00 - 29/12/2025 22:00","CTA|SE","-","-"
"29/12/2025 22:00 - 29/12/2025 23:00","CTA|SE","-","-"
"29/12/2025 23:00 - 30/12/2025 00:00","CTA|SE","-","-"
"30/12/2025 00:00 - 30/12/2025 01:00","CTA|SE","-","-"
"30/12/2025 01:00 - 30/12/2025 02:00","CTA|SE","-","-"
"30/12/2025 02:00 - 30/12/2025 03:00","CTA|SE","-","-"
"30/12/2025 03:00 - 30/12/2025 04:00","CTA|SE","-","-"
"30/12/2025 04:00 - 30/12/2025 05:00","CTA|SE","-","-"
"30/12/2025 05:00 - 30/12/2025 06:00","CTA|SE","-","-"
"30/12/2025 06:00 - 30/12/2025 07:00","CTA|SE","-","-"
"30/12/2025 07:00 - 30/12/2025 08:00","CTA|SE","-","-"
"30/12/2025 08:00 - 30/12/2025 09:00","CTA|SE","-","-"
"30/12/2025 09:00 - 30/12/2025 10:00","CTA|SE","-","-"
"30/12/2025 10:00 - 30/12/2025 11:00","CTA|SE","-","-"
"30/12/2025 11:00 - 30/12/2025 12:00","CTA|SE","-","-"
"30/12/2025 12:00 - 30/12/2025 13:00","CTA|SE","-","-"
"30/12/2025 13:00 - 30/12/2025 14:00","CTA|SE","-","-"
"30/12/2025 14:00 - 30/12/2025 15:00","CTA|SE","-","-"
"30/12/2025 15:00 - 30/12/2025 16:00","CTA|SE","-","-"
"30/12/2025 16:00 - 30/12/2025 17:00","CTA|SE","-","-"
"30/12/2025 17:00 - 30/12/2025 18:00","CTA|SE","-","-"
"30/12/2025 18:00 - 30/12/2025 19:00","CTA|SE","-","-"
"30/12/2025 19:00 - 30/12/2025 20:00","CTA|SE","-","-"
"30/12/2025 20:00 - 30/12/2025 21:00","CTA|SE","-","-"
"30/12/2025 21:00 - 30/12/2025 22:00","CTA|SE","-","-"
"30/12/2025 22:00 - 30/12/2025 23:00","CTA|SE","-","-"
"30/12/2025 23:00 - 31/12/2025 00:00","CTA|SE","-","-"
"31/12/2025 00:00 - 31/12/2025 01:00","CTA|SE","-","-"
"31/12/2025 01:00 - 31/12/2025 02:00","CTA|SE","-","-"
"31/12/2025 02:00 - 31/12/2025 03:00","CTA|SE","-","-"
"31/12/2025 03:00 - 31/12/2025 04:00","CTA|SE","-","-"
"31/12/2025 04:00 - 31/12/2025 05:00","CTA|SE","-","-"
"31/12/2025 05:00 - 31/12/2025 06:00","CTA|SE","-","-"
"31/12/2025 06:00 - 31/12/2025 07:00","CTA|SE","-","-"
"31/12/2025 07:00 - 31/12/2025 08:00","CTA|SE","-","-"
"31/12/2025 08:00 - 31/12/2025 09:00","CTA|SE","-","-"
"31/12/2025 09:00 - 31/12/2025 10:00","CTA|SE","-","-"
"31/12/2025 10:00 - 31/12/2025 11:00","CTA|SE","-","-"
"31/12/2025 11:00 - 31/12/2025 12:00","CTA|SE","-","-"
"31/12/2025 12:00 - 31/12/2025 13:00","CTA|SE","-","-"
"31/12/2025 13:00 - 31/12/2025 14:00","CTA|SE","-","-"
"31/12/2025 14:00 - 31/12/2025 15:00","CTA|SE","-","-"
"31/12/2025 15:00 - 31/12/2025 16:00","CTA|SE","-","-"
"31/12/2025 16:00 - 31/12/2025 17:00","CTA|SE","-","-"
"31/12/2025 17:00 - 31/12/2025 18:00","CTA|SE","-","-"
"31/12/2025 18:00 - 31/12/2025 19:00","CTA|SE","-","-"
"31/12/2025 19:00 - 31/12/2025 20:00","CTA|SE","-","-"
"31/12/2025 20:00 - 31/12/2025 21:00","CTA|SE","-","-"
"31/12/2025 21:00 - 31/12/2025 22:00","CTA|SE","-","-"
"31/12/2025 22:00 - 31/12/2025 23:00","CTA|SE","-","-"
"31/12/2025 23:00 - 01/01/2026 00:00","CTA|SE","-","-"
