"MTU (UTC)","Area","Actual Total Load (MW)","Day-ahead Total Load Forecast (MW)"
"01/01/2022 00:00 - 01/01/2022 01:00","CTA|SE","15331.00","14904.00"
"01/01/2022 01:00 - 01/01/2022 02:00","CTA|SE","15331.00","14760.00"
"01/01/2022 02:00 - 01/01/2022 03:00","CTA|SE","15270.00","14678.00"
"01/01/2022 03:00 - 01/01/2022 04:00","CTA|SE","15150.00","14730.00"
"01/01/2022 04:00 - 01/01/2022 05:00","CTA|SE","15387.00","14966.00"
"01/01/2022 05:00 - 01/01/2022 06:00","CTA|SE","15737.00","15388.00"
"01/01/2022 06:00 - 01/01/2022 07:00","CTA|SE","16054.00","15860.00"
"01/01/2022 07:00 - 01/01/2022 08:00","CTA|SE","16455.00","16251.00"
"01/01/2022 08:00 - 01/01/2022 09:00","CTA|SE","16943.00","16597.00"
"01/01/2022 09:00 - 01/01/2022 10:00","CTA|SE","17476.00","17086.00"
"01/01/2022 10:00 - 01/01/2022 11:00","CTA|SE","17657.00","17508.00"
"01/01/2022 11:00 - 01/01/2022 12:00","CTA|SE","17521.00","17737.00"
"01/01/2022 12:00 - 01/01/2022 13:00","CTA|SE","17542.00","17918.00"
"01/01/2022 13:00 - 01/01/2022 14:00","CTA|SE","17783.00","18254.00"
"01/01/2022 14:00 - 01/01/2022 15:00","CTA|SE","18417.00","18857.00"
"01/01/2022 15:00 - 01/01/2022 16:00","CTA|SE","18620.00","19407.00"
"01/01/2022 16:00 - 01/01/2022 17:00","CTA|SE","18778.00","19579.00"
"01/01/2022 17:00 - 01/01/2022 18:00","CTA|SE","18621.00","19420.00"
"01/01/2022 18:00 - 01/01/2022 19:00","CTA|SE","17942.00","19086.00"
"01/01/2022 19:00 - 01/01/2022 20:00","CTA|SE","17481.00","18574.00"
"01/01/2022 20:00 - 01/01/2022 21:00","CTA|SE","17048.00","18009.00"
"01/01/2022 21:00 - 01/01/2022 22:00","CTA|SE","16461.00","17364.00"
"01/01/2022 22:00 - 01/01/2022 23:00","CTA|SE","16048.00","16778.00"
"01/01/2022 23:00 - 02/01/2022 00:00","CTA|SE","15924.00","15987.00"
"02/01/2022 00:00 - 02/01/2022 01:00","CTA|SE","15328.00","15601.00"
"02/01/2022 01:00 - 02/01/2022 02:00","CTA|SE","15037.00","15328.00"
"02/01/2022 02:00 - 02/01/2022 03:00","CTA|SE","14770.00","15183.00"
"02/01/2022 03:00 - 02/01/2022 04:00","CTA|SE","14706.00","15193.00"
"02/01/2022 04:00 - 02/01/2022 05:00","CTA|SE","14752.00","15319.00"
"02/01/2022 05:00 - 02/01/2022 06:00","CTA|SE","15202.00","15641.00"
"02/01/2022 06:00 - 02/01/2022 07:00","CTA|SE","15916.00","16083.00"
"02/01/2022 07:00 - 02/01/2022 08:00","CTA|SE","16545.00","16669.00"
"02/01/2022 08:00 - 02/01/2022 09:00","CTA|SE","16960.00","17198.00"
"02/01/2022 09:00 - 02/01/2022 10:00","CTA|SE","17299.00","17644.00"
"02/01/2022 10:00 - 02/01/2022 11:00","CTA|SE","17428.00","17888.00"
"02/01/2022 11:00 - 02/01/2022 12:00","CTA|SE","17553.00","17946.00"
"02/01/2022 12:00 - 02/01/2022 13:00","CTA|SE","17792.00","17902.00"
"02/01/2022 13:00 - 02/01/2022 14:00","CTA|SE","17912.00","17960.00"
"02/01/2022 14:00 - 02/01/2022 15:00","CTA|SE","18077.00","18352.00"
"02/01/2022 15:00 - 02/01/2022 16:00","CTA|SE","18265.00","18853.00"
"02/01/2022 16:00 - 02/01/2022 17:00","CTA|SE","18541.00","18996.00"
"02/01/2022 17:00 - 02/01/2022 18:00","CTA|SE","18424.00","18802.00"
"02/01/2022 18:00 - 02/01/2022 19:00","CTA|SE","18010.00","18437.00"
"02/01/2022 19:00 - 02/01/2022 20:00","CTA|SE","17305.00","17911.00"
"02/01/2022 20:00 - 02/01/2022 21:00","CTA|SE","16546.00","17297.00"
"02/01/2022 21:00 - 02/01/2022 22:00","CTA|SE","16269.00","16588.00"
"02/01/2022 22:00 - 02/01/2022 23:00","CTA|SE","15506.00","15912.00"
"02/01/2022 23:00 - 03/01/2022 00:00","CTA|SE","15319.00","15217.00"
"03/01/2022 00:00 - 03/01/2022 01:00","CTA|SE","15049.00","14905.00"
"03/01/2022 01:00 - 03/01/2022 02:00","CTA|SE","14808.00","14787.00"
"03/01/2022 02:00 - 03/01/2022 03:00","CTA|SE","14886.00","14784.00"
"03/01/2022 03:00 - 03/01/2022 04:00","CTA|SE","15344.00","14999.00"
"03/01/2022 04:00 - 03/01/2022 05:00","CTA|SE","15734.00","15562.00"
"03/01/2022 05:00 - 03/01/2022 06:00","CTA|SE","17213.00","16794.00"
"03/01/2022 06:00 - 03/01/2022 07:00","CTA|SE","18764.00","17948.00"
"03/01/2022 07:00 - 03/01/2022 08:00","CTA|SE","19396.00","18579.00"
"03/01/2022 08:00 - 03/01/2022 09:00","CTA|SE","19451.00","18743.00"
"03/01/2022 09:00 - 03/01/2022 10:00","CTA|SE","19620.00","19034.00"
"03/01/2022 10:00 - 03/01/2022 11:00","CTA|SE","19916.00","19100.00"
"03/01/2022 11:00 - 03/01/2022 12:00","CTA|SE","20005.00","19037.00"
"03/01/2022 12:00 - 03/01/2022 13:00","CTA|SE","20204.00","18966.00"
"03/01/2022 13:00 - 03/01/2022 14:00","CTA|SE","20225.00","18974.00"
"03/01/2022 14:00 - 03/01/2022 15:00","CTA|SE","20687.00","19330.00"
"03/01/2022 15:00 - 03/01/2022 16:00","CTA|SE","20855.00","19559.00"
"03/01/2022 16:00 - 03/01/2022 17:00","CTA|SE","21041.00","19536.00"
"03/01/2022 17:00 - 03/01/2022 18:00","CTA|SE","20625.00","19127.00"
"03/01/2022 18:00 - 03/01/2022 19:00","CTA|SE","20368.00","18633.00"
"03/01/2022 19:00 - 03/01/2022 20:00","CTA|SE","19675.00","18006.00"
"03/01/2022 20:00 - 03/01/2022 21:00","CTA|SE","18948.00","17351.00"
"03/01/2022 21:00 - 03/01/2022 22:00","CTA|SE","18102.00","16696.00"
"03/01/2022 22:00 - 03/01/2022 23:00","CTA|SE","17269.00","16061.00"
"03/01/2022 23:00 - 04/01/2022 00:00","CTA|SE","17009.00","15069.00"
"04/01/2022 00:00 - 04/01/2022 01:00","CTA|SE","16824.00","14851.00"
"04/01/2022 01:00 - 04/01/2022 02:00","CTA|SE","16796.00","14866.00"
"04/01/2022 02:00 - 04/01/2022 03:00","CTA|SE","16723.00","15016.00"
"04/01/2022 03:00 - 04/01/2022 04:00","CTA|SE","17084.00","15358.00"
"04/01/2022 04:00 - 04/01/2022 05:00","CTA|SE","17985.00","16028.00"
"04/01/2022 05:00 - 04/01/2022 06:00","CTA|SE","19017.00","17368.00"
"04/01/2022 06:00 - 04/01/2022 07:00","CTA|SE","20133.00","18642.00"
"04/01/2022 07:00 - 04/01/2022 08:00","CTA|SE","20800.00","19349.00"
"04/01/2022 08:00 - 04/01/2022 09:00","CTA|SE","20732.00","19534.00"
"04/01/2022 09:00 - 04/01/2022 10:00","CTA|SE","20622.00","19782.00"
"04/01/2022 10:00 - 04/01/2022 11:00","CTA|SE","20849.00","19766.00"
"04/01/2022 11:00 - 04/01/2022 12:00","CTA|SE","20973.00","19668.00"
"04/01/2022 12:00 - 04/01/2022 13:00","CTA|SE","20749.00","19600.00"
"04/01/2022 13:00 - 04/01/2022 14:00","CTA|SE","20770.00","19659.00"
"04/01/2022 14:00 - 04/01/2022 15:00","CTA|SE","21558.00","20106.00"
"04/01/2022 15:00 - 04/01/2022 16:00","CTA|SE","21965.00","20479.00"
"04/01/2022 16:00 - 04/01/2022 17:00","CTA|SE","22098.00","20545.00"
"04/01/2022 17:00 - 04/01/2022 18:00","CTA|SE","21647.00","20179.00"
"04/01/2022 18:00 - 04/01/2022 19:00","CTA|SE","21163.00","19711.00"
"04/01/2022 19:00 - 04/01/2022 20:00","CTA|SE","20499.00","19135.00"
"04/01/2022 20:00 - 04/01/2022 21:00","CTA|SE","19641.00","18454.00"
"04/01/2022 21:00 - 04/01/2022 22:00","CTA|SE","19007.00","17733.00"
"04/01/2022 22:00 - 04/01/2022 23:00","CTA|SE","18021.00","17023.00"
"04/01/2022 23:00 - 05/01/2022 00:00","CTA|SE","17745.00","17211.00"
"05/01/2022 00:00 - 05/01/2022 01:00","CTA|SE","17270.00","16922.00"
"05/01/2022 01:00 - 05/01/2022 02:00","CTA|SE","17050.00","16774.00"
"05/01/2022 02:00 - 05/01/2022 03:00","CTA|SE","17103.00","16810.00"
"05/01/2022 03:00 - 05/01/2022 04:00","CTA|SE","17262.00","17056.00"
"05/01/2022 04:00 - 05/01/2022 05:00","CTA|SE","17810.00","17681.00"
"05/01/2022 05:00 - 05/01/2022 06:00","CTA|SE","19235.00","19126.00"
"05/01/2022 06:00 - 05/01/2022 07:00","CTA|SE","20644.00","20383.00"
"05/01/2022 07:00 - 05/01/2022 08:00","CTA|SE","21248.00","20982.00"
"05/01/2022 08:00 - 05/01/2022 09:00","CTA|SE","21376.00","21136.00"
"05/01/2022 09:00 - 05/01/2022 10:00","CTA|SE","21549.00","21516.00"
"05/01/2022 10:00 - 05/01/2022 11:00","CTA|SE","21489.00","21553.00"
"05/01/2022 11:00 - 05/01/2022 12:00","CTA|SE","21319.00","21439.00"
"05/01/2022 12:00 - 05/01/2022 13:00","CTA|SE","21436.00","21333.00"
"05/01/2022 13:00 - 05/01/2022 14:00","CTA|SE","21327.00","21293.00"
"05/01/2022 14:00 - 05/01/2022 15:00","CTA|SE","22057.00","21588.00"
"05/01/2022 15:00 - 05/01/2022 16:00","CTA|SE","22197.00","21943.00"
"05/01/2022 16:00 - 05/01/2022 17:00","CTA|SE","22071.00","22039.00"
"05/01/2022 17:00 - 05/01/2022 18:00","CTA|SE","21801.00","21680.00"
"05/01/2022 18:00 - 05/01/2022 19:00","CTA|SE","21434.00","21180.00"
"05/01/2022 19:00 - 05/01/2022 20:00","CTA|SE","20792.00","20538.00"
"05/01/2022 20:00 - 05/01/2022 21:00","CTA|SE","19817.00","19860.00"
"05/01/2022 21:00 - 05/01/2022 22:00","CTA|SE","19120.00","19177.00"
"05/01/2022 22:00 - 05/01/2022 23:00","CTA|SE","18579.00","18523.00"
"05/01/2022 23:00 - 06/01/2022 00:00","CTA|SE","18215.00","17855.00"
"06/01/2022 00:00 - 06/01/2022 01:00","CTA|SE","17680.00","17516.00"
"06/01/2022 01:00 - 06/01/2022 02:00","CTA|SE","17514.00","17361.00"
"06/01/2022 02:00 - 06/01/2022 03:00","CTA|SE","17502.00","17360.00"
"06/01/2022 03:00 - 06/01/2022 04:00","CTA|SE","17795.00","17591.00"
"06/01/2022 04:00 - 06/01/2022 05:00","CTA|SE","18109.00","17946.00"
"06/01/2022 05:00 - 06/01/2022 06:00","CTA|SE","18714.00","18646.00"
"06/01/2022 06:00 - 06/01/2022 07:00","CTA|SE","19147.00","19344.00"
"06/01/2022 07:00 - 06/01/2022 08:00","CTA|SE","20168.00","20076.00"
"06/01/2022 08:00 - 06/01/2022 09:00","CTA|SE","20826.00","20672.00"
"06/01/2022 09:00 - 06/01/2022 10:00","CTA|SE","21258.00","21212.00"
"06/01/2022 10:00 - 06/01/2022 11:00","CTA|SE","21169.00","21418.00"
"06/01/2022 11:00 - 06/01/2022 12:00","CTA|SE","21064.00","21333.00"
"06/01/2022 12:00 - 06/01/2022 13:00","CTA|SE","20625.00","21168.00"
"06/01/2022 13:00 - 06/01/2022 14:00","CTA|SE","20709.00","21219.00"
"06/01/2022 14:00 - 06/01/2022 15:00","CTA|SE","21371.00","21787.00"
"06/01/2022 15:00 - 06/01/2022 16:00","CTA|SE","21680.00","22536.00"
"06/01/2022 16:00 - 06/01/2022 17:00","CTA|SE","21954.00","22725.00"
"06/01/2022 17:00 - 06/01/2022 18:00","CTA|SE","21591.00","22445.00"
"06/01/2022 18:00 - 06/01/2022 19:00","CTA|SE","21068.00","22025.00"
"06/01/2022 19:00 - 06/01/2022 20:00","CTA|SE","20458.00","21513.00"
"06/01/2022 20:00 - 06/01/2022 21:00","CTA|SE","20482.00","20854.00"
"06/01/2022 21:00 - 06/01/2022 22:00","CTA|SE","20455.00","20109.00"
"06/01/2022 22:00 - 06/01/2022 23:00","CTA|SE","19167.00","19411.00"
"06/01/2022 23:00 - 07/01/2022 00:00","CTA|SE","18524.00","19947.00"
"07/01/2022 00:00 - 07/01/2022 01:00","CTA|SE","18521.00","19679.00"
"07/01/2022 01:00 - 07/01/2022 02:00","CTA|SE","18153.00","19609.00"
"07/01/2022 02:00 - 07/01/2022 03:00","CTA|SE","18216.00","19671.00"
"07/01/2022 03:00 - 07/01/2022 04:00","CTA|SE","18365.00","19957.00"
"07/01/2022 04:00 - 07/01/2022 05:00","CTA|SE","18495.00","20736.00"
"07/01/2022 05:00 - 07/01/2022 06:00","CTA|SE","20144.00","22385.00"
"07/01/2022 06:00 - 07/01/2022 07:00","CTA|SE","21352.00","23857.00"
"07/01/2022 07:00 - 07/01/2022 08:00","CTA|SE","21863.00","24187.00"
"07/01/2022 08:00 - 07/01/2022 09:00","CTA|SE","21967.00","24047.00"
"07/01/2022 09:00 - 07/01/2022 10:00","CTA|SE","22315.00","23991.00"
"07/01/2022 10:00 - 07/01/2022 11:00","CTA|SE","22456.00","23807.00"
"07/01/2022 11:00 - 07/01/2022 12:00","CTA|SE","22363.00","23590.00"
"07/01/2022 12:00 - 07/01/2022 13:00","CTA|SE","22296.00","23235.00"
"07/01/2022 13:00 - 07/01/2022 14:00","CTA|SE","22321.00","23094.00"
"07/01/2022 14:00 - 07/01/2022 15:00","CTA|SE","22437.00","23182.00"
"07/01/2022 15:00 - 07/01/2022 16:00","CTA|SE","22405.00","23467.00"
"07/01/2022 16:00 - 07/01/2022 17:00","CTA|SE","22335.00","23497.00"
"07/01/2022 17:00 - 07/01/2022 18:00","CTA|SE","21736.00","23015.00"
"07/01/2022 18:00 - 07/01/2022 19:00","CTA|SE","21128.00","22326.00"
"07/01/2022 19:00 - 07/01/2022 20:00","CTA|SE","20408.00","21543.00"
"07/01/2022 20:00 - 07/01/2022 21:00","CTA|SE","19519.00","20769.00"
"07/01/2022 21:00 - 07/01/2022 22:00","CTA|SE","18730.00","20013.00"
"07/01/2022 22:00 - 07/01/2022 23:00","CTA|SE","18221.00","19324.00"
"07/01/2022 23:00 - 08/01/2022 00:00","CTA|SE","17573.00","18236.00"
"08/01/2022 00:00 - 08/01/2022 01:00","CTA|SE","17102.00","17862.00"
"08/01/2022 01:00 - 08/01/2022 02:00","CTA|SE","16679.00","17663.00"
"08/01/2022 02:00 - 08/01/2022 03:00","CTA|SE","16817.00","17565.00"
"08/01/2022 03:00 - 08/01/2022 04:00","CTA|SE","16970.00","17609.00"
"08/01/2022 04:00 - 08/01/2022 05:00","CTA|SE","17050.00","17783.00"
"08/01/2022 05:00 - 08/01/2022 06:00","CTA|SE","17250.00","18216.00"
"08/01/2022 06:00 - 08/01/2022 07:00","CTA|SE","17856.00","18779.00"
"08/01/2022 07:00 - 08/01/2022 08:00","CTA|SE","18681.00","19411.00"
"08/01/2022 08:00 - 08/01/2022 09:00","CTA|SE","18937.00","19970.00"
"08/01/2022 09:00 - 08/01/2022 10:00","CTA|SE","19531.00","20344.00"
"08/01/2022 10:00 - 08/01/2022 11:00","CTA|SE","19969.00","20427.00"
"08/01/2022 11:00 - 08/01/2022 12:00","CTA|SE","20099.00","20358.00"
"08/01/2022 12:00 - 08/01/2022 13:00","CTA|SE","19855.00","20244.00"
"08/01/2022 13:00 - 08/01/2022 14:00","CTA|SE","19961.00","20214.00"
"08/01/2022 14:00 - 08/01/2022 15:00","CTA|SE","20148.00","20545.00"
"08/01/2022 15:00 - 08/01/2022 16:00","CTA|SE","20353.00","21075.00"
"08/01/2022 16:00 - 08/01/2022 17:00","CTA|SE","20381.00","21242.00"
"08/01/2022 17:00 - 08/01/2022 18:00","CTA|SE","20448.00","20946.00"
"08/01/2022 18:00 - 08/01/2022 19:00","CTA|SE","20183.00","20453.00"
"08/01/2022 19:00 - 08/01/2022 20:00","CTA|SE","19451.00","19861.00"
"08/01/2022 20:00 - 08/01/2022 21:00","CTA|SE","18698.00","19287.00"
"08/01/2022 21:00 - 08/01/2022 22:00","CTA|SE","18190.00","18712.00"
"08/01/2022 22:00 - 08/01/2022 23:00","CTA|SE","17739.00","18159.00"
"08/01/2022 23:00 - 09/01/2022 00:00","CTA|SE","17228.00","17262.00"
"09/01/2022 00:00 - 09/01/2022 01:00","CTA|SE","17162.00","16955.00"
"09/01/2022 01:00 - 09/01/2022 02:00","CTA|SE","16909.00","16775.00"
"09/01/2022 02:00 - 09/01/2022 03:00","CTA|SE","16829.00","16708.00"
"09/01/2022 03:00 - 09/01/2022 04:00","CTA|SE","16799.00","16770.00"
"09/01/2022 04:00 - 09/01/2022 05:00","CTA|SE","16990.00","16939.00"
"09/01/2022 05:00 - 09/01/2022 06:00","CTA|SE","17248.00","17333.00"
"09/01/2022 06:00 - 09/01/2022 07:00","CTA|SE","17693.00","17814.00"
"09/01/2022 07:00 - 09/01/2022 08:00","CTA|SE","18239.00","18352.00"
"09/01/2022 08:00 - 09/01/2022 09:00","CTA|SE","18741.00","18893.00"
"09/01/2022 09:00 - 09/01/2022 10:00","CTA|SE","19485.00","19350.00"
"09/01/2022 10:00 - 09/01/2022 11:00","CTA|SE","19911.00","19591.00"
"09/01/2022 11:00 - 09/01/2022 12:00","CTA|SE","19965.00","19648.00"
"09/01/2022 12:00 - 09/01/2022 13:00","CTA|SE","20045.00","19631.00"
"09/01/2022 13:00 - 09/01/2022 14:00","CTA|SE","20295.00","19673.00"
"09/01/2022 14:00 - 09/01/2022 15:00","CTA|SE","20652.00","20022.00"
"09/01/2022 15:00 - 09/01/2022 16:00","CTA|SE","21211.00","20574.00"
"09/01/2022 16:00 - 09/01/2022 17:00","CTA|SE","21351.00","20822.00"
"09/01/2022 17:00 - 09/01/2022 18:00","CTA|SE","21024.00","20613.00"
"09/01/2022 18:00 - 09/01/2022 19:00","CTA|SE","20458.00","20239.00"
"09/01/2022 19:00 - 09/01/2022 20:00","CTA|SE","19936.00","19698.00"
"09/01/2022 20:00 - 09/01/2022 21:00","CTA|SE","19263.00","19060.00"
"09/01/2022 21:00 - 09/01/2022 22:00","CTA|SE","18517.00","18393.00"
"09/01/2022 22:00 - 09/01/2022 23:00","CTA|SE","17979.00","17753.00"
"09/01/2022 23:00 - 10/01/2022 00:00","CTA|SE","17574.00","17296.00"
"10/01/2022 00:00 - 10/01/2022 01:00","CTA|SE","17190.00","17090.00"
"10/01/2022 01:00 - 10/01/2022 02:00","CTA|SE","17050.00","17086.00"
"10/01/2022 02:00 - 10/01/2022 03:00","CTA|SE","17240.00","17190.00"
"10/01/2022 03:00 - 10/01/2022 04:00","CTA|SE","17532.00","17524.00"
"10/01/2022 04:00 - 10/01/2022 05:00","CTA|SE","18234.00","18360.00"
"10/01/2022 05:00 - 10/01/2022 06:00","CTA|SE","20058.00","20248.00"
"10/01/2022 06:00 - 10/01/2022 07:00","CTA|SE","21447.00","21878.00"
"10/01/2022 07:00 - 10/01/2022 08:00","CTA|SE","22120.00","22288.00"
"10/01/2022 08:00 - 10/01/2022 09:00","CTA|SE","21583.00","22250.00"
"10/01/2022 09:00 - 10/01/2022 10:00","CTA|SE","21432.00","22322.00"
"10/01/2022 10:00 - 10/01/2022 11:00","CTA|SE","21723.00","22283.00"
"10/01/2022 11:00 - 10/01/2022 12:00","CTA|SE","22049.00","22172.00"
"10/01/2022 12:00 - 10/01/2022 13:00","CTA|SE","21836.00","22026.00"
"10/01/2022 13:00 - 10/01/2022 14:00","CTA|SE","21785.00","22072.00"
"10/01/2022 14:00 - 10/01/2022 15:00","CTA|SE","22006.00","22447.00"
"10/01/2022 15:00 - 10/01/2022 16:00","CTA|SE","22489.00","22767.00"
"10/01/2022 16:00 - 10/01/2022 17:00","CTA|SE","22962.00","22994.00"
"10/01/2022 17:00 - 10/01/2022 18:00","CTA|SE","22806.00","22576.00"
"10/01/2022 18:00 - 10/01/2022 19:00","CTA|SE","22589.00","22091.00"
"10/01/2022 19:00 - 10/01/2022 20:00","CTA|SE","22008.00","21487.00"
"10/01/2022 20:00 - 10/01/2022 21:00","CTA|SE","21208.00","20703.00"
"10/01/2022 21:00 - 10/01/2022 22:00","CTA|SE","20161.00","19735.00"
"10/01/2022 22:00 - 10/01/2022 23:00","CTA|SE","19151.00","18799.00"
"10/01/2022 23:00 - 11/01/2022 00:00","CTA|SE","18650.00","17835.00"
"11/01/2022 00:00 - 11/01/2022 01:00","CTA|SE","18466.00","17514.00"
"11/01/2022 01:00 - 11/01/2022 02:00","CTA|SE","18208.00","17380.00"
"11/01/2022 02:00 - 11/01/2022 03:00","CTA|SE","18094.00","17407.00"
"11/01/2022 03:00 - 11/01/2022 04:00","CTA|SE","18149.00","17638.00"
"11/01/2022 04:00 - 11/01/2022 05:00","CTA|SE","18884.00","18416.00"
"11/01/2022 05:00 - 11/01/2022 06:00","CTA|SE","20523.00","20175.00"
"11/01/2022 06:00 - 11/01/2022 07:00","CTA|SE","21842.00","21792.00"
"11/01/2022 07:00 - 11/01/2022 08:00","CTA|SE","22032.00","22185.00"
"11/01/2022 08:00 - 11/01/2022 09:00","CTA|SE","21983.00","22118.00"
"11/01/2022 09:00 - 11/01/2022 10:00","CTA|SE","22072.00","22156.00"
"11/01/2022 10:00 - 11/01/2022 11:00","CTA|SE","21603.00","22054.00"
"11/01/2022 11:00 - 11/01/2022 12:00","CTA|SE","21697.00","21823.00"
"11/01/2022 12:00 - 11/01/2022 13:00","CTA|SE","21900.00","21650.00"
"11/01/2022 13:00 - 11/01/2022 14:00","CTA|SE","21940.00","21644.00"
"11/01/2022 14:00 - 11/01/2022 15:00","CTA|SE","22067.00","21976.00"
"11/01/2022 15:00 - 11/01/2022 16:00","CTA|SE","22396.00","22304.00"
"11/01/2022 16:00 - 11/01/2022 17:00","CTA|SE","22506.00","22466.00"
"11/01/2022 17:00 - 11/01/2022 18:00","CTA|SE","22105.00","22036.00"
"11/01/2022 18:00 - 11/01/2022 19:00","CTA|SE","21495.00","21538.00"
"11/01/2022 19:00 - 11/01/2022 20:00","CTA|SE","20866.00","20866.00"
"11/01/2022 20:00 - 11/01/2022 21:00","CTA|SE","20112.00","20051.00"
"11/01/2022 21:00 - 11/01/2022 22:00","CTA|SE","19340.00","19097.00"
"11/01/2022 22:00 - 11/01/2022 23:00","CTA|SE","18126.00","18169.00"
"11/01/2022 23:00 - 12/01/2022 00:00","CTA|SE","17712.00","17614.00"
"12/01/2022 00:00 - 12/01/2022 01:00","CTA|SE","17502.00","17283.00"
"12/01/2022 01:00 - 12/01/2022 02:00","CTA|SE","17075.00","17126.00"
"12/01/2022 02:00 - 12/01/2022 03:00","CTA|SE","16788.00","17119.00"
"12/01/2022 03:00 - 12/01/2022 04:00","CTA|SE","17389.00","17316.00"
"12/01/2022 04:00 - 12/01/2022 05:00","CTA|SE","18200.00","18066.00"
"12/01/2022 05:00 - 12/01/2022 06:00","CTA|SE","19474.00","19781.00"
"12/01/2022 06:00 - 12/01/2022 07:00","CTA|SE","21027.00","21362.00"
"12/01/2022 07:00 - 12/01/2022 08:00","CTA|SE","21411.00","21710.00"
"12/01/2022 08:00 - 12/01/2022 09:00","CTA|SE","21174.00","21636.00"
"12/01/2022 09:00 - 12/01/2022 10:00","CTA|SE","21303.00","21665.00"
"12/01/2022 10:00 - 12/01/2022 11:00","CTA|SE","21203.00","21602.00"
"12/01/2022 11:00 - 12/01/2022 12:00","CTA|SE","20880.00","21420.00"
"12/01/2022 12:00 - 12/01/2022 13:00","CTA|SE","20766.00","21261.00"
"12/01/2022 13:00 - 12/01/2022 14:00","CTA|SE","20727.00","21231.00"
"12/01/2022 14:00 - 12/01/2022 15:00","CTA|SE","21039.00","21453.00"
"12/01/2022 15:00 - 12/01/2022 16:00","CTA|SE","21328.00","21711.00"
"12/01/2022 16:00 - 12/01/2022 17:00","CTA|SE","21117.00","21834.00"
"12/01/2022 17:00 - 12/01/2022 18:00","CTA|SE","20662.00","21347.00"
"12/01/2022 18:00 - 12/01/2022 19:00","CTA|SE","20053.00","20801.00"
"12/01/2022 19:00 - 12/01/2022 20:00","CTA|SE","19460.00","20091.00"
"12/01/2022 20:00 - 12/01/2022 21:00","CTA|SE","18743.00","19238.00"
"12/01/2022 21:00 - 12/01/2022 22:00","CTA|SE","17780.00","18252.00"
"12/01/2022 22:00 - 12/01/2022 23:00","CTA|SE","16589.00","17296.00"
"12/01/2022 23:00 - 13/01/2022 00:00","CTA|SE","15741.00","16843.00"
"13/01/2022 00:00 - 13/01/2022 01:00","CTA|SE","15524.00","16538.00"
"13/01/2022 01:00 - 13/01/2022 02:00","CTA|SE","15415.00","16386.00"
"13/01/2022 02:00 - 13/01/2022 03:00","CTA|SE","15611.00","16386.00"
"13/01/2022 03:00 - 13/01/2022 04:00","CTA|SE","15898.00","16586.00"
"13/01/2022 04:00 - 13/01/2022 05:00","CTA|SE","16492.00","17298.00"
"13/01/2022 05:00 - 13/01/2022 06:00","CTA|SE","17918.00","18933.00"
"13/01/2022 06:00 - 13/01/2022 07:00","CTA|SE","19624.00","20400.00"
"13/01/2022 07:00 - 13/01/2022 08:00","CTA|SE","20184.00","20696.00"
"13/01/2022 08:00 - 13/01/2022 09:00","CTA|SE","20216.00","20594.00"
"13/01/2022 09:00 - 13/01/2022 10:00","CTA|SE","19798.00","20621.00"
"13/01/2022 10:00 - 13/01/2022 11:00","CTA|SE","19552.00","20538.00"
"13/01/2022 11:00 - 13/01/2022 12:00","CTA|SE","19600.00","20368.00"
"13/01/2022 12:00 - 13/01/2022 13:00","CTA|SE","19590.00","20241.00"
"13/01/2022 13:00 - 13/01/2022 14:00","CTA|SE","19307.00","20212.00"
"13/01/2022 14:00 - 13/01/2022 15:00","CTA|SE","19797.00","20467.00"
"13/01/2022 15:00 - 13/01/2022 16:00","CTA|SE","20141.00","20810.00"
"13/01/2022 16:00 - 13/01/2022 17:00","CTA|SE","20215.00","21011.00"
"13/01/2022 17:00 - 13/01/2022 18:00","CTA|SE","19750.00","20602.00"
"13/01/2022 18:00 - 13/01/2022 19:00","CTA|SE","19468.00","20119.00"
"13/01/2022 19:00 - 13/01/2022 20:00","CTA|SE","18756.00","19471.00"
"13/01/2022 20:00 - 13/01/2022 21:00","CTA|SE","17960.00","18693.00"
"13/01/2022 21:00 - 13/01/2022 22:00","CTA|SE","17334.00","17783.00"
"13/01/2022 22:00 - 13/01/2022 23:00","CTA|SE","16465.00","16886.00"
"13/01/2022 23:00 - 14/01/2022 00:00","CTA|SE","15597.00","15994.00"
"14/01/2022 00:00 - 14/01/2022 01:00","CTA|SE","15361.00","15680.00"
"14/01/2022 01:00 - 14/01/2022 02:00","CTA|SE","15101.00","15552.00"
"14/01/2022 02:00 - 14/01/2022 03:00","CTA|SE","15215.00","15574.00"
"14/01/2022 03:00 - 14/01/2022 04:00","CTA|SE","15579.00","15838.00"
"14/01/2022 04:00 - 14/01/2022 05:00","CTA|SE","16256.00","16618.00"
"14/01/2022 05:00 - 14/01/2022 06:00","CTA|SE","17828.00","18318.00"
"14/01/2022 06:00 - 14/01/2022 07:00","CTA|SE","19398.00","19850.00"
"14/01/2022 07:00 - 14/01/2022 08:00","CTA|SE","19769.00","20250.00"
"14/01/2022 08:00 - 14/01/2022 09:00","CTA|SE","19901.00","20276.00"
"14/01/2022 09:00 - 14/01/2022 10:00","CTA|SE","19845.00","20340.00"
"14/01/2022 10:00 - 14/01/2022 11:00","CTA|SE","19493.00","20193.00"
"14/01/2022 11:00 - 14/01/2022 12:00","CTA|SE","19413.00","19894.00"
"14/01/2022 12:00 - 14/01/2022 13:00","CTA|SE","19280.00","19529.00"
"14/01/2022 13:00 - 14/01/2022 14:00","CTA|SE","19335.00","19423.00"
"14/01/2022 14:00 - 14/01/2022 15:00","CTA|SE","19719.00","19647.00"
"14/01/2022 15:00 - 14/01/2022 16:00","CTA|SE","20216.00","20232.00"
"14/01/2022 16:00 - 14/01/2022 17:00","CTA|SE","20513.00","20559.00"
"14/01/2022 17:00 - 14/01/2022 18:00","CTA|SE","20200.00","20199.00"
"14/01/2022 18:00 - 14/01/2022 19:00","CTA|SE","19555.00","19645.00"
"14/01/2022 19:00 - 14/01/2022 20:00","CTA|SE","18749.00","18976.00"
"14/01/2022 20:00 - 14/01/2022 21:00","CTA|SE","18248.00","18342.00"
"14/01/2022 21:00 - 14/01/2022 22:00","CTA|SE","17728.00","17692.00"
"14/01/2022 22:00 - 14/01/2022 23:00","CTA|SE","17329.00","17114.00"
"14/01/2022 23:00 - 15/01/2022 00:00","CTA|SE","16867.00","16402.00"
"15/01/2022 00:00 - 15/01/2022 01:00","CTA|SE","16626.00","16137.00"
"15/01/2022 01:00 - 15/01/2022 02:00","CTA|SE","16579.00","16033.00"
"15/01/2022 02:00 - 15/01/2022 03:00","CTA|SE","16702.00","16087.00"
"15/01/2022 03:00 - 15/01/2022 04:00","CTA|SE","16705.00","16260.00"
"15/01/2022 04:00 - 15/01/2022 05:00","CTA|SE","16790.00","16527.00"
"15/01/2022 05:00 - 15/01/2022 06:00","CTA|SE","17297.00","17030.00"
"15/01/2022 06:00 - 15/01/2022 07:00","CTA|SE","17762.00","17677.00"
"15/01/2022 07:00 - 15/01/2022 08:00","CTA|SE","18385.00","18346.00"
"15/01/2022 08:00 - 15/01/2022 09:00","CTA|SE","19010.00","18909.00"
"15/01/2022 09:00 - 15/01/2022 10:00","CTA|SE","19144.00","19273.00"
"15/01/2022 10:00 - 15/01/2022 11:00","CTA|SE","19414.00","19285.00"
"15/01/2022 11:00 - 15/01/2022 12:00","CTA|SE","18966.00","19129.00"
"15/01/2022 12:00 - 15/01/2022 13:00","CTA|SE","18644.00","18966.00"
"15/01/2022 13:00 - 15/01/2022 14:00","CTA|SE","18627.00","18989.00"
"15/01/2022 14:00 - 15/01/2022 15:00","CTA|SE","18852.00","19332.00"
"15/01/2022 15:00 - 15/01/2022 16:00","CTA|SE","19540.00","19979.00"
"15/01/2022 16:00 - 15/01/2022 17:00","CTA|SE","19641.00","20279.00"
"15/01/2022 17:00 - 15/01/2022 18:00","CTA|SE","19382.00","20050.00"
"15/01/2022 18:00 - 15/01/2022 19:00","CTA|SE","18750.00","19577.00"
"15/01/2022 19:00 - 15/01/2022 20:00","CTA|SE","18022.00","18965.00"
"15/01/2022 20:00 - 15/01/2022 21:00","CTA|SE","17560.00","18356.00"
"15/01/2022 21:00 - 15/01/2022 22:00","CTA|SE","17145.00","17753.00"
"15/01/2022 22:00 - 15/01/2022 23:00","CTA|SE","16689.00","17166.00"
"15/01/2022 23:00 - 16/01/2022 00:00","CTA|SE","16471.00","16323.00"
"16/01/2022 00:00 - 16/01/2022 01:00","CTA|SE","16159.00","15983.00"
"16/01/2022 01:00 - 16/01/2022 02:00","CTA|SE","16120.00","15736.00"
"16/01/2022 02:00 - 16/01/2022 03:00","CTA|SE","15889.00","15623.00"
"16/01/2022 03:00 - 16/01/2022 04:00","CTA|SE","15498.00","15617.00"
"16/01/2022 04:00 - 16/01/2022 05:00","CTA|SE","15575.00","15738.00"
"16/01/2022 05:00 - 16/01/2022 06:00","CTA|SE","15971.00","16116.00"
"16/01/2022 06:00 - 16/01/2022 07:00","CTA|SE","16730.00","16579.00"
"16/01/2022 07:00 - 16/01/2022 08:00","CTA|SE","16853.00","17072.00"
"16/01/2022 08:00 - 16/01/2022 09:00","CTA|SE","17215.00","17619.00"
"16/01/2022 09:00 - 16/01/2022 10:00","CTA|SE","17782.00","18074.00"
"16/01/2022 10:00 - 16/01/2022 11:00","CTA|SE","18307.00","18323.00"
"16/01/2022 11:00 - 16/01/2022 12:00","CTA|SE","18484.00","18389.00"
"16/01/2022 12:00 - 16/01/2022 13:00","CTA|SE","18590.00","18338.00"
"16/01/2022 13:00 - 16/01/2022 14:00","CTA|SE","18573.00","18356.00"
"16/01/2022 14:00 - 16/01/2022 15:00","CTA|SE","19097.00","18639.00"
"16/01/2022 15:00 - 16/01/2022 16:00","CTA|SE","19511.00","19254.00"
"16/01/2022 16:00 - 16/01/2022 17:00","CTA|SE","19783.00","19647.00"
"16/01/2022 17:00 - 16/01/2022 18:00","CTA|SE","19345.00","19505.00"
"16/01/2022 18:00 - 16/01/2022 19:00","CTA|SE","18973.00","19169.00"
"16/01/2022 19:00 - 16/01/2022 20:00","CTA|SE","18359.00","18666.00"
"16/01/2022 20:00 - 16/01/2022 21:00","CTA|SE","17849.00","18033.00"
"16/01/2022 21:00 - 16/01/2022 22:00","CTA|SE","17665.00","17324.00"
"16/01/2022 22:00 - 16/01/2022 23:00","CTA|SE","17191.00","16679.00"
"16/01/2022 23:00 - 17/01/2022 00:00","CTA|SE","16783.00","16325.00"
"17/01/2022 00:00 - 17/01/2022 01:00","CTA|SE","16828.00","16171.00"
"17/01/2022 01:00 - 17/01/2022 02:00","CTA|SE","16889.00","16203.00"
"17/01/2022 02:00 - 17/01/2022 03:00","CTA|SE","16854.00","16323.00"
"17/01/2022 03:00 - 17/01/2022 04:00","CTA|SE","17271.00","16662.00"
"17/01/2022 04:00 - 17/01/2022 05:00","CTA|SE","18182.00","17465.00"
"17/01/2022 05:00 - 17/01/2022 06:00","CTA|SE","19938.00","19216.00"
"17/01/2022 06:00 - 17/01/2022 07:00","CTA|SE","21281.00","20730.00"
"17/01/2022 07:00 - 17/01/2022 08:00","CTA|SE","21452.00","21144.00"
"17/01/2022 08:00 - 17/01/2022 09:00","CTA|SE","21283.00","21074.00"
"17/01/2022 09:00 - 17/01/2022 10:00","CTA|SE","21293.00","21120.00"
"17/01/2022 10:00 - 17/01/2022 11:00","CTA|SE","21045.00","21036.00"
"17/01/2022 11:00 - 17/01/2022 12:00","CTA|SE","20602.00","20868.00"
"17/01/2022 12:00 - 17/01/2022 13:00","CTA|SE","20574.00","20657.00"
"17/01/2022 13:00 - 17/01/2022 14:00","CTA|SE","20820.00","20679.00"
"17/01/2022 14:00 - 17/01/2022 15:00","CTA|SE","21174.00","20995.00"
"17/01/2022 15:00 - 17/01/2022 16:00","CTA|SE","21144.00","21405.00"
"17/01/2022 16:00 - 17/01/2022 17:00","CTA|SE","21492.00","21798.00"
"17/01/2022 17:00 - 17/01/2022 18:00","CTA|SE","21066.00","21443.00"
"17/01/2022 18:00 - 17/01/2022 19:00","CTA|SE","20512.00","21011.00"
"17/01/2022 19:00 - 17/01/2022 20:00","CTA|SE","19937.00","20448.00"
"17/01/2022 20:00 - 17/01/2022 21:00","CTA|SE","19152.00","19723.00"
"17/01/2022 21:00 - 17/01/2022 22:00","CTA|SE","18574.00","18884.00"
"17/01/2022 22:00 - 17/01/2022 23:00","CTA|SE","17926.00","18075.00"
"17/01/2022 23:00 - 18/01/2022 00:00","CTA|SE","17746.00","17530.00"
"18/01/2022 00:00 - 18/01/2022 01:00","CTA|SE","17561.00","17341.00"
"18/01/2022 01:00 - 18/01/2022 02:00","CTA|SE","17396.00","17303.00"
"18/01/2022 02:00 - 18/01/2022 03:00","CTA|SE","17280.00","17386.00"
"18/01/2022 03:00 - 18/01/2022 04:00","CTA|SE","17334.00","17644.00"
"18/01/2022 04:00 - 18/01/2022 05:00","CTA|SE","17900.00","18378.00"
"18/01/2022 05:00 - 18/01/2022 06:00","CTA|SE","19194.00","19976.00"
"18/01/2022 06:00 - 18/01/2022 07:00","CTA|SE","20268.00","21420.00"
"18/01/2022 07:00 - 18/01/2022 08:00","CTA|SE","20925.00","21711.00"
"18/01/2022 08:00 - 18/01/2022 09:00","CTA|SE","20730.00","21605.00"
"18/01/2022 09:00 - 18/01/2022 10:00","CTA|SE","21050.00","21548.00"
"18/01/2022 10:00 - 18/01/2022 11:00","CTA|SE","21187.00","21353.00"
"18/01/2022 11:00 - 18/01/2022 12:00","CTA|SE","21172.00","21092.00"
"18/01/2022 12:00 - 18/01/2022 13:00","CTA|SE","20594.00","20903.00"
"18/01/2022 13:00 - 18/01/2022 14:00","CTA|SE","20337.00","20907.00"
"18/01/2022 14:00 - 18/01/2022 15:00","CTA|SE","20636.00","21158.00"
"18/01/2022 15:00 - 18/01/2022 16:00","CTA|SE","20923.00","21448.00"
"18/01/2022 16:00 - 18/01/2022 17:00","CTA|SE","21529.00","21636.00"
"18/01/2022 17:00 - 18/01/2022 18:00","CTA|SE","21222.00","21229.00"
"18/01/2022 18:00 - 18/01/2022 19:00","CTA|SE","20540.00","20755.00"
"18/01/2022 19:00 - 18/01/2022 20:00","CTA|SE","19633.00","20137.00"
"18/01/2022 20:00 - 18/01/2022 21:00","CTA|SE","18790.00","19378.00"
"18/01/2022 21:00 - 18/01/2022 22:00","CTA|SE","18194.00","18503.00"
"18/01/2022 22:00 - 18/01/2022 23:00","CTA|SE","17227.00","17663.00"
"18/01/2022 23:00 - 19/01/2022 00:00","CTA|SE","16168.00","17090.00"
"19/01/2022 00:00 - 19/01/2022 01:00","CTA|SE","15834.00","16817.00"
"19/01/2022 01:00 - 19/01/2022 02:00","CTA|SE","15882.00","16705.00"
"19/01/2022 02:00 - 19/01/2022 03:00","CTA|SE","15709.00","16720.00"
"19/01/2022 03:00 - 19/01/2022 04:00","CTA|SE","16029.00","16910.00"
"19/01/2022 04:00 - 19/01/2022 05:00","CTA|SE","16859.00","17574.00"
"19/01/2022 05:00 - 19/01/2022 06:00","CTA|SE","18476.00","19109.00"
"19/01/2022 06:00 - 19/01/2022 07:00","CTA|SE","19490.00","20475.00"
"19/01/2022 07:00 - 19/01/2022 08:00","CTA|SE","19807.00","20697.00"
"19/01/2022 08:00 - 19/01/2022 09:00","CTA|SE","19920.00","20581.00"
"19/01/2022 09:00 - 19/01/2022 10:00","CTA|SE","20070.00","20562.00"
"19/01/2022 10:00 - 19/01/2022 11:00","CTA|SE","20014.00","20483.00"
"19/01/2022 11:00 - 19/01/2022 12:00","CTA|SE","19961.00","20384.00"
"19/01/2022 12:00 - 19/01/2022 13:00","CTA|SE","20114.00","20292.00"
"19/01/2022 13:00 - 19/01/2022 14:00","CTA|SE","20285.00","20271.00"
"19/01/2022 14:00 - 19/01/2022 15:00","CTA|SE","20711.00","20485.00"
"19/01/2022 15:00 - 19/01/2022 16:00","CTA|SE","20709.00","20756.00"
"19/01/2022 16:00 - 19/01/2022 17:00","CTA|SE","20688.00","21005.00"
"19/01/2022 17:00 - 19/01/2022 18:00","CTA|SE","20203.00","20672.00"
"19/01/2022 18:00 - 19/01/2022 19:00","CTA|SE","19471.00","20275.00"
"19/01/2022 19:00 - 19/01/2022 20:00","CTA|SE","19071.00","19760.00"
"19/01/2022 20:00 - 19/01/2022 21:00","CTA|SE","18638.00","19137.00"
"19/01/2022 21:00 - 19/01/2022 22:00","CTA|SE","17885.00","18410.00"
"19/01/2022 22:00 - 19/01/2022 23:00","CTA|SE","17541.00","17693.00"
"19/01/2022 23:00 - 20/01/2022 00:00","CTA|SE","17256.00","17055.00"
"20/01/2022 00:00 - 20/01/2022 01:00","CTA|SE","16957.00","16879.00"
"20/01/2022 01:00 - 20/01/2022 02:00","CTA|SE","17176.00","16852.00"
"20/01/2022 02:00 - 20/01/2022 03:00","CTA|SE","17311.00","16968.00"
"20/01/2022 03:00 - 20/01/2022 04:00","CTA|SE","17596.00","17253.00"
"20/01/2022 04:00 - 20/01/2022 05:00","CTA|SE","18481.00","18006.00"
"20/01/2022 05:00 - 20/01/2022 06:00","CTA|SE","20207.00","19613.00"
"20/01/2022 06:00 - 20/01/2022 07:00","CTA|SE","21565.00","21037.00"
"20/01/2022 07:00 - 20/01/2022 08:00","CTA|SE","21688.00","21309.00"
"20/01/2022 08:00 - 20/01/2022 09:00","CTA|SE","22038.00","21245.00"
"20/01/2022 09:00 - 20/01/2022 10:00","CTA|SE","22005.00","21290.00"
"20/01/2022 10:00 - 20/01/2022 11:00","CTA|SE","21747.00","21226.00"
"20/01/2022 11:00 - 20/01/2022 12:00","CTA|SE","21604.00","21086.00"
"20/01/2022 12:00 - 20/01/2022 13:00","CTA|SE","21716.00","20925.00"
"20/01/2022 13:00 - 20/01/2022 14:00","CTA|SE","21662.00","20864.00"
"20/01/2022 14:00 - 20/01/2022 15:00","CTA|SE","22043.00","21122.00"
"20/01/2022 15:00 - 20/01/2022 16:00","CTA|SE","22511.00","21489.00"
"20/01/2022 16:00 - 20/01/2022 17:00","CTA|SE","22753.00","21874.00"
"20/01/2022 17:00 - 20/01/2022 18:00","CTA|SE","22259.00","21596.00"
"20/01/2022 18:00 - 20/01/2022 19:00","CTA|SE","21750.00","21203.00"
"20/01/2022 19:00 - 20/01/2022 20:00","CTA|SE","20952.00","20660.00"
"20/01/2022 20:00 - 20/01/2022 21:00","CTA|SE","20254.00","19980.00"
"20/01/2022 21:00 - 20/01/2022 22:00","CTA|SE","19477.00","19199.00"
"20/01/2022 22:00 - 20/01/2022 23:00","CTA|SE","18858.00","18438.00"
"20/01/2022 23:00 - 21/01/2022 00:00","CTA|SE","18490.00","18088.00"
"21/01/2022 00:00 - 21/01/2022 01:00","CTA|SE","18206.00","17874.00"
"21/01/2022 01:00 - 21/01/2022 02:00","CTA|SE","17988.00","17821.00"
"21/01/2022 02:00 - 21/01/2022 03:00","CTA|SE","18078.00","17888.00"
"21/01/2022 03:00 - 21/01/2022 04:00","CTA|SE","18396.00","18167.00"
"21/01/2022 04:00 - 21/01/2022 05:00","CTA|SE","19010.00","18907.00"
"21/01/2022 05:00 - 21/01/2022 06:00","CTA|SE","20258.00","20497.00"
"21/01/2022 06:00 - 21/01/2022 07:00","CTA|SE","21818.00","21918.00"
"21/01/2022 07:00 - 21/01/2022 08:00","CTA|SE","22309.00","22223.00"
"21/01/2022 08:00 - 21/01/2022 09:00","CTA|SE","21850.00","22182.00"
"21/01/2022 09:00 - 21/01/2022 10:00","CTA|SE","21917.00","22123.00"
"21/01/2022 10:00 - 21/01/2022 11:00","CTA|SE","21637.00","21868.00"
"21/01/2022 11:00 - 21/01/2022 12:00","CTA|SE","21327.00","21574.00"
"21/01/2022 12:00 - 21/01/2022 13:00","CTA|SE","21055.00","21235.00"
"21/01/2022 13:00 - 21/01/2022 14:00","CTA|SE","20867.00","21067.00"
"21/01/2022 14:00 - 21/01/2022 15:00","CTA|SE","20890.00","21247.00"
"21/01/2022 15:00 - 21/01/2022 16:00","CTA|SE","21252.00","21764.00"
"21/01/2022 16:00 - 21/01/2022 17:00","CTA|SE","21568.00","22195.00"
"21/01/2022 17:00 - 21/01/2022 18:00","CTA|SE","21277.00","21919.00"
"21/01/2022 18:00 - 21/01/2022 19:00","CTA|SE","20730.00","21384.00"
"21/01/2022 19:00 - 21/01/2022 20:00","CTA|SE","20123.00","20748.00"
"21/01/2022 20:00 - 21/01/2022 21:00","CTA|SE","19331.00","20165.00"
"21/01/2022 21:00 - 21/01/2022 22:00","CTA|SE","18717.00","19577.00"
"21/01/2022 22:00 - 21/01/2022 23:00","CTA|SE","18343.00","19069.00"
"21/01/2022 23:00 - 22/01/2022 00:00","CTA|SE","17838.00","18517.00"
"22/01/2022 00:00 - 22/01/2022 01:00","CTA|SE","17290.00","18260.00"
"22/01/2022 01:00 - 22/01/2022 02:00","CTA|SE","17329.00","18133.00"
"22/01/2022 02:00 - 22/01/2022 03:00","CTA|SE","17327.00","18129.00"
"22/01/2022 03:00 - 22/01/2022 04:00","CTA|SE","17137.00","18201.00"
"22/01/2022 04:00 - 22/01/2022 05:00","CTA|SE","17350.00","18404.00"
"22/01/2022 05:00 - 22/01/2022 06:00","CTA|SE","17629.00","18849.00"
"22/01/2022 06:00 - 22/01/2022 07:00","CTA|SE","18632.00","19410.00"
"22/01/2022 07:00 - 22/01/2022 08:00","CTA|SE","19457.00","19971.00"
"22/01/2022 08:00 - 22/01/2022 09:00","CTA|SE","19772.00","20432.00"
"22/01/2022 09:00 - 22/01/2022 10:00","CTA|SE","19871.00","20643.00"
"22/01/2022 10:00 - 22/01/2022 11:00","CTA|SE","19835.00","20593.00"
"22/01/2022 11:00 - 22/01/2022 12:00","CTA|SE","19535.00","20437.00"
"22/01/2022 12:00 - 22/01/2022 13:00","CTA|SE","19557.00","20186.00"
"22/01/2022 13:00 - 22/01/2022 14:00","CTA|SE","19569.00","20037.00"
"22/01/2022 14:00 - 22/01/2022 15:00","CTA|SE","19440.00","20189.00"
"22/01/2022 15:00 - 22/01/2022 16:00","CTA|SE","19604.00","20700.00"
"22/01/2022 16:00 - 22/01/2022 17:00","CTA|SE","19833.00","21002.00"
"22/01/2022 17:00 - 22/01/2022 18:00","CTA|SE","19661.00","20742.00"
"22/01/2022 18:00 - 22/01/2022 19:00","CTA|SE","19571.00","20209.00"
"22/01/2022 19:00 - 22/01/2022 20:00","CTA|SE","19184.00","19578.00"
"22/01/2022 20:00 - 22/01/2022 21:00","CTA|SE","18545.00","18977.00"
"22/01/2022 21:00 - 22/01/2022 22:00","CTA|SE","17958.00","18378.00"
"22/01/2022 22:00 - 22/01/2022 23:00","CTA|SE","17419.00","17805.00"
"22/01/2022 23:00 - 23/01/2022 00:00","CTA|SE","17143.00","17215.00"
"23/01/2022 00:00 - 23/01/2022 01:00","CTA|SE","16589.00","16909.00"
"23/01/2022 01:00 - 23/01/2022 02:00","CTA|SE","16287.00","16699.00"
"23/01/2022 02:00 - 23/01/2022 03:00","CTA|SE","16149.00","16590.00"
"23/01/2022 03:00 - 23/01/2022 04:00","CTA|SE","16227.00","16548.00"
"23/01/2022 04:00 - 23/01/2022 05:00","CTA|SE","16227.00","16671.00"
"23/01/2022 05:00 - 23/01/2022 06:00","CTA|SE","16777.00","17010.00"
"23/01/2022 06:00 - 23/01/2022 07:00","CTA|SE","17545.00","17431.00"
"23/01/2022 07:00 - 23/01/2022 08:00","CTA|SE","17772.00","17834.00"
"23/01/2022 08:00 - 23/01/2022 09:00","CTA|SE","18068.00","18345.00"
"23/01/2022 09:00 - 23/01/2022 10:00","CTA|SE","18539.00","18686.00"
"23/01/2022 10:00 - 23/01/2022 11:00","CTA|SE","19094.00","18800.00"
"23/01/2022 11:00 - 23/01/2022 12:00","CTA|SE","18712.00","18735.00"
"23/01/2022 12:00 - 23/01/2022 13:00","CTA|SE","18317.00","18587.00"
"23/01/2022 13:00 - 23/01/2022 14:00","CTA|SE","18072.00","18580.00"
"23/01/2022 14:00 - 23/01/2022 15:00","CTA|SE","18364.00","18894.00"
"23/01/2022 15:00 - 23/01/2022 16:00","CTA|SE","19341.00","19509.00"
"23/01/2022 16:00 - 23/01/2022 17:00","CTA|SE","19751.00","19941.00"
"23/01/2022 17:00 - 23/01/2022 18:00","CTA|SE","19410.00","19752.00"
"23/01/2022 18:00 - 23/01/2022 19:00","CTA|SE","18938.00","19389.00"
"23/01/2022 19:00 - 23/01/2022 20:00","CTA|SE","18343.00","18850.00"
"23/01/2022 20:00 - 23/01/2022 21:00","CTA|SE","17602.00","18212.00"
"23/01/2022 21:00 - 23/01/2022 22:00","CTA|SE","17093.00","17548.00"
"23/01/2022 22:00 - 23/01/2022 23:00","CTA|SE","16458.00","16927.00"
"23/01/2022 23:00 - 24/01/2022 00:00","CTA|SE","16124.00","16341.00"
"24/01/2022 00:00 - 24/01/2022 01:00","CTA|SE","16147.00","16066.00"
"24/01/2022 01:00 - 24/01/2022 02:00","CTA|SE","16008.00","15976.00"
"24/01/2022 02:00 - 24/01/2022 03:00","CTA|SE","15850.00","15976.00"
"24/01/2022 03:00 - 24/01/2022 04:00","CTA|SE","16193.00","16214.00"
"24/01/2022 04:00 - 24/01/2022 05:00","CTA|SE","16399.00","16963.00"
"24/01/2022 05:00 - 24/01/2022 06:00","CTA|SE","18008.00","18655.00"
"24/01/2022 06:00 - 24/01/2022 07:00","CTA|SE","19543.00","20097.00"
"24/01/2022 07:00 - 24/01/2022 08:00","CTA|SE","19950.00","20425.00"
"24/01/2022 08:00 - 24/01/2022 09:00","CTA|SE","19771.00","20324.00"
"24/01/2022 09:00 - 24/01/2022 10:00","CTA|SE","20027.00","20336.00"
"24/01/2022 10:00 - 24/01/2022 11:00","CTA|SE","20088.00","20278.00"
"24/01/2022 11:00 - 24/01/2022 12:00","CTA|SE","19964.00","20150.00"
"24/01/2022 12:00 - 24/01/2022 13:00","CTA|SE","19953.00","19976.00"
"24/01/2022 13:00 - 24/01/2022 14:00","CTA|SE","19929.00","19943.00"
"24/01/2022 14:00 - 24/01/2022 15:00","CTA|SE","20000.00","20183.00"
"24/01/2022 15:00 - 24/01/2022 16:00","CTA|SE","20437.00","20386.00"
"24/01/2022 16:00 - 24/01/2022 17:00","CTA|SE","20817.00","20731.00"
"24/01/2022 17:00 - 24/01/2022 18:00","CTA|SE","20258.00","20381.00"
"24/01/2022 18:00 - 24/01/2022 19:00","CTA|SE","19730.00","19899.00"
"24/01/2022 19:00 - 24/01/2022 20:00","CTA|SE","19365.00","19288.00"
"24/01/2022 20:00 - 24/01/2022 21:00","CTA|SE","18965.00","18529.00"
"24/01/2022 21:00 - 24/01/2022 22:00","CTA|SE","18110.00","17702.00"
"24/01/2022 22:00 - 24/01/2022 23:00","CTA|SE","17132.00","16896.00"
"24/01/2022 23:00 - 25/01/2022 00:00","CTA|SE","16709.00","16019.00"
"25/01/2022 00:00 - 25/01/2022 01:00","CTA|SE","16822.00","15816.00"
"25/01/2022 01:00 - 25/01/2022 02:00","CTA|SE","16838.00","15769.00"
"25/01/2022 02:00 - 25/01/2022 03:00","CTA|SE","16477.00","15841.00"
"25/01/2022 03:00 - 25/01/2022 04:00","CTA|SE","16068.00","16138.00"
"25/01/2022 04:00 - 25/01/2022 05:00","CTA|SE","16440.00","16917.00"
"25/01/2022 05:00 - 25/01/2022 06:00","CTA|SE","18343.00","18549.00"
"25/01/2022 06:00 - 25/01/2022 07:00","CTA|SE","20214.00","19970.00"
"25/01/2022 07:00 - 25/01/2022 08:00","CTA|SE","20776.00","20246.00"
"25/01/2022 08:00 - 25/01/2022 09:00","CTA|SE","20797.00","20220.00"
"25/01/2022 09:00 - 25/01/2022 10:00","CTA|SE","20734.00","20207.00"
"25/01/2022 10:00 - 25/01/2022 11:00","CTA|SE","20284.00","20031.00"
"25/01/2022 11:00 - 25/01/2022 12:00","CTA|SE","20504.00","19781.00"
"25/01/2022 12:00 - 25/01/2022 13:00","CTA|SE","20124.00","19606.00"
"25/01/2022 13:00 - 25/01/2022 14:00","CTA|SE","19782.00","19572.00"
"25/01/2022 14:00 - 25/01/2022 15:00","CTA|SE","20193.00","19929.00"
"25/01/2022 15:00 - 25/01/2022 16:00","CTA|SE","20703.00","20432.00"
"25/01/2022 16:00 - 25/01/2022 17:00","CTA|SE","21150.00","20902.00"
"25/01/2022 17:00 - 25/01/2022 18:00","CTA|SE","20887.00","20669.00"
"25/01/2022 18:00 - 25/01/2022 19:00","CTA|SE","20479.00","20291.00"
"25/01/2022 19:00 - 25/01/2022 20:00","CTA|SE","20072.00","19744.00"
"25/01/2022 20:00 - 25/01/2022 21:00","CTA|SE","19443.00","19072.00"
"25/01/2022 21:00 - 25/01/2022 22:00","CTA|SE","18529.00","18280.00"
"25/01/2022 22:00 - 25/01/2022 23:00","CTA|SE","17562.00","17511.00"
"25/01/2022 23:00 - 26/01/2022 00:00","CTA|SE","16912.00","16833.00"
"26/01/2022 00:00 - 26/01/2022 01:00","CTA|SE","16187.00","16551.00"
"26/01/2022 01:00 - 26/01/2022 02:00","CTA|SE","15929.00","16408.00"
"26/01/2022 02:00 - 26/01/2022 03:00","CTA|SE","15878.00","16365.00"
"26/01/2022 03:00 - 26/01/2022 04:00","CTA|SE","16125.00","16498.00"
"26/01/2022 04:00 - 26/01/2022 05:00","CTA|SE","16609.00","17116.00"
"26/01/2022 05:00 - 26/01/2022 06:00","CTA|SE","18208.00","18614.00"
"26/01/2022 06:00 - 26/01/2022 07:00","CTA|SE","19821.00","19951.00"
"26/01/2022 07:00 - 26/01/2022 08:00","CTA|SE","20117.00","20166.00"
"26/01/2022 08:00 - 26/01/2022 09:00","CTA|SE","19935.00","20086.00"
"26/01/2022 09:00 - 26/01/2022 10:00","CTA|SE","19911.00","20109.00"
"26/01/2022 10:00 - 26/01/2022 11:00","CTA|SE","19704.00","20053.00"
"26/01/2022 11:00 - 26/01/2022 12:00","CTA|SE","20249.00","19975.00"
"26/01/2022 12:00 - 26/01/2022 13:00","CTA|SE","20166.00","19870.00"
"26/01/2022 13:00 - 26/01/2022 14:00","CTA|SE","19859.00","19786.00"
"26/01/2022 14:00 - 26/01/2022 15:00","CTA|SE","19917.00","19957.00"
"26/01/2022 15:00 - 26/01/2022 16:00","CTA|SE","20062.00","20300.00"
"26/01/2022 16:00 - 26/01/2022 17:00","CTA|SE","20541.00","20703.00"
"26/01/2022 17:00 - 26/01/2022 18:00","CTA|SE","20346.00","20425.00"
"26/01/2022 18:00 - 26/01/2022 19:00","CTA|SE","19957.00","20015.00"
"26/01/2022 19:00 - 26/01/2022 20:00","CTA|SE","19324.00","19450.00"
"26/01/2022 20:00 - 26/01/2022 21:00","CTA|SE","18697.00","18747.00"
"26/01/2022 21:00 - 26/01/2022 22:00","CTA|SE","17857.00","17928.00"
"26/01/2022 22:00 - 26/01/2022 23:00","CTA|SE","17000.00","17133.00"
"26/01/2022 23:00 - 27/01/2022 00:00","CTA|SE","16584.00","16590.00"
"27/01/2022 00:00 - 27/01/2022 01:00","CTA|SE","16174.00","16316.00"
"27/01/2022 01:00 - 27/01/2022 02:00","CTA|SE","15759.00","16187.00"
"27/01/2022 02:00 - 27/01/2022 03:00","CTA|SE","15546.00","16192.00"
"27/01/2022 03:00 - 27/01/2022 04:00","CTA|SE","15856.00","16387.00"
"27/01/2022 04:00 - 27/01/2022 05:00","CTA|SE","16391.00","17083.00"
"27/01/2022 05:00 - 27/01/2022 06:00","CTA|SE","17787.00","18643.00"
"27/01/2022 06:00 - 27/01/2022 07:00","CTA|SE","19846.00","20005.00"
"27/01/2022 07:00 - 27/01/2022 08:00","CTA|SE","19899.00","20208.00"
"27/01/2022 08:00 - 27/01/2022 09:00","CTA|SE","19957.00","20103.00"
"27/01/2022 09:00 - 27/01/2022 10:00","CTA|SE","20112.00","20081.00"
"27/01/2022 10:00 - 27/01/2022 11:00","CTA|SE","20093.00","20010.00"
"27/01/2022 11:00 - 27/01/2022 12:00","CTA|SE","19882.00","19930.00"
"27/01/2022 12:00 - 27/01/2022 13:00","CTA|SE","19712.00","19817.00"
"27/01/2022 13:00 - 27/01/2022 14:00","CTA|SE","19748.00","19831.00"
"27/01/2022 14:00 - 27/01/2022 15:00","CTA|SE","19828.00","20047.00"
"27/01/2022 15:00 - 27/01/2022 16:00","CTA|SE","20007.00","20317.00"
"27/01/2022 16:00 - 27/01/2022 17:00","CTA|SE","20535.00","20665.00"
"27/01/2022 17:00 - 27/01/2022 18:00","CTA|SE","20350.00","20373.00"
"27/01/2022 18:00 - 27/01/2022 19:00","CTA|SE","20091.00","19961.00"
"27/01/2022 19:00 - 27/01/2022 20:00","CTA|SE","19281.00","19404.00"
"27/01/2022 20:00 - 27/01/2022 21:00","CTA|SE","18489.00","18717.00"
"27/01/2022 21:00 - 27/01/2022 22:00","CTA|SE","17599.00","17894.00"
"27/01/2022 22:00 - 27/01/2022 23:00","CTA|SE","16995.00","17104.00"
"27/01/2022 23:00 - 28/01/2022 00:00","CTA|SE","16409.00","16557.00"
"28/01/2022 00:00 - 28/01/2022 01:00","CTA|SE","15905.00","16298.00"
"28/01/2022 01:00 - 28/01/2022 02:00","CTA|SE","15813.00","16205.00"
"28/01/2022 02:00 - 28/01/2022 03:00","CTA|SE","15864.00","16257.00"
"28/01/2022 03:00 - 28/01/2022 04:00","CTA|SE","16172.00","16538.00"
"28/01/2022 04:00 - 28/01/2022 05:00","CTA|SE","17013.00","17288.00"
"28/01/2022 05:00 - 28/01/2022 06:00","CTA|SE","18806.00","18877.00"
"28/01/2022 06:00 - 28/01/2022 07:00","CTA|SE","20251.00","20318.00"
"28/01/2022 07:00 - 28/01/2022 08:00","CTA|SE","20583.00","20662.00"
"28/01/2022 08:00 - 28/01/2022 09:00","CTA|SE","20528.00","20701.00"
"28/01/2022 09:00 - 28/01/2022 10:00","CTA|SE","20273.00","20727.00"
"28/01/2022 10:00 - 28/01/2022 11:00","CTA|SE","20294.00","20496.00"
"28/01/2022 11:00 - 28/01/2022 12:00","CTA|SE","20064.00","20205.00"
"28/01/2022 12:00 - 28/01/2022 13:00","CTA|SE","19537.00","19838.00"
"28/01/2022 13:00 - 28/01/2022 14:00","CTA|SE","19506.00","19680.00"
"28/01/2022 14:00 - 28/01/2022 15:00","CTA|SE","19834.00","19859.00"
"28/01/2022 15:00 - 28/01/2022 16:00","CTA|SE","19986.00","20354.00"
"28/01/2022 16:00 - 28/01/2022 17:00","CTA|SE","20338.00","20883.00"
"28/01/2022 17:00 - 28/01/2022 18:00","CTA|SE","19684.00","20662.00"
"28/01/2022 18:00 - 28/01/2022 19:00","CTA|SE","18978.00","20111.00"
"28/01/2022 19:00 - 28/01/2022 20:00","CTA|SE","18196.00","19436.00"
"28/01/2022 20:00 - 28/01/2022 21:00","CTA|SE","17919.00","18778.00"
"28/01/2022 21:00 - 28/01/2022 22:00","CTA|SE","17176.00","18118.00"
"28/01/2022 22:00 - 28/01/2022 23:00","CTA|SE","16612.00","17504.00"
"28/01/2022 23:00 - 29/01/2022 00:00","CTA|SE","16891.00","16826.00"
"29/01/2022 00:00 - 29/01/2022 01:00","CTA|SE","16875.00","16482.00"
"29/01/2022 01:00 - 29/01/2022 02:00","CTA|SE","16209.00","16299.00"
"29/01/2022 02:00 - 29/01/2022 03:00","CTA|SE","15821.00","16215.00"
"29/01/2022 03:00 - 29/01/2022 04:00","CTA|SE","15962.00","16240.00"
"29/01/2022 04:00 - 29/01/2022 05:00","CTA|SE","16002.00","16417.00"
"29/01/2022 05:00 - 29/01/2022 06:00","CTA|SE","16355.00","16836.00"
"29/01/2022 06:00 - 29/01/2022 07:00","CTA|SE","16835.00","17387.00"
"29/01/2022 07:00 - 29/01/2022 08:00","CTA|SE","17376.00","17948.00"
"29/01/2022 08:00 - 29/01/2022 09:00","CTA|SE","17970.00","18473.00"
"29/01/2022 09:00 - 29/01/2022 10:00","CTA|SE","18185.00","18770.00"
"29/01/2022 10:00 - 29/01/2022 11:00","CTA|SE","18485.00","18833.00"
"29/01/2022 11:00 - 29/01/2022 12:00","CTA|SE","18714.00","18722.00"
"29/01/2022 12:00 - 29/01/2022 13:00","CTA|SE","18864.00","18473.00"
"29/01/2022 13:00 - 29/01/2022 14:00","CTA|SE","18914.00","18238.00"
"29/01/2022 14:00 - 29/01/2022 15:00","CTA|SE","18530.00","18246.00"
"29/01/2022 15:00 - 29/01/2022 16:00","CTA|SE","18970.00","18676.00"
"29/01/2022 16:00 - 29/01/2022 17:00","CTA|SE","19391.00","19035.00"
"29/01/2022 17:00 - 29/01/2022 18:00","CTA|SE","19385.00","18788.00"
"29/01/2022 18:00 - 29/01/2022 19:00","CTA|SE","19073.00","18295.00"
"29/01/2022 19:00 - 29/01/2022 20:00","CTA|SE","18540.00","17752.00"
"29/01/2022 20:00 - 29/01/2022 21:00","CTA|SE","17819.00","17246.00"
"29/01/2022 21:00 - 29/01/2022 22:00","CTA|SE","17077.00","16760.00"
"29/01/2022 22:00 - 29/01/2022 23:00","CTA|SE","16678.00","16311.00"
"29/01/2022 23:00 - 30/01/2022 00:00","CTA|SE","16653.00","15834.00"
"30/01/2022 00:00 - 30/01/2022 01:00","CTA|SE","16575.00","15666.00"
"30/01/2022 01:00 - 30/01/2022 02:00","CTA|SE","16627.00","15583.00"
"30/01/2022 02:00 - 30/01/2022 03:00","CTA|SE","16657.00","15579.00"
"30/01/2022 03:00 - 30/01/2022 04:00","CTA|SE","16888.00","15649.00"
"30/01/2022 04:00 - 30/01/2022 05:00","CTA|SE","17024.00","15823.00"
"30/01/2022 05:00 - 30/01/2022 06:00","CTA|SE","17340.00","16236.00"
"30/01/2022 06:00 - 30/01/2022 07:00","CTA|SE","17818.00","16708.00"
"30/01/2022 07:00 - 30/01/2022 08:00","CTA|SE","18074.00","17144.00"
"30/01/2022 08:00 - 30/01/2022 09:00","CTA|SE","18521.00","17727.00"
"30/01/2022 09:00 - 30/01/2022 10:00","CTA|SE","19003.00","18128.00"
"30/01/2022 10:00 - 30/01/2022 11:00","CTA|SE","19255.00","18294.00"
"30/01/2022 11:00 - 30/01/2022 12:00","CTA|SE","19285.00","18284.00"
"30/01/2022 12:00 - 30/01/2022 13:00","CTA|SE","19261.00","18161.00"
"30/01/2022 13:00 - 30/01/2022 14:00","CTA|SE","19091.00","18131.00"
"30/01/2022 14:00 - 30/01/2022 15:00","CTA|SE","19411.00","18423.00"
"30/01/2022 15:00 - 30/01/2022 16:00","CTA|SE","20030.00","19129.00"
"30/01/2022 16:00 - 30/01/2022 17:00","CTA|SE","20494.00","19800.00"
"30/01/2022 17:00 - 30/01/2022 18:00","CTA|SE","20288.00","19764.00"
"30/01/2022 18:00 - 30/01/2022 19:00","CTA|SE","19783.00","19466.00"
"30/01/2022 19:00 - 30/01/2022 20:00","CTA|SE","19292.00","18982.00"
"30/01/2022 20:00 - 30/01/2022 21:00","CTA|SE","18677.00","18407.00"
"30/01/2022 21:00 - 30/01/2022 22:00","CTA|SE","17780.00","17800.00"
"30/01/2022 22:00 - 30/01/2022 23:00","CTA|SE","17318.00","17248.00"
"30/01/2022 23:00 - 31/01/2022 00:00","CTA|SE","17195.00","17032.00"
"31/01/2022 00:00 - 31/01/2022 01:00","CTA|SE","17116.00","16913.00"
"31/01/2022 01:00 - 31/01/2022 02:00","CTA|SE","17140.00","16933.00"
"31/01/2022 02:00 - 31/01/2022 03:00","CTA|SE","17333.00","17022.00"
"31/01/2022 03:00 - 31/01/2022 04:00","CTA|SE","17328.00","17349.00"
"31/01/2022 04:00 - 31/01/2022 05:00","CTA|SE","17952.00","18174.00"
"31/01/2022 05:00 - 31/01/2022 06:00","CTA|SE","20053.00","19916.00"
"31/01/2022 06:00 - 31/01/2022 07:00","CTA|SE","21812.00","21396.00"
"31/01/2022 07:00 - 31/01/2022 08:00","CTA|SE","22243.00","21762.00"
"31/01/2022 08:00 - 31/01/2022 09:00","CTA|SE","22346.00","21714.00"
"31/01/2022 09:00 - 31/01/2022 10:00","CTA|SE","22170.00","21693.00"
"31/01/2022 10:00 - 31/01/2022 11:00","CTA|SE","22073.00","21525.00"
"31/01/2022 11:00 - 31/01/2022 12:00","CTA|SE","21997.00","21311.00"
"31/01/2022 12:00 - 31/01/2022 13:00","CTA|SE","21567.00","21121.00"
"31/01/2022 13:00 - 31/01/2022 14:00","CTA|SE","21557.00","21098.00"
"31/01/2022 14:00 - 31/01/2022 15:00","CTA|SE","21880.00","21332.00"
"31/01/2022 15:00 - 31/01/2022 16:00","CTA|SE","22336.00","21675.00"
"31/01/2022 16:00 - 31/01/2022 17:00","CTA|SE","22890.00","22292.00"
"31/01/2022 17:00 - 31/01/2022 18:00","CTA|SE","22768.00","22094.00"
"31/01/2022 18:00 - 31/01/2022 19:00","CTA|SE","22530.00","21675.00"
"31/01/2022 19:00 - 31/01/2022 20:00","CTA|SE","21896.00","21151.00"
"31/01/2022 20:00 - 31/01/2022 21:00","CTA|SE","21431.00","20495.00"
"31/01/2022 21:00 - 31/01/2022 22:00","CTA|SE","20390.00","19706.00"
"31/01/2022 22:00 - 31/01/2022 23:00","CTA|SE","19462.00","18914.00"
"31/01/2022 23:00 - 01/02/2022 00:00","CTA|SE","18904.00","18664.00"
"01/02/2022 00:00 - 01/02/2022 01:00","CTA|SE","18494.00","18446.00"
"01/02/2022 01:00 - 01/02/2022 02:00","CTA|SE","18334.00","18387.00"
"01/02/2022 02:00 - 01/02/2022 03:00","CTA|SE","18358.00","18440.00"
"01/02/2022 03:00 - 01/02/2022 04:00","CTA|SE","18599.00","18696.00"
"01/02/2022 04:00 - 01/02/2022 05:00","CTA|SE","19205.00","19424.00"
"01/02/2022 05:00 - 01/02/2022 06:00","CTA|SE","21084.00","21007.00"
"01/02/2022 06:00 - 01/02/2022 07:00","CTA|SE","22501.00","22366.00"
"01/02/2022 07:00 - 01/02/2022 08:00","CTA|SE","22574.00","22575.00"
"01/02/2022 08:00 - 01/02/2022 09:00","CTA|SE","22675.00","22503.00"
"01/02/2022 09:00 - 01/02/2022 10:00","CTA|SE","22889.00","22471.00"
"01/02/2022 10:00 - 01/02/2022 11:00","CTA|SE","23039.00","22332.00"
"01/02/2022 11:00 - 01/02/2022 12:00","CTA|SE","22782.00","22208.00"
"01/02/2022 12:00 - 01/02/2022 13:00","CTA|SE","22487.00","22058.00"
"01/02/2022 13:00 - 01/02/2022 14:00","CTA|SE","22335.00","22024.00"
"01/02/2022 14:00 - 01/02/2022 15:00","CTA|SE","22637.00","22206.00"
"01/02/2022 15:00 - 01/02/2022 16:00","CTA|SE","23193.00","22439.00"
"01/02/2022 16:00 - 01/02/2022 17:00","CTA|SE","23428.00","22815.00"
"01/02/2022 17:00 - 01/02/2022 18:00","CTA|SE","22960.00","22523.00"
"01/02/2022 18:00 - 01/02/2022 19:00","CTA|SE","22447.00","22080.00"
"01/02/2022 19:00 - 01/02/2022 20:00","CTA|SE","22043.00","21500.00"
"01/02/2022 20:00 - 01/02/2022 21:00","CTA|SE","21223.00","20797.00"
"01/02/2022 21:00 - 01/02/2022 22:00","CTA|SE","20422.00","19969.00"
"01/02/2022 22:00 - 01/02/2022 23:00","CTA|SE","19709.00","19193.00"
"01/02/2022 23:00 - 02/02/2022 00:00","CTA|SE","19023.00","18776.00"
"02/02/2022 00:00 - 02/02/2022 01:00","CTA|SE","18745.00","18523.00"
"02/02/2022 01:00 - 02/02/2022 02:00","CTA|SE","18686.00","18432.00"
"02/02/2022 02:00 - 02/02/2022 03:00","CTA|SE","18713.00","18455.00"
"02/02/2022 03:00 - 02/02/2022 04:00","CTA|SE","19008.00","18690.00"
"02/02/2022 04:00 - 02/02/2022 05:00","CTA|SE","19693.00","19461.00"
"02/02/2022 05:00 - 02/02/2022 06:00","CTA|SE","21255.00","21133.00"
"02/02/2022 06:00 - 02/02/2022 07:00","CTA|SE","22925.00","22568.00"
"02/02/2022 07:00 - 02/02/2022 08:00","CTA|SE","23213.00","22805.00"
"02/02/2022 08:00 - 02/02/2022 09:00","CTA|SE","23051.00","22751.00"
"02/02/2022 09:00 - 02/02/2022 10:00","CTA|SE","23214.00","22740.00"
"02/02/2022 10:00 - 02/02/2022 11:00","CTA|SE","22796.00","22578.00"
"02/02/2022 11:00 - 02/02/2022 12:00","CTA|SE","22521.00","22411.00"
"02/02/2022 12:00 - 02/02/2022 13:00","CTA|SE","22275.00","22190.00"
"02/02/2022 13:00 - 02/02/2022 14:00","CTA|SE","22063.00","22079.00"
"02/02/2022 14:00 - 02/02/2022 15:00","CTA|SE","22222.00","22251.00"
"02/02/2022 15:00 - 02/02/2022 16:00","CTA|SE","22663.00","22564.00"
"02/02/2022 16:00 - 02/02/2022 17:00","CTA|SE","23338.00","23102.00"
"02/02/2022 17:00 - 02/02/2022 18:00","CTA|SE","23102.00","22884.00"
"02/02/2022 18:00 - 02/02/2022 19:00","CTA|SE","22562.00","22452.00"
"02/02/2022 19:00 - 02/02/2022 20:00","CTA|SE","21808.00","21876.00"
"02/02/2022 20:00 - 02/02/2022 21:00","CTA|SE","21005.00","21162.00"
"02/02/2022 21:00 - 02/02/2022 22:00","CTA|SE","20084.00","20320.00"
"02/02/2022 22:00 - 02/02/2022 23:00","CTA|SE","19290.00","19532.00"
"02/02/2022 23:00 - 03/02/2022 00:00","CTA|SE","18981.00","19106.00"
"03/02/2022 00:00 - 03/02/2022 01:00","CTA|SE","18722.00","18844.00"
"03/02/2022 01:00 - 03/02/2022 02:00","CTA|SE","18509.00","18735.00"
"03/02/2022 02:00 - 03/02/2022 03:00","CTA|SE","18518.00","18749.00"
"03/02/2022 03:00 - 03/02/2022 04:00","CTA|SE","18862.00","18976.00"
"03/02/2022 04:00 - 03/02/2022 05:00","CTA|SE","19616.00","19710.00"
"03/02/2022 05:00 - 03/02/2022 06:00","CTA|SE","21284.00","21328.00"
"03/02/2022 06:00 - 03/02/2022 07:00","CTA|SE","22667.00","22709.00"
"03/02/2022 07:00 - 03/02/2022 08:00","CTA|SE","22743.00","22937.00"
"03/02/2022 08:00 - 03/02/2022 09:00","CTA|SE","22762.00","22861.00"
"03/02/2022 09:00 - 03/02/2022 10:00","CTA|SE","22762.00","22794.00"
"03/02/2022 10:00 - 03/02/2022 11:00","CTA|SE","22687.00","22562.00"
"03/02/2022 11:00 - 03/02/2022 12:00","CTA|SE","22553.00","22369.00"
"03/02/2022 12:00 - 03/02/2022 13:00","CTA|SE","22438.00","22171.00"
"03/02/2022 13:00 - 03/02/2022 14:00","CTA|SE","22377.00","22106.00"
"03/02/2022 14:00 - 03/02/2022 15:00","CTA|SE","22433.00","22304.00"
"03/02/2022 15:00 - 03/02/2022 16:00","CTA|SE","22567.00","22583.00"
"03/02/2022 16:00 - 03/02/2022 17:00","CTA|SE","23050.00","23011.00"
"03/02/2022 17:00 - 03/02/2022 18:00","CTA|SE","22782.00","22703.00"
"03/02/2022 18:00 - 03/02/2022 19:00","CTA|SE","22112.00","22200.00"
"03/02/2022 19:00 - 03/02/2022 20:00","CTA|SE","21200.00","21552.00"
"03/02/2022 20:00 - 03/02/2022 21:00","CTA|SE","20340.00","20766.00"
"03/02/2022 21:00 - 03/02/2022 22:00","CTA|SE","19261.00","19845.00"
"03/02/2022 22:00 - 03/02/2022 23:00","CTA|SE","18196.00","18993.00"
"03/02/2022 23:00 - 04/02/2022 00:00","CTA|SE","17740.00","17928.00"
"04/02/2022 00:00 - 04/02/2022 01:00","CTA|SE","17425.00","17565.00"
"04/02/2022 01:00 - 04/02/2022 02:00","CTA|SE","17138.00","17391.00"
"04/02/2022 02:00 - 04/02/2022 03:00","CTA|SE","17010.00","17351.00"
"04/02/2022 03:00 - 04/02/2022 04:00","CTA|SE","17087.00","17547.00"
"04/02/2022 04:00 - 04/02/2022 05:00","CTA|SE","17926.00","18250.00"
"04/02/2022 05:00 - 04/02/2022 06:00","CTA|SE","19546.00","19834.00"
"04/02/2022 06:00 - 04/02/2022 07:00","CTA|SE","20887.00","21172.00"
"04/02/2022 07:00 - 04/02/2022 08:00","CTA|SE","21096.00","21407.00"
"04/02/2022 08:00 - 04/02/2022 09:00","CTA|SE","21194.00","21311.00"
"04/02/2022 09:00 - 04/02/2022 10:00","CTA|SE","20677.00","21241.00"
"04/02/2022 10:00 - 04/02/2022 11:00","CTA|SE","20722.00","21113.00"
"04/02/2022 11:00 - 04/02/2022 12:00","CTA|SE","20851.00","20933.00"
"04/02/2022 12:00 - 04/02/2022 13:00","CTA|SE","20379.00","20594.00"
"04/02/2022 13:00 - 04/02/2022 14:00","CTA|SE","20155.00","20343.00"
"04/02/2022 14:00 - 04/02/2022 15:00","CTA|SE","20504.00","20298.00"
"04/02/2022 15:00 - 04/02/2022 16:00","CTA|SE","20892.00","20517.00"
"04/02/2022 16:00 - 04/02/2022 17:00","CTA|SE","20862.00","20912.00"
"04/02/2022 17:00 - 04/02/2022 18:00","CTA|SE","20371.00","20618.00"
"04/02/2022 18:00 - 04/02/2022 19:00","CTA|SE","19629.00","20049.00"
"04/02/2022 19:00 - 04/02/2022 20:00","CTA|SE","18937.00","19340.00"
"04/02/2022 20:00 - 04/02/2022 21:00","CTA|SE","18539.00","18683.00"
"04/02/2022 21:00 - 04/02/2022 22:00","CTA|SE","17789.00","18008.00"
"04/02/2022 22:00 - 04/02/2022 23:00","CTA|SE","17155.00","17398.00"
"04/02/2022 23:00 - 05/02/2022 00:00","CTA|SE","16951.00","16840.00"
"05/02/2022 00:00 - 05/02/2022 01:00","CTA|SE","16408.00","16585.00"
"05/02/2022 01:00 - 05/02/2022 02:00","CTA|SE","16167.00","16449.00"
"05/02/2022 02:00 - 05/02/2022 03:00","CTA|SE","16164.00","16454.00"
"05/02/2022 03:00 - 05/02/2022 04:00","CTA|SE","16239.00","16566.00"
"05/02/2022 04:00 - 05/02/2022 05:00","CTA|SE","16380.00","16816.00"
"05/02/2022 05:00 - 05/02/2022 06:00","CTA|SE","16904.00","17309.00"
"05/02/2022 06:00 - 05/02/2022 07:00","CTA|SE","17270.00","17915.00"
"05/02/2022 07:00 - 05/02/2022 08:00","CTA|SE","17945.00","18514.00"
"05/02/2022 08:00 - 05/02/2022 09:00","CTA|SE","18454.00","19056.00"
"05/02/2022 09:00 - 05/02/2022 10:00","CTA|SE","18652.00","19256.00"
"05/02/2022 10:00 - 05/02/2022 11:00","CTA|SE","18792.00","19049.00"
"05/02/2022 11:00 - 05/02/2022 12:00","CTA|SE","18519.00","18762.00"
"05/02/2022 12:00 - 05/02/2022 13:00","CTA|SE","18206.00","18443.00"
"05/02/2022 13:00 - 05/02/2022 14:00","CTA|SE","18008.00","18313.00"
"05/02/2022 14:00 - 05/02/2022 15:00","CTA|SE","17900.00","18474.00"
"05/02/2022 15:00 - 05/02/2022 16:00","CTA|SE","18581.00","19145.00"
"05/02/2022 16:00 - 05/02/2022 17:00","CTA|SE","19124.00","19878.00"
"05/02/2022 17:00 - 05/02/2022 18:00","CTA|SE","19114.00","19849.00"
"05/02/2022 18:00 - 05/02/2022 19:00","CTA|SE","18878.00","19390.00"
"05/02/2022 19:00 - 05/02/2022 20:00","CTA|SE","18221.00","18821.00"
"05/02/2022 20:00 - 05/02/2022 21:00","CTA|SE","17544.00","18208.00"
"05/02/2022 21:00 - 05/02/2022 22:00","CTA|SE","17108.00","17626.00"
"05/02/2022 22:00 - 05/02/2022 23:00","CTA|SE","16223.00","17069.00"
"05/02/2022 23:00 - 06/02/2022 00:00","CTA|SE","16149.00","16216.00"
"06/02/2022 00:00 - 06/02/2022 01:00","CTA|SE","15399.00","15900.00"
"06/02/2022 01:00 - 06/02/2022 02:00","CTA|SE","15261.00","15721.00"
"06/02/2022 02:00 - 06/02/2022 03:00","CTA|SE","15328.00","15637.00"
"06/02/2022 03:00 - 06/02/2022 04:00","CTA|SE","15324.00","15658.00"
"06/02/2022 04:00 - 06/02/2022 05:00","CTA|SE","15432.00","15822.00"
"06/02/2022 05:00 - 06/02/2022 06:00","CTA|SE","16457.00","16256.00"
"06/02/2022 06:00 - 06/02/2022 07:00","CTA|SE","16851.00","16739.00"
"06/02/2022 07:00 - 06/02/2022 08:00","CTA|SE","17391.00","17274.00"
"06/02/2022 08:00 - 06/02/2022 09:00","CTA|SE","17918.00","17891.00"
"06/02/2022 09:00 - 06/02/2022 10:00","CTA|SE","18031.00","18255.00"
"06/02/2022 10:00 - 06/02/2022 11:00","CTA|SE","18387.00","18257.00"
"06/02/2022 11:00 - 06/02/2022 12:00","CTA|SE","18532.00","18169.00"
"06/02/2022 12:00 - 06/02/2022 13:00","CTA|SE","18458.00","18012.00"
"06/02/2022 13:00 - 06/02/2022 14:00","CTA|SE","18652.00","18039.00"
"06/02/2022 14:00 - 06/02/2022 15:00","CTA|SE","19057.00","18322.00"
"06/02/2022 15:00 - 06/02/2022 16:00","CTA|SE","19488.00","19025.00"
"06/02/2022 16:00 - 06/02/2022 17:00","CTA|SE","20215.00","19833.00"
"06/02/2022 17:00 - 06/02/2022 18:00","CTA|SE","20056.00","19926.00"
"06/02/2022 18:00 - 06/02/2022 19:00","CTA|SE","19729.00","19588.00"
"06/02/2022 19:00 - 06/02/2022 20:00","CTA|SE","19377.00","19086.00"
"06/02/2022 20:00 - 06/02/2022 21:00","CTA|SE","18795.00","18448.00"
"06/02/2022 21:00 - 06/02/2022 22:00","CTA|SE","18069.00","17765.00"
"06/02/2022 22:00 - 06/02/2022 23:00","CTA|SE","17379.00","17152.00"
"06/02/2022 23:00 - 07/02/2022 00:00","CTA|SE","16974.00","16670.00"
"07/02/2022 00:00 - 07/02/2022 01:00","CTA|SE","17026.00","16446.00"
"07/02/2022 01:00 - 07/02/2022 02:00","CTA|SE","16788.00","16468.00"
"07/02/2022 02:00 - 07/02/2022 03:00","CTA|SE","16707.00","16568.00"
"07/02/2022 03:00 - 07/02/2022 04:00","CTA|SE","17026.00","16900.00"
"07/02/2022 04:00 - 07/02/2022 05:00","CTA|SE","18017.00","17788.00"
"07/02/2022 05:00 - 07/02/2022 06:00","CTA|SE","19605.00","19655.00"
"07/02/2022 06:00 - 07/02/2022 07:00","CTA|SE","21208.00","21189.00"
"07/02/2022 07:00 - 07/02/2022 08:00","CTA|SE","21030.00","21523.00"
"07/02/2022 08:00 - 07/02/2022 09:00","CTA|SE","20858.00","21434.00"
"07/02/2022 09:00 - 07/02/2022 10:00","CTA|SE","20410.00","21293.00"
"07/02/2022 10:00 - 07/02/2022 11:00","CTA|SE","19664.00","20932.00"
"07/02/2022 11:00 - 07/02/2022 12:00","CTA|SE","19275.00","20583.00"
"07/02/2022 12:00 - 07/02/2022 13:00","CTA|SE","19306.00","20282.00"
"07/02/2022 13:00 - 07/02/2022 14:00","CTA|SE","19449.00","20196.00"
"07/02/2022 14:00 - 07/02/2022 15:00","CTA|SE","19936.00","20395.00"
"07/02/2022 15:00 - 07/02/2022 16:00","CTA|SE","20378.00","20756.00"
"07/02/2022 16:00 - 07/02/2022 17:00","CTA|SE","20895.00","21458.00"
"07/02/2022 17:00 - 07/02/2022 18:00","CTA|SE","20637.00","21342.00"
"07/02/2022 18:00 - 07/02/2022 19:00","CTA|SE","20888.00","20876.00"
"07/02/2022 19:00 - 07/02/2022 20:00","CTA|SE","20454.00","20295.00"
"07/02/2022 20:00 - 07/02/2022 21:00","CTA|SE","19457.00","19584.00"
"07/02/2022 21:00 - 07/02/2022 22:00","CTA|SE","18272.00","18723.00"
"07/02/2022 22:00 - 07/02/2022 23:00","CTA|SE","17170.00","17916.00"
"07/02/2022 23:00 - 08/02/2022 00:00","CTA|SE","16877.00","17432.00"
"08/02/2022 00:00 - 08/02/2022 01:00","CTA|SE","16602.00","17152.00"
"08/02/2022 01:00 - 08/02/2022 02:00","CTA|SE","16587.00","17005.00"
"08/02/2022 02:00 - 08/02/2022 03:00","CTA|SE","16528.00","16993.00"
"08/02/2022 03:00 - 08/02/2022 04:00","CTA|SE","16833.00","17201.00"
"08/02/2022 04:00 - 08/02/2022 05:00","CTA|SE","17317.00","17919.00"
"08/02/2022 05:00 - 08/02/2022 06:00","CTA|SE","18397.00","19544.00"
"08/02/2022 06:00 - 08/02/2022 07:00","CTA|SE","19816.00","20856.00"
"08/02/2022 07:00 - 08/02/2022 08:00","CTA|SE","20068.00","20976.00"
"08/02/2022 08:00 - 08/02/2022 09:00","CTA|SE","19958.00","20838.00"
"08/02/2022 09:00 - 08/02/2022 10:00","CTA|SE","20036.00","20759.00"
"08/02/2022 10:00 - 08/02/2022 11:00","CTA|SE","19655.00","20531.00"
"08/02/2022 11:00 - 08/02/2022 12:00","CTA|SE","19223.00","20224.00"
"08/02/2022 12:00 - 08/02/2022 13:00","CTA|SE","18929.00","19839.00"
"08/02/2022 13:00 - 08/02/2022 14:00","CTA|SE","19065.00","19641.00"
"08/02/2022 14:00 - 08/02/2022 15:00","CTA|SE","19278.00","19823.00"
"08/02/2022 15:00 - 08/02/2022 16:00","CTA|SE","19321.00","20223.00"
"08/02/2022 16:00 - 08/02/2022 17:00","CTA|SE","19964.00","20922.00"
"08/02/2022 17:00 - 08/02/2022 18:00","CTA|SE","19968.00","20864.00"
"08/02/2022 18:00 - 08/02/2022 19:00","CTA|SE","19903.00","20447.00"
"08/02/2022 19:00 - 08/02/2022 20:00","CTA|SE","19423.00","19873.00"
"08/02/2022 20:00 - 08/02/2022 21:00","CTA|SE","18573.00","19154.00"
"08/02/2022 21:00 - 08/02/2022 22:00","CTA|SE","17650.00","18294.00"
"08/02/2022 22:00 - 08/02/2022 23:00","CTA|SE","16979.00","17492.00"
"08/02/2022 23:00 - 09/02/2022 00:00","CTA|SE","16671.00","16836.00"
"09/02/2022 00:00 - 09/02/2022 01:00","CTA|SE","16364.00","16588.00"
"09/02/2022 01:00 - 09/02/2022 02:00","CTA|SE","16522.00","16482.00"
"09/02/2022 02:00 - 09/02/2022 03:00","CTA|SE","16429.00","16521.00"
"09/02/2022 03:00 - 09/02/2022 04:00","CTA|SE","16657.00","16762.00"
"09/02/2022 04:00 - 09/02/2022 05:00","CTA|SE","17185.00","17479.00"
"09/02/2022 05:00 - 09/02/2022 06:00","CTA|SE","18647.00","19084.00"
"09/02/2022 06:00 - 09/02/2022 07:00","CTA|SE","19933.00","20363.00"
"09/02/2022 07:00 - 09/02/2022 08:00","CTA|SE","20053.00","20497.00"
"09/02/2022 08:00 - 09/02/2022 09:00","CTA|SE","19907.00","20366.00"
"09/02/2022 09:00 - 09/02/2022 10:00","CTA|SE","19762.00","20255.00"
"09/02/2022 10:00 - 09/02/2022 11:00","CTA|SE","19345.00","19980.00"
"09/02/2022 11:00 - 09/02/2022 12:00","CTA|SE","19295.00","19810.00"
"09/02/2022 12:00 - 09/02/2022 13:00","CTA|SE","19440.00","19570.00"
"09/02/2022 13:00 - 09/02/2022 14:00","CTA|SE","19340.00","19465.00"
"09/02/2022 14:00 - 09/02/2022 15:00","CTA|SE","19378.00","19651.00"
"09/02/2022 15:00 - 09/02/2022 16:00","CTA|SE","19686.00","19917.00"
"09/02/2022 16:00 - 09/02/2022 17:00","CTA|SE","20483.00","20495.00"
"09/02/2022 17:00 - 09/02/2022 18:00","CTA|SE","20320.00","20371.00"
"09/02/2022 18:00 - 09/02/2022 19:00","CTA|SE","19703.00","19963.00"
"09/02/2022 19:00 - 09/02/2022 20:00","CTA|SE","19509.00","19422.00"
"09/02/2022 20:00 - 09/02/2022 21:00","CTA|SE","18671.00","18727.00"
"09/02/2022 21:00 - 09/02/2022 22:00","CTA|SE","18077.00","17911.00"
"09/02/2022 22:00 - 09/02/2022 23:00","CTA|SE","17459.00","17143.00"
"09/02/2022 23:00 - 10/02/2022 00:00","CTA|SE","16549.00","16515.00"
"10/02/2022 00:00 - 10/02/2022 01:00","CTA|SE","16182.00","16287.00"
"10/02/2022 01:00 - 10/02/2022 02:00","CTA|SE","16206.00","16201.00"
"10/02/2022 02:00 - 10/02/2022 03:00","CTA|SE","16337.00","16252.00"
"10/02/2022 03:00 - 10/02/2022 04:00","CTA|SE","16478.00","16513.00"
"10/02/2022 04:00 - 10/02/2022 05:00","CTA|SE","17023.00","17237.00"
"10/02/2022 05:00 - 10/02/2022 06:00","CTA|SE","18920.00","18799.00"
"10/02/2022 06:00 - 10/02/2022 07:00","CTA|SE","20253.00","20076.00"
"10/02/2022 07:00 - 10/02/2022 08:00","CTA|SE","20451.00","20264.00"
"10/02/2022 08:00 - 10/02/2022 09:00","CTA|SE","20388.00","20191.00"
"10/02/2022 09:00 - 10/02/2022 10:00","CTA|SE","20288.00","20106.00"
"10/02/2022 10:00 - 10/02/2022 11:00","CTA|SE","20050.00","19810.00"
"10/02/2022 11:00 - 10/02/2022 12:00","CTA|SE","19653.00","19587.00"
"10/02/2022 12:00 - 10/02/2022 13:00","CTA|SE","19493.00","19397.00"
"10/02/2022 13:00 - 10/02/2022 14:00","CTA|SE","19598.00","19304.00"
"10/02/2022 14:00 - 10/02/2022 15:00","CTA|SE","19786.00","19477.00"
"10/02/2022 15:00 - 10/02/2022 16:00","CTA|SE","20519.00","19790.00"
"10/02/2022 16:00 - 10/02/2022 17:00","CTA|SE","20743.00","20459.00"
"10/02/2022 17:00 - 10/02/2022 18:00","CTA|SE","20473.00","20427.00"
"10/02/2022 18:00 - 10/02/2022 19:00","CTA|SE","20230.00","20029.00"
"10/02/2022 19:00 - 10/02/2022 20:00","CTA|SE","19656.00","19494.00"
"10/02/2022 20:00 - 10/02/2022 21:00","CTA|SE","24189.00","18839.00"
"10/02/2022 21:00 - 10/02/2022 22:00","CTA|SE","23787.00","18056.00"
"10/02/2022 22:00 - 10/02/2022 23:00","CTA|SE","23482.00","17340.00"
"10/02/2022 23:00 - 11/02/2022 00:00","CTA|SE","16990.00","16876.00"
"11/02/2022 00:00 - 11/02/2022 01:00","CTA|SE","16789.00","16693.00"
"11/02/2022 01:00 - 11/02/2022 02:00","CTA|SE","16716.00","16649.00"
"11/02/2022 02:00 - 11/02/2022 03:00","CTA|SE","16738.00","16726.00"
"11/02/2022 03:00 - 11/02/2022 04:00","CTA|SE","16813.00","16991.00"
"11/02/2022 04:00 - 11/02/2022 05:00","CTA|SE","17620.00","17724.00"
"11/02/2022 05:00 - 11/02/2022 06:00","CTA|SE","19362.00","19266.00"
"11/02/2022 06:00 - 11/02/2022 07:00","CTA|SE","20697.00","20505.00"
"11/02/2022 07:00 - 11/02/2022 08:00","CTA|SE","21102.00","20771.00"
"11/02/2022 08:00 - 11/02/2022 09:00","CTA|SE","21125.00","20718.00"
"11/02/2022 09:00 - 11/02/2022 10:00","CTA|SE","21007.00","20569.00"
"11/02/2022 10:00 - 11/02/2022 11:00","CTA|SE","20487.00","20180.00"
"11/02/2022 11:00 - 11/02/2022 12:00","CTA|SE","19902.00","19833.00"
"11/02/2022 12:00 - 11/02/2022 13:00","CTA|SE","19380.00","19433.00"
"11/02/2022 13:00 - 11/02/2022 14:00","CTA|SE","19006.00","19198.00"
"11/02/2022 14:00 - 11/02/2022 15:00","CTA|SE","19588.00","19309.00"
"11/02/2022 15:00 - 11/02/2022 16:00","CTA|SE","20088.00","19763.00"
"11/02/2022 16:00 - 11/02/2022 17:00","CTA|SE","20259.00","20514.00"
"11/02/2022 17:00 - 11/02/2022 18:00","CTA|SE","19960.00","20540.00"
"11/02/2022 18:00 - 11/02/2022 19:00","CTA|SE","19422.00","20034.00"
"11/02/2022 19:00 - 11/02/2022 20:00","CTA|SE","18798.00","19379.00"
"11/02/2022 20:00 - 11/02/2022 21:00","CTA|SE","18392.00","18784.00"
"11/02/2022 21:00 - 11/02/2022 22:00","CTA|SE","17920.00","18157.00"
"11/02/2022 22:00 - 11/02/2022 23:00","CTA|SE","17544.00","17594.00"
"11/02/2022 23:00 - 12/02/2022 00:00","CTA|SE","17150.00","17231.00"
"12/02/2022 00:00 - 12/02/2022 01:00","CTA|SE","16957.00","16956.00"
"12/02/2022 01:00 - 12/02/2022 02:00","CTA|SE","17059.00","16812.00"
"12/02/2022 02:00 - 12/02/2022 03:00","CTA|SE","17124.00","16751.00"
"12/02/2022 03:00 - 12/02/2022 04:00","CTA|SE","16757.00","16802.00"
"12/02/2022 04:00 - 12/02/2022 05:00","CTA|SE","16621.00","16968.00"
"12/02/2022 05:00 - 12/02/2022 06:00","CTA|SE","17431.00","17378.00"
"12/02/2022 06:00 - 12/02/2022 07:00","CTA|SE","18029.00","17833.00"
"12/02/2022 07:00 - 12/02/2022 08:00","CTA|SE","18213.00","18348.00"
"12/02/2022 08:00 - 12/02/2022 09:00","CTA|SE","18313.00","18795.00"
"12/02/2022 09:00 - 12/02/2022 10:00","CTA|SE","18516.00","18920.00"
"12/02/2022 10:00 - 12/02/2022 11:00","CTA|SE","18278.00","18790.00"
"12/02/2022 11:00 - 12/02/2022 12:00","CTA|SE","18411.00","18614.00"
"12/02/2022 12:00 - 12/02/2022 13:00","CTA|SE","18524.00","18426.00"
"12/02/2022 13:00 - 12/02/2022 14:00","CTA|SE","18410.00","18363.00"
"12/02/2022 14:00 - 12/02/2022 15:00","CTA|SE","18516.00","18454.00"
"12/02/2022 15:00 - 12/02/2022 16:00","CTA|SE","18953.00","18938.00"
"12/02/2022 16:00 - 12/02/2022 17:00","CTA|SE","19723.00","19607.00"
"12/02/2022 17:00 - 12/02/2022 18:00","CTA|SE","19429.00","19611.00"
"12/02/2022 18:00 - 12/02/2022 19:00","CTA|SE","18847.00","19166.00"
"12/02/2022 19:00 - 12/02/2022 20:00","CTA|SE","18280.00","18602.00"
"12/02/2022 20:00 - 12/02/2022 21:00","CTA|SE","17670.00","18047.00"
"12/02/2022 21:00 - 12/02/2022 22:00","CTA|SE","17219.00","17551.00"
"12/02/2022 22:00 - 12/02/2022 23:00","CTA|SE","16695.00","17055.00"
"12/02/2022 23:00 - 13/02/2022 00:00","CTA|SE","16379.00","16581.00"
"13/02/2022 00:00 - 13/02/2022 01:00","CTA|SE","16050.00","16330.00"
"13/02/2022 01:00 - 13/02/2022 02:00","CTA|SE","15804.00","16217.00"
"13/02/2022 02:00 - 13/02/2022 03:00","CTA|SE","15888.00","16190.00"
"13/02/2022 03:00 - 13/02/2022 04:00","CTA|SE","15852.00","16244.00"
"13/02/2022 04:00 - 13/02/2022 05:00","CTA|SE","16153.00","16402.00"
"13/02/2022 05:00 - 13/02/2022 06:00","CTA|SE","16721.00","16805.00"
"13/02/2022 06:00 - 13/02/2022 07:00","CTA|SE","17598.00","17163.00"
"13/02/2022 07:00 - 13/02/2022 08:00","CTA|SE","18077.00","17619.00"
"13/02/2022 08:00 - 13/02/2022 09:00","CTA|SE","18355.00","18148.00"
"13/02/2022 09:00 - 13/02/2022 10:00","CTA|SE","18677.00","18447.00"
"13/02/2022 10:00 - 13/02/2022 11:00","CTA|SE","18763.00","18576.00"
"13/02/2022 11:00 - 13/02/2022 12:00","CTA|SE","18457.00","18573.00"
"13/02/2022 12:00 - 13/02/2022 13:00","CTA|SE","18297.00","18451.00"
"13/02/2022 13:00 - 13/02/2022 14:00","CTA|SE","18455.00","18359.00"
"13/02/2022 14:00 - 13/02/2022 15:00","CTA|SE","18360.00","18459.00"
"13/02/2022 15:00 - 13/02/2022 16:00","CTA|SE","18791.00","18861.00"
"13/02/2022 16:00 - 13/02/2022 17:00","CTA|SE","19285.00","19516.00"
"13/02/2022 17:00 - 13/02/2022 18:00","CTA|SE","19325.00","19569.00"
"13/02/2022 18:00 - 13/02/2022 19:00","CTA|SE","18670.00","19203.00"
"13/02/2022 19:00 - 13/02/2022 20:00","CTA|SE","18442.00","18671.00"
"13/02/2022 20:00 - 13/02/2022 21:00","CTA|SE","17813.00","18054.00"
"13/02/2022 21:00 - 13/02/2022 22:00","CTA|SE","17159.00","17385.00"
"13/02/2022 22:00 - 13/02/2022 23:00","CTA|SE","16869.00","16814.00"
"13/02/2022 23:00 - 14/02/2022 00:00","CTA|SE","17223.00","16262.00"
"14/02/2022 00:00 - 14/02/2022 01:00","CTA|SE","16874.00","16087.00"
"14/02/2022 01:00 - 14/02/2022 02:00","CTA|SE","16290.00","16051.00"
"14/02/2022 02:00 - 14/02/2022 03:00","CTA|SE","16194.00","16120.00"
"14/02/2022 03:00 - 14/02/2022 04:00","CTA|SE","16331.00","16359.00"
"14/02/2022 04:00 - 14/02/2022 05:00","CTA|SE","17092.00","17129.00"
"14/02/2022 05:00 - 14/02/2022 06:00","CTA|SE","18761.00","18744.00"
"14/02/2022 06:00 - 14/02/2022 07:00","CTA|SE","19963.00","20005.00"
"14/02/2022 07:00 - 14/02/2022 08:00","CTA|SE","20707.00","20249.00"
"14/02/2022 08:00 - 14/02/2022 09:00","CTA|SE","21161.00","20189.00"
"14/02/2022 09:00 - 14/02/2022 10:00","CTA|SE","21078.00","20118.00"
"14/02/2022 10:00 - 14/02/2022 11:00","CTA|SE","20764.00","20012.00"
"14/02/2022 11:00 - 14/02/2022 12:00","CTA|SE","20661.00","19862.00"
"14/02/2022 12:00 - 14/02/2022 13:00","CTA|SE","20430.00","19696.00"
"14/02/2022 13:00 - 14/02/2022 14:00","CTA|SE","20370.00","19614.00"
"14/02/2022 14:00 - 14/02/2022 15:00","CTA|SE","20551.00","19677.00"
"14/02/2022 15:00 - 14/02/2022 16:00","CTA|SE","20558.00","19815.00"
"14/02/2022 16:00 - 14/02/2022 17:00","CTA|SE","20817.00","20360.00"
"14/02/2022 17:00 - 14/02/2022 18:00","CTA|SE","20239.00","20208.00"
"14/02/2022 18:00 - 14/02/2022 19:00","CTA|SE","19838.00","19772.00"
"14/02/2022 19:00 - 14/02/2022 20:00","CTA|SE","18972.00","19156.00"
"14/02/2022 20:00 - 14/02/2022 21:00","CTA|SE","18179.00","18411.00"
"14/02/2022 21:00 - 14/02/2022 22:00","CTA|SE","17330.00","17544.00"
"14/02/2022 22:00 - 14/02/2022 23:00","CTA|SE","16374.00","16748.00"
"14/02/2022 23:00 - 15/02/2022 00:00","CTA|SE","16121.00","16168.00"
"15/02/2022 00:00 - 15/02/2022 01:00","CTA|SE","15747.00","15915.00"
"15/02/2022 01:00 - 15/02/2022 02:00","CTA|SE","15384.00","15826.00"
"15/02/2022 02:00 - 15/02/2022 03:00","CTA|SE","15382.00","15865.00"
"15/02/2022 03:00 - 15/02/2022 04:00","CTA|SE","15336.00","16103.00"
"15/02/2022 04:00 - 15/02/2022 05:00","CTA|SE","16054.00","16808.00"
"15/02/2022 05:00 - 15/02/2022 06:00","CTA|SE","17647.00","18379.00"
"15/02/2022 06:00 - 15/02/2022 07:00","CTA|SE","19361.00","19613.00"
"15/02/2022 07:00 - 15/02/2022 08:00","CTA|SE","19851.00","19813.00"
"15/02/2022 08:00 - 15/02/2022 09:00","CTA|SE","19991.00","19744.00"
"15/02/2022 09:00 - 15/02/2022 10:00","CTA|SE","20127.00","19701.00"
"15/02/2022 10:00 - 15/02/2022 11:00","CTA|SE","20041.00","19547.00"
"15/02/2022 11:00 - 15/02/2022 12:00","CTA|SE","19722.00","19414.00"
"15/02/2022 12:00 - 15/02/2022 13:00","CTA|SE","19806.00","19291.00"
"15/02/2022 13:00 - 15/02/2022 14:00","CTA|SE","19475.00","19240.00"
"15/02/2022 14:00 - 15/02/2022 15:00","CTA|SE","19601.00","19341.00"
"15/02/2022 15:00 - 15/02/2022 16:00","CTA|SE","19918.00","19550.00"
"15/02/2022 16:00 - 15/02/2022 17:00","CTA|SE","20911.00","20107.00"
"15/02/2022 17:00 - 15/02/2022 18:00","CTA|SE","20725.00","20057.00"
"15/02/2022 18:00 - 15/02/2022 19:00","CTA|SE","20387.00","19680.00"
"15/02/2022 19:00 - 15/02/2022 20:00","CTA|SE","19572.00","19153.00"
"15/02/2022 20:00 - 15/02/2022 21:00","CTA|SE","18935.00","18469.00"
"15/02/2022 21:00 - 15/02/2022 22:00","CTA|SE","18241.00","17657.00"
"15/02/2022 22:00 - 15/02/2022 23:00","CTA|SE","17352.00","16906.00"
"15/02/2022 23:00 - 16/02/2022 00:00","CTA|SE","16650.00","16471.00"
"16/02/2022 00:00 - 16/02/2022 01:00","CTA|SE","16295.00","16228.00"
"16/02/2022 01:00 - 16/02/2022 02:00","CTA|SE","15986.00","16168.00"
"16/02/2022 02:00 - 16/02/2022 03:00","CTA|SE","16068.00","16225.00"
"16/02/2022 03:00 - 16/02/2022 04:00","CTA|SE","16380.00","16491.00"
"16/02/2022 04:00 - 16/02/2022 05:00","CTA|SE","17124.00","17247.00"
"16/02/2022 05:00 - 16/02/2022 06:00","CTA|SE","18892.00","18892.00"
"16/02/2022 06:00 - 16/02/2022 07:00","CTA|SE","20167.00","20184.00"
"16/02/2022 07:00 - 16/02/2022 08:00","CTA|SE","20677.00","20401.00"
"16/02/2022 08:00 - 16/02/2022 09:00","CTA|SE","20686.00","20325.00"
"16/02/2022 09:00 - 16/02/2022 10:00","CTA|SE","20844.00","20278.00"
"16/02/2022 10:00 - 16/02/2022 11:00","CTA|SE","20818.00","20138.00"
"16/02/2022 11:00 - 16/02/2022 12:00","CTA|SE","20832.00","19945.00"
"16/02/2022 12:00 - 16/02/2022 13:00","CTA|SE","20617.00","19740.00"
"16/02/2022 13:00 - 16/02/2022 14:00","CTA|SE","20610.00","19630.00"
"16/02/2022 14:00 - 16/02/2022 15:00","CTA|SE","20816.00","19733.00"
"16/02/2022 15:00 - 16/02/2022 16:00","CTA|SE","20954.00","19938.00"
"16/02/2022 16:00 - 16/02/2022 17:00","CTA|SE","21659.00","20600.00"
"16/02/2022 17:00 - 16/02/2022 18:00","CTA|SE","21399.00","20545.00"
"16/02/2022 18:00 - 16/02/2022 19:00","CTA|SE","20903.00","20112.00"
"16/02/2022 19:00 - 16/02/2022 20:00","CTA|SE","20183.00","19545.00"
"16/02/2022 20:00 - 16/02/2022 21:00","CTA|SE","19452.00","18817.00"
"16/02/2022 21:00 - 16/02/2022 22:00","CTA|SE","18626.00","17944.00"
"16/02/2022 22:00 - 16/02/2022 23:00","CTA|SE","17822.00","17139.00"
"16/02/2022 23:00 - 17/02/2022 00:00","CTA|SE","17394.00","16544.00"
"17/02/2022 00:00 - 17/02/2022 01:00","CTA|SE","16973.00","16298.00"
"17/02/2022 01:00 - 17/02/2022 02:00","CTA|SE","16704.00","16240.00"
"17/02/2022 02:00 - 17/02/2022 03:00","CTA|SE","16604.00","16312.00"
"17/02/2022 03:00 - 17/02/2022 04:00","CTA|SE","16754.00","16591.00"
"17/02/2022 04:00 - 17/02/2022 05:00","CTA|SE","17377.00","17386.00"
"17/02/2022 05:00 - 17/02/2022 06:00","CTA|SE","19129.00","19110.00"
"17/02/2022 06:00 - 17/02/2022 07:00","CTA|SE","20342.00","20491.00"
"17/02/2022 07:00 - 17/02/2022 08:00","CTA|SE","20556.00","20761.00"
"17/02/2022 08:00 - 17/02/2022 09:00","CTA|SE","20713.00","20726.00"
"17/02/2022 09:00 - 17/02/2022 10:00","CTA|SE","20901.00","20680.00"
"17/02/2022 10:00 - 17/02/2022 11:00","CTA|SE","20766.00","20485.00"
"17/02/2022 11:00 - 17/02/2022 12:00","CTA|SE","20533.00","20279.00"
"17/02/2022 12:00 - 17/02/2022 13:00","CTA|SE","20706.00","20067.00"
"17/02/2022 13:00 - 17/02/2022 14:00","CTA|SE","20626.00","19964.00"
"17/02/2022 14:00 - 17/02/2022 15:00","CTA|SE","20421.00","20058.00"
"17/02/2022 15:00 - 17/02/2022 16:00","CTA|SE","20795.00","20329.00"
"17/02/2022 16:00 - 17/02/2022 17:00","CTA|SE","21498.00","20971.00"
"17/02/2022 17:00 - 17/02/2022 18:00","CTA|SE","21329.00","20940.00"
"17/02/2022 18:00 - 17/02/2022 19:00","CTA|SE","20995.00","20508.00"
"17/02/2022 19:00 - 17/02/2022 20:00","CTA|SE","20217.00","19903.00"
"17/02/2022 20:00 - 17/02/2022 21:00","CTA|SE","19253.00","19153.00"
"17/02/2022 21:00 - 17/02/2022 22:00","CTA|SE","18615.00","18267.00"
"17/02/2022 22:00 - 17/02/2022 23:00","CTA|SE","17911.00","17451.00"
"17/02/2022 23:00 - 18/02/2022 00:00","CTA|SE","17080.00","17158.00"
"18/02/2022 00:00 - 18/02/2022 01:00","CTA|SE","16772.00","16896.00"
"18/02/2022 01:00 - 18/02/2022 02:00","CTA|SE","16898.00","16790.00"
"18/02/2022 02:00 - 18/02/2022 03:00","CTA|SE","16665.00","16823.00"
"18/02/2022 03:00 - 18/02/2022 04:00","CTA|SE","17090.00","17080.00"
"18/02/2022 04:00 - 18/02/2022 05:00","CTA|SE","17753.00","17941.00"
"18/02/2022 05:00 - 18/02/2022 06:00","CTA|SE","19309.00","19715.00"
"18/02/2022 06:00 - 18/02/2022 07:00","CTA|SE","20274.00","21049.00"
"18/02/2022 07:00 - 18/02/2022 08:00","CTA|SE","20496.00","21307.00"
"18/02/2022 08:00 - 18/02/2022 09:00","CTA|SE","20616.00","21208.00"
"18/02/2022 09:00 - 18/02/2022 10:00","CTA|SE","20332.00","20876.00"
"18/02/2022 10:00 - 18/02/2022 11:00","CTA|SE","19778.00","20490.00"
"18/02/2022 11:00 - 18/02/2022 12:00","CTA|SE","19387.00","20094.00"
"18/02/2022 12:00 - 18/02/2022 13:00","CTA|SE","19150.00","19665.00"
"18/02/2022 13:00 - 18/02/2022 14:00","CTA|SE","19051.00","19388.00"
"18/02/2022 14:00 - 18/02/2022 15:00","CTA|SE","19238.00","19486.00"
"18/02/2022 15:00 - 18/02/2022 16:00","CTA|SE","19367.00","19845.00"
"18/02/2022 16:00 - 18/02/2022 17:00","CTA|SE","20173.00","20564.00"
"18/02/2022 17:00 - 18/02/2022 18:00","CTA|SE","19913.00","20564.00"
"18/02/2022 18:00 - 18/02/2022 19:00","CTA|SE","19575.00","19928.00"
"18/02/2022 19:00 - 18/02/2022 20:00","CTA|SE","19123.00","19173.00"
"18/02/2022 20:00 - 18/02/2022 21:00","CTA|SE","18584.00","18517.00"
"18/02/2022 21:00 - 18/02/2022 22:00","CTA|SE","17861.00","17849.00"
"18/02/2022 22:00 - 18/02/2022 23:00","CTA|SE","17305.00","17224.00"
"18/02/2022 23:00 - 19/02/2022 00:00","CTA|SE","16728.00","16715.00"
"19/02/2022 00:00 - 19/02/2022 01:00","CTA|SE","16419.00","16465.00"
"19/02/2022 01:00 - 19/02/2022 02:00","CTA|SE","16421.00","16352.00"
"19/02/2022 02:00 - 19/02/2022 03:00","CTA|SE","16507.00","16347.00"
"19/02/2022 03:00 - 19/02/2022 04:00","CTA|SE","16374.00","16414.00"
"19/02/2022 04:00 - 19/02/2022 05:00","CTA|SE","16810.00","16608.00"
"19/02/2022 05:00 - 19/02/2022 06:00","CTA|SE","17465.00","17153.00"
"19/02/2022 06:00 - 19/02/2022 07:00","CTA|SE","17833.00","17670.00"
"19/02/2022 07:00 - 19/02/2022 08:00","CTA|SE","18193.00","18299.00"
"19/02/2022 08:00 - 19/02/2022 09:00","CTA|SE","18729.00","18839.00"
"19/02/2022 09:00 - 19/02/2022 10:00","CTA|SE","19499.00","18990.00"
"19/02/2022 10:00 - 19/02/2022 11:00","CTA|SE","19153.00","18873.00"
"19/02/2022 11:00 - 19/02/2022 12:00","CTA|SE","18641.00","18576.00"
"19/02/2022 12:00 - 19/02/2022 13:00","CTA|SE","18255.00","18230.00"
"19/02/2022 13:00 - 19/02/2022 14:00","CTA|SE","18071.00","17931.00"
"19/02/2022 14:00 - 19/02/2022 15:00","CTA|SE","18035.00","17932.00"
"19/02/2022 15:00 - 19/02/2022 16:00","CTA|SE","18808.00","18502.00"
"19/02/2022 16:00 - 19/02/2022 17:00","CTA|SE","19211.00","19486.00"
"19/02/2022 17:00 - 19/02/2022 18:00","CTA|SE","19190.00","19685.00"
"19/02/2022 18:00 - 19/02/2022 19:00","CTA|SE","18808.00","19264.00"
"19/02/2022 19:00 - 19/02/2022 20:00","CTA|SE","18525.00","18637.00"
"19/02/2022 20:00 - 19/02/2022 21:00","CTA|SE","17763.00","18037.00"
"19/02/2022 21:00 - 19/02/2022 22:00","CTA|SE","17274.00","17526.00"
"19/02/2022 22:00 - 19/02/2022 23:00","CTA|SE","17057.00","16980.00"
"19/02/2022 23:00 - 20/02/2022 00:00","CTA|SE","16893.00","16732.00"
"20/02/2022 00:00 - 20/02/2022 01:00","CTA|SE","16918.00","16477.00"
"20/02/2022 01:00 - 20/02/2022 02:00","CTA|SE","16687.00","16371.00"
"20/02/2022 02:00 - 20/02/2022 03:00","CTA|SE","16565.00","16370.00"
"20/02/2022 03:00 - 20/02/2022 04:00","CTA|SE","16827.00","16453.00"
"20/02/2022 04:00 - 20/02/2022 05:00","CTA|SE","17080.00","16683.00"
"20/02/2022 05:00 - 20/02/2022 06:00","CTA|SE","17510.00","17189.00"
"20/02/2022 06:00 - 20/02/2022 07:00","CTA|SE","17928.00","17652.00"
"20/02/2022 07:00 - 20/02/2022 08:00","CTA|SE","18155.00","18181.00"
"20/02/2022 08:00 - 20/02/2022 09:00","CTA|SE","18517.00","18626.00"
"20/02/2022 09:00 - 20/02/2022 10:00","CTA|SE","18932.00","18664.00"
"20/02/2022 10:00 - 20/02/2022 11:00","CTA|SE","18634.00","18515.00"
"20/02/2022 11:00 - 20/02/2022 12:00","CTA|SE","18323.00","18326.00"
"20/02/2022 12:00 - 20/02/2022 13:00","CTA|SE","18125.00","18111.00"
"20/02/2022 13:00 - 20/02/2022 14:00","CTA|SE","18178.00","18047.00"
"20/02/2022 14:00 - 20/02/2022 15:00","CTA|SE","18622.00","18312.00"
"20/02/2022 15:00 - 20/02/2022 16:00","CTA|SE","19100.00","18932.00"
"20/02/2022 16:00 - 20/02/2022 17:00","CTA|SE","19999.00","19888.00"
"20/02/2022 17:00 - 20/02/2022 18:00","CTA|SE","20330.00","20263.00"
"20/02/2022 18:00 - 20/02/2022 19:00","CTA|SE","19923.00","19939.00"
"20/02/2022 19:00 - 20/02/2022 20:00","CTA|SE","19380.00","19427.00"
"20/02/2022 20:00 - 20/02/2022 21:00","CTA|SE","18567.00","18782.00"
"20/02/2022 21:00 - 20/02/2022 22:00","CTA|SE","17890.00","18076.00"
"20/02/2022 22:00 - 20/02/2022 23:00","CTA|SE","17224.00","17503.00"
"20/02/2022 23:00 - 21/02/2022 00:00","CTA|SE","16925.00","16953.00"
"21/02/2022 00:00 - 21/02/2022 01:00","CTA|SE","16876.00","16753.00"
"21/02/2022 01:00 - 21/02/2022 02:00","CTA|SE","16768.00","16614.00"
"21/02/2022 02:00 - 21/02/2022 03:00","CTA|SE","16699.00","16644.00"
"21/02/2022 03:00 - 21/02/2022 04:00","CTA|SE","17018.00","16871.00"
"21/02/2022 04:00 - 21/02/2022 05:00","CTA|SE","18313.00","17668.00"
"21/02/2022 05:00 - 21/02/2022 06:00","CTA|SE","20015.00","19323.00"
"21/02/2022 06:00 - 21/02/2022 07:00","CTA|SE","21338.00","20574.00"
"21/02/2022 07:00 - 21/02/2022 08:00","CTA|SE","21765.00","20865.00"
"21/02/2022 08:00 - 21/02/2022 09:00","CTA|SE","21955.00","20864.00"
"21/02/2022 09:00 - 21/02/2022 10:00","CTA|SE","21716.00","20805.00"
"21/02/2022 10:00 - 21/02/2022 11:00","CTA|SE","21704.00","20746.00"
"21/02/2022 11:00 - 21/02/2022 12:00","CTA|SE","21692.00","20690.00"
"21/02/2022 12:00 - 21/02/2022 13:00","CTA|SE","21475.00","20612.00"
"21/02/2022 13:00 - 21/02/2022 14:00","CTA|SE","21537.00","20595.00"
"21/02/2022 14:00 - 21/02/2022 15:00","CTA|SE","21358.00","20685.00"
"21/02/2022 15:00 - 21/02/2022 16:00","CTA|SE","21886.00","20796.00"
"21/02/2022 16:00 - 21/02/2022 17:00","CTA|SE","22643.00","21372.00"
"21/02/2022 17:00 - 21/02/2022 18:00","CTA|SE","22556.00","21343.00"
"21/02/2022 18:00 - 21/02/2022 19:00","CTA|SE","22018.00","20992.00"
"21/02/2022 19:00 - 21/02/2022 20:00","CTA|SE","21190.00","20422.00"
"21/02/2022 20:00 - 21/02/2022 21:00","CTA|SE","20643.00","19733.00"
"21/02/2022 21:00 - 21/02/2022 22:00","CTA|SE","19684.00","18891.00"
"21/02/2022 22:00 - 21/02/2022 23:00","CTA|SE","19083.00","18126.00"
"21/02/2022 23:00 - 22/02/2022 00:00","CTA|SE","18572.00","17834.00"
"22/02/2022 00:00 - 22/02/2022 01:00","CTA|SE","18381.00","17664.00"
"22/02/2022 01:00 - 22/02/2022 02:00","CTA|SE","18188.00","17645.00"
"22/02/2022 02:00 - 22/02/2022 03:00","CTA|SE","18383.00","17757.00"
"22/02/2022 03:00 - 22/02/2022 04:00","CTA|SE","18875.00","18087.00"
"22/02/2022 04:00 - 22/02/2022 05:00","CTA|SE","19177.00","18869.00"
"22/02/2022 05:00 - 22/02/2022 06:00","CTA|SE","20734.00","20463.00"
"22/02/2022 06:00 - 22/02/2022 07:00","CTA|SE","21850.00","21694.00"
"22/02/2022 07:00 - 22/02/2022 08:00","CTA|SE","22003.00","21940.00"
"22/02/2022 08:00 - 22/02/2022 09:00","CTA|SE","22023.00","21838.00"
"22/02/2022 09:00 - 22/02/2022 10:00","CTA|SE","22112.00","21606.00"
"22/02/2022 10:00 - 22/02/2022 11:00","CTA|SE","21662.00","21278.00"
"22/02/2022 11:00 - 22/02/2022 12:00","CTA|SE","21369.00","20946.00"
"22/02/2022 12:00 - 22/02/2022 13:00","CTA|SE","21215.00","20727.00"
"22/02/2022 13:00 - 22/02/2022 14:00","CTA|SE","21097.00","20701.00"
"22/02/2022 14:00 - 22/02/2022 15:00","CTA|SE","21402.00","20952.00"
"22/02/2022 15:00 - 22/02/2022 16:00","CTA|SE","21603.00","21249.00"
"22/02/2022 16:00 - 22/02/2022 17:00","CTA|SE","22435.00","21964.00"
"22/02/2022 17:00 - 22/02/2022 18:00","CTA|SE","22330.00","22073.00"
"22/02/2022 18:00 - 22/02/2022 19:00","CTA|SE","21807.00","21752.00"
"22/02/2022 19:00 - 22/02/2022 20:00","CTA|SE","21221.00","21253.00"
"22/02/2022 20:00 - 22/02/2022 21:00","CTA|SE","20319.00","20593.00"
"22/02/2022 21:00 - 22/02/2022 22:00","CTA|SE","19407.00","19829.00"
"22/02/2022 22:00 - 22/02/2022 23:00","CTA|SE","18213.00","19112.00"
"22/02/2022 23:00 - 23/02/2022 00:00","CTA|SE","17542.00","18600.00"
"23/02/2022 00:00 - 23/02/2022 01:00","CTA|SE","17232.00","18295.00"
"23/02/2022 01:00 - 23/02/2022 02:00","CTA|SE","17432.00","18171.00"
"23/02/2022 02:00 - 23/02/2022 03:00","CTA|SE","17538.00","18202.00"
"23/02/2022 03:00 - 23/02/2022 04:00","CTA|SE","18101.00","18457.00"
"23/02/2022 04:00 - 23/02/2022 05:00","CTA|SE","18811.00","19228.00"
"23/02/2022 05:00 - 23/02/2022 06:00","CTA|SE","20492.00","20917.00"
"23/02/2022 06:00 - 23/02/2022 07:00","CTA|SE","21806.00","22194.00"
"23/02/2022 07:00 - 23/02/2022 08:00","CTA|SE","21814.00","22409.00"
"23/02/2022 08:00 - 23/02/2022 09:00","CTA|SE","21613.00","22258.00"
"23/02/2022 09:00 - 23/02/2022 10:00","CTA|SE","21069.00","22070.00"
"23/02/2022 10:00 - 23/02/2022 11:00","CTA|SE","20668.00","21754.00"
"23/02/2022 11:00 - 23/02/2022 12:00","CTA|SE","20683.00","21420.00"
"23/02/2022 12:00 - 23/02/2022 13:00","CTA|SE","20244.00","20945.00"
"23/02/2022 13:00 - 23/02/2022 14:00","CTA|SE","19941.00","20670.00"
"23/02/2022 14:00 - 23/02/2022 15:00","CTA|SE","19924.00","20733.00"
"23/02/2022 15:00 - 23/02/2022 16:00","CTA|SE","20160.00","20855.00"
"23/02/2022 16:00 - 23/02/2022 17:00","CTA|SE","20926.00","21659.00"
"23/02/2022 17:00 - 23/02/2022 18:00","CTA|SE","20755.00","21824.00"
"23/02/2022 18:00 - 23/02/2022 19:00","CTA|SE","20089.00","21375.00"
"23/02/2022 19:00 - 23/02/2022 20:00","CTA|SE","19789.00","20675.00"
"23/02/2022 20:00 - 23/02/2022 21:00","CTA|SE","19274.00","19844.00"
"23/02/2022 21:00 - 23/02/2022 22:00","CTA|SE","18265.00","18855.00"
"23/02/2022 22:00 - 23/02/2022 23:00","CTA|SE","17334.00","17917.00"
"23/02/2022 23:00 - 24/02/2022 00:00","CTA|SE","17029.00","17356.00"
"24/02/2022 00:00 - 24/02/2022 01:00","CTA|SE","16669.00","17034.00"
"24/02/2022 01:00 - 24/02/2022 02:00","CTA|SE","16164.00","16880.00"
"24/02/2022 02:00 - 24/02/2022 03:00","CTA|SE","15980.00","16873.00"
"24/02/2022 03:00 - 24/02/2022 04:00","CTA|SE","16163.00","17078.00"
"24/02/2022 04:00 - 24/02/2022 05:00","CTA|SE","17254.00","17765.00"
"24/02/2022 05:00 - 24/02/2022 06:00","CTA|SE","19507.00","19341.00"
"24/02/2022 06:00 - 24/02/2022 07:00","CTA|SE","20215.00","20540.00"
"24/02/2022 07:00 - 24/02/2022 08:00","CTA|SE","20219.00","20754.00"
"24/02/2022 08:00 - 24/02/2022 09:00","CTA|SE","20247.00","20665.00"
"24/02/2022 09:00 - 24/02/2022 10:00","CTA|SE","20206.00","20548.00"
"24/02/2022 10:00 - 24/02/2022 11:00","CTA|SE","19999.00","20343.00"
"24/02/2022 11:00 - 24/02/2022 12:00","CTA|SE","19491.00","20162.00"
"24/02/2022 12:00 - 24/02/2022 13:00","CTA|SE","19015.00","20007.00"
"24/02/2022 13:00 - 24/02/2022 14:00","CTA|SE","19553.00","19844.00"
"24/02/2022 14:00 - 24/02/2022 15:00","CTA|SE","20299.00","19967.00"
"24/02/2022 15:00 - 24/02/2022 16:00","CTA|SE","20292.00","20115.00"
"24/02/2022 16:00 - 24/02/2022 17:00","CTA|SE","20573.00","20754.00"
"24/02/2022 17:00 - 24/02/2022 18:00","CTA|SE","20129.00","20828.00"
"24/02/2022 18:00 - 24/02/2022 19:00","CTA|SE","19877.00","20404.00"
"24/02/2022 19:00 - 24/02/2022 20:00","CTA|SE","19459.00","19819.00"
"24/02/2022 20:00 - 24/02/2022 21:00","CTA|SE","19076.00","19084.00"
"24/02/2022 21:00 - 24/02/2022 22:00","CTA|SE","18315.00","18198.00"
"24/02/2022 22:00 - 24/02/2022 23:00","CTA|SE","17723.00","17370.00"
"24/02/2022 23:00 - 25/02/2022 00:00","CTA|SE","17284.00","16604.00"
"25/02/2022 00:00 - 25/02/2022 01:00","CTA|SE","16667.00","16342.00"
"25/02/2022 01:00 - 25/02/2022 02:00","CTA|SE","16474.00","16272.00"
"25/02/2022 02:00 - 25/02/2022 03:00","CTA|SE","16362.00","16350.00"
"25/02/2022 03:00 - 25/02/2022 04:00","CTA|SE","16794.00","16655.00"
"25/02/2022 04:00 - 25/02/2022 05:00","CTA|SE","17176.00","17502.00"
"25/02/2022 05:00 - 25/02/2022 06:00","CTA|SE","18898.00","19182.00"
"25/02/2022 06:00 - 25/02/2022 07:00","CTA|SE","20039.00","20390.00"
"25/02/2022 07:00 - 25/02/2022 08:00","CTA|SE","20824.00","20580.00"
"25/02/2022 08:00 - 25/02/2022 09:00","CTA|SE","20931.00","20442.00"
"25/02/2022 09:00 - 25/02/2022 10:00","CTA|SE","20648.00","20139.00"
"25/02/2022 10:00 - 25/02/2022 11:00","CTA|SE","20382.00","19825.00"
"25/02/2022 11:00 - 25/02/2022 12:00","CTA|SE","19861.00","19535.00"
"25/02/2022 12:00 - 25/02/2022 13:00","CTA|SE","18946.00","19130.00"
"25/02/2022 13:00 - 25/02/2022 14:00","CTA|SE","18939.00","18797.00"
"25/02/2022 14:00 - 25/02/2022 15:00","CTA|SE","19060.00","18731.00"
"25/02/2022 15:00 - 25/02/2022 16:00","CTA|SE","19169.00","18885.00"
"25/02/2022 16:00 - 25/02/2022 17:00","CTA|SE","19295.00","19499.00"
"25/02/2022 17:00 - 25/02/2022 18:00","CTA|SE","19344.00","19718.00"
"25/02/2022 18:00 - 25/02/2022 19:00","CTA|SE","18814.00","19245.00"
"25/02/2022 19:00 - 25/02/2022 20:00","CTA|SE","18242.00","18570.00"
"25/02/2022 20:00 - 25/02/2022 21:00","CTA|SE","17761.00","17952.00"
"25/02/2022 21:00 - 25/02/2022 22:00","CTA|SE","17348.00","17354.00"
"25/02/2022 22:00 - 25/02/2022 23:00","CTA|SE","16816.00","16818.00"
"25/02/2022 23:00 - 26/02/2022 00:00","CTA|SE","16402.00","16581.00"
"26/02/2022 00:00 - 26/02/2022 01:00","CTA|SE","16436.00","16425.00"
"26/02/2022 01:00 - 26/02/2022 02:00","CTA|SE","16484.00","16409.00"
"26/02/2022 02:00 - 26/02/2022 03:00","CTA|SE","16478.00","16489.00"
"26/02/2022 03:00 - 26/02/2022 04:00","CTA|SE","16884.00","16635.00"
"26/02/2022 04:00 - 26/02/2022 05:00","CTA|SE","17384.00","16937.00"
"26/02/2022 05:00 - 26/02/2022 06:00","CTA|SE","18298.00","17510.00"
"26/02/2022 06:00 - 26/02/2022 07:00","CTA|SE","18806.00","18022.00"
"26/02/2022 07:00 - 26/02/2022 08:00","CTA|SE","19202.00","18531.00"
"26/02/2022 08:00 - 26/02/2022 09:00","CTA|SE","19267.00","18793.00"
"26/02/2022 09:00 - 26/02/2022 10:00","CTA|SE","18579.00","18568.00"
"26/02/2022 10:00 - 26/02/2022 11:00","CTA|SE","17685.00","18112.00"
"26/02/2022 11:00 - 26/02/2022 12:00","CTA|SE","16650.00","17737.00"
"26/02/2022 12:00 - 26/02/2022 13:00","CTA|SE","16133.00","17397.00"
"26/02/2022 13:00 - 26/02/2022 14:00","CTA|SE","16283.00","17188.00"
"26/02/2022 14:00 - 26/02/2022 15:00","CTA|SE","16464.00","17331.00"
"26/02/2022 15:00 - 26/02/2022 16:00","CTA|SE","16789.00","17926.00"
"26/02/2022 16:00 - 26/02/2022 17:00","CTA|SE","18177.00","18871.00"
"26/02/2022 17:00 - 26/02/2022 18:00","CTA|SE","18817.00","19284.00"
"26/02/2022 18:00 - 26/02/2022 19:00","CTA|SE","18444.00","19010.00"
"26/02/2022 19:00 - 26/02/2022 20:00","CTA|SE","18019.00","18452.00"
"26/02/2022 20:00 - 26/02/2022 21:00","CTA|SE","17540.00","17906.00"
"26/02/2022 21:00 - 26/02/2022 22:00","CTA|SE","17109.00","17436.00"
"26/02/2022 22:00 - 26/02/2022 23:00","CTA|SE","16515.00","16988.00"
"26/02/2022 23:00 - 27/02/2022 00:00","CTA|SE","16622.00","16545.00"
"27/02/2022 00:00 - 27/02/2022 01:00","CTA|SE","16364.00","16355.00"
"27/02/2022 01:00 - 27/02/2022 02:00","CTA|SE","16061.00","16253.00"
"27/02/2022 02:00 - 27/02/2022 03:00","CTA|SE","16134.00","16267.00"
"27/02/2022 03:00 - 27/02/2022 04:00","CTA|SE","16211.00","16362.00"
"27/02/2022 04:00 - 27/02/2022 05:00","CTA|SE","16268.00","16571.00"
"27/02/2022 05:00 - 27/02/2022 06:00","CTA|SE","16511.00","16922.00"
"27/02/2022 06:00 - 27/02/2022 07:00","CTA|SE","16679.00","17259.00"
"27/02/2022 07:00 - 27/02/2022 08:00","CTA|SE","17308.00","17650.00"
"27/02/2022 08:00 - 27/02/2022 09:00","CTA|SE","17487.00","17936.00"
"27/02/2022 09:00 - 27/02/2022 10:00","CTA|SE","17627.00","17827.00"
"27/02/2022 10:00 - 27/02/2022 11:00","CTA|SE","17068.00","17595.00"
"27/02/2022 11:00 - 27/02/2022 12:00","CTA|SE","16280.00","17369.00"
"27/02/2022 12:00 - 27/02/2022 13:00","CTA|SE","15827.00","17120.00"
"27/02/2022 13:00 - 27/02/2022 14:00","CTA|SE","16116.00","16998.00"
"27/02/2022 14:00 - 27/02/2022 15:00","CTA|SE","16701.00","17164.00"
"27/02/2022 15:00 - 27/02/2022 16:00","CTA|SE","17266.00","17667.00"
"27/02/2022 16:00 - 27/02/2022 17:00","CTA|SE","18201.00","18650.00"
"27/02/2022 17:00 - 27/02/2022 18:00","CTA|SE","18757.00","19277.00"
"27/02/2022 18:00 - 27/02/2022 19:00","CTA|SE","18773.00","19153.00"
"27/02/2022 19:00 - 27/02/2022 20:00","CTA|SE","18400.00","18747.00"
"27/02/2022 20:00 - 27/02/2022 21:00","CTA|SE","17752.00","18211.00"
"27/02/2022 21:00 - 27/02/2022 22:00","CTA|SE","17171.00","17630.00"
"27/02/2022 22:00 - 27/02/2022 23:00","CTA|SE","16770.00","17146.00"
"27/02/2022 23:00 - 28/02/2022 00:00","CTA|SE","16293.00","16598.00"
"28/02/2022 00:00 - 28/02/2022 01:00","CTA|SE","15815.00","16508.00"
"28/02/2022 01:00 - 28/02/2022 02:00","CTA|SE","16083.00","16494.00"
"28/02/2022 02:00 - 28/02/2022 03:00","CTA|SE","16413.00","16608.00"
"28/02/2022 03:00 - 28/02/2022 04:00","CTA|SE","16722.00","16923.00"
"28/02/2022 04:00 - 28/02/2022 05:00","CTA|SE","17561.00","17837.00"
"28/02/2022 05:00 - 28/02/2022 06:00","CTA|SE","19441.00","19529.00"
"28/02/2022 06:00 - 28/02/2022 07:00","CTA|SE","20889.00","20814.00"
"28/02/2022 07:00 - 28/02/2022 08:00","CTA|SE","21077.00","21039.00"
"28/02/2022 08:00 - 28/02/2022 09:00","CTA|SE","20087.00","20791.00"
"28/02/2022 09:00 - 28/02/2022 10:00","CTA|SE","19685.00","20334.00"
"28/02/2022 10:00 - 28/02/2022 11:00","CTA|SE","18968.00","19884.00"
"28/02/2022 11:00 - 28/02/2022 12:00","CTA|SE","18491.00","19514.00"
"28/02/2022 12:00 - 28/02/2022 13:00","CTA|SE","18159.00","19156.00"
"28/02/2022 13:00 - 28/02/2022 14:00","CTA|SE","18358.00","19003.00"
"28/02/2022 14:00 - 28/02/2022 15:00","CTA|SE","18756.00","19087.00"
"28/02/2022 15:00 - 28/02/2022 16:00","CTA|SE","19060.00","19327.00"
"28/02/2022 16:00 - 28/02/2022 17:00","CTA|SE","19408.00","20207.00"
"28/02/2022 17:00 - 28/02/2022 18:00","CTA|SE","19274.00","20615.00"
"28/02/2022 18:00 - 28/02/2022 19:00","CTA|SE","18933.00","20401.00"
"28/02/2022 19:00 - 28/02/2022 20:00","CTA|SE","18605.00","19801.00"
"28/02/2022 20:00 - 28/02/2022 21:00","CTA|SE","18421.00","19100.00"
"28/02/2022 21:00 - 28/02/2022 22:00","CTA|SE","17996.00","18233.00"
"28/02/2022 22:00 - 28/02/2022 23:00","CTA|SE","17527.00","17459.00"
"28/02/2022 23:00 - 01/03/2022 00:00","CTA|SE","17057.00","16876.00"
"01/03/2022 00:00 - 01/03/2022 01:00","CTA|SE","16735.00","16678.00"
"01/03/2022 01:00 - 01/03/2022 02:00","CTA|SE","16582.00","16615.00"
"01/03/2022 02:00 - 01/03/2022 03:00","CTA|SE","16666.00","16692.00"
"01/03/2022 03:00 - 01/03/2022 04:00","CTA|SE","16820.00","16977.00"
"01/03/2022 04:00 - 01/03/2022 05:00","CTA|SE","17512.00","17701.00"
"01/03/2022 05:00 - 01/03/2022 06:00","CTA|SE","18876.00","19241.00"
"01/03/2022 06:00 - 01/03/2022 07:00","CTA|SE","19773.00","20354.00"
"01/03/2022 07:00 - 01/03/2022 08:00","CTA|SE","20381.00","20483.00"
"01/03/2022 08:00 - 01/03/2022 09:00","CTA|SE","19949.00","20249.00"
"01/03/2022 09:00 - 01/03/2022 10:00","CTA|SE","19900.00","19944.00"
"01/03/2022 10:00 - 01/03/2022 11:00","CTA|SE","19805.00","19661.00"
"01/03/2022 11:00 - 01/03/2022 12:00","CTA|SE","19614.00","19490.00"
"01/03/2022 12:00 - 01/03/2022 13:00","CTA|SE","19537.00","19291.00"
"01/03/2022 13:00 - 01/03/2022 14:00","CTA|SE","19598.00","19179.00"
"01/03/2022 14:00 - 01/03/2022 15:00","CTA|SE","19903.00","19300.00"
"01/03/2022 15:00 - 01/03/2022 16:00","CTA|SE","20088.00","19431.00"
"01/03/2022 16:00 - 01/03/2022 17:00","CTA|SE","20366.00","20039.00"
"01/03/2022 17:00 - 01/03/2022 18:00","CTA|SE","20142.00","20207.00"
"01/03/2022 18:00 - 01/03/2022 19:00","CTA|SE","19928.00","19880.00"
"01/03/2022 19:00 - 01/03/2022 20:00","CTA|SE","19332.00","19316.00"
"01/03/2022 20:00 - 01/03/2022 21:00","CTA|SE","18376.00","18626.00"
"01/03/2022 21:00 - 01/03/2022 22:00","CTA|SE","17589.00","17797.00"
"01/03/2022 22:00 - 01/03/2022 23:00","CTA|SE","17096.00","17003.00"
"01/03/2022 23:00 - 02/03/2022 00:00","CTA|SE","16852.00","16467.00"
"02/03/2022 00:00 - 02/03/2022 01:00","CTA|SE","16161.00","16269.00"
"02/03/2022 01:00 - 02/03/2022 02:00","CTA|SE","16014.00","16214.00"
"02/03/2022 02:00 - 02/03/2022 03:00","CTA|SE","16290.00","16279.00"
"02/03/2022 03:00 - 02/03/2022 04:00","CTA|SE","16591.00","16549.00"
"02/03/2022 04:00 - 02/03/2022 05:00","CTA|SE","17499.00","17242.00"
"02/03/2022 05:00 - 02/03/2022 06:00","CTA|SE","19100.00","18699.00"
"02/03/2022 06:00 - 02/03/2022 07:00","CTA|SE","20136.00","19783.00"
"02/03/2022 07:00 - 02/03/2022 08:00","CTA|SE","20544.00","19960.00"
"02/03/2022 08:00 - 02/03/2022 09:00","CTA|SE","20294.00","19778.00"
"02/03/2022 09:00 - 02/03/2022 10:00","CTA|SE","19665.00","19470.00"
"02/03/2022 10:00 - 02/03/2022 11:00","CTA|SE","19115.00","19084.00"
"02/03/2022 11:00 - 02/03/2022 12:00","CTA|SE","18867.00","18738.00"
"02/03/2022 12:00 - 02/03/2022 13:00","CTA|SE","18518.00","18363.00"
"02/03/2022 13:00 - 02/03/2022 14:00","CTA|SE","18341.00","18194.00"
"02/03/2022 14:00 - 02/03/2022 15:00","CTA|SE","18571.00","18298.00"
"02/03/2022 15:00 - 02/03/2022 16:00","CTA|SE","18987.00","18517.00"
"02/03/2022 16:00 - 02/03/2022 17:00","CTA|SE","19679.00","19293.00"
"02/03/2022 17:00 - 02/03/2022 18:00","CTA|SE","20026.00","19684.00"
"02/03/2022 18:00 - 02/03/2022 19:00","CTA|SE","19326.00","19526.00"
"02/03/2022 19:00 - 02/03/2022 20:00","CTA|SE","18948.00","19059.00"
"02/03/2022 20:00 - 02/03/2022 21:00","CTA|SE","18573.00","18449.00"
"02/03/2022 21:00 - 02/03/2022 22:00","CTA|SE","17871.00","17715.00"
"02/03/2022 22:00 - 02/03/2022 23:00","CTA|SE","16803.00","17020.00"
"02/03/2022 23:00 - 03/03/2022 00:00","CTA|SE","16511.00","16551.00"
"03/03/2022 00:00 - 03/03/2022 01:00","CTA|SE","16399.00","16355.00"
"03/03/2022 01:00 - 03/03/2022 02:00","CTA|SE","16012.00","16309.00"
"03/03/2022 02:00 - 03/03/2022 03:00","CTA|SE","15870.00","16375.00"
"03/03/2022 03:00 - 03/03/2022 04:00","CTA|SE","16295.00","16641.00"
"03/03/2022 04:00 - 03/03/2022 05:00","CTA|SE","16928.00","17354.00"
"03/03/2022 05:00 - 03/03/2022 06:00","CTA|SE","18604.00","18854.00"
"03/03/2022 06:00 - 03/03/2022 07:00","CTA|SE","19613.00","19959.00"
"03/03/2022 07:00 - 03/03/2022 08:00","CTA|SE","20235.00","20117.00"
"03/03/2022 08:00 - 03/03/2022 09:00","CTA|SE","20330.00","19854.00"
"03/03/2022 09:00 - 03/03/2022 10:00","CTA|SE","19747.00","19443.00"
"03/03/2022 10:00 - 03/03/2022 11:00","CTA|SE","19344.00","19062.00"
"03/03/2022 11:00 - 03/03/2022 12:00","CTA|SE","18868.00","18763.00"
"03/03/2022 12:00 - 03/03/2022 13:00","CTA|SE","18395.00","18523.00"
"03/03/2022 13:00 - 03/03/2022 14:00","CTA|SE","17939.00","18412.00"
"03/03/2022 14:00 - 03/03/2022 15:00","CTA|SE","18270.00","18567.00"
"03/03/2022 15:00 - 03/03/2022 16:00","CTA|SE","18734.00","18780.00"
"03/03/2022 16:00 - 03/03/2022 17:00","CTA|SE","19664.00","19585.00"
"03/03/2022 17:00 - 03/03/2022 18:00","CTA|SE","19806.00","20015.00"
"03/03/2022 18:00 - 03/03/2022 19:00","CTA|SE","19346.00","19890.00"
"03/03/2022 19:00 - 03/03/2022 20:00","CTA|SE","19008.00","19428.00"
"03/03/2022 20:00 - 03/03/2022 21:00","CTA|SE","18717.00","18839.00"
"03/03/2022 21:00 - 03/03/2022 22:00","CTA|SE","18148.00","18126.00"
"03/03/2022 22:00 - 03/03/2022 23:00","CTA|SE","17679.00","17467.00"
"03/03/2022 23:00 - 04/03/2022 00:00","CTA|SE","17572.00","17110.00"
"04/03/2022 00:00 - 04/03/2022 01:00","CTA|SE","17418.00","16931.00"
"04/03/2022 01:00 - 04/03/2022 02:00","CTA|SE","17424.00","16937.00"
"04/03/2022 02:00 - 04/03/2022 03:00","CTA|SE","17591.00","17048.00"
"04/03/2022 03:00 - 04/03/2022 04:00","CTA|SE","17951.00","17353.00"
"04/03/2022 04:00 - 04/03/2022 05:00","CTA|SE","18657.00","18110.00"
"04/03/2022 05:00 - 04/03/2022 06:00","CTA|SE","20335.00","19650.00"
"04/03/2022 06:00 - 04/03/2022 07:00","CTA|SE","21034.00","20784.00"
"04/03/2022 07:00 - 04/03/2022 08:00","CTA|SE","20641.00","20959.00"
"04/03/2022 08:00 - 04/03/2022 09:00","CTA|SE","20241.00","20628.00"
"04/03/2022 09:00 - 04/03/2022 10:00","CTA|SE","19939.00","20132.00"
"04/03/2022 10:00 - 04/03/2022 11:00","CTA|SE","19205.00","19676.00"
"04/03/2022 11:00 - 04/03/2022 12:00","CTA|SE","18624.00","19256.00"
"04/03/2022 12:00 - 04/03/2022 13:00","CTA|SE","18178.00","18796.00"
"04/03/2022 13:00 - 04/03/2022 14:00","CTA|SE","17933.00","18496.00"
"04/03/2022 14:00 - 04/03/2022 15:00","CTA|SE","17915.00","18427.00"
"04/03/2022 15:00 - 04/03/2022 16:00","CTA|SE","18396.00","18668.00"
"04/03/2022 16:00 - 04/03/2022 17:00","CTA|SE","18996.00","19432.00"
"04/03/2022 17:00 - 04/03/2022 18:00","CTA|SE","19251.00","19865.00"
"04/03/2022 18:00 - 04/03/2022 19:00","CTA|SE","18674.00","19617.00"
"04/03/2022 19:00 - 04/03/2022 20:00","CTA|SE","18307.00","19098.00"
"04/03/2022 20:00 - 04/03/2022 21:00","CTA|SE","17796.00","18558.00"
"04/03/2022 21:00 - 04/03/2022 22:00","CTA|SE","17570.00","18049.00"
"04/03/2022 22:00 - 04/03/2022 23:00","CTA|SE","17320.00","17554.00"
"04/03/2022 23:00 - 05/03/2022 00:00","CTA|SE","16743.00","17220.00"
"05/03/2022 00:00 - 05/03/2022 01:00","CTA|SE","16711.00","17077.00"
"05/03/2022 01:00 - 05/03/2022 02:00","CTA|SE","16891.00","17052.00"
"05/03/2022 02:00 - 05/03/2022 03:00","CTA|SE","16963.00","17086.00"
"05/03/2022 03:00 - 05/03/2022 04:00","CTA|SE","17114.00","17220.00"
"05/03/2022 04:00 - 05/03/2022 05:00","CTA|SE","17249.00","17490.00"
"05/03/2022 05:00 - 05/03/2022 06:00","CTA|SE","17755.00","17933.00"
"05/03/2022 06:00 - 05/03/2022 07:00","CTA|SE","18037.00","18326.00"
"05/03/2022 07:00 - 05/03/2022 08:00","CTA|SE","18603.00","18735.00"
"05/03/2022 08:00 - 05/03/2022 09:00","CTA|SE","18586.00","18880.00"
"05/03/2022 09:00 - 05/03/2022 10:00","CTA|SE","18535.00","18656.00"
"05/03/2022 10:00 - 05/03/2022 11:00","CTA|SE","18673.00","18331.00"
"05/03/2022 11:00 - 05/03/2022 12:00","CTA|SE","18495.00","17955.00"
"05/03/2022 12:00 - 05/03/2022 13:00","CTA|SE","17709.00","17655.00"
"05/03/2022 13:00 - 05/03/2022 14:00","CTA|SE","17147.00","17455.00"
"05/03/2022 14:00 - 05/03/2022 15:00","CTA|SE","17348.00","17478.00"
"05/03/2022 15:00 - 05/03/2022 16:00","CTA|SE","17882.00","17895.00"
"05/03/2022 16:00 - 05/03/2022 17:00","CTA|SE","18152.00","18703.00"
"05/03/2022 17:00 - 05/03/2022 18:00","CTA|SE","18553.00","19166.00"
"05/03/2022 18:00 - 05/03/2022 19:00","CTA|SE","18451.00","18923.00"
"05/03/2022 19:00 - 05/03/2022 20:00","CTA|SE","18024.00","18377.00"
"05/03/2022 20:00 - 05/03/2022 21:00","CTA|SE","17267.00","17850.00"
"05/03/2022 21:00 - 05/03/2022 22:00","CTA|SE","16893.00","17394.00"
"05/03/2022 22:00 - 05/03/2022 23:00","CTA|SE","16455.00","16950.00"
"05/03/2022 23:00 - 06/03/2022 00:00","CTA|SE","16138.00","16761.00"
"06/03/2022 00:00 - 06/03/2022 01:00","CTA|SE","15885.00","16575.00"
"06/03/2022 01:00 - 06/03/2022 02:00","CTA|SE","15825.00","16490.00"
"06/03/2022 02:00 - 06/03/2022 03:00","CTA|SE","15813.00","16497.00"
"06/03/2022 03:00 - 06/03/2022 04:00","CTA|SE","16023.00","16548.00"
"06/03/2022 04:00 - 06/03/2022 05:00","CTA|SE","16402.00","16720.00"
"06/03/2022 05:00 - 06/03/2022 06:00","CTA|SE","16595.00","16977.00"
"06/03/2022 06:00 - 06/03/2022 07:00","CTA|SE","16736.00","17223.00"
"06/03/2022 07:00 - 06/03/2022 08:00","CTA|SE","17080.00","17578.00"
"06/03/2022 08:00 - 06/03/2022 09:00","CTA|SE","17040.00","17854.00"
"06/03/2022 09:00 - 06/03/2022 10:00","CTA|SE","16978.00","17809.00"
"06/03/2022 10:00 - 06/03/2022 11:00","CTA|SE","16669.00","17701.00"
"06/03/2022 11:00 - 06/03/2022 12:00","CTA|SE","16214.00","17507.00"
"06/03/2022 12:00 - 06/03/2022 13:00","CTA|SE","16107.00","17293.00"
"06/03/2022 13:00 - 06/03/2022 14:00","CTA|SE","16069.00","17142.00"
"06/03/2022 14:00 - 06/03/2022 15:00","CTA|SE","15977.00","17212.00"
"06/03/2022 15:00 - 06/03/2022 16:00","CTA|SE","16615.00","17605.00"
"06/03/2022 16:00 - 06/03/2022 17:00","CTA|SE","17810.00","18400.00"
"06/03/2022 17:00 - 06/03/2022 18:00","CTA|SE","18389.00","19011.00"
"06/03/2022 18:00 - 06/03/2022 19:00","CTA|SE","18228.00","18952.00"
"06/03/2022 19:00 - 06/03/2022 20:00","CTA|SE","18057.00","18506.00"
"06/03/2022 20:00 - 06/03/2022 21:00","CTA|SE","17659.00","17986.00"
"06/03/2022 21:00 - 06/03/2022 22:00","CTA|SE","16777.00","17416.00"
"06/03/2022 22:00 - 06/03/2022 23:00","CTA|SE","16292.00","16920.00"
"06/03/2022 23:00 - 07/03/2022 00:00","CTA|SE","16098.00","16557.00"
"07/03/2022 00:00 - 07/03/2022 01:00","CTA|SE","16046.00","16425.00"
"07/03/2022 01:00 - 07/03/2022 02:00","CTA|SE","16159.00","16397.00"
"07/03/2022 02:00 - 07/03/2022 03:00","CTA|SE","16157.00","16478.00"
"07/03/2022 03:00 - 07/03/2022 04:00","CTA|SE","16442.00","16732.00"
"07/03/2022 04:00 - 07/03/2022 05:00","CTA|SE","17450.00","17450.00"
"07/03/2022 05:00 - 07/03/2022 06:00","CTA|SE","18809.00","18888.00"
"07/03/2022 06:00 - 07/03/2022 07:00","CTA|SE","19668.00","19947.00"
"07/03/2022 07:00 - 07/03/2022 08:00","CTA|SE","19693.00","20072.00"
"07/03/2022 08:00 - 07/03/2022 09:00","CTA|SE","19063.00","19802.00"
"07/03/2022 09:00 - 07/03/2022 10:00","CTA|SE","18602.00","19440.00"
"07/03/2022 10:00 - 07/03/2022 11:00","CTA|SE","18472.00","19156.00"
"07/03/2022 11:00 - 07/03/2022 12:00","CTA|SE","17927.00","18843.00"
"07/03/2022 12:00 - 07/03/2022 13:00","CTA|SE","17403.00","18546.00"
"07/03/2022 13:00 - 07/03/2022 14:00","CTA|SE","17407.00","18355.00"
"07/03/2022 14:00 - 07/03/2022 15:00","CTA|SE","17780.00","18398.00"
"07/03/2022 15:00 - 07/03/2022 16:00","CTA|SE","18120.00","18559.00"
"07/03/2022 16:00 - 07/03/2022 17:00","CTA|SE","18966.00","19242.00"
"07/03/2022 17:00 - 07/03/2022 18:00","CTA|SE","19796.00","19608.00"
"07/03/2022 18:00 - 07/03/2022 19:00","CTA|SE","19488.00","19454.00"
"07/03/2022 19:00 - 07/03/2022 20:00","CTA|SE","19023.00","18999.00"
"07/03/2022 20:00 - 07/03/2022 21:00","CTA|SE","18567.00","18441.00"
"07/03/2022 21:00 - 07/03/2022 22:00","CTA|SE","17929.00","17753.00"
"07/03/2022 22:00 - 07/03/2022 23:00","CTA|SE","17263.00","17110.00"
"07/03/2022 23:00 - 08/03/2022 00:00","CTA|SE","17026.00","16324.00"
"08/03/2022 00:00 - 08/03/2022 01:00","CTA|SE","17131.00","16140.00"
"08/03/2022 01:00 - 08/03/2022 02:00","CTA|SE","17030.00","16112.00"
"08/03/2022 02:00 - 08/03/2022 03:00","CTA|SE","16891.00","16213.00"
"08/03/2022 03:00 - 08/03/2022 04:00","CTA|SE","17252.00","16517.00"
"08/03/2022 04:00 - 08/03/2022 05:00","CTA|SE","18083.00","17246.00"
"08/03/2022 05:00 - 08/03/2022 06:00","CTA|SE","19591.00","18725.00"
"08/03/2022 06:00 - 08/03/2022 07:00","CTA|SE","20310.00","19810.00"
"08/03/2022 07:00 - 08/03/2022 08:00","CTA|SE","19942.00","19961.00"
"08/03/2022 08:00 - 08/03/2022 09:00","CTA|SE","19552.00","19630.00"
"08/03/2022 09:00 - 08/03/2022 10:00","CTA|SE","19533.00","19290.00"
"08/03/2022 10:00 - 08/03/2022 11:00","CTA|SE","19066.00","18976.00"
"08/03/2022 11:00 - 08/03/2022 12:00","CTA|SE","19002.00","18700.00"
"08/03/2022 12:00 - 08/03/2022 13:00","CTA|SE","18854.00","18363.00"
"08/03/2022 13:00 - 08/03/2022 14:00","CTA|SE","18472.00","18246.00"
"08/03/2022 14:00 - 08/03/2022 15:00","CTA|SE","18895.00","18312.00"
"08/03/2022 15:00 - 08/03/2022 16:00","CTA|SE","19208.00","18442.00"
"08/03/2022 16:00 - 08/03/2022 17:00","CTA|SE","19862.00","19112.00"
"08/03/2022 17:00 - 08/03/2022 18:00","CTA|SE","20111.00","19527.00"
"08/03/2022 18:00 - 08/03/2022 19:00","CTA|SE","20036.00","19417.00"
"08/03/2022 19:00 - 08/03/2022 20:00","CTA|SE","19625.00","18990.00"
"08/03/2022 20:00 - 08/03/2022 21:00","CTA|SE","19110.00","18413.00"
"08/03/2022 21:00 - 08/03/2022 22:00","CTA|SE","18562.00","17693.00"
"08/03/2022 22:00 - 08/03/2022 23:00","CTA|SE","17859.00","17025.00"
"08/03/2022 23:00 - 09/03/2022 00:00","CTA|SE","17415.00","16636.00"
"09/03/2022 00:00 - 09/03/2022 01:00","CTA|SE","17164.00","16475.00"
"09/03/2022 01:00 - 09/03/2022 02:00","CTA|SE","16906.00","16453.00"
"09/03/2022 02:00 - 09/03/2022 03:00","CTA|SE","17150.00","16558.00"
"09/03/2022 03:00 - 09/03/2022 04:00","CTA|SE","17342.00","16856.00"
"09/03/2022 04:00 - 09/03/2022 05:00","CTA|SE","17889.00","17568.00"
"09/03/2022 05:00 - 09/03/2022 06:00","CTA|SE","19462.00","19016.00"
"09/03/2022 06:00 - 09/03/2022 07:00","CTA|SE","20477.00","20068.00"
"09/03/2022 07:00 - 09/03/2022 08:00","CTA|SE","20424.00","20198.00"
"09/03/2022 08:00 - 09/03/2022 09:00","CTA|SE","20436.00","19836.00"
"09/03/2022 09:00 - 09/03/2022 10:00","CTA|SE","20029.00","19442.00"
"09/03/2022 10:00 - 09/03/2022 11:00","CTA|SE","19413.00","19045.00"
"09/03/2022 11:00 - 09/03/2022 12:00","CTA|SE","18985.00","18711.00"
"09/03/2022 12:00 - 09/03/2022 13:00","CTA|SE","18540.00","18354.00"
"09/03/2022 13:00 - 09/03/2022 14:00","CTA|SE","18333.00","18160.00"
"09/03/2022 14:00 - 09/03/2022 15:00","CTA|SE","18546.00","18220.00"
"09/03/2022 15:00 - 09/03/2022 16:00","CTA|SE","18546.00","18358.00"
"09/03/2022 16:00 - 09/03/2022 17:00","CTA|SE","19178.00","19017.00"
"09/03/2022 17:00 - 09/03/2022 18:00","CTA|SE","19809.00","19446.00"
"09/03/2022 18:00 - 09/03/2022 19:00","CTA|SE","19784.00","19317.00"
"09/03/2022 19:00 - 09/03/2022 20:00","CTA|SE","19405.00","18881.00"
"09/03/2022 20:00 - 09/03/2022 21:00","CTA|SE","18819.00","18303.00"
"09/03/2022 21:00 - 09/03/2022 22:00","CTA|SE","17906.00","17577.00"
"09/03/2022 22:00 - 09/03/2022 23:00","CTA|SE","17003.00","16885.00"
"09/03/2022 23:00 - 10/03/2022 00:00","CTA|SE","16699.00","16589.00"
"10/03/2022 00:00 - 10/03/2022 01:00","CTA|SE","16573.00","16373.00"
"10/03/2022 01:00 - 10/03/2022 02:00","CTA|SE","16300.00","16303.00"
"10/03/2022 02:00 - 10/03/2022 03:00","CTA|SE","16390.00","16355.00"
"10/03/2022 03:00 - 10/03/2022 04:00","CTA|SE","16745.00","16602.00"
"10/03/2022 04:00 - 10/03/2022 05:00","CTA|SE","17426.00","17254.00"
"10/03/2022 05:00 - 10/03/2022 06:00","CTA|SE","18942.00","18629.00"
"10/03/2022 06:00 - 10/03/2022 07:00","CTA|SE","19848.00","19660.00"
"10/03/2022 07:00 - 10/03/2022 08:00","CTA|SE","19672.00","19878.00"
"10/03/2022 08:00 - 10/03/2022 09:00","CTA|SE","19637.00","19732.00"
"10/03/2022 09:00 - 10/03/2022 10:00","CTA|SE","19432.00","19627.00"
"10/03/2022 10:00 - 10/03/2022 11:00","CTA|SE","19049.00","19488.00"
"10/03/2022 11:00 - 10/03/2022 12:00","CTA|SE","19032.00","19326.00"
"10/03/2022 12:00 - 10/03/2022 13:00","CTA|SE","18933.00","19141.00"
"10/03/2022 13:00 - 10/03/2022 14:00","CTA|SE","18672.00","18983.00"
"10/03/2022 14:00 - 10/03/2022 15:00","CTA|SE","19049.00","19042.00"
"10/03/2022 15:00 - 10/03/2022 16:00","CTA|SE","19296.00","19078.00"
"10/03/2022 16:00 - 10/03/2022 17:00","CTA|SE","19952.00","19566.00"
"10/03/2022 17:00 - 10/03/2022 18:00","CTA|SE","20346.00","19840.00"
"10/03/2022 18:00 - 10/03/2022 19:00","CTA|SE","19837.00","19645.00"
"10/03/2022 19:00 - 10/03/2022 20:00","CTA|SE","19381.00","19173.00"
"10/03/2022 20:00 - 10/03/2022 21:00","CTA|SE","18621.00","18559.00"
"10/03/2022 21:00 - 10/03/2022 22:00","CTA|SE","17969.00","17821.00"
"10/03/2022 22:00 - 10/03/2022 23:00","CTA|SE","17519.00","17142.00"
"10/03/2022 23:00 - 11/03/2022 00:00","CTA|SE","17117.00","17118.00"
"11/03/2022 00:00 - 11/03/2022 01:00","CTA|SE","16634.00","16960.00"
"11/03/2022 01:00 - 11/03/2022 02:00","CTA|SE","16323.00","16939.00"
"11/03/2022 02:00 - 11/03/2022 03:00","CTA|SE","16541.00","17032.00"
"11/03/2022 03:00 - 11/03/2022 04:00","CTA|SE","16540.00","17284.00"
"11/03/2022 04:00 - 11/03/2022 05:00","CTA|SE","17078.00","17947.00"
"11/03/2022 05:00 - 11/03/2022 06:00","CTA|SE","18660.00","19274.00"
"11/03/2022 06:00 - 11/03/2022 07:00","CTA|SE","19673.00","20198.00"
"11/03/2022 07:00 - 11/03/2022 08:00","CTA|SE","19797.00","20280.00"
"11/03/2022 08:00 - 11/03/2022 09:00","CTA|SE","19991.00","19941.00"
"11/03/2022 09:00 - 11/03/2022 10:00","CTA|SE","19707.00","19572.00"
"11/03/2022 10:00 - 11/03/2022 11:00","CTA|SE","18383.00","19189.00"
"11/03/2022 11:00 - 11/03/2022 12:00","CTA|SE","17948.00","18820.00"
"11/03/2022 12:00 - 11/03/2022 13:00","CTA|SE","17358.00","18385.00"
"11/03/2022 13:00 - 11/03/2022 14:00","CTA|SE","17136.00","18073.00"
"11/03/2022 14:00 - 11/03/2022 15:00","CTA|SE","17197.00","17959.00"
"11/03/2022 15:00 - 11/03/2022 16:00","CTA|SE","17930.00","18146.00"
"11/03/2022 16:00 - 11/03/2022 17:00","CTA|SE","18788.00","18796.00"
"11/03/2022 17:00 - 11/03/2022 18:00","CTA|SE","18946.00","19273.00"
"11/03/2022 18:00 - 11/03/2022 19:00","CTA|SE","18349.00","19134.00"
"11/03/2022 19:00 - 11/03/2022 20:00","CTA|SE","17749.00","18662.00"
"11/03/2022 20:00 - 11/03/2022 21:00","CTA|SE","17174.00","18166.00"
"11/03/2022 21:00 - 11/03/2022 22:00","CTA|SE","16537.00","17721.00"
"11/03/2022 22:00 - 11/03/2022 23:00","CTA|SE","15827.00","17299.00"
"11/03/2022 23:00 - 12/03/2022 00:00","CTA|SE","15878.00","17031.00"
"12/03/2022 00:00 - 12/03/2022 01:00","CTA|SE","15987.00","16880.00"
"12/03/2022 01:00 - 12/03/2022 02:00","CTA|SE","16116.00","16855.00"
"12/03/2022 02:00 - 12/03/2022 03:00","CTA|SE","16024.00","16887.00"
"12/03/2022 03:00 - 12/03/2022 04:00","CTA|SE","16017.00","17017.00"
"12/03/2022 04:00 - 12/03/2022 05:00","CTA|SE","16239.00","17210.00"
"12/03/2022 05:00 - 12/03/2022 06:00","CTA|SE","16496.00","17532.00"
"12/03/2022 06:00 - 12/03/2022 07:00","CTA|SE","16764.00","17823.00"
"12/03/2022 07:00 - 12/03/2022 08:00","CTA|SE","17063.00","18154.00"
"12/03/2022 08:00 - 12/03/2022 09:00","CTA|SE","17436.00","18213.00"
"12/03/2022 09:00 - 12/03/2022 10:00","CTA|SE","17313.00","17988.00"
"12/03/2022 10:00 - 12/03/2022 11:00","CTA|SE","16709.00","17690.00"
"12/03/2022 11:00 - 12/03/2022 12:00","CTA|SE","16085.00","17345.00"
"12/03/2022 12:00 - 12/03/2022 13:00","CTA|SE","15663.00","16956.00"
"12/03/2022 13:00 - 12/03/2022 14:00","CTA|SE","15644.00","16669.00"
"12/03/2022 14:00 - 12/03/2022 15:00","CTA|SE","15859.00","16682.00"
"12/03/2022 15:00 - 12/03/2022 16:00","CTA|SE","16222.00","17068.00"
"12/03/2022 16:00 - 12/03/2022 17:00","CTA|SE","16756.00","17785.00"
"12/03/2022 17:00 - 12/03/2022 18:00","CTA|SE","17315.00","18377.00"
"12/03/2022 18:00 - 12/03/2022 19:00","CTA|SE","16877.00","18349.00"
"12/03/2022 19:00 - 12/03/2022 20:00","CTA|SE","16382.00","17949.00"
"12/03/2022 20:00 - 12/03/2022 21:00","CTA|SE","15973.00","17555.00"
"12/03/2022 21:00 - 12/03/2022 22:00","CTA|SE","15736.00","17215.00"
"12/03/2022 22:00 - 12/03/2022 23:00","CTA|SE","15403.00","16873.00"
"12/03/2022 23:00 - 13/03/2022 00:00","CTA|SE","15381.00","16317.00"
"13/03/2022 00:00 - 13/03/2022 01:00","CTA|SE","15256.00","16200.00"
"13/03/2022 01:00 - 13/03/2022 02:00","CTA|SE","15522.00","16200.00"
"13/03/2022 02:00 - 13/03/2022 03:00","CTA|SE","15745.00","16280.00"
"13/03/2022 03:00 - 13/03/2022 04:00","CTA|SE","16285.00","16408.00"
"13/03/2022 04:00 - 13/03/2022 05:00","CTA|SE","16717.00","16632.00"
"13/03/2022 05:00 - 13/03/2022 06:00","CTA|SE","17043.00","16871.00"
"13/03/2022 06:00 - 13/03/2022 07:00","CTA|SE","17276.00","17021.00"
"13/03/2022 07:00 - 13/03/2022 08:00","CTA|SE","16885.00","17176.00"
"13/03/2022 08:00 - 13/03/2022 09:00","CTA|SE","16773.00","17175.00"
"13/03/2022 09:00 - 13/03/2022 10:00","CTA|SE","16634.00","16989.00"
"13/03/2022 10:00 - 13/03/2022 11:00","CTA|SE","16198.00","16751.00"
"13/03/2022 11:00 - 13/03/2022 12:00","CTA|SE","15697.00","16472.00"
"13/03/2022 12:00 - 13/03/2022 13:00","CTA|SE","15293.00","16176.00"
"13/03/2022 13:00 - 13/03/2022 14:00","CTA|SE","15381.00","16012.00"
"13/03/2022 14:00 - 13/03/2022 15:00","CTA|SE","15858.00","16089.00"
"13/03/2022 15:00 - 13/03/2022 16:00","CTA|SE","16438.00","16580.00"
"13/03/2022 16:00 - 13/03/2022 17:00","CTA|SE","16948.00","17518.00"
"13/03/2022 17:00 - 13/03/2022 18:00","CTA|SE","17700.00","18323.00"
"13/03/2022 18:00 - 13/03/2022 19:00","CTA|SE","18136.00","18409.00"
"13/03/2022 19:00 - 13/03/2022 20:00","CTA|SE","17870.00","18094.00"
"13/03/2022 20:00 - 13/03/2022 21:00","CTA|SE","16556.00","17641.00"
"13/03/2022 21:00 - 13/03/2022 22:00","CTA|SE","15814.00","17103.00"
"13/03/2022 22:00 - 13/03/2022 23:00","CTA|SE","15350.00","16662.00"
"13/03/2022 23:00 - 14/03/2022 00:00","CTA|SE","15264.00","16015.00"
"14/03/2022 00:00 - 14/03/2022 01:00","CTA|SE","15464.00","15943.00"
"14/03/2022 01:00 - 14/03/2022 02:00","CTA|SE","15513.00","16010.00"
"14/03/2022 02:00 - 14/03/2022 03:00","CTA|SE","15519.00","16163.00"
"14/03/2022 03:00 - 14/03/2022 04:00","CTA|SE","16234.00","16492.00"
"14/03/2022 04:00 - 14/03/2022 05:00","CTA|SE","17476.00","17338.00"
"14/03/2022 05:00 - 14/03/2022 06:00","CTA|SE","19070.00","18917.00"
"14/03/2022 06:00 - 14/03/2022 07:00","CTA|SE","20160.00","20021.00"
"14/03/2022 07:00 - 14/03/2022 08:00","CTA|SE","19999.00","20020.00"
"14/03/2022 08:00 - 14/03/2022 09:00","CTA|SE","19655.00","19452.00"
"14/03/2022 09:00 - 14/03/2022 10:00","CTA|SE","18983.00","18919.00"
"14/03/2022 10:00 - 14/03/2022 11:00","CTA|SE","17891.00","18472.00"
"14/03/2022 11:00 - 14/03/2022 12:00","CTA|SE","17082.00","18045.00"
"14/03/2022 12:00 - 14/03/2022 13:00","CTA|SE","16911.00","17716.00"
"14/03/2022 13:00 - 14/03/2022 14:00","CTA|SE","16929.00","17568.00"
"14/03/2022 14:00 - 14/03/2022 15:00","CTA|SE","17156.00","17646.00"
"14/03/2022 15:00 - 14/03/2022 16:00","CTA|SE","17691.00","17830.00"
"14/03/2022 16:00 - 14/03/2022 17:00","CTA|SE","18225.00","18652.00"
"14/03/2022 17:00 - 14/03/2022 18:00","CTA|SE","18606.00","19303.00"
"14/03/2022 18:00 - 14/03/2022 19:00","CTA|SE","18591.00","19307.00"
"14/03/2022 19:00 - 14/03/2022 20:00","CTA|SE","17418.00","18880.00"
"14/03/2022 20:00 - 14/03/2022 21:00","CTA|SE","17118.00","18301.00"
"14/03/2022 21:00 - 14/03/2022 22:00","CTA|SE","16710.00","17568.00"
"14/03/2022 22:00 - 14/03/2022 23:00","CTA|SE","16295.00","16867.00"
"14/03/2022 23:00 - 15/03/2022 00:00","CTA|SE","16005.00","16336.00"
"15/03/2022 00:00 - 15/03/2022 01:00","CTA|SE","16285.00","16197.00"
"15/03/2022 01:00 - 15/03/2022 02:00","CTA|SE","16710.00","16183.00"
"15/03/2022 02:00 - 15/03/2022 03:00","CTA|SE","16805.00","16272.00"
"15/03/2022 03:00 - 15/03/2022 04:00","CTA|SE","17224.00","16547.00"
"15/03/2022 04:00 - 15/03/2022 05:00","CTA|SE","18134.00","17238.00"
"15/03/2022 05:00 - 15/03/2022 06:00","CTA|SE","19327.00","18643.00"
"15/03/2022 06:00 - 15/03/2022 07:00","CTA|SE","20038.00","19649.00"
"15/03/2022 07:00 - 15/03/2022 08:00","CTA|SE","19955.00","19755.00"
"15/03/2022 08:00 - 15/03/2022 09:00","CTA|SE","19249.00","19461.00"
"15/03/2022 09:00 - 15/03/2022 10:00","CTA|SE","18624.00","19148.00"
"15/03/2022 10:00 - 15/03/2022 11:00","CTA|SE","18171.00","18806.00"
"15/03/2022 11:00 - 15/03/2022 12:00","CTA|SE","17886.00","18496.00"
"15/03/2022 12:00 - 15/03/2022 13:00","CTA|SE","17422.00","18199.00"
"15/03/2022 13:00 - 15/03/2022 14:00","CTA|SE","17379.00","18016.00"
"15/03/2022 14:00 - 15/03/2022 15:00","CTA|SE","17847.00","18080.00"
"15/03/2022 15:00 - 15/03/2022 16:00","CTA|SE","18272.00","18130.00"
"15/03/2022 16:00 - 15/03/2022 17:00","CTA|SE","18493.00","18687.00"
"15/03/2022 17:00 - 15/03/2022 18:00","CTA|SE","18706.00","19103.00"
"15/03/2022 18:00 - 15/03/2022 19:00","CTA|SE","18242.00","19032.00"
"15/03/2022 19:00 - 15/03/2022 20:00","CTA|SE","17506.00","18611.00"
"15/03/2022 20:00 - 15/03/2022 21:00","CTA|SE","16925.00","18032.00"
"15/03/2022 21:00 - 15/03/2022 22:00","CTA|SE","16374.00","17322.00"
"15/03/2022 22:00 - 15/03/2022 23:00","CTA|SE","15721.00","16677.00"
"15/03/2022 23:00 - 16/03/2022 00:00","CTA|SE","15385.00","16155.00"
"16/03/2022 00:00 - 16/03/2022 01:00","CTA|SE","15091.00","15983.00"
"16/03/2022 01:00 - 16/03/2022 02:00","CTA|SE","15558.00","15958.00"
"16/03/2022 02:00 - 16/03/2022 03:00","CTA|SE","15872.00","16044.00"
"16/03/2022 03:00 - 16/03/2022 04:00","CTA|SE","16336.00","16345.00"
"16/03/2022 04:00 - 16/03/2022 05:00","CTA|SE","17035.00","17075.00"
"16/03/2022 05:00 - 16/03/2022 06:00","CTA|SE","18118.00","18554.00"
"16/03/2022 06:00 - 16/03/2022 07:00","CTA|SE","19148.00","19654.00"
"16/03/2022 07:00 - 16/03/2022 08:00","CTA|SE","19386.00","19810.00"
"16/03/2022 08:00 - 16/03/2022 09:00","CTA|SE","19464.00","19502.00"
"16/03/2022 09:00 - 16/03/2022 10:00","CTA|SE","19102.00","19199.00"
"16/03/2022 10:00 - 16/03/2022 11:00","CTA|SE","18829.00","18831.00"
"16/03/2022 11:00 - 16/03/2022 12:00","CTA|SE","18133.00","18478.00"
"16/03/2022 12:00 - 16/03/2022 13:00","CTA|SE","17807.00","18094.00"
"16/03/2022 13:00 - 16/03/2022 14:00","CTA|SE","17860.00","17855.00"
"16/03/2022 14:00 - 16/03/2022 15:00","CTA|SE","18099.00","17911.00"
"16/03/2022 15:00 - 16/03/2022 16:00","CTA|SE","18732.00","17998.00"
"16/03/2022 16:00 - 16/03/2022 17:00","CTA|SE","19087.00","18652.00"
"16/03/2022 17:00 - 16/03/2022 18:00","CTA|SE","19040.00","19142.00"
"16/03/2022 18:00 - 16/03/2022 19:00","CTA|SE","18773.00","19088.00"
"16/03/2022 19:00 - 16/03/2022 20:00","CTA|SE","18517.00","18640.00"
"16/03/2022 20:00 - 16/03/2022 21:00","CTA|SE","18187.00","17978.00"
"16/03/2022 21:00 - 16/03/2022 22:00","CTA|SE","17237.00","17195.00"
"16/03/2022 22:00 - 16/03/2022 23:00","CTA|SE","16264.00","16509.00"
"16/03/2022 23:00 - 17/03/2022 00:00","CTA|SE","15894.00","16188.00"
"17/03/2022 00:00 - 17/03/2022 01:00","CTA|SE","15854.00","16019.00"
"17/03/2022 01:00 - 17/03/2022 02:00","CTA|SE","15773.00","15995.00"
"17/03/2022 02:00 - 17/03/2022 03:00","CTA|SE","15844.00","16064.00"
"17/03/2022 03:00 - 17/03/2022 04:00","CTA|SE","16277.00","16321.00"
"17/03/2022 04:00 - 17/03/2022 05:00","CTA|SE","16784.00","16968.00"
"17/03/2022 05:00 - 17/03/2022 06:00","CTA|SE","18080.00","18292.00"
"17/03/2022 06:00 - 17/03/2022 07:00","CTA|SE","19284.00","19255.00"
"17/03/2022 07:00 - 17/03/2022 08:00","CTA|SE","19951.00","19402.00"
"17/03/2022 08:00 - 17/03/2022 09:00","CTA|SE","19712.00","19134.00"
"17/03/2022 09:00 - 17/03/2022 10:00","CTA|SE","19436.00","18868.00"
"17/03/2022 10:00 - 17/03/2022 11:00","CTA|SE","18759.00","18597.00"
"17/03/2022 11:00 - 17/03/2022 12:00","CTA|SE","18791.00","18356.00"
"17/03/2022 12:00 - 17/03/2022 13:00","CTA|SE","18862.00","18113.00"
"17/03/2022 13:00 - 17/03/2022 14:00","CTA|SE","18801.00","17965.00"
"17/03/2022 14:00 - 17/03/2022 15:00","CTA|SE","19073.00","18056.00"
"17/03/2022 15:00 - 17/03/2022 16:00","CTA|SE","18835.00","18078.00"
"17/03/2022 16:00 - 17/03/2022 17:00","CTA|SE","19057.00","18514.00"
"17/03/2022 17:00 - 17/03/2022 18:00","CTA|SE","19041.00","18792.00"
"17/03/2022 18:00 - 17/03/2022 19:00","CTA|SE","18977.00","18597.00"
"17/03/2022 19:00 - 17/03/2022 20:00","CTA|SE","18412.00","18098.00"
"17/03/2022 20:00 - 17/03/2022 21:00","CTA|SE","17904.00","17451.00"
"17/03/2022 21:00 - 17/03/2022 22:00","CTA|SE","16836.00","16704.00"
"17/03/2022 22:00 - 17/03/2022 23:00","CTA|SE","16124.00","16014.00"
"17/03/2022 23:00 - 18/03/2022 00:00","CTA|SE","15915.00","15582.00"
"18/03/2022 00:00 - 18/03/2022 01:00","CTA|SE","15586.00","15338.00"
"18/03/2022 01:00 - 18/03/2022 02:00","CTA|SE","15728.00","15272.00"
"18/03/2022 02:00 - 18/03/2022 03:00","CTA|SE","15883.00","15353.00"
"18/03/2022 03:00 - 18/03/2022 04:00","CTA|SE","15923.00","15591.00"
"18/03/2022 04:00 - 18/03/2022 05:00","CTA|SE","16555.00","16220.00"
"18/03/2022 05:00 - 18/03/2022 06:00","CTA|SE","17826.00","17565.00"
"18/03/2022 06:00 - 18/03/2022 07:00","CTA|SE","19080.00","18552.00"
"18/03/2022 07:00 - 18/03/2022 08:00","CTA|SE","19147.00","18704.00"
"18/03/2022 08:00 - 18/03/2022 09:00","CTA|SE","18928.00","18500.00"
"18/03/2022 09:00 - 18/03/2022 10:00","CTA|SE","18726.00","18278.00"
"18/03/2022 10:00 - 18/03/2022 11:00","CTA|SE","18426.00","17903.00"
"18/03/2022 11:00 - 18/03/2022 12:00","CTA|SE","17725.00","17565.00"
"18/03/2022 12:00 - 18/03/2022 13:00","CTA|SE","17166.00","17085.00"
"18/03/2022 13:00 - 18/03/2022 14:00","CTA|SE","16049.00","16720.00"
"18/03/2022 14:00 - 18/03/2022 15:00","CTA|SE","16255.00","16592.00"
"18/03/2022 15:00 - 18/03/2022 16:00","CTA|SE","16934.00","16794.00"
"18/03/2022 16:00 - 18/03/2022 17:00","CTA|SE","18096.00","17466.00"
"18/03/2022 17:00 - 18/03/2022 18:00","CTA|SE","18604.00","17983.00"
"18/03/2022 18:00 - 18/03/2022 19:00","CTA|SE","17668.00","17867.00"
"18/03/2022 19:00 - 18/03/2022 20:00","CTA|SE","17003.00","17388.00"
"18/03/2022 20:00 - 18/03/2022 21:00","CTA|SE","16600.00","16863.00"
"18/03/2022 21:00 - 18/03/2022 22:00","CTA|SE","16072.00","16386.00"
"18/03/2022 22:00 - 18/03/2022 23:00","CTA|SE","15831.00","15943.00"
"18/03/2022 23:00 - 19/03/2022 00:00","CTA|SE","15522.00","15792.00"
"19/03/2022 00:00 - 19/03/2022 01:00","CTA|SE","15349.00","15668.00"
"19/03/2022 01:00 - 19/03/2022 02:00","CTA|SE","15027.00","15659.00"
"19/03/2022 02:00 - 19/03/2022 03:00","CTA|SE","14972.00","15684.00"
"19/03/2022 03:00 - 19/03/2022 04:00","CTA|SE","15293.00","15831.00"
"19/03/2022 04:00 - 19/03/2022 05:00","CTA|SE","15302.00","16029.00"
"19/03/2022 05:00 - 19/03/2022 06:00","CTA|SE","15518.00","16266.00"
"19/03/2022 06:00 - 19/03/2022 07:00","CTA|SE","16090.00","16493.00"
"19/03/2022 07:00 - 19/03/2022 08:00","CTA|SE","16467.00","16770.00"
"19/03/2022 08:00 - 19/03/2022 09:00","CTA|SE","16567.00","16809.00"
"19/03/2022 09:00 - 19/03/2022 10:00","CTA|SE","16230.00","16553.00"
"19/03/2022 10:00 - 19/03/2022 11:00","CTA|SE","15460.00","16198.00"
"19/03/2022 11:00 - 19/03/2022 12:00","CTA|SE","15145.00","15818.00"
"19/03/2022 12:00 - 19/03/2022 13:00","CTA|SE","14905.00","15498.00"
"19/03/2022 13:00 - 19/03/2022 14:00","CTA|SE","14694.00","15281.00"
"19/03/2022 14:00 - 19/03/2022 15:00","CTA|SE","14999.00","15295.00"
"19/03/2022 15:00 - 19/03/2022 16:00","CTA|SE","15501.00","15614.00"
"19/03/2022 16:00 - 19/03/2022 17:00","CTA|SE","15859.00","16277.00"
"19/03/2022 17:00 - 19/03/2022 18:00","CTA|SE","16428.00","16927.00"
"19/03/2022 18:00 - 19/03/2022 19:00","CTA|SE","16465.00","16914.00"
"19/03/2022 19:00 - 19/03/2022 20:00","CTA|SE","16227.00","16490.00"
"19/03/2022 20:00 - 19/03/2022 21:00","CTA|SE","15980.00","16060.00"
"19/03/2022 21:00 - 19/03/2022 22:00","CTA|SE","15693.00","15722.00"
"19/03/2022 22:00 - 19/03/2022 23:00","CTA|SE","15577.00","15366.00"
"19/03/2022 23:00 - 20/03/2022 00:00","CTA|SE","15288.00","15147.00"
"20/03/2022 00:00 - 20/03/2022 01:00","CTA|SE","15304.00","14997.00"
"20/03/2022 01:00 - 20/03/2022 02:00","CTA|SE","15236.00","14998.00"
"20/03/2022 02:00 - 20/03/2022 03:00","CTA|SE","15414.00","15075.00"
"20/03/2022 03:00 - 20/03/2022 04:00","CTA|SE","15198.00","15245.00"
"20/03/2022 04:00 - 20/03/2022 05:00","CTA|SE","15518.00","15485.00"
"20/03/2022 05:00 - 20/03/2022 06:00","CTA|SE","15453.00","15667.00"
"20/03/2022 06:00 - 20/03/2022 07:00","CTA|SE","15482.00","15796.00"
"20/03/2022 07:00 - 20/03/2022 08:00","CTA|SE","15624.00","15989.00"
"20/03/2022 08:00 - 20/03/2022 09:00","CTA|SE","15668.00","16059.00"
"20/03/2022 09:00 - 20/03/2022 10:00","CTA|SE","15586.00","15966.00"
"20/03/2022 10:00 - 20/03/2022 11:00","CTA|SE","15243.00","15747.00"
"20/03/2022 11:00 - 20/03/2022 12:00","CTA|SE","14562.00","15475.00"
"20/03/2022 12:00 - 20/03/2022 13:00","CTA|SE","14473.00","15204.00"
"20/03/2022 13:00 - 20/03/2022 14:00","CTA|SE","14317.00","15041.00"
"20/03/2022 14:00 - 20/03/2022 15:00","CTA|SE","14558.00","15086.00"
"20/03/2022 15:00 - 20/03/2022 16:00","CTA|SE","15164.00","15498.00"
"20/03/2022 16:00 - 20/03/2022 17:00","CTA|SE","16248.00","16329.00"
"20/03/2022 17:00 - 20/03/2022 18:00","CTA|SE","16927.00","17148.00"
"20/03/2022 18:00 - 20/03/2022 19:00","CTA|SE","16637.00","17265.00"
"20/03/2022 19:00 - 20/03/2022 20:00","CTA|SE","16057.00","16959.00"
"20/03/2022 20:00 - 20/03/2022 21:00","CTA|SE","15762.00","16491.00"
"20/03/2022 21:00 - 20/03/2022 22:00","CTA|SE","15282.00","15968.00"
"20/03/2022 22:00 - 20/03/2022 23:00","CTA|SE","15112.00","15557.00"
"20/03/2022 23:00 - 21/03/2022 00:00","CTA|SE","14631.00","15251.00"
"21/03/2022 00:00 - 21/03/2022 01:00","CTA|SE","14649.00","15221.00"
"21/03/2022 01:00 - 21/03/2022 02:00","CTA|SE","14969.00","15327.00"
"21/03/2022 02:00 - 21/03/2022 03:00","CTA|SE","15137.00","15510.00"
"21/03/2022 03:00 - 21/03/2022 04:00","CTA|SE","15235.00","15907.00"
"21/03/2022 04:00 - 21/03/2022 05:00","CTA|SE","16192.00","16829.00"
"21/03/2022 05:00 - 21/03/2022 06:00","CTA|SE","17711.00","18368.00"
"21/03/2022 06:00 - 21/03/2022 07:00","CTA|SE","18856.00","19451.00"
"21/03/2022 07:00 - 21/03/2022 08:00","CTA|SE","19428.00","19410.00"
"21/03/2022 08:00 - 21/03/2022 09:00","CTA|SE","18593.00","18854.00"
"21/03/2022 09:00 - 21/03/2022 10:00","CTA|SE","17219.00","18344.00"
"21/03/2022 10:00 - 21/03/2022 11:00","CTA|SE","16606.00","17872.00"
"21/03/2022 11:00 - 21/03/2022 12:00","CTA|SE","16297.00","17439.00"
"21/03/2022 12:00 - 21/03/2022 13:00","CTA|SE","16025.00","17134.00"
"21/03/2022 13:00 - 21/03/2022 14:00","CTA|SE","16362.00","16993.00"
"21/03/2022 14:00 - 21/03/2022 15:00","CTA|SE","16608.00","17097.00"
"21/03/2022 15:00 - 21/03/2022 16:00","CTA|SE","16759.00","17268.00"
"21/03/2022 16:00 - 21/03/2022 17:00","CTA|SE","17443.00","18027.00"
"21/03/2022 17:00 - 21/03/2022 18:00","CTA|SE","18071.00","18736.00"
"21/03/2022 18:00 - 21/03/2022 19:00","CTA|SE","18006.00","18757.00"
"21/03/2022 19:00 - 21/03/2022 20:00","CTA|SE","17249.00","18270.00"
"21/03/2022 20:00 - 21/03/2022 21:00","CTA|SE","16699.00","17677.00"
"21/03/2022 21:00 - 21/03/2022 22:00","CTA|SE","15897.00","16983.00"
"21/03/2022 22:00 - 21/03/2022 23:00","CTA|SE","15598.00","16324.00"
"21/03/2022 23:00 - 22/03/2022 00:00","CTA|SE","15538.00","15750.00"
"22/03/2022 00:00 - 22/03/2022 01:00","CTA|SE","15745.00","15645.00"
"22/03/2022 01:00 - 22/03/2022 02:00","CTA|SE","15658.00","15693.00"
"22/03/2022 02:00 - 22/03/2022 03:00","CTA|SE","15903.00","15856.00"
"22/03/2022 03:00 - 22/03/2022 04:00","CTA|SE","16274.00","16212.00"
"22/03/2022 04:00 - 22/03/2022 05:00","CTA|SE","16935.00","16971.00"
"22/03/2022 05:00 - 22/03/2022 06:00","CTA|SE","18213.00","18373.00"
"22/03/2022 06:00 - 22/03/2022 07:00","CTA|SE","18952.00","19296.00"
"22/03/2022 07:00 - 22/03/2022 08:00","CTA|SE","18657.00","19231.00"
"22/03/2022 08:00 - 22/03/2022 09:00","CTA|SE","17936.00","18706.00"
"22/03/2022 09:00 - 22/03/2022 10:00","CTA|SE","17528.00","18270.00"
"22/03/2022 10:00 - 22/03/2022 11:00","CTA|SE","17121.00","17889.00"
"22/03/2022 11:00 - 22/03/2022 12:00","CTA|SE","16880.00","17546.00"
"22/03/2022 12:00 - 22/03/2022 13:00","CTA|SE","16628.00","17296.00"
"22/03/2022 13:00 - 22/03/2022 14:00","CTA|SE","16555.00","17118.00"
"22/03/2022 14:00 - 22/03/2022 15:00","CTA|SE","16541.00","17198.00"
"22/03/2022 15:00 - 22/03/2022 16:00","CTA|SE","16773.00","17272.00"
"22/03/2022 16:00 - 22/03/2022 17:00","CTA|SE","17641.00","17829.00"
"22/03/2022 17:00 - 22/03/2022 18:00","CTA|SE","17991.00","18307.00"
"22/03/2022 18:00 - 22/03/2022 19:00","CTA|SE","18039.00","18314.00"
"22/03/2022 19:00 - 22/03/2022 20:00","CTA|SE","17361.00","17894.00"
"22/03/2022 20:00 - 22/03/2022 21:00","CTA|SE","16812.00","17285.00"
"22/03/2022 21:00 - 22/03/2022 22:00","CTA|SE","16259.00","16554.00"
"22/03/2022 22:00 - 22/03/2022 23:00","CTA|SE","15650.00","15898.00"
"22/03/2022 23:00 - 23/03/2022 00:00","CTA|SE","15216.00","15464.00"
"23/03/2022 00:00 - 23/03/2022 01:00","CTA|SE","14755.00","15334.00"
"23/03/2022 01:00 - 23/03/2022 02:00","CTA|SE","14951.00","15366.00"
"23/03/2022 02:00 - 23/03/2022 03:00","CTA|SE","14923.00","15505.00"
"23/03/2022 03:00 - 23/03/2022 04:00","CTA|SE","15089.00","15825.00"
"23/03/2022 04:00 - 23/03/2022 05:00","CTA|SE","15686.00","16517.00"
"23/03/2022 05:00 - 23/03/2022 06:00","CTA|SE","17006.00","17824.00"
"23/03/2022 06:00 - 23/03/2022 07:00","CTA|SE","18208.00","18715.00"
"23/03/2022 07:00 - 23/03/2022 08:00","CTA|SE","18076.00","18681.00"
"23/03/2022 08:00 - 23/03/2022 09:00","CTA|SE","17716.00","18231.00"
"23/03/2022 09:00 - 23/03/2022 10:00","CTA|SE","17488.00","17854.00"
"23/03/2022 10:00 - 23/03/2022 11:00","CTA|SE","16987.00","17458.00"
"23/03/2022 11:00 - 23/03/2022 12:00","CTA|SE","16765.00","17151.00"
"23/03/2022 12:00 - 23/03/2022 13:00","CTA|SE","16761.00","16906.00"
"23/03/2022 13:00 - 23/03/2022 14:00","CTA|SE","16383.00","16756.00"
"23/03/2022 14:00 - 23/03/2022 15:00","CTA|SE","16374.00","16865.00"
"23/03/2022 15:00 - 23/03/2022 16:00","CTA|SE","16689.00","16957.00"
"23/03/2022 16:00 - 23/03/2022 17:00","CTA|SE","17131.00","17470.00"
"23/03/2022 17:00 - 23/03/2022 18:00","CTA|SE","17597.00","17899.00"
"23/03/2022 18:00 - 23/03/2022 19:00","CTA|SE","17557.00","17892.00"
"23/03/2022 19:00 - 23/03/2022 20:00","CTA|SE","17144.00","17500.00"
"23/03/2022 20:00 - 23/03/2022 21:00","CTA|SE","16445.00","16906.00"
"23/03/2022 21:00 - 23/03/2022 22:00","CTA|SE","15619.00","16199.00"
"23/03/2022 22:00 - 23/03/2022 23:00","CTA|SE","15384.00","15563.00"
"23/03/2022 23:00 - 24/03/2022 00:00","CTA|SE","15101.00","15227.00"
"24/03/2022 00:00 - 24/03/2022 01:00","CTA|SE","15186.00","15106.00"
"24/03/2022 01:00 - 24/03/2022 02:00","CTA|SE","15322.00","15131.00"
"24/03/2022 02:00 - 24/03/2022 03:00","CTA|SE","15255.00","15266.00"
"24/03/2022 03:00 - 24/03/2022 04:00","CTA|SE","15691.00","15584.00"
"24/03/2022 04:00 - 24/03/2022 05:00","CTA|SE","16635.00","16270.00"
"24/03/2022 05:00 - 24/03/2022 06:00","CTA|SE","17762.00","17571.00"
"24/03/2022 06:00 - 24/03/2022 07:00","CTA|SE","18613.00","18477.00"
"24/03/2022 07:00 - 24/03/2022 08:00","CTA|SE","18374.00","18466.00"
"24/03/2022 08:00 - 24/03/2022 09:00","CTA|SE","17828.00","18003.00"
"24/03/2022 09:00 - 24/03/2022 10:00","CTA|SE","17310.00","17618.00"
"24/03/2022 10:00 - 24/03/2022 11:00","CTA|SE","16817.00","17207.00"
"24/03/2022 11:00 - 24/03/2022 12:00","CTA|SE","16536.00","16838.00"
"24/03/2022 12:00 - 24/03/2022 13:00","CTA|SE","16163.00","16559.00"
"24/03/2022 13:00 - 24/03/2022 14:00","CTA|SE","16233.00","16362.00"
"24/03/2022 14:00 - 24/03/2022 15:00","CTA|SE","16224.00","16451.00"
"24/03/2022 15:00 - 24/03/2022 16:00","CTA|SE","16299.00","16553.00"
"24/03/2022 16:00 - 24/03/2022 17:00","CTA|SE","16858.00","17068.00"
"24/03/2022 17:00 - 24/03/2022 18:00","CTA|SE","17403.00","17508.00"
"24/03/2022 18:00 - 24/03/2022 19:00","CTA|SE","17593.00","17514.00"
"24/03/2022 19:00 - 24/03/2022 20:00","CTA|SE","16952.00","17140.00"
"24/03/2022 20:00 - 24/03/2022 21:00","CTA|SE","16283.00","16556.00"
"24/03/2022 21:00 - 24/03/2022 22:00","CTA|SE","15593.00","15857.00"
"24/03/2022 22:00 - 24/03/2022 23:00","CTA|SE","15106.00","15219.00"
"24/03/2022 23:00 - 25/03/2022 00:00","CTA|SE","14844.00","14844.00"
"25/03/2022 00:00 - 25/03/2022 01:00","CTA|SE","14422.00","14661.00"
"25/03/2022 01:00 - 25/03/2022 02:00","CTA|SE","14326.00","14661.00"
"25/03/2022 02:00 - 25/03/2022 03:00","CTA|SE","13814.00","14794.00"
"25/03/2022 03:00 - 25/03/2022 04:00","CTA|SE","13698.00","15044.00"
"25/03/2022 04:00 - 25/03/2022 05:00","CTA|SE","14800.00","15723.00"
"25/03/2022 05:00 - 25/03/2022 06:00","CTA|SE","15848.00","17040.00"
"25/03/2022 06:00 - 25/03/2022 07:00","CTA|SE","17166.00","17984.00"
"25/03/2022 07:00 - 25/03/2022 08:00","CTA|SE","17642.00","17984.00"
"25/03/2022 08:00 - 25/03/2022 09:00","CTA|SE","17355.00","17556.00"
"25/03/2022 09:00 - 25/03/2022 10:00","CTA|SE","17077.00","17169.00"
"25/03/2022 10:00 - 25/03/2022 11:00","CTA|SE","16286.00","16720.00"
"25/03/2022 11:00 - 25/03/2022 12:00","CTA|SE","15922.00","16349.00"
"25/03/2022 12:00 - 25/03/2022 13:00","CTA|SE","15500.00","15931.00"
"25/03/2022 13:00 - 25/03/2022 14:00","CTA|SE","15315.00","15584.00"
"25/03/2022 14:00 - 25/03/2022 15:00","CTA|SE","15135.00","15464.00"
"25/03/2022 15:00 - 25/03/2022 16:00","CTA|SE","15915.00","15637.00"
"25/03/2022 16:00 - 25/03/2022 17:00","CTA|SE","16510.00","16252.00"
"25/03/2022 17:00 - 25/03/2022 18:00","CTA|SE","16529.00","16640.00"
"25/03/2022 18:00 - 25/03/2022 19:00","CTA|SE","16080.00","16413.00"
"25/03/2022 19:00 - 25/03/2022 20:00","CTA|SE","15674.00","15807.00"
"25/03/2022 20:00 - 25/03/2022 21:00","CTA|SE","15770.00","15200.00"
"25/03/2022 21:00 - 25/03/2022 22:00","CTA|SE","15147.00","14674.00"
"25/03/2022 22:00 - 25/03/2022 23:00","CTA|SE","14606.00","14194.00"
"25/03/2022 23:00 - 26/03/2022 00:00","CTA|SE","13987.00","13985.00"
"26/03/2022 00:00 - 26/03/2022 01:00","CTA|SE","13687.00","13855.00"
"26/03/2022 01:00 - 26/03/2022 02:00","CTA|SE","13694.00","13837.00"
"26/03/2022 02:00 - 26/03/2022 03:00","CTA|SE","13866.00","13884.00"
"26/03/2022 03:00 - 26/03/2022 04:00","CTA|SE","14069.00","14102.00"
"26/03/2022 04:00 - 26/03/2022 05:00","CTA|SE","14207.00","14310.00"
"26/03/2022 05:00 - 26/03/2022 06:00","CTA|SE","14673.00","14550.00"
"26/03/2022 06:00 - 26/03/2022 07:00","CTA|SE","15217.00","14942.00"
"26/03/2022 07:00 - 26/03/2022 08:00","CTA|SE","15170.00","15430.00"
"26/03/2022 08:00 - 26/03/2022 09:00","CTA|SE","15254.00","15726.00"
"26/03/2022 09:00 - 26/03/2022 10:00","CTA|SE","15541.00","15727.00"
"26/03/2022 10:00 - 26/03/2022 11:00","CTA|SE","15466.00","15605.00"
"26/03/2022 11:00 - 26/03/2022 12:00","CTA|SE","14910.00","15466.00"
"26/03/2022 12:00 - 26/03/2022 13:00","CTA|SE","14841.00","15313.00"
"26/03/2022 13:00 - 26/03/2022 14:00","CTA|SE","14746.00","15262.00"
"26/03/2022 14:00 - 26/03/2022 15:00","CTA|SE","14795.00","15400.00"
"26/03/2022 15:00 - 26/03/2022 16:00","CTA|SE","14948.00","15735.00"
"26/03/2022 16:00 - 26/03/2022 17:00","CTA|SE","16003.00","16357.00"
"26/03/2022 17:00 - 26/03/2022 18:00","CTA|SE","17194.00","16980.00"
"26/03/2022 18:00 - 26/03/2022 19:00","CTA|SE","17163.00","16993.00"
"26/03/2022 19:00 - 26/03/2022 20:00","CTA|SE","16557.00","16605.00"
"26/03/2022 20:00 - 26/03/2022 21:00","CTA|SE","15840.00","16187.00"
"26/03/2022 21:00 - 26/03/2022 22:00","CTA|SE","15550.00","15816.00"
"26/03/2022 22:00 - 26/03/2022 23:00","CTA|SE","15771.00","15447.00"
"26/03/2022 23:00 - 27/03/2022 00:00","CTA|SE","15633.00","15135.00"
"27/03/2022 00:00 - 27/03/2022 01:00","CTA|SE","15279.00","14986.00"
"27/03/2022 01:00 - 27/03/2022 02:00","CTA|SE","15006.00","14899.00"
"27/03/2022 02:00 - 27/03/2022 03:00","CTA|SE","14767.00","14947.00"
"27/03/2022 03:00 - 27/03/2022 04:00","CTA|SE","14790.00","15047.00"
"27/03/2022 04:00 - 27/03/2022 05:00","CTA|SE","14757.00","15159.00"
"27/03/2022 05:00 - 27/03/2022 06:00","CTA|SE","14374.00","15436.00"
"27/03/2022 06:00 - 27/03/2022 07:00","CTA|SE","14825.00","15892.00"
"27/03/2022 07:00 - 27/03/2022 08:00","CTA|SE","15376.00","16261.00"
"27/03/2022 08:00 - 27/03/2022 09:00","CTA|SE","15357.00","16390.00"
"27/03/2022 09:00 - 27/03/2022 10:00","CTA|SE","15192.00","16376.00"
"27/03/2022 10:00 - 27/03/2022 11:00","CTA|SE","15236.00","16186.00"
"27/03/2022 11:00 - 27/03/2022 12:00","CTA|SE","14982.00","15972.00"
"27/03/2022 12:00 - 27/03/2022 13:00","CTA|SE","14525.00","15680.00"
"27/03/2022 13:00 - 27/03/2022 14:00","CTA|SE","14529.00","15483.00"
"27/03/2022 14:00 - 27/03/2022 15:00","CTA|SE","15142.00","15466.00"
"27/03/2022 15:00 - 27/03/2022 16:00","CTA|SE","15984.00","15645.00"
"27/03/2022 16:00 - 27/03/2022 17:00","CTA|SE","16246.00","15856.00"
"27/03/2022 17:00 - 27/03/2022 18:00","CTA|SE","16492.00","16186.00"
"27/03/2022 18:00 - 27/03/2022 19:00","CTA|SE","16353.00","16485.00"
"27/03/2022 19:00 - 27/03/2022 20:00","CTA|SE","15974.00","16091.00"
"27/03/2022 20:00 - 27/03/2022 21:00","CTA|SE","15322.00","15479.00"
"27/03/2022 21:00 - 27/03/2022 22:00","CTA|SE","14791.00","14847.00"
"27/03/2022 22:00 - 27/03/2022 23:00","CTA|SE","14107.00","14203.00"
"27/03/2022 23:00 - 28/03/2022 00:00","CTA|SE","13781.00","14067.00"
"28/03/2022 00:00 - 28/03/2022 01:00","CTA|SE","13877.00","14078.00"
"28/03/2022 01:00 - 28/03/2022 02:00","CTA|SE","13958.00","14180.00"
"28/03/2022 02:00 - 28/03/2022 03:00","CTA|SE","14271.00","14460.00"
"28/03/2022 03:00 - 28/03/2022 04:00","CTA|SE","14905.00","15207.00"
"28/03/2022 04:00 - 28/03/2022 05:00","CTA|SE","16358.00","16752.00"
"28/03/2022 05:00 - 28/03/2022 06:00","CTA|SE","17559.00","18060.00"
"28/03/2022 06:00 - 28/03/2022 07:00","CTA|SE","17894.00","18357.00"
"28/03/2022 07:00 - 28/03/2022 08:00","CTA|SE","17876.00","18270.00"
"28/03/2022 08:00 - 28/03/2022 09:00","CTA|SE","17580.00","18099.00"
"28/03/2022 09:00 - 28/03/2022 10:00","CTA|SE","17177.00","17954.00"
"28/03/2022 10:00 - 28/03/2022 11:00","CTA|SE","16340.00","17726.00"
"28/03/2022 11:00 - 28/03/2022 12:00","CTA|SE","16462.00","17438.00"
"28/03/2022 12:00 - 28/03/2022 13:00","CTA|SE","16597.00","17249.00"
"28/03/2022 13:00 - 28/03/2022 14:00","CTA|SE","16573.00","17140.00"
"28/03/2022 14:00 - 28/03/2022 15:00","CTA|SE","16873.00","16898.00"
"28/03/2022 15:00 - 28/03/2022 16:00","CTA|SE","17035.00","17012.00"
"28/03/2022 16:00 - 28/03/2022 17:00","CTA|SE","17670.00","16993.00"
"28/03/2022 17:00 - 28/03/2022 18:00","CTA|SE","18200.00","17232.00"
"28/03/2022 18:00 - 28/03/2022 19:00","CTA|SE","17544.00","17578.00"
"28/03/2022 19:00 - 28/03/2022 20:00","CTA|SE","17037.00","17224.00"
"28/03/2022 20:00 - 28/03/2022 21:00","CTA|SE","16429.00","16477.00"
"28/03/2022 21:00 - 28/03/2022 22:00","CTA|SE","15672.00","15826.00"
"28/03/2022 22:00 - 28/03/2022 23:00","CTA|SE","15272.00","15156.00"
"28/03/2022 23:00 - 29/03/2022 00:00","CTA|SE","15135.00","15038.00"
"29/03/2022 00:00 - 29/03/2022 01:00","CTA|SE","15174.00","15091.00"
"29/03/2022 01:00 - 29/03/2022 02:00","CTA|SE","15464.00","15244.00"
"29/03/2022 02:00 - 29/03/2022 03:00","CTA|SE","15585.00","15560.00"
"29/03/2022 03:00 - 29/03/2022 04:00","CTA|SE","16179.00","16228.00"
"29/03/2022 04:00 - 29/03/2022 05:00","CTA|SE","17855.00","17572.00"
"29/03/2022 05:00 - 29/03/2022 06:00","CTA|SE","19096.00","18722.00"
"29/03/2022 06:00 - 29/03/2022 07:00","CTA|SE","19580.00","18953.00"
"29/03/2022 07:00 - 29/03/2022 08:00","CTA|SE","19495.00","18789.00"
"29/03/2022 08:00 - 29/03/2022 09:00","CTA|SE","19002.00","18699.00"
"29/03/2022 09:00 - 29/03/2022 10:00","CTA|SE","18816.00","18586.00"
"29/03/2022 10:00 - 29/03/2022 11:00","CTA|SE","18173.00","18431.00"
"29/03/2022 11:00 - 29/03/2022 12:00","CTA|SE","17866.00","18290.00"
"29/03/2022 12:00 - 29/03/2022 13:00","CTA|SE","17471.00","18156.00"
"29/03/2022 13:00 - 29/03/2022 14:00","CTA|SE","17378.00","18068.00"
"29/03/2022 14:00 - 29/03/2022 15:00","CTA|SE","17411.00","17900.00"
"29/03/2022 15:00 - 29/03/2022 16:00","CTA|SE","17861.00","18045.00"
"29/03/2022 16:00 - 29/03/2022 17:00","CTA|SE","18362.00","18019.00"
"29/03/2022 17:00 - 29/03/2022 18:00","CTA|SE","19319.00","18154.00"
"29/03/2022 18:00 - 29/03/2022 19:00","CTA|SE","19244.00","18429.00"
"29/03/2022 19:00 - 29/03/2022 20:00","CTA|SE","18117.00","18078.00"
"29/03/2022 20:00 - 29/03/2022 21:00","CTA|SE","17667.00","17392.00"
"29/03/2022 21:00 - 29/03/2022 22:00","CTA|SE","17342.00","16768.00"
"29/03/2022 22:00 - 29/03/2022 23:00","CTA|SE","16702.00","16222.00"
"29/03/2022 23:00 - 30/03/2022 00:00","CTA|SE","16315.00","16070.00"
"30/03/2022 00:00 - 30/03/2022 01:00","CTA|SE","16433.00","16108.00"
"30/03/2022 01:00 - 30/03/2022 02:00","CTA|SE","16635.00","16240.00"
"30/03/2022 02:00 - 30/03/2022 03:00","CTA|SE","17005.00","16562.00"
"30/03/2022 03:00 - 30/03/2022 04:00","CTA|SE","17784.00","17268.00"
"30/03/2022 04:00 - 30/03/2022 05:00","CTA|SE","19331.00","18677.00"
"30/03/2022 05:00 - 30/03/2022 06:00","CTA|SE","20254.00","19818.00"
"30/03/2022 06:00 - 30/03/2022 07:00","CTA|SE","20537.00","19930.00"
"30/03/2022 07:00 - 30/03/2022 08:00","CTA|SE","20792.00","19630.00"
"30/03/2022 08:00 - 30/03/2022 09:00","CTA|SE","20012.00","19369.00"
"30/03/2022 09:00 - 30/03/2022 10:00","CTA|SE","19218.00","19123.00"
"30/03/2022 10:00 - 30/03/2022 11:00","CTA|SE","18398.00","18850.00"
"30/03/2022 11:00 - 30/03/2022 12:00","CTA|SE","18023.00","18594.00"
"30/03/2022 12:00 - 30/03/2022 13:00","CTA|SE","17989.00","18342.00"
"30/03/2022 13:00 - 30/03/2022 14:00","CTA|SE","18044.00","18224.00"
"30/03/2022 14:00 - 30/03/2022 15:00","CTA|SE","18093.00","18034.00"
"30/03/2022 15:00 - 30/03/2022 16:00","CTA|SE","18289.00","18159.00"
"30/03/2022 16:00 - 30/03/2022 17:00","CTA|SE","18373.00","18130.00"
"30/03/2022 17:00 - 30/03/2022 18:00","CTA|SE","19213.00","18267.00"
"30/03/2022 18:00 - 30/03/2022 19:00","CTA|SE","19499.00","18549.00"
"30/03/2022 19:00 - 30/03/2022 20:00","CTA|SE","18774.00","18182.00"
"30/03/2022 20:00 - 30/03/2022 21:00","CTA|SE","17921.00","17444.00"
"30/03/2022 21:00 - 30/03/2022 22:00","CTA|SE","17309.00","16732.00"
"30/03/2022 22:00 - 30/03/2022 23:00","CTA|SE","17168.00","16300.00"
"30/03/2022 23:00 - 31/03/2022 00:00","CTA|SE","16762.00","16127.00"
"31/03/2022 00:00 - 31/03/2022 01:00","CTA|SE","16694.00","16128.00"
"31/03/2022 01:00 - 31/03/2022 02:00","CTA|SE","17014.00","16236.00"
"31/03/2022 02:00 - 31/03/2022 03:00","CTA|SE","17356.00","16520.00"
"31/03/2022 03:00 - 31/03/2022 04:00","CTA|SE","17872.00","17187.00"
"31/03/2022 04:00 - 31/03/2022 05:00","CTA|SE","19526.00","18554.00"
"31/03/2022 05:00 - 31/03/2022 06:00","CTA|SE","20460.00","19692.00"
"31/03/2022 06:00 - 31/03/2022 07:00","CTA|SE","20682.00","19787.00"
"31/03/2022 07:00 - 31/03/2022 08:00","CTA|SE","20061.00","19482.00"
"31/03/2022 08:00 - 31/03/2022 09:00","CTA|SE","19170.00","19162.00"
"31/03/2022 09:00 - 31/03/2022 10:00","CTA|SE","18436.00","18893.00"
"31/03/2022 10:00 - 31/03/2022 11:00","CTA|SE","18132.00","18598.00"
"31/03/2022 11:00 - 31/03/2022 12:00","CTA|SE","17899.00","18395.00"
"31/03/2022 12:00 - 31/03/2022 13:00","CTA|SE","17824.00","18176.00"
"31/03/2022 13:00 - 31/03/2022 14:00","CTA|SE","17782.00","18096.00"
"31/03/2022 14:00 - 31/03/2022 15:00","CTA|SE","17478.00","17938.00"
"31/03/2022 15:00 - 31/03/2022 16:00","CTA|SE","17945.00","18050.00"
"31/03/2022 16:00 - 31/03/2022 17:00","CTA|SE","18081.00","18000.00"
"31/03/2022 17:00 - 31/03/2022 18:00","CTA|SE","18852.00","18115.00"
"31/03/2022 18:00 - 31/03/2022 19:00","CTA|SE","19029.00","18375.00"
"31/03/2022 19:00 - 31/03/2022 20:00","CTA|SE","18452.00","17986.00"
"31/03/2022 20:00 - 31/03/2022 21:00","CTA|SE","17913.00","17310.00"
"31/03/2022 21:00 - 31/03/2022 22:00","CTA|SE","17359.00","16676.00"
"31/03/2022 22:00 - 31/03/2022 23:00","CTA|SE","16960.00","16422.00"
"31/03/2022 23:00 - 01/04/2022 00:00","CTA|SE","16792.00","16255.00"
"01/04/2022 00:00 - 01/04/2022 01:00","CTA|SE","16911.00","16221.00"
"01/04/2022 01:00 - 01/04/2022 02:00","CTA|SE","17029.00","16327.00"
"01/04/2022 02:00 - 01/04/2022 03:00","CTA|SE","17235.00","16624.00"
"01/04/2022 03:00 - 01/04/2022 04:00","CTA|SE","17999.00","17293.00"
"01/04/2022 04:00 - 01/04/2022 05:00","CTA|SE","19323.00","18769.00"
"01/04/2022 05:00 - 01/04/2022 06:00","CTA|SE","20336.00","19997.00"
"01/04/2022 06:00 - 01/04/2022 07:00","CTA|SE","20345.00","20112.00"
"01/04/2022 07:00 - 01/04/2022 08:00","CTA|SE","19719.00","19834.00"
"01/04/2022 08:00 - 01/04/2022 09:00","CTA|SE","19010.00","19600.00"
"01/04/2022 09:00 - 01/04/2022 10:00","CTA|SE","18723.00","19317.00"
"01/04/2022 10:00 - 01/04/2022 11:00","CTA|SE","18459.00","18967.00"
"01/04/2022 11:00 - 01/04/2022 12:00","CTA|SE","18045.00","18482.00"
"01/04/2022 12:00 - 01/04/2022 13:00","CTA|SE","17530.00","18057.00"
"01/04/2022 13:00 - 01/04/2022 14:00","CTA|SE","17245.00","17796.00"
"01/04/2022 14:00 - 01/04/2022 15:00","CTA|SE","17156.00","17607.00"
"01/04/2022 15:00 - 01/04/2022 16:00","CTA|SE","17413.00","17675.00"
"01/04/2022 16:00 - 01/04/2022 17:00","CTA|SE","17614.00","17624.00"
"01/04/2022 17:00 - 01/04/2022 18:00","CTA|SE","18194.00","17603.00"
"01/04/2022 18:00 - 01/04/2022 19:00","CTA|SE","18266.00","17760.00"
"01/04/2022 19:00 - 01/04/2022 20:00","CTA|SE","17681.00","17401.00"
"01/04/2022 20:00 - 01/04/2022 21:00","CTA|SE","17510.00","16926.00"
"01/04/2022 21:00 - 01/04/2022 22:00","CTA|SE","17084.00","16421.00"
"01/04/2022 22:00 - 01/04/2022 23:00","CTA|SE","16682.00","16379.00"
"01/04/2022 23:00 - 02/04/2022 00:00","CTA|SE","16289.00","16214.00"
"02/04/2022 00:00 - 02/04/2022 01:00","CTA|SE","16230.00","16212.00"
"02/04/2022 01:00 - 02/04/2022 02:00","CTA|SE","16518.00","16245.00"
"02/04/2022 02:00 - 02/04/2022 03:00","CTA|SE","16527.00","16408.00"
"02/04/2022 03:00 - 02/04/2022 04:00","CTA|SE","16670.00","16585.00"
"02/04/2022 04:00 - 02/04/2022 05:00","CTA|SE","17007.00","16830.00"
"02/04/2022 05:00 - 02/04/2022 06:00","CTA|SE","17209.00","17220.00"
"02/04/2022 06:00 - 02/04/2022 07:00","CTA|SE","17837.00","17529.00"
"02/04/2022 07:00 - 02/04/2022 08:00","CTA|SE","17682.00","17673.00"
"02/04/2022 08:00 - 02/04/2022 09:00","CTA|SE","17350.00","17571.00"
"02/04/2022 09:00 - 02/04/2022 10:00","CTA|SE","17221.00","17324.00"
"02/04/2022 10:00 - 02/04/2022 11:00","CTA|SE","16606.00","17023.00"
"02/04/2022 11:00 - 02/04/2022 12:00","CTA|SE","16225.00","16713.00"
"02/04/2022 12:00 - 02/04/2022 13:00","CTA|SE","16164.00","16368.00"
"02/04/2022 13:00 - 02/04/2022 14:00","CTA|SE","15938.00","16157.00"
"02/04/2022 14:00 - 02/04/2022 15:00","CTA|SE","15784.00","16153.00"
"02/04/2022 15:00 - 02/04/2022 16:00","CTA|SE","16108.00","16344.00"
"02/04/2022 16:00 - 02/04/2022 17:00","CTA|SE","16979.00","16459.00"
"02/04/2022 17:00 - 02/04/2022 18:00","CTA|SE","17429.00","16618.00"
"02/04/2022 18:00 - 02/04/2022 19:00","CTA|SE","17384.00","16893.00"
"02/04/2022 19:00 - 02/04/2022 20:00","CTA|SE","17012.00","16757.00"
"02/04/2022 20:00 - 02/04/2022 21:00","CTA|SE","16489.00","16363.00"
"02/04/2022 21:00 - 02/04/2022 22:00","CTA|SE","16325.00","15929.00"
"02/04/2022 22:00 - 02/04/2022 23:00","CTA|SE","15807.00","15928.00"
"02/04/2022 23:00 - 03/04/2022 00:00","CTA|SE","15631.00","15734.00"
"03/04/2022 00:00 - 03/04/2022 01:00","CTA|SE","15589.00","15681.00"
"03/04/2022 01:00 - 03/04/2022 02:00","CTA|SE","15776.00","15647.00"
"03/04/2022 02:00 - 03/04/2022 03:00","CTA|SE","15985.00","15669.00"
"03/04/2022 03:00 - 03/04/2022 04:00","CTA|SE","16163.00","15742.00"
"03/04/2022 04:00 - 03/04/2022 05:00","CTA|SE","16211.00","15829.00"
"03/04/2022 05:00 - 03/04/2022 06:00","CTA|SE","16573.00","15978.00"
"03/04/2022 06:00 - 03/04/2022 07:00","CTA|SE","17142.00","16345.00"
"03/04/2022 07:00 - 03/04/2022 08:00","CTA|SE","17027.00","16634.00"
"03/04/2022 08:00 - 03/04/2022 09:00","CTA|SE","16614.00","16686.00"
"03/04/2022 09:00 - 03/04/2022 10:00","CTA|SE","16001.00","16652.00"
"03/04/2022 10:00 - 03/04/2022 11:00","CTA|SE","15546.00","16552.00"
"03/04/2022 11:00 - 03/04/2022 12:00","CTA|SE","15308.00","16387.00"
"03/04/2022 12:00 - 03/04/2022 13:00","CTA|SE","15131.00","16202.00"
"03/04/2022 13:00 - 03/04/2022 14:00","CTA|SE","15016.00","16152.00"
"03/04/2022 14:00 - 03/04/2022 15:00","CTA|SE","15333.00","16286.00"
"03/04/2022 15:00 - 03/04/2022 16:00","CTA|SE","16061.00","16610.00"
"03/04/2022 16:00 - 03/04/2022 17:00","CTA|SE","16682.00","16847.00"
"03/04/2022 17:00 - 03/04/2022 18:00","CTA|SE","17221.00","17106.00"
"03/04/2022 18:00 - 03/04/2022 19:00","CTA|SE","17173.00","17333.00"
"03/04/2022 19:00 - 03/04/2022 20:00","CTA|SE","16916.00","17028.00"
"03/04/2022 20:00 - 03/04/2022 21:00","CTA|SE","16092.00","16504.00"
"03/04/2022 21:00 - 03/04/2022 22:00","CTA|SE","15467.00","15966.00"
"03/04/2022 22:00 - 03/04/2022 23:00","CTA|SE","15081.00","15401.00"
"03/04/2022 23:00 - 04/04/2022 00:00","CTA|SE","14841.00","15227.00"
"04/04/2022 00:00 - 04/04/2022 01:00","CTA|SE","14587.00","15210.00"
"04/04/2022 01:00 - 04/04/2022 02:00","CTA|SE","14640.00","15258.00"
"04/04/2022 02:00 - 04/04/2022 03:00","CTA|SE","14931.00","15471.00"
"04/04/2022 03:00 - 04/04/2022 04:00","CTA|SE","15766.00","16106.00"
"04/04/2022 04:00 - 04/04/2022 05:00","CTA|SE","17514.00","17500.00"
"04/04/2022 05:00 - 04/04/2022 06:00","CTA|SE","18842.00","18720.00"
"04/04/2022 06:00 - 04/04/2022 07:00","CTA|SE","19363.00","19091.00"
"04/04/2022 07:00 - 04/04/2022 08:00","CTA|SE","19294.00","19132.00"
"04/04/2022 08:00 - 04/04/2022 09:00","CTA|SE","19473.00","19142.00"
"04/04/2022 09:00 - 04/04/2022 10:00","CTA|SE","19458.00","19134.00"
"04/04/2022 10:00 - 04/04/2022 11:00","CTA|SE","19520.00","19029.00"
"04/04/2022 11:00 - 04/04/2022 12:00","CTA|SE","19306.00","18886.00"
"04/04/2022 12:00 - 04/04/2022 13:00","CTA|SE","19136.00","18809.00"
"04/04/2022 13:00 - 04/04/2022 14:00","CTA|SE","18802.00","18726.00"
"04/04/2022 14:00 - 04/04/2022 15:00","CTA|SE","18801.00","18523.00"
"04/04/2022 15:00 - 04/04/2022 16:00","CTA|SE","18944.00","18526.00"
"04/04/2022 16:00 - 04/04/2022 17:00","CTA|SE","18917.00","18410.00"
"04/04/2022 17:00 - 04/04/2022 18:00","CTA|SE","18566.00","18432.00"
"04/04/2022 18:00 - 04/04/2022 19:00","CTA|SE","17648.00","18450.00"
"04/04/2022 19:00 - 04/04/2022 20:00","CTA|SE","16983.00","18019.00"
"04/04/2022 20:00 - 04/04/2022 21:00","CTA|SE","16556.00","17278.00"
"04/04/2022 21:00 - 04/04/2022 22:00","CTA|SE","16036.00","16593.00"
"04/04/2022 22:00 - 04/04/2022 23:00","CTA|SE","16037.00","15931.00"
"04/04/2022 23:00 - 05/04/2022 00:00","CTA|SE","15978.00","15737.00"
"05/04/2022 00:00 - 05/04/2022 01:00","CTA|SE","15937.00","15741.00"
"05/04/2022 01:00 - 05/04/2022 02:00","CTA|SE","16063.00","15847.00"
"05/04/2022 02:00 - 05/04/2022 03:00","CTA|SE","16352.00","16114.00"
"05/04/2022 03:00 - 05/04/2022 04:00","CTA|SE","17645.00","16728.00"
"05/04/2022 04:00 - 05/04/2022 05:00","CTA|SE","19203.00","18085.00"
"05/04/2022 05:00 - 05/04/2022 06:00","CTA|SE","20212.00","19195.00"
"05/04/2022 06:00 - 05/04/2022 07:00","CTA|SE","20593.00","19413.00"
"05/04/2022 07:00 - 05/04/2022 08:00","CTA|SE","20542.00","19214.00"
"05/04/2022 08:00 - 05/04/2022 09:00","CTA|SE","19776.00","19010.00"
"05/04/2022 09:00 - 05/04/2022 10:00","CTA|SE","19148.00","18845.00"
"05/04/2022 10:00 - 05/04/2022 11:00","CTA|SE","18259.00","18647.00"
"05/04/2022 11:00 - 05/04/2022 12:00","CTA|SE","17806.00","18502.00"
"05/04/2022 12:00 - 05/04/2022 13:00","CTA|SE","17803.00","18369.00"
"05/04/2022 13:00 - 05/04/2022 14:00","CTA|SE","18237.00","18326.00"
"05/04/2022 14:00 - 05/04/2022 15:00","CTA|SE","18368.00","18189.00"
"05/04/2022 15:00 - 05/04/2022 16:00","CTA|SE","18605.00","18307.00"
"05/04/2022 16:00 - 05/04/2022 17:00","CTA|SE","18769.00","18264.00"
"05/04/2022 17:00 - 05/04/2022 18:00","CTA|SE","19179.00","18384.00"
"05/04/2022 18:00 - 05/04/2022 19:00","CTA|SE","19338.00","18577.00"
"05/04/2022 19:00 - 05/04/2022 20:00","CTA|SE","18337.00","18191.00"
"05/04/2022 20:00 - 05/04/2022 21:00","CTA|SE","17883.00","17489.00"
"05/04/2022 21:00 - 05/04/2022 22:00","CTA|SE","17249.00","16790.00"
"05/04/2022 22:00 - 05/04/2022 23:00","CTA|SE","16869.00","16373.00"
"05/04/2022 23:00 - 06/04/2022 00:00","CTA|SE","16579.00","16150.00"
"06/04/2022 00:00 - 06/04/2022 01:00","CTA|SE","16288.00","16136.00"
"06/04/2022 01:00 - 06/04/2022 02:00","CTA|SE","16389.00","16237.00"
"06/04/2022 02:00 - 06/04/2022 03:00","CTA|SE","16741.00","16508.00"
"06/04/2022 03:00 - 06/04/2022 04:00","CTA|SE","17255.00","17170.00"
"06/04/2022 04:00 - 06/04/2022 05:00","CTA|SE","18476.00","18644.00"
"06/04/2022 05:00 - 06/04/2022 06:00","CTA|SE","19740.00","19834.00"
"06/04/2022 06:00 - 06/04/2022 07:00","CTA|SE","19785.00","20034.00"
"06/04/2022 07:00 - 06/04/2022 08:00","CTA|SE","19534.00","19788.00"
"06/04/2022 08:00 - 06/04/2022 09:00","CTA|SE","19462.00","19553.00"
"06/04/2022 09:00 - 06/04/2022 10:00","CTA|SE","19242.00","19368.00"
"06/04/2022 10:00 - 06/04/2022 11:00","CTA|SE","18802.00","19118.00"
"06/04/2022 11:00 - 06/04/2022 12:00","CTA|SE","18223.00","18908.00"
"06/04/2022 12:00 - 06/04/2022 13:00","CTA|SE","17699.00","18729.00"
"06/04/2022 13:00 - 06/04/2022 14:00","CTA|SE","18095.00","18558.00"
"06/04/2022 14:00 - 06/04/2022 15:00","CTA|SE","18303.00","18318.00"
"06/04/2022 15:00 - 06/04/2022 16:00","CTA|SE","18684.00","18416.00"
"06/04/2022 16:00 - 06/04/2022 17:00","CTA|SE","18462.00","18249.00"
"06/04/2022 17:00 - 06/04/2022 18:00","CTA|SE","18502.00","18262.00"
"06/04/2022 18:00 - 06/04/2022 19:00","CTA|SE","18689.00","18392.00"
"06/04/2022 19:00 - 06/04/2022 20:00","CTA|SE","18279.00","17892.00"
"06/04/2022 20:00 - 06/04/2022 21:00","CTA|SE","17507.00","17048.00"
"06/04/2022 21:00 - 06/04/2022 22:00","CTA|SE","16515.00","16226.00"
"06/04/2022 22:00 - 06/04/2022 23:00","CTA|SE","16129.00","15690.00"
"06/04/2022 23:00 - 07/04/2022 00:00","CTA|SE","16051.00","15435.00"
"07/04/2022 00:00 - 07/04/2022 01:00","CTA|SE","15881.00","15393.00"
"07/04/2022 01:00 - 07/04/2022 02:00","CTA|SE","15833.00","15463.00"
"07/04/2022 02:00 - 07/04/2022 03:00","CTA|SE","16019.00","15702.00"
"07/04/2022 03:00 - 07/04/2022 04:00","CTA|SE","16729.00","16339.00"
"07/04/2022 04:00 - 07/04/2022 05:00","CTA|SE","17880.00","17800.00"
"07/04/2022 05:00 - 07/04/2022 06:00","CTA|SE","19183.00","19067.00"
"07/04/2022 06:00 - 07/04/2022 07:00","CTA|SE","19401.00","19420.00"
"07/04/2022 07:00 - 07/04/2022 08:00","CTA|SE","19447.00","19396.00"
"07/04/2022 08:00 - 07/04/2022 09:00","CTA|SE","19144.00","19369.00"
"07/04/2022 09:00 - 07/04/2022 10:00","CTA|SE","19085.00","19324.00"
"07/04/2022 10:00 - 07/04/2022 11:00","CTA|SE","19037.00","19217.00"
"07/04/2022 11:00 - 07/04/2022 12:00","CTA|SE","19233.00","19070.00"
"07/04/2022 12:00 - 07/04/2022 13:00","CTA|SE","19100.00","18876.00"
"07/04/2022 13:00 - 07/04/2022 14:00","CTA|SE","19137.00","18791.00"
"07/04/2022 14:00 - 07/04/2022 15:00","CTA|SE","18552.00","18537.00"
"07/04/2022 15:00 - 07/04/2022 16:00","CTA|SE","18678.00","18558.00"
"07/04/2022 16:00 - 07/04/2022 17:00","CTA|SE","18503.00","18380.00"
"07/04/2022 17:00 - 07/04/2022 18:00","CTA|SE","18599.00","18349.00"
"07/04/2022 18:00 - 07/04/2022 19:00","CTA|SE","18607.00","18428.00"
"07/04/2022 19:00 - 07/04/2022 20:00","CTA|SE","18043.00","17928.00"
"07/04/2022 20:00 - 07/04/2022 21:00","CTA|SE","16829.00","17115.00"
"07/04/2022 21:00 - 07/04/2022 22:00","CTA|SE","15616.00","16318.00"
"07/04/2022 22:00 - 07/04/2022 23:00","CTA|SE","15053.00","16133.00"
"07/04/2022 23:00 - 08/04/2022 00:00","CTA|SE","15112.00","15806.00"
"08/04/2022 00:00 - 08/04/2022 01:00","CTA|SE","14920.00","15729.00"
"08/04/2022 01:00 - 08/04/2022 02:00","CTA|SE","15490.00","15779.00"
"08/04/2022 02:00 - 08/04/2022 03:00","CTA|SE","16308.00","16004.00"
"08/04/2022 03:00 - 08/04/2022 04:00","CTA|SE","17121.00","16598.00"
"08/04/2022 04:00 - 08/04/2022 05:00","CTA|SE","18092.00","18007.00"
"08/04/2022 05:00 - 08/04/2022 06:00","CTA|SE","19415.00","19295.00"
"08/04/2022 06:00 - 08/04/2022 07:00","CTA|SE","19692.00","19677.00"
"08/04/2022 07:00 - 08/04/2022 08:00","CTA|SE","19843.00","19661.00"
"08/04/2022 08:00 - 08/04/2022 09:00","CTA|SE","19929.00","19663.00"
"08/04/2022 09:00 - 08/04/2022 10:00","CTA|SE","19918.00","19615.00"
"08/04/2022 10:00 - 08/04/2022 11:00","CTA|SE","19950.00","19462.00"
"08/04/2022 11:00 - 08/04/2022 12:00","CTA|SE","19721.00","19132.00"
"08/04/2022 12:00 - 08/04/2022 13:00","CTA|SE","19375.00","18737.00"
"08/04/2022 13:00 - 08/04/2022 14:00","CTA|SE","19186.00","18461.00"
"08/04/2022 14:00 - 08/04/2022 15:00","CTA|SE","19377.00","18231.00"
"08/04/2022 15:00 - 08/04/2022 16:00","CTA|SE","19442.00","18186.00"
"08/04/2022 16:00 - 08/04/2022 17:00","CTA|SE","19189.00","17989.00"
"08/04/2022 17:00 - 08/04/2022 18:00","CTA|SE","19195.00","17860.00"
"08/04/2022 18:00 - 08/04/2022 19:00","CTA|SE","18906.00","17810.00"
"08/04/2022 19:00 - 08/04/2022 20:00","CTA|SE","18251.00","17438.00"
"08/04/2022 20:00 - 08/04/2022 21:00","CTA|SE","17775.00","16957.00"
"08/04/2022 21:00 - 08/04/2022 22:00","CTA|SE","17291.00","16424.00"
"08/04/2022 22:00 - 08/04/2022 23:00","CTA|SE","16977.00","16398.00"
"08/04/2022 23:00 - 09/04/2022 00:00","CTA|SE","16672.00","16158.00"
"09/04/2022 00:00 - 09/04/2022 01:00","CTA|SE","16465.00","16091.00"
"09/04/2022 01:00 - 09/04/2022 02:00","CTA|SE","16452.00","16111.00"
"09/04/2022 02:00 - 09/04/2022 03:00","CTA|SE","16323.00","16175.00"
"09/04/2022 03:00 - 09/04/2022 04:00","CTA|SE","16461.00","16256.00"
"09/04/2022 04:00 - 09/04/2022 05:00","CTA|SE","16462.00","16458.00"
"09/04/2022 05:00 - 09/04/2022 06:00","CTA|SE","16801.00","16820.00"
"09/04/2022 06:00 - 09/04/2022 07:00","CTA|SE","17078.00","17362.00"
"09/04/2022 07:00 - 09/04/2022 08:00","CTA|SE","17169.00","17682.00"
"09/04/2022 08:00 - 09/04/2022 09:00","CTA|SE","16801.00","17823.00"
"09/04/2022 09:00 - 09/04/2022 10:00","CTA|SE","16949.00","17778.00"
"09/04/2022 10:00 - 09/04/2022 11:00","CTA|SE","16780.00","17660.00"
"09/04/2022 11:00 - 09/04/2022 12:00","CTA|SE","16627.00","17427.00"
"09/04/2022 12:00 - 09/04/2022 13:00","CTA|SE","16554.00","17164.00"
"09/04/2022 13:00 - 09/04/2022 14:00","CTA|SE","16286.00","16935.00"
"09/04/2022 14:00 - 09/04/2022 15:00","CTA|SE","16354.00","16827.00"
"09/04/2022 15:00 - 09/04/2022 16:00","CTA|SE","16652.00","16922.00"
"09/04/2022 16:00 - 09/04/2022 17:00","CTA|SE","17008.00","16993.00"
"09/04/2022 17:00 - 09/04/2022 18:00","CTA|SE","16989.00","16960.00"
"09/04/2022 18:00 - 09/04/2022 19:00","CTA|SE","17046.00","17036.00"
"09/04/2022 19:00 - 09/04/2022 20:00","CTA|SE","16442.00","16857.00"
"09/04/2022 20:00 - 09/04/2022 21:00","CTA|SE","15887.00","16405.00"
"09/04/2022 21:00 - 09/04/2022 22:00","CTA|SE","15314.00","15964.00"
"09/04/2022 22:00 - 09/04/2022 23:00","CTA|SE","15238.00","15606.00"
"09/04/2022 23:00 - 10/04/2022 00:00","CTA|SE","15169.00","15400.00"
"10/04/2022 00:00 - 10/04/2022 01:00","CTA|SE","14882.00","15318.00"
"10/04/2022 01:00 - 10/04/2022 02:00","CTA|SE","14865.00","15312.00"
"10/04/2022 02:00 - 10/04/2022 03:00","CTA|SE","14892.00","15369.00"
"10/04/2022 03:00 - 10/04/2022 04:00","CTA|SE","14772.00","15436.00"
"10/04/2022 04:00 - 10/04/2022 05:00","CTA|SE","14864.00","15532.00"
"10/04/2022 05:00 - 10/04/2022 06:00","CTA|SE","15141.00","15752.00"
"10/04/2022 06:00 - 10/04/2022 07:00","CTA|SE","15323.00","16216.00"
"10/04/2022 07:00 - 10/04/2022 08:00","CTA|SE","15438.00","16550.00"
"10/04/2022 08:00 - 10/04/2022 09:00","CTA|SE","15317.00","16723.00"
"10/04/2022 09:00 - 10/04/2022 10:00","CTA|SE","15334.00","16743.00"
"10/04/2022 10:00 - 10/04/2022 11:00","CTA|SE","15280.00","16631.00"
"10/04/2022 11:00 - 10/04/2022 12:00","CTA|SE","15053.00","16473.00"
"10/04/2022 12:00 - 10/04/2022 13:00","CTA|SE","14994.00","16287.00"
"10/04/2022 13:00 - 10/04/2022 14:00","CTA|SE","15003.00","16148.00"
"10/04/2022 14:00 - 10/04/2022 15:00","CTA|SE","15282.00","16215.00"
"10/04/2022 15:00 - 10/04/2022 16:00","CTA|SE","15899.00","16448.00"
"10/04/2022 16:00 - 10/04/2022 17:00","CTA|SE","16320.00","16662.00"
"10/04/2022 17:00 - 10/04/2022 18:00","CTA|SE","16922.00","16900.00"
"10/04/2022 18:00 - 10/04/2022 19:00","CTA|SE","17161.00","17088.00"
"10/04/2022 19:00 - 10/04/2022 20:00","CTA|SE","16571.00","16822.00"
"10/04/2022 20:00 - 10/04/2022 21:00","CTA|SE","16082.00","16218.00"
"10/04/2022 21:00 - 10/04/2022 22:00","CTA|SE","15773.00","15631.00"
"10/04/2022 22:00 - 10/04/2022 23:00","CTA|SE","15471.00","14960.00"
"10/04/2022 23:00 - 11/04/2022 00:00","CTA|SE","15446.00","14836.00"
"11/04/2022 00:00 - 11/04/2022 01:00","CTA|SE","15400.00","14831.00"
"11/04/2022 01:00 - 11/04/2022 02:00","CTA|SE","15339.00","14953.00"
"11/04/2022 02:00 - 11/04/2022 03:00","CTA|SE","15575.00","15252.00"
"11/04/2022 03:00 - 11/04/2022 04:00","CTA|SE","16498.00","15981.00"
"11/04/2022 04:00 - 11/04/2022 05:00","CTA|SE","17776.00","17547.00"
"11/04/2022 05:00 - 11/04/2022 06:00","CTA|SE","18950.00","18779.00"
"11/04/2022 06:00 - 11/04/2022 07:00","CTA|SE","18891.00","18962.00"
"11/04/2022 07:00 - 11/04/2022 08:00","CTA|SE","18425.00","18672.00"
"11/04/2022 08:00 - 11/04/2022 09:00","CTA|SE","17873.00","18415.00"
"11/04/2022 09:00 - 11/04/2022 10:00","CTA|SE","17135.00","18136.00"
"11/04/2022 10:00 - 11/04/2022 11:00","CTA|SE","17023.00","17855.00"
"11/04/2022 11:00 - 11/04/2022 12:00","CTA|SE","16750.00","17592.00"
"11/04/2022 12:00 - 11/04/2022 13:00","CTA|SE","16546.00","17363.00"
"11/04/2022 13:00 - 11/04/2022 14:00","CTA|SE","16578.00","17270.00"
"11/04/2022 14:00 - 11/04/2022 15:00","CTA|SE","16439.00","17107.00"
"11/04/2022 15:00 - 11/04/2022 16:00","CTA|SE","17020.00","17272.00"
"11/04/2022 16:00 - 11/04/2022 17:00","CTA|SE","17173.00","17291.00"
"11/04/2022 17:00 - 11/04/2022 18:00","CTA|SE","17692.00","17420.00"
"11/04/2022 18:00 - 11/04/2022 19:00","CTA|SE","17866.00","17575.00"
"11/04/2022 19:00 - 11/04/2022 20:00","CTA|SE","17382.00","17279.00"
"11/04/2022 20:00 - 11/04/2022 21:00","CTA|SE","16682.00","16540.00"
"11/04/2022 21:00 - 11/04/2022 22:00","CTA|SE","15872.00","15829.00"
"11/04/2022 22:00 - 11/04/2022 23:00","CTA|SE","15524.00","14975.00"
"11/04/2022 23:00 - 12/04/2022 00:00","CTA|SE","15237.00","14795.00"
"12/04/2022 00:00 - 12/04/2022 01:00","CTA|SE","15494.00","14780.00"
"12/04/2022 01:00 - 12/04/2022 02:00","CTA|SE","15676.00","14909.00"
"12/04/2022 02:00 - 12/04/2022 03:00","CTA|SE","15906.00","15231.00"
"12/04/2022 03:00 - 12/04/2022 04:00","CTA|SE","16428.00","15970.00"
"12/04/2022 04:00 - 12/04/2022 05:00","CTA|SE","17466.00","17521.00"
"12/04/2022 05:00 - 12/04/2022 06:00","CTA|SE","18775.00","18733.00"
"12/04/2022 06:00 - 12/04/2022 07:00","CTA|SE","18792.00","18804.00"
"12/04/2022 07:00 - 12/04/2022 08:00","CTA|SE","18290.00","18378.00"
"12/04/2022 08:00 - 12/04/2022 09:00","CTA|SE","17593.00","18020.00"
"12/04/2022 09:00 - 12/04/2022 10:00","CTA|SE","17197.00","17714.00"
"12/04/2022 10:00 - 12/04/2022 11:00","CTA|SE","16703.00","17377.00"
"12/04/2022 11:00 - 12/04/2022 12:00","CTA|SE","16321.00","17101.00"
"12/04/2022 12:00 - 12/04/2022 13:00","CTA|SE","16336.00","16908.00"
"12/04/2022 13:00 - 12/04/2022 14:00","CTA|SE","16127.00","16827.00"
"12/04/2022 14:00 - 12/04/2022 15:00","CTA|SE","16210.00","16642.00"
"12/04/2022 15:00 - 12/04/2022 16:00","CTA|SE","16840.00","16786.00"
"12/04/2022 16:00 - 12/04/2022 17:00","CTA|SE","16908.00","16690.00"
"12/04/2022 17:00 - 12/04/2022 18:00","CTA|SE","17240.00","16788.00"
"12/04/2022 18:00 - 12/04/2022 19:00","CTA|SE","17361.00","17000.00"
"12/04/2022 19:00 - 12/04/2022 20:00","CTA|SE","16979.00","16692.00"
"12/04/2022 20:00 - 12/04/2022 21:00","CTA|SE","16166.00","15924.00"
"12/04/2022 21:00 - 12/04/2022 22:00","CTA|SE","15449.00","15104.00"
"12/04/2022 22:00 - 12/04/2022 23:00","CTA|SE","15199.00","14710.00"
"12/04/2022 23:00 - 13/04/2022 00:00","CTA|SE","14950.00","14529.00"
"13/04/2022 00:00 - 13/04/2022 01:00","CTA|SE","14821.00","14491.00"
"13/04/2022 01:00 - 13/04/2022 02:00","CTA|SE","14733.00","14562.00"
"13/04/2022 02:00 - 13/04/2022 03:00","CTA|SE","15027.00","14779.00"
"13/04/2022 03:00 - 13/04/2022 04:00","CTA|SE","15532.00","15360.00"
"13/04/2022 04:00 - 13/04/2022 05:00","CTA|SE","16730.00","16672.00"
"13/04/2022 05:00 - 13/04/2022 06:00","CTA|SE","17849.00","17773.00"
"13/04/2022 06:00 - 13/04/2022 07:00","CTA|SE","18524.00","17986.00"
"13/04/2022 07:00 - 13/04/2022 08:00","CTA|SE","18445.00","17824.00"
"13/04/2022 08:00 - 13/04/2022 09:00","CTA|SE","18285.00","17714.00"
"13/04/2022 09:00 - 13/04/2022 10:00","CTA|SE","17774.00","17633.00"
"13/04/2022 10:00 - 13/04/2022 11:00","CTA|SE","17007.00","17501.00"
"13/04/2022 11:00 - 13/04/2022 12:00","CTA|SE","16911.00","17311.00"
"13/04/2022 12:00 - 13/04/2022 13:00","CTA|SE","16698.00","17098.00"
"13/04/2022 13:00 - 13/04/2022 14:00","CTA|SE","16979.00","17037.00"
"13/04/2022 14:00 - 13/04/2022 15:00","CTA|SE","16973.00","16884.00"
"13/04/2022 15:00 - 13/04/2022 16:00","CTA|SE","17453.00","16975.00"
"13/04/2022 16:00 - 13/04/2022 17:00","CTA|SE","17770.00","16815.00"
"13/04/2022 17:00 - 13/04/2022 18:00","CTA|SE","17928.00","16778.00"
"13/04/2022 18:00 - 13/04/2022 19:00","CTA|SE","17680.00","16834.00"
"13/04/2022 19:00 - 13/04/2022 20:00","CTA|SE","17041.00","16445.00"
"13/04/2022 20:00 - 13/04/2022 21:00","CTA|SE","15905.00","15686.00"
"13/04/2022 21:00 - 13/04/2022 22:00","CTA|SE","15341.00","14940.00"
"13/04/2022 22:00 - 13/04/2022 23:00","CTA|SE","14978.00","14620.00"
"13/04/2022 23:00 - 14/04/2022 00:00","CTA|SE","14869.00","14369.00"
"14/04/2022 00:00 - 14/04/2022 01:00","CTA|SE","14799.00","14270.00"
"14/04/2022 01:00 - 14/04/2022 02:00","CTA|SE","14675.00","14344.00"
"14/04/2022 02:00 - 14/04/2022 03:00","CTA|SE","14718.00","14568.00"
"14/04/2022 03:00 - 14/04/2022 04:00","CTA|SE","15416.00","15102.00"
"14/04/2022 04:00 - 14/04/2022 05:00","CTA|SE","16475.00","16190.00"
"14/04/2022 05:00 - 14/04/2022 06:00","CTA|SE","17657.00","17183.00"
"14/04/2022 06:00 - 14/04/2022 07:00","CTA|SE","18181.00","17468.00"
"14/04/2022 07:00 - 14/04/2022 08:00","CTA|SE","18613.00","17486.00"
"14/04/2022 08:00 - 14/04/2022 09:00","CTA|SE","18415.00","17439.00"
"14/04/2022 09:00 - 14/04/2022 10:00","CTA|SE","18178.00","17328.00"
"14/04/2022 10:00 - 14/04/2022 11:00","CTA|SE","18108.00","17111.00"
"14/04/2022 11:00 - 14/04/2022 12:00","CTA|SE","17907.00","16874.00"
"14/04/2022 12:00 - 14/04/2022 13:00","CTA|SE","17624.00","16587.00"
"14/04/2022 13:00 - 14/04/2022 14:00","CTA|SE","17359.00","16386.00"
"14/04/2022 14:00 - 14/04/2022 15:00","CTA|SE","17393.00","16216.00"
"14/04/2022 15:00 - 14/04/2022 16:00","CTA|SE","17602.00","16249.00"
"14/04/2022 16:00 - 14/04/2022 17:00","CTA|SE","17476.00","16154.00"
"14/04/2022 17:00 - 14/04/2022 18:00","CTA|SE","17461.00","16041.00"
"14/04/2022 18:00 - 14/04/2022 19:00","CTA|SE","17179.00","16116.00"
"14/04/2022 19:00 - 14/04/2022 20:00","CTA|SE","16487.00","15716.00"
"14/04/2022 20:00 - 14/04/2022 21:00","CTA|SE","15480.00","15060.00"
"14/04/2022 21:00 - 14/04/2022 22:00","CTA|SE","15136.00","14422.00"
"14/04/2022 22:00 - 14/04/2022 23:00","CTA|SE","14473.00","14433.00"
"14/04/2022 23:00 - 15/04/2022 00:00","CTA|SE","14261.00","14236.00"
"15/04/2022 00:00 - 15/04/2022 01:00","CTA|SE","14181.00","14161.00"
"15/04/2022 01:00 - 15/04/2022 02:00","CTA|SE","14203.00","14258.00"
"15/04/2022 02:00 - 15/04/2022 03:00","CTA|SE","14365.00","14408.00"
"15/04/2022 03:00 - 15/04/2022 04:00","CTA|SE","14405.00","14613.00"
"15/04/2022 04:00 - 15/04/2022 05:00","CTA|SE","14806.00","14965.00"
"15/04/2022 05:00 - 15/04/2022 06:00","CTA|SE","15175.00","15420.00"
"15/04/2022 06:00 - 15/04/2022 07:00","CTA|SE","15887.00","15810.00"
"15/04/2022 07:00 - 15/04/2022 08:00","CTA|SE","15984.00","16059.00"
"15/04/2022 08:00 - 15/04/2022 09:00","CTA|SE","15804.00","16092.00"
"15/04/2022 09:00 - 15/04/2022 10:00","CTA|SE","15579.00","15919.00"
"15/04/2022 10:00 - 15/04/2022 11:00","CTA|SE","15170.00","15701.00"
"15/04/2022 11:00 - 15/04/2022 12:00","CTA|SE","14749.00","15389.00"
"15/04/2022 12:00 - 15/04/2022 13:00","CTA|SE","14373.00","15116.00"
"15/04/2022 13:00 - 15/04/2022 14:00","CTA|SE","14260.00","14982.00"
"15/04/2022 14:00 - 15/04/2022 15:00","CTA|SE","14276.00","15032.00"
"15/04/2022 15:00 - 15/04/2022 16:00","CTA|SE","14510.00","15201.00"
"15/04/2022 16:00 - 15/04/2022 17:00","CTA|SE","14847.00","15214.00"
"15/04/2022 17:00 - 15/04/2022 18:00","CTA|SE","15173.00","15326.00"
"15/04/2022 18:00 - 15/04/2022 19:00","CTA|SE","15544.00","15600.00"
"15/04/2022 19:00 - 15/04/2022 20:00","CTA|SE","15467.00","15543.00"
"15/04/2022 20:00 - 15/04/2022 21:00","CTA|SE","15126.00","15252.00"
"15/04/2022 21:00 - 15/04/2022 22:00","CTA|SE","14691.00","14827.00"
"15/04/2022 22:00 - 15/04/2022 23:00","CTA|SE","14528.00","14470.00"
"15/04/2022 23:00 - 16/04/2022 00:00","CTA|SE","14259.00","14326.00"
"16/04/2022 00:00 - 16/04/2022 01:00","CTA|SE","14313.00","14265.00"
"16/04/2022 01:00 - 16/04/2022 02:00","CTA|SE","14470.00","14335.00"
"16/04/2022 02:00 - 16/04/2022 03:00","CTA|SE","14685.00","14433.00"
"16/04/2022 03:00 - 16/04/2022 04:00","CTA|SE","14709.00","14578.00"
"16/04/2022 04:00 - 16/04/2022 05:00","CTA|SE","14638.00","14654.00"
"16/04/2022 05:00 - 16/04/2022 06:00","CTA|SE","14935.00","14824.00"
"16/04/2022 06:00 - 16/04/2022 07:00","CTA|SE","15154.00","15113.00"
"16/04/2022 07:00 - 16/04/2022 08:00","CTA|SE","14804.00","15268.00"
"16/04/2022 08:00 - 16/04/2022 09:00","CTA|SE","14404.00","15258.00"
"16/04/2022 09:00 - 16/04/2022 10:00","CTA|SE","13898.00","15052.00"
"16/04/2022 10:00 - 16/04/2022 11:00","CTA|SE","13332.00","14781.00"
"16/04/2022 11:00 - 16/04/2022 12:00","CTA|SE","12941.00","14523.00"
"16/04/2022 12:00 - 16/04/2022 13:00","CTA|SE","12542.00","14204.00"
"16/04/2022 13:00 - 16/04/2022 14:00","CTA|SE","12685.00","14063.00"
"16/04/2022 14:00 - 16/04/2022 15:00","CTA|SE","12977.00","14184.00"
"16/04/2022 15:00 - 16/04/2022 16:00","CTA|SE","13407.00","14416.00"
"16/04/2022 16:00 - 16/04/2022 17:00","CTA|SE","13886.00","14476.00"
"16/04/2022 17:00 - 16/04/2022 18:00","CTA|SE","14289.00","14563.00"
"16/04/2022 18:00 - 16/04/2022 19:00","CTA|SE","14382.00","14801.00"
"16/04/2022 19:00 - 16/04/2022 20:00","CTA|SE","13874.00","14666.00"
"16/04/2022 20:00 - 16/04/2022 21:00","CTA|SE","13496.00","14341.00"
"16/04/2022 21:00 - 16/04/2022 22:00","CTA|SE","13386.00","13935.00"
"16/04/2022 22:00 - 16/04/2022 23:00","CTA|SE","13066.00","13336.00"
"16/04/2022 23:00 - 17/04/2022 00:00","CTA|SE","13060.00","13196.00"
"17/04/2022 00:00 - 17/04/2022 01:00","CTA|SE","13154.00","13154.00"
"17/04/2022 01:00 - 17/04/2022 02:00","CTA|SE","13121.00","13252.00"
"17/04/2022 02:00 - 17/04/2022 03:00","CTA|SE","13058.00","13346.00"
"17/04/2022 03:00 - 17/04/2022 04:00","CTA|SE","13042.00","13513.00"
"17/04/2022 04:00 - 17/04/2022 05:00","CTA|SE","13341.00","13598.00"
"17/04/2022 05:00 - 17/04/2022 06:00","CTA|SE","13902.00","13764.00"
"17/04/2022 06:00 - 17/04/2022 07:00","CTA|SE","14082.00","14093.00"
"17/04/2022 07:00 - 17/04/2022 08:00","CTA|SE","13896.00","14392.00"
"17/04/2022 08:00 - 17/04/2022 09:00","CTA|SE","13603.00","14467.00"
"17/04/2022 09:00 - 17/04/2022 10:00","CTA|SE","13338.00","14368.00"
"17/04/2022 10:00 - 17/04/2022 11:00","CTA|SE","12871.00","14104.00"
"17/04/2022 11:00 - 17/04/2022 12:00","CTA|SE","12677.00","13690.00"
"17/04/2022 12:00 - 17/04/2022 13:00","CTA|SE","12481.00","13398.00"
"17/04/2022 13:00 - 17/04/2022 14:00","CTA|SE","12284.00","13199.00"
"17/04/2022 14:00 - 17/04/2022 15:00","CTA|SE","12439.00","13330.00"
"17/04/2022 15:00 - 17/04/2022 16:00","CTA|SE","13038.00","13659.00"
"17/04/2022 16:00 - 17/04/2022 17:00","CTA|SE","13685.00","13867.00"
"17/04/2022 17:00 - 17/04/2022 18:00","CTA|SE","14083.00","14135.00"
"17/04/2022 18:00 - 17/04/2022 19:00","CTA|SE","14375.00","14415.00"
"17/04/2022 19:00 - 17/04/2022 20:00","CTA|SE","14420.00","14296.00"
"17/04/2022 20:00 - 17/04/2022 21:00","CTA|SE","13845.00","13808.00"
"17/04/2022 21:00 - 17/04/2022 22:00","CTA|SE","13550.00","13369.00"
"17/04/2022 22:00 - 17/04/2022 23:00","CTA|SE","13343.00","12765.00"
"17/04/2022 23:00 - 18/04/2022 00:00","CTA|SE","13265.00","12628.00"
"18/04/2022 00:00 - 18/04/2022 01:00","CTA|SE","13338.00","12607.00"
"18/04/2022 01:00 - 18/04/2022 02:00","CTA|SE","13430.00","12715.00"
"18/04/2022 02:00 - 18/04/2022 03:00","CTA|SE","13662.00","12894.00"
"18/04/2022 03:00 - 18/04/2022 04:00","CTA|SE","13825.00","13213.00"
"18/04/2022 04:00 - 18/04/2022 05:00","CTA|SE","13986.00","13553.00"
"18/04/2022 05:00 - 18/04/2022 06:00","CTA|SE","14148.00","13863.00"
"18/04/2022 06:00 - 18/04/2022 07:00","CTA|SE","14019.00","14134.00"
"18/04/2022 07:00 - 18/04/2022 08:00","CTA|SE","14360.00","14353.00"
"18/04/2022 08:00 - 18/04/2022 09:00","CTA|SE","13932.00","14335.00"
"18/04/2022 09:00 - 18/04/2022 10:00","CTA|SE","13713.00","14192.00"
"18/04/2022 10:00 - 18/04/2022 11:00","CTA|SE","13359.00","13890.00"
"18/04/2022 11:00 - 18/04/2022 12:00","CTA|SE","13164.00","13584.00"
"18/04/2022 12:00 - 18/04/2022 13:00","CTA|SE","13062.00","13266.00"
"18/04/2022 13:00 - 18/04/2022 14:00","CTA|SE","12955.00","13130.00"
"18/04/2022 14:00 - 18/04/2022 15:00","CTA|SE","13036.00","13267.00"
"18/04/2022 15:00 - 18/04/2022 16:00","CTA|SE","13600.00","13493.00"
"18/04/2022 16:00 - 18/04/2022 17:00","CTA|SE","13874.00","13645.00"
"18/04/2022 17:00 - 18/04/2022 18:00","CTA|SE","14081.00","13845.00"
"18/04/2022 18:00 - 18/04/2022 19:00","CTA|SE","14215.00","14245.00"
"18/04/2022 19:00 - 18/04/2022 20:00","CTA|SE","14130.00","14126.00"
"18/04/2022 20:00 - 18/04/2022 21:00","CTA|SE","13573.00","13616.00"
"18/04/2022 21:00 - 18/04/2022 22:00","CTA|SE","13144.00","13096.00"
"18/04/2022 22:00 - 18/04/2022 23:00","CTA|SE","12954.00","13448.00"
"18/04/2022 23:00 - 19/04/2022 00:00","CTA|SE","12886.00","13295.00"
"19/04/2022 00:00 - 19/04/2022 01:00","CTA|SE","12945.00","13310.00"
"19/04/2022 01:00 - 19/04/2022 02:00","CTA|SE","13196.00","13441.00"
"19/04/2022 02:00 - 19/04/2022 03:00","CTA|SE","13509.00","13736.00"
"19/04/2022 03:00 - 19/04/2022 04:00","CTA|SE","14116.00","14396.00"
"19/04/2022 04:00 - 19/04/2022 05:00","CTA|SE","15443.00","15841.00"
"19/04/2022 05:00 - 19/04/2022 06:00","CTA|SE","16391.00","16964.00"
"19/04/2022 06:00 - 19/04/2022 07:00","CTA|SE","16357.00","17034.00"
"19/04/2022 07:00 - 19/04/2022 08:00","CTA|SE","16055.00","16678.00"
"19/04/2022 08:00 - 19/04/2022 09:00","CTA|SE","15768.00","16353.00"
"19/04/2022 09:00 - 19/04/2022 10:00","CTA|SE","15462.00","16048.00"
"19/04/2022 10:00 - 19/04/2022 11:00","CTA|SE","14990.00","15688.00"
"19/04/2022 11:00 - 19/04/2022 12:00","CTA|SE","14878.00","15391.00"
"19/04/2022 12:00 - 19/04/2022 13:00","CTA|SE","14702.00","15133.00"
"19/04/2022 13:00 - 19/04/2022 14:00","CTA|SE","14743.00","15064.00"
"19/04/2022 14:00 - 19/04/2022 15:00","CTA|SE","14558.00","14960.00"
"19/04/2022 15:00 - 19/04/2022 16:00","CTA|SE","14755.00","15148.00"
"19/04/2022 16:00 - 19/04/2022 17:00","CTA|SE","15027.00","15129.00"
"19/04/2022 17:00 - 19/04/2022 18:00","CTA|SE","15287.00","15298.00"
"19/04/2022 18:00 - 19/04/2022 19:00","CTA|SE","15429.00","15533.00"
"19/04/2022 19:00 - 19/04/2022 20:00","CTA|SE","14948.00","15383.00"
"19/04/2022 20:00 - 19/04/2022 21:00","CTA|SE","14184.00","14752.00"
"19/04/2022 21:00 - 19/04/2022 22:00","CTA|SE","13172.00","14035.00"
"19/04/2022 22:00 - 19/04/2022 23:00","CTA|SE","12868.00","13594.00"
"19/04/2022 23:00 - 20/04/2022 00:00","CTA|SE","12809.00","13456.00"
"20/04/2022 00:00 - 20/04/2022 01:00","CTA|SE","13131.00","13475.00"
"20/04/2022 01:00 - 20/04/2022 02:00","CTA|SE","13315.00","13590.00"
"20/04/2022 02:00 - 20/04/2022 03:00","CTA|SE","13437.00","13828.00"
"20/04/2022 03:00 - 20/04/2022 04:00","CTA|SE","13882.00","14393.00"
"20/04/2022 04:00 - 20/04/2022 05:00","CTA|SE","15078.00","15710.00"
"20/04/2022 05:00 - 20/04/2022 06:00","CTA|SE","16298.00","16762.00"
"20/04/2022 06:00 - 20/04/2022 07:00","CTA|SE","16381.00","16802.00"
"20/04/2022 07:00 - 20/04/2022 08:00","CTA|SE","15734.00","16438.00"
"20/04/2022 08:00 - 20/04/2022 09:00","CTA|SE","15500.00","16146.00"
"20/04/2022 09:00 - 20/04/2022 10:00","CTA|SE","15069.00","15913.00"
"20/04/2022 10:00 - 20/04/2022 11:00","CTA|SE","14705.00","15660.00"
"20/04/2022 11:00 - 20/04/2022 12:00","CTA|SE","14469.00","15438.00"
"20/04/2022 12:00 - 20/04/2022 13:00","CTA|SE","14311.00","15239.00"
"20/04/2022 13:00 - 20/04/2022 14:00","CTA|SE","14479.00","15192.00"
"20/04/2022 14:00 - 20/04/2022 15:00","CTA|SE","14512.00","15063.00"
"20/04/2022 15:00 - 20/04/2022 16:00","CTA|SE","14751.00","15235.00"
"20/04/2022 16:00 - 20/04/2022 17:00","CTA|SE","14909.00","15179.00"
"20/04/2022 17:00 - 20/04/2022 18:00","CTA|SE","15146.00","15264.00"
"20/04/2022 18:00 - 20/04/2022 19:00","CTA|SE","15027.00","15431.00"
"20/04/2022 19:00 - 20/04/2022 20:00","CTA|SE","14517.00","15255.00"
"20/04/2022 20:00 - 20/04/2022 21:00","CTA|SE","13797.00","14635.00"
"20/04/2022 21:00 - 20/04/2022 22:00","CTA|SE","12993.00","13945.00"
"20/04/2022 22:00 - 20/04/2022 23:00","CTA|SE","12712.00","13472.00"
"20/04/2022 23:00 - 21/04/2022 00:00","CTA|SE","12401.00","13329.00"
"21/04/2022 00:00 - 21/04/2022 01:00","CTA|SE","12410.00","13339.00"
"21/04/2022 01:00 - 21/04/2022 02:00","CTA|SE","12559.00","13464.00"
"21/04/2022 02:00 - 21/04/2022 03:00","CTA|SE","12871.00","13711.00"
"21/04/2022 03:00 - 21/04/2022 04:00","CTA|SE","13238.00","14274.00"
"21/04/2022 04:00 - 21/04/2022 05:00","CTA|SE","14539.00","15529.00"
"21/04/2022 05:00 - 21/04/2022 06:00","CTA|SE","16080.00","16542.00"
"21/04/2022 06:00 - 21/04/2022 07:00","CTA|SE","16356.00","16574.00"
"21/04/2022 07:00 - 21/04/2022 08:00","CTA|SE","15741.00","16246.00"
"21/04/2022 08:00 - 21/04/2022 09:00","CTA|SE","15069.00","15937.00"
"21/04/2022 09:00 - 21/04/2022 10:00","CTA|SE","14462.00","15672.00"
"21/04/2022 10:00 - 21/04/2022 11:00","CTA|SE","14228.00","15396.00"
"21/04/2022 11:00 - 21/04/2022 12:00","CTA|SE","14173.00","15162.00"
"21/04/2022 12:00 - 21/04/2022 13:00","CTA|SE","14072.00","14972.00"
"21/04/2022 13:00 - 21/04/2022 14:00","CTA|SE","14270.00","14957.00"
"21/04/2022 14:00 - 21/04/2022 15:00","CTA|SE","14241.00","14850.00"
"21/04/2022 15:00 - 21/04/2022 16:00","CTA|SE","14401.00","15030.00"
"21/04/2022 16:00 - 21/04/2022 17:00","CTA|SE","14488.00","15017.00"
"21/04/2022 17:00 - 21/04/2022 18:00","CTA|SE","14741.00","15116.00"
"21/04/2022 18:00 - 21/04/2022 19:00","CTA|SE","14768.00","15274.00"
"21/04/2022 19:00 - 21/04/2022 20:00","CTA|SE","14117.00","15117.00"
"21/04/2022 20:00 - 21/04/2022 21:00","CTA|SE","13464.00","14558.00"
"21/04/2022 21:00 - 21/04/2022 22:00","CTA|SE","13090.00","13907.00"
"21/04/2022 22:00 - 21/04/2022 23:00","CTA|SE","12400.00","13147.00"
"21/04/2022 23:00 - 22/04/2022 00:00","CTA|SE","12141.00","13038.00"
"22/04/2022 00:00 - 22/04/2022 01:00","CTA|SE","12067.00","13032.00"
"22/04/2022 01:00 - 22/04/2022 02:00","CTA|SE","11882.00","13218.00"
"22/04/2022 02:00 - 22/04/2022 03:00","CTA|SE","12223.00","13514.00"
"22/04/2022 03:00 - 22/04/2022 04:00","CTA|SE","12811.00","14036.00"
"22/04/2022 04:00 - 22/04/2022 05:00","CTA|SE","14231.00","15254.00"
"22/04/2022 05:00 - 22/04/2022 06:00","CTA|SE","15877.00","16255.00"
"22/04/2022 06:00 - 22/04/2022 07:00","CTA|SE","16053.00","16287.00"
"22/04/2022 07:00 - 22/04/2022 08:00","CTA|SE","15452.00","15997.00"
"22/04/2022 08:00 - 22/04/2022 09:00","CTA|SE","14832.00","15806.00"
"22/04/2022 09:00 - 22/04/2022 10:00","CTA|SE","14578.00","15587.00"
"22/04/2022 10:00 - 22/04/2022 11:00","CTA|SE","14153.00","15359.00"
"22/04/2022 11:00 - 22/04/2022 12:00","CTA|SE","13675.00","15045.00"
"22/04/2022 12:00 - 22/04/2022 13:00","CTA|SE","13476.00","14669.00"
"22/04/2022 13:00 - 22/04/2022 14:00","CTA|SE","13522.00","14469.00"
"22/04/2022 14:00 - 22/04/2022 15:00","CTA|SE","13585.00","14395.00"
"22/04/2022 15:00 - 22/04/2022 16:00","CTA|SE","14046.00","14522.00"
"22/04/2022 16:00 - 22/04/2022 17:00","CTA|SE","13962.00","14465.00"
"22/04/2022 17:00 - 22/04/2022 18:00","CTA|SE","13915.00","14389.00"
"22/04/2022 18:00 - 22/04/2022 19:00","CTA|SE","13888.00","14400.00"
"22/04/2022 19:00 - 22/04/2022 20:00","CTA|SE","13848.00","14290.00"
"22/04/2022 20:00 - 22/04/2022 21:00","CTA|SE","13108.00","13962.00"
"22/04/2022 21:00 - 22/04/2022 22:00","CTA|SE","12441.00","13534.00"
"22/04/2022 22:00 - 22/04/2022 23:00","CTA|SE","12101.00","12704.00"
"22/04/2022 23:00 - 23/04/2022 00:00","CTA|SE","11929.00","12523.00"
"23/04/2022 00:00 - 23/04/2022 01:00","CTA|SE","12002.00","12501.00"
"23/04/2022 01:00 - 23/04/2022 02:00","CTA|SE","12058.00","12520.00"
"23/04/2022 02:00 - 23/04/2022 03:00","CTA|SE","12127.00","12574.00"
"23/04/2022 03:00 - 23/04/2022 04:00","CTA|SE","12172.00","12633.00"
"23/04/2022 04:00 - 23/04/2022 05:00","CTA|SE","12493.00","12851.00"
"23/04/2022 05:00 - 23/04/2022 06:00","CTA|SE","13139.00","13227.00"
"23/04/2022 06:00 - 23/04/2022 07:00","CTA|SE","13731.00","13651.00"
"23/04/2022 07:00 - 23/04/2022 08:00","CTA|SE","14006.00","13945.00"
"23/04/2022 08:00 - 23/04/2022 09:00","CTA|SE","13848.00","13985.00"
"23/04/2022 09:00 - 23/04/2022 10:00","CTA|SE","13244.00","13941.00"
"23/04/2022 10:00 - 23/04/2022 11:00","CTA|SE","12667.00","13816.00"
"23/04/2022 11:00 - 23/04/2022 12:00","CTA|SE","12854.00","13590.00"
"23/04/2022 12:00 - 23/04/2022 13:00","CTA|SE","12939.00","13423.00"
"23/04/2022 13:00 - 23/04/2022 14:00","CTA|SE","12835.00","13398.00"
"23/04/2022 14:00 - 23/04/2022 15:00","CTA|SE","13280.00","13549.00"
"23/04/2022 15:00 - 23/04/2022 16:00","CTA|SE","13867.00","13883.00"
"23/04/2022 16:00 - 23/04/2022 17:00","CTA|SE","14133.00","14089.00"
"23/04/2022 17:00 - 23/04/2022 18:00","CTA|SE","14207.00","14037.00"
"23/04/2022 18:00 - 23/04/2022 19:00","CTA|SE","14143.00","14128.00"
"23/04/2022 19:00 - 23/04/2022 20:00","CTA|SE","14050.00","14088.00"
"23/04/2022 20:00 - 23/04/2022 21:00","CTA|SE","13621.00","13734.00"
"23/04/2022 21:00 - 23/04/2022 22:00","CTA|SE","13124.00","13275.00"
"23/04/2022 22:00 - 23/04/2022 23:00","CTA|SE","13121.00","12726.00"
"23/04/2022 23:00 - 24/04/2022 00:00","CTA|SE","12913.00","12552.00"
"24/04/2022 00:00 - 24/04/2022 01:00","CTA|SE","12877.00","12492.00"
"24/04/2022 01:00 - 24/04/2022 02:00","CTA|SE","12813.00","12536.00"
"24/04/2022 02:00 - 24/04/2022 03:00","CTA|SE","12773.00","12593.00"
"24/04/2022 03:00 - 24/04/2022 04:00","CTA|SE","12807.00","12619.00"
"24/04/2022 04:00 - 24/04/2022 05:00","CTA|SE","12873.00","12785.00"
"24/04/2022 05:00 - 24/04/2022 06:00","CTA|SE","13147.00","13072.00"
"24/04/2022 06:00 - 24/04/2022 07:00","CTA|SE","13800.00","13529.00"
"24/04/2022 07:00 - 24/04/2022 08:00","CTA|SE","13977.00","13909.00"
"24/04/2022 08:00 - 24/04/2022 09:00","CTA|SE","14056.00","14097.00"
"24/04/2022 09:00 - 24/04/2022 10:00","CTA|SE","14227.00","14217.00"
"24/04/2022 10:00 - 24/04/2022 11:00","CTA|SE","13669.00","14216.00"
"24/04/2022 11:00 - 24/04/2022 12:00","CTA|SE","13658.00","14081.00"
"24/04/2022 12:00 - 24/04/2022 13:00","CTA|SE","13411.00","13916.00"
"24/04/2022 13:00 - 24/04/2022 14:00","CTA|SE","13580.00","13889.00"
"24/04/2022 14:00 - 24/04/2022 15:00","CTA|SE","13946.00","14099.00"
"24/04/2022 15:00 - 24/04/2022 16:00","CTA|SE","14403.00","14474.00"
"24/04/2022 16:00 - 24/04/2022 17:00","CTA|SE","14661.00","14684.00"
"24/04/2022 17:00 - 24/04/2022 18:00","CTA|SE","15011.00","14821.00"
"24/04/2022 18:00 - 24/04/2022 19:00","CTA|SE","15574.00","14941.00"
"24/04/2022 19:00 - 24/04/2022 20:00","CTA|SE","15568.00","14874.00"
"24/04/2022 20:00 - 24/04/2022 21:00","CTA|SE","15056.00","14443.00"
"24/04/2022 21:00 - 24/04/2022 22:00","CTA|SE","14559.00","13903.00"
"24/04/2022 22:00 - 24/04/2022 23:00","CTA|SE","14053.00","13577.00"
"24/04/2022 23:00 - 25/04/2022 00:00","CTA|SE","13794.00","13501.00"
"25/04/2022 00:00 - 25/04/2022 01:00","CTA|SE","13812.00","13550.00"
"25/04/2022 01:00 - 25/04/2022 02:00","CTA|SE","13845.00","13673.00"
"25/04/2022 02:00 - 25/04/2022 03:00","CTA|SE","14015.00","13940.00"
"25/04/2022 03:00 - 25/04/2022 04:00","CTA|SE","14527.00","14592.00"
"25/04/2022 04:00 - 25/04/2022 05:00","CTA|SE","15618.00","16063.00"
"25/04/2022 05:00 - 25/04/2022 06:00","CTA|SE","16992.00","17276.00"
"25/04/2022 06:00 - 25/04/2022 07:00","CTA|SE","16888.00","17386.00"
"25/04/2022 07:00 - 25/04/2022 08:00","CTA|SE","16418.00","17145.00"
"25/04/2022 08:00 - 25/04/2022 09:00","CTA|SE","16099.00","16899.00"
"25/04/2022 09:00 - 25/04/2022 10:00","CTA|SE","15625.00","16617.00"
"25/04/2022 10:00 - 25/04/2022 11:00","CTA|SE","15181.00","16411.00"
"25/04/2022 11:00 - 25/04/2022 12:00","CTA|SE","14979.00","16107.00"
"25/04/2022 12:00 - 25/04/2022 13:00","CTA|SE","14880.00","15837.00"
"25/04/2022 13:00 - 25/04/2022 14:00","CTA|SE","15107.00","15669.00"
"25/04/2022 14:00 - 25/04/2022 15:00","CTA|SE","15034.00","15460.00"
"25/04/2022 15:00 - 25/04/2022 16:00","CTA|SE","14709.00","15601.00"
"25/04/2022 16:00 - 25/04/2022 17:00","CTA|SE","14554.00","15482.00"
"25/04/2022 17:00 - 25/04/2022 18:00","CTA|SE","15300.00","15453.00"
"25/04/2022 18:00 - 25/04/2022 19:00","CTA|SE","15855.00","15473.00"
"25/04/2022 19:00 - 25/04/2022 20:00","CTA|SE","15506.00","15300.00"
"25/04/2022 20:00 - 25/04/2022 21:00","CTA|SE","14228.00","14652.00"
"25/04/2022 21:00 - 25/04/2022 22:00","CTA|SE","13358.00","13870.00"
"25/04/2022 22:00 - 25/04/2022 23:00","CTA|SE","13245.00","13339.00"
"25/04/2022 23:00 - 26/04/2022 00:00","CTA|SE","12862.00","13125.00"
"26/04/2022 00:00 - 26/04/2022 01:00","CTA|SE","12850.00","13115.00"
"26/04/2022 01:00 - 26/04/2022 02:00","CTA|SE","13089.00","13216.00"
"26/04/2022 02:00 - 26/04/2022 03:00","CTA|SE","13443.00","13416.00"
"26/04/2022 03:00 - 26/04/2022 04:00","CTA|SE","13778.00","13950.00"
"26/04/2022 04:00 - 26/04/2022 05:00","CTA|SE","15432.00","15351.00"
"26/04/2022 05:00 - 26/04/2022 06:00","CTA|SE","16403.00","16602.00"
"26/04/2022 06:00 - 26/04/2022 07:00","CTA|SE","16169.00","16795.00"
"26/04/2022 07:00 - 26/04/2022 08:00","CTA|SE","15812.00","16569.00"
"26/04/2022 08:00 - 26/04/2022 09:00","CTA|SE","15792.00","16449.00"
"26/04/2022 09:00 - 26/04/2022 10:00","CTA|SE","16159.00","16333.00"
"26/04/2022 10:00 - 26/04/2022 11:00","CTA|SE","15867.00","16179.00"
"26/04/2022 11:00 - 26/04/2022 12:00","CTA|SE","15435.00","16025.00"
"26/04/2022 12:00 - 26/04/2022 13:00","CTA|SE","15185.00","15857.00"
"26/04/2022 13:00 - 26/04/2022 14:00","CTA|SE","15257.00","15872.00"
"26/04/2022 14:00 - 26/04/2022 15:00","CTA|SE","15312.00","15741.00"
"26/04/2022 15:00 - 26/04/2022 16:00","CTA|SE","15650.00","15908.00"
"26/04/2022 16:00 - 26/04/2022 17:00","CTA|SE","15842.00","15820.00"
"26/04/2022 17:00 - 26/04/2022 18:00","CTA|SE","16004.00","15816.00"
"26/04/2022 18:00 - 26/04/2022 19:00","CTA|SE","16370.00","15851.00"
"26/04/2022 19:00 - 26/04/2022 20:00","CTA|SE","16022.00","15660.00"
"26/04/2022 20:00 - 26/04/2022 21:00","CTA|SE","15049.00","15044.00"
"26/04/2022 21:00 - 26/04/2022 22:00","CTA|SE","14545.00","14314.00"
"26/04/2022 22:00 - 26/04/2022 23:00","CTA|SE","14268.00","13765.00"
"26/04/2022 23:00 - 27/04/2022 00:00","CTA|SE","14020.00","13593.00"
"27/04/2022 00:00 - 27/04/2022 01:00","CTA|SE","13983.00","13610.00"
"27/04/2022 01:00 - 27/04/2022 02:00","CTA|SE","14129.00","13715.00"
"27/04/2022 02:00 - 27/04/2022 03:00","CTA|SE","14133.00","13908.00"
"27/04/2022 03:00 - 27/04/2022 04:00","CTA|SE","14416.00","14424.00"
"27/04/2022 04:00 - 27/04/2022 05:00","CTA|SE","15876.00","15773.00"
"27/04/2022 05:00 - 27/04/2022 06:00","CTA|SE","17081.00","16970.00"
"27/04/2022 06:00 - 27/04/2022 07:00","CTA|SE","16888.00","17159.00"
"27/04/2022 07:00 - 27/04/2022 08:00","CTA|SE","16744.00","16978.00"
"27/04/2022 08:00 - 27/04/2022 09:00","CTA|SE","16373.00","16882.00"
"27/04/2022 09:00 - 27/04/2022 10:00","CTA|SE","16121.00","16796.00"
"27/04/2022 10:00 - 27/04/2022 11:00","CTA|SE","16051.00","16658.00"
"27/04/2022 11:00 - 27/04/2022 12:00","CTA|SE","15938.00","16494.00"
"27/04/2022 12:00 - 27/04/2022 13:00","CTA|SE","15985.00","16339.00"
"27/04/2022 13:00 - 27/04/2022 14:00","CTA|SE","15919.00","16285.00"
"27/04/2022 14:00 - 27/04/2022 15:00","CTA|SE","16025.00","16175.00"
"27/04/2022 15:00 - 27/04/2022 16:00","CTA|SE","16281.00","16327.00"
"27/04/2022 16:00 - 27/04/2022 17:00","CTA|SE","16135.00","16191.00"
"27/04/2022 17:00 - 27/04/2022 18:00","CTA|SE","16148.00","16133.00"
"27/04/2022 18:00 - 27/04/2022 19:00","CTA|SE","16627.00","16107.00"
"27/04/2022 19:00 - 27/04/2022 20:00","CTA|SE","16525.00","15892.00"
"27/04/2022 20:00 - 27/04/2022 21:00","CTA|SE","15561.00","15263.00"
"27/04/2022 21:00 - 27/04/2022 22:00","CTA|SE","14615.00","14523.00"
"27/04/2022 22:00 - 27/04/2022 23:00","CTA|SE","13904.00","14069.00"
"27/04/2022 23:00 - 28/04/2022 00:00","CTA|SE","13606.00","13864.00"
"28/04/2022 00:00 - 28/04/2022 01:00","CTA|SE","13671.00","13855.00"
"28/04/2022 01:00 - 28/04/2022 02:00","CTA|SE","13722.00","13922.00"
"28/04/2022 02:00 - 28/04/2022 03:00","CTA|SE","14024.00","14079.00"
"28/04/2022 03:00 - 28/04/2022 04:00","CTA|SE","14219.00","14563.00"
"28/04/2022 04:00 - 28/04/2022 05:00","CTA|SE","15596.00","15893.00"
"28/04/2022 05:00 - 28/04/2022 06:00","CTA|SE","17201.00","17027.00"
"28/04/2022 06:00 - 28/04/2022 07:00","CTA|SE","16966.00","17122.00"
"28/04/2022 07:00 - 28/04/2022 08:00","CTA|SE","16368.00","16849.00"
"28/04/2022 08:00 - 28/04/2022 09:00","CTA|SE","16237.00","16658.00"
"28/04/2022 09:00 - 28/04/2022 10:00","CTA|SE","16112.00","16478.00"
"28/04/2022 10:00 - 28/04/2022 11:00","CTA|SE","15863.00","16241.00"
"28/04/2022 11:00 - 28/04/2022 12:00","CTA|SE","15741.00","15994.00"
"28/04/2022 12:00 - 28/04/2022 13:00","CTA|SE","15195.00","15815.00"
"28/04/2022 13:00 - 28/04/2022 14:00","CTA|SE","14912.00","15735.00"
"28/04/2022 14:00 - 28/04/2022 15:00","CTA|SE","14651.00","15633.00"
"28/04/2022 15:00 - 28/04/2022 16:00","CTA|SE","15215.00","15810.00"
"28/04/2022 16:00 - 28/04/2022 17:00","CTA|SE","15332.00","15705.00"
"28/04/2022 17:00 - 28/04/2022 18:00","CTA|SE","15475.00","15694.00"
"28/04/2022 18:00 - 28/04/2022 19:00","CTA|SE","15763.00","15730.00"
"28/04/2022 19:00 - 28/04/2022 20:00","CTA|SE","15961.00","15586.00"
"28/04/2022 20:00 - 28/04/2022 21:00","CTA|SE","15219.00","15002.00"
"28/04/2022 21:00 - 28/04/2022 22:00","CTA|SE","14439.00","14296.00"
"28/04/2022 22:00 - 28/04/2022 23:00","CTA|SE","13771.00","13706.00"
"28/04/2022 23:00 - 29/04/2022 00:00","CTA|SE","13775.00","13482.00"
"29/04/2022 00:00 - 29/04/2022 01:00","CTA|SE","13921.00","13471.00"
"29/04/2022 01:00 - 29/04/2022 02:00","CTA|SE","13997.00","13538.00"
"29/04/2022 02:00 - 29/04/2022 03:00","CTA|SE","14172.00","13743.00"
"29/04/2022 03:00 - 29/04/2022 04:00","CTA|SE","14662.00","14231.00"
"29/04/2022 04:00 - 29/04/2022 05:00","CTA|SE","16028.00","15556.00"
"29/04/2022 05:00 - 29/04/2022 06:00","CTA|SE","16937.00","16734.00"
"29/04/2022 06:00 - 29/04/2022 07:00","CTA|SE","16866.00","16903.00"
"29/04/2022 07:00 - 29/04/2022 08:00","CTA|SE","16669.00","16711.00"
"29/04/2022 08:00 - 29/04/2022 09:00","CTA|SE","16252.00","16579.00"
"29/04/2022 09:00 - 29/04/2022 10:00","CTA|SE","15846.00","16432.00"
"29/04/2022 10:00 - 29/04/2022 11:00","CTA|SE","15378.00","16216.00"
"29/04/2022 11:00 - 29/04/2022 12:00","CTA|SE","14864.00","15842.00"
"29/04/2022 12:00 - 29/04/2022 13:00","CTA|SE","14463.00","15469.00"
"29/04/2022 13:00 - 29/04/2022 14:00","CTA|SE","14295.00","15204.00"
"29/04/2022 14:00 - 29/04/2022 15:00","CTA|SE","14891.00","15092.00"
"29/04/2022 15:00 - 29/04/2022 16:00","CTA|SE","15339.00","15206.00"
"29/04/2022 16:00 - 29/04/2022 17:00","CTA|SE","14927.00","15039.00"
"29/04/2022 17:00 - 29/04/2022 18:00","CTA|SE","14816.00","14843.00"
"29/04/2022 18:00 - 29/04/2022 19:00","CTA|SE","14984.00","14684.00"
"29/04/2022 19:00 - 29/04/2022 20:00","CTA|SE","15018.00","14590.00"
"29/04/2022 20:00 - 29/04/2022 21:00","CTA|SE","14209.00","14208.00"
"29/04/2022 21:00 - 29/04/2022 22:00","CTA|SE","13485.00","13685.00"
"29/04/2022 22:00 - 29/04/2022 23:00","CTA|SE","13674.00","13165.00"
"29/04/2022 23:00 - 30/04/2022 00:00","CTA|SE","13668.00","12947.00"
"30/04/2022 00:00 - 30/04/2022 01:00","CTA|SE","13577.00","12898.00"
"30/04/2022 01:00 - 30/04/2022 02:00","CTA|SE","13624.00","12903.00"
"30/04/2022 02:00 - 30/04/2022 03:00","CTA|SE","13510.00","12892.00"
"30/04/2022 03:00 - 30/04/2022 04:00","CTA|SE","13523.00","12869.00"
"30/04/2022 04:00 - 30/04/2022 05:00","CTA|SE","13640.00","13047.00"
"30/04/2022 05:00 - 30/04/2022 06:00","CTA|SE","13601.00","13420.00"
"30/04/2022 06:00 - 30/04/2022 07:00","CTA|SE","13745.00","13851.00"
"30/04/2022 07:00 - 30/04/2022 08:00","CTA|SE","14107.00","14164.00"
"30/04/2022 08:00 - 30/04/2022 09:00","CTA|SE","14411.00","14247.00"
"30/04/2022 09:00 - 30/04/2022 10:00","CTA|SE","14285.00","14134.00"
"30/04/2022 10:00 - 30/04/2022 11:00","CTA|SE","14140.00","13960.00"
"30/04/2022 11:00 - 30/04/2022 12:00","CTA|SE","13970.00","13780.00"
"30/04/2022 12:00 - 30/04/2022 13:00","CTA|SE","13720.00","13608.00"
"30/04/2022 13:00 - 30/04/2022 14:00","CTA|SE","13788.00","13462.00"
"30/04/2022 14:00 - 30/04/2022 15:00","CTA|SE","13802.00","13522.00"
"30/04/2022 15:00 - 30/04/2022 16:00","CTA|SE","13785.00","13762.00"
"30/04/2022 16:00 - 30/04/2022 17:00","CTA|SE","13500.00","13867.00"
"30/04/2022 17:00 - 30/04/2022 18:00","CTA|SE","13673.00","13815.00"
"30/04/2022 18:00 - 30/04/2022 19:00","CTA|SE","13738.00","13807.00"
"30/04/2022 19:00 - 30/04/2022 20:00","CTA|SE","14170.00","13833.00"
"30/04/2022 20:00 - 30/04/2022 21:00","CTA|SE","13859.00","13561.00"
"30/04/2022 21:00 - 30/04/2022 22:00","CTA|SE","13486.00","13122.00"
"30/04/2022 22:00 - 30/04/2022 23:00","CTA|SE","12885.00","12780.00"
"30/04/2022 23:00 - 01/05/2022 00:00","CTA|SE","12521.00","12531.00"
"01/05/2022 00:00 - 01/05/2022 01:00","CTA|SE","12385.00","12390.00"
"01/05/2022 01:00 - 01/05/2022 02:00","CTA|SE","12147.00","12390.00"
"01/05/2022 02:00 - 01/05/2022 03:00","CTA|SE","12265.00","12426.00"
"01/05/2022 03:00 - 01/05/2022 04:00","CTA|SE","12129.00","12382.00"
"01/05/2022 04:00 - 01/05/2022 05:00","CTA|SE","12230.00","12597.00"
"01/05/2022 05:00 - 01/05/2022 06:00","CTA|SE","12647.00","12874.00"
"01/05/2022 06:00 - 01/05/2022 07:00","CTA|SE","13031.00","13282.00"
"01/05/2022 07:00 - 01/05/2022 08:00","CTA|SE","13174.00","13668.00"
"01/05/2022 08:00 - 01/05/2022 09:00","CTA|SE","13112.00","13830.00"
"01/05/2022 09:00 - 01/05/2022 10:00","CTA|SE","13157.00","13876.00"
"01/05/2022 10:00 - 01/05/2022 11:00","CTA|SE","13235.00","13790.00"
"01/05/2022 11:00 - 01/05/2022 12:00","CTA|SE","13046.00","13606.00"
"01/05/2022 12:00 - 01/05/2022 13:00","CTA|SE","12860.00","13423.00"
"01/05/2022 13:00 - 01/05/2022 14:00","CTA|SE","12886.00","13364.00"
"01/05/2022 14:00 - 01/05/2022 15:00","CTA|SE","13247.00","13509.00"
"01/05/2022 15:00 - 01/05/2022 16:00","CTA|SE","13741.00","13743.00"
"01/05/2022 16:00 - 01/05/2022 17:00","CTA|SE","13863.00","13816.00"
"01/05/2022 17:00 - 01/05/2022 18:00","CTA|SE","13632.00","13724.00"
"01/05/2022 18:00 - 01/05/2022 19:00","CTA|SE","13561.00","13647.00"
"01/05/2022 19:00 - 01/05/2022 20:00","CTA|SE","14044.00","13662.00"
"01/05/2022 20:00 - 01/05/2022 21:00","CTA|SE","13494.00","13239.00"
"01/05/2022 21:00 - 01/05/2022 22:00","CTA|SE","12881.00","12770.00"
"01/05/2022 22:00 - 01/05/2022 23:00","CTA|SE","12605.00","12635.00"
"01/05/2022 23:00 - 02/05/2022 00:00","CTA|SE","12429.00","12495.00"
"02/05/2022 00:00 - 02/05/2022 01:00","CTA|SE","12630.00","12486.00"
"02/05/2022 01:00 - 02/05/2022 02:00","CTA|SE","12719.00","12561.00"
"02/05/2022 02:00 - 02/05/2022 03:00","CTA|SE","12891.00","12756.00"
"02/05/2022 03:00 - 02/05/2022 04:00","CTA|SE","13048.00","13286.00"
"02/05/2022 04:00 - 02/05/2022 05:00","CTA|SE","14219.00","14652.00"
"02/05/2022 05:00 - 02/05/2022 06:00","CTA|SE","15330.00","15788.00"
"02/05/2022 06:00 - 02/05/2022 07:00","CTA|SE","15446.00","15952.00"
"02/05/2022 07:00 - 02/05/2022 08:00","CTA|SE","15318.00","15814.00"
"02/05/2022 08:00 - 02/05/2022 09:00","CTA|SE","15032.00","15679.00"
"02/05/2022 09:00 - 02/05/2022 10:00","CTA|SE","14892.00","15554.00"
"02/05/2022 10:00 - 02/05/2022 11:00","CTA|SE","14678.00","15455.00"
"02/05/2022 11:00 - 02/05/2022 12:00","CTA|SE","14801.00","15294.00"
"02/05/2022 12:00 - 02/05/2022 13:00","CTA|SE","14443.00","15133.00"
"02/05/2022 13:00 - 02/05/2022 14:00","CTA|SE","14411.00","15096.00"
"02/05/2022 14:00 - 02/05/2022 15:00","CTA|SE","14557.00","14992.00"
"02/05/2022 15:00 - 02/05/2022 16:00","CTA|SE","15043.00","15165.00"
"02/05/2022 16:00 - 02/05/2022 17:00","CTA|SE","14973.00","15057.00"
"02/05/2022 17:00 - 02/05/2022 18:00","CTA|SE","14632.00","14985.00"
"02/05/2022 18:00 - 02/05/2022 19:00","CTA|SE","14810.00","14902.00"
"02/05/2022 19:00 - 02/05/2022 20:00","CTA|SE","14745.00","14743.00"
"02/05/2022 20:00 - 02/05/2022 21:00","CTA|SE","13871.00","14188.00"
"02/05/2022 21:00 - 02/05/2022 22:00","CTA|SE","13092.00","13467.00"
"02/05/2022 22:00 - 02/05/2022 23:00","CTA|SE","12882.00","12888.00"
"02/05/2022 23:00 - 03/05/2022 00:00","CTA|SE","12544.00","12712.00"
"03/05/2022 00:00 - 03/05/2022 01:00","CTA|SE","12654.00","12733.00"
"03/05/2022 01:00 - 03/05/2022 02:00","CTA|SE","12633.00","12842.00"
"03/05/2022 02:00 - 03/05/2022 03:00","CTA|SE","12660.00","13037.00"
"03/05/2022 03:00 - 03/05/2022 04:00","CTA|SE","13358.00","13558.00"
"03/05/2022 04:00 - 03/05/2022 05:00","CTA|SE","14608.00","14907.00"
"03/05/2022 05:00 - 03/05/2022 06:00","CTA|SE","15279.00","16089.00"
"03/05/2022 06:00 - 03/05/2022 07:00","CTA|SE","15485.00","16297.00"
"03/05/2022 07:00 - 03/05/2022 08:00","CTA|SE","15529.00","16133.00"
"03/05/2022 08:00 - 03/05/2022 09:00","CTA|SE","15766.00","16027.00"
"03/05/2022 09:00 - 03/05/2022 10:00","CTA|SE","15552.00","15917.00"
"03/05/2022 10:00 - 03/05/2022 11:00","CTA|SE","15304.00","15754.00"
"03/05/2022 11:00 - 03/05/2022 12:00","CTA|SE","15206.00","15605.00"
"03/05/2022 12:00 - 03/05/2022 13:00","CTA|SE","15067.00","15434.00"
"03/05/2022 13:00 - 03/05/2022 14:00","CTA|SE","14776.00","15382.00"
"03/05/2022 14:00 - 03/05/2022 15:00","CTA|SE","15061.00","15282.00"
"03/05/2022 15:00 - 03/05/2022 16:00","CTA|SE","15465.00","15440.00"
"03/05/2022 16:00 - 03/05/2022 17:00","CTA|SE","15262.00","15333.00"
"03/05/2022 17:00 - 03/05/2022 18:00","CTA|SE","15118.00","15337.00"
"03/05/2022 18:00 - 03/05/2022 19:00","CTA|SE","15524.00","15344.00"
"03/05/2022 19:00 - 03/05/2022 20:00","CTA|SE","15398.00","15211.00"
"03/05/2022 20:00 - 03/05/2022 21:00","CTA|SE","14363.00","14695.00"
"03/05/2022 21:00 - 03/05/2022 22:00","CTA|SE","13803.00","14012.00"
"03/05/2022 22:00 - 03/05/2022 23:00","CTA|SE","13574.00","13568.00"
"03/05/2022 23:00 - 04/05/2022 00:00","CTA|SE","13491.00","13389.00"
"04/05/2022 00:00 - 04/05/2022 01:00","CTA|SE","13357.00","13383.00"
"04/05/2022 01:00 - 04/05/2022 02:00","CTA|SE","13402.00","13467.00"
"04/05/2022 02:00 - 04/05/2022 03:00","CTA|SE","13518.00","13625.00"
"04/05/2022 03:00 - 04/05/2022 04:00","CTA|SE","13949.00","14064.00"
"04/05/2022 04:00 - 04/05/2022 05:00","CTA|SE","15174.00","15315.00"
"04/05/2022 05:00 - 04/05/2022 06:00","CTA|SE","16133.00","16398.00"
"04/05/2022 06:00 - 04/05/2022 07:00","CTA|SE","16314.00","16537.00"
"04/05/2022 07:00 - 04/05/2022 08:00","CTA|SE","15665.00","16307.00"
"04/05/2022 08:00 - 04/05/2022 09:00","CTA|SE","15279.00","16169.00"
"04/05/2022 09:00 - 04/05/2022 10:00","CTA|SE","15215.00","16023.00"
"04/05/2022 10:00 - 04/05/2022 11:00","CTA|SE","15002.00","15841.00"
"04/05/2022 11:00 - 04/05/2022 12:00","CTA|SE","14523.00","15665.00"
"04/05/2022 12:00 - 04/05/2022 13:00","CTA|SE","14606.00","15526.00"
"04/05/2022 13:00 - 04/05/2022 14:00","CTA|SE","14624.00","15477.00"
"04/05/2022 14:00 - 04/05/2022 15:00","CTA|SE","14726.00","15371.00"
"04/05/2022 15:00 - 04/05/2022 16:00","CTA|SE","14942.00","15485.00"
"04/05/2022 16:00 - 04/05/2022 17:00","CTA|SE","14885.00","15371.00"
"04/05/2022 17:00 - 04/05/2022 18:00","CTA|SE","15139.00","15338.00"
"04/05/2022 18:00 - 04/05/2022 19:00","CTA|SE","15206.00","15248.00"
"04/05/2022 19:00 - 04/05/2022 20:00","CTA|SE","14878.00","15041.00"
"04/05/2022 20:00 - 04/05/2022 21:00","CTA|SE","14018.00","14472.00"
"04/05/2022 21:00 - 04/05/2022 22:00","CTA|SE","13157.00","13752.00"
"04/05/2022 22:00 - 04/05/2022 23:00","CTA|SE","12929.00","13218.00"
"04/05/2022 23:00 - 05/05/2022 00:00","CTA|SE","12445.00","13012.00"
"05/05/2022 00:00 - 05/05/2022 01:00","CTA|SE","12404.00","12976.00"
"05/05/2022 01:00 - 05/05/2022 02:00","CTA|SE","12193.00","13031.00"
"05/05/2022 02:00 - 05/05/2022 03:00","CTA|SE","12514.00","13148.00"
"05/05/2022 03:00 - 05/05/2022 04:00","CTA|SE","13052.00","13561.00"
"05/05/2022 04:00 - 05/05/2022 05:00","CTA|SE","14679.00","14806.00"
"05/05/2022 05:00 - 05/05/2022 06:00","CTA|SE","15553.00","15884.00"
"05/05/2022 06:00 - 05/05/2022 07:00","CTA|SE","15689.00","16029.00"
"05/05/2022 07:00 - 05/05/2022 08:00","CTA|SE","15510.00","15817.00"
"05/05/2022 08:00 - 05/05/2022 09:00","CTA|SE","15331.00","15668.00"
"05/05/2022 09:00 - 05/05/2022 10:00","CTA|SE","15273.00","15511.00"
"05/05/2022 10:00 - 05/05/2022 11:00","CTA|SE","15278.00","15346.00"
"05/05/2022 11:00 - 05/05/2022 12:00","CTA|SE","15124.00","15176.00"
"05/05/2022 12:00 - 05/05/2022 13:00","CTA|SE","14780.00","15056.00"
"05/05/2022 13:00 - 05/05/2022 14:00","CTA|SE","14652.00","15047.00"
"05/05/2022 14:00 - 05/05/2022 15:00","CTA|SE","14764.00","14921.00"
"05/05/2022 15:00 - 05/05/2022 16:00","CTA|SE","15206.00","15041.00"
"05/05/2022 16:00 - 05/05/2022 17:00","CTA|SE","14773.00","14845.00"
"05/05/2022 17:00 - 05/05/2022 18:00","CTA|SE","14607.00","14748.00"
"05/05/2022 18:00 - 05/05/2022 19:00","CTA|SE","14612.00","14631.00"
"05/05/2022 19:00 - 05/05/2022 20:00","CTA|SE","14606.00","14427.00"
"05/05/2022 20:00 - 05/05/2022 21:00","CTA|SE","13902.00","13889.00"
"05/05/2022 21:00 - 05/05/2022 22:00","CTA|SE","13119.00","13198.00"
"05/05/2022 22:00 - 05/05/2022 23:00","CTA|SE","12678.00","12637.00"
"05/05/2022 23:00 - 06/05/2022 00:00","CTA|SE","12547.00","12449.00"
"06/05/2022 00:00 - 06/05/2022 01:00","CTA|SE","12315.00","12420.00"
"06/05/2022 01:00 - 06/05/2022 02:00","CTA|SE","12387.00","12448.00"
"06/05/2022 02:00 - 06/05/2022 03:00","CTA|SE","12608.00","12577.00"
"06/05/2022 03:00 - 06/05/2022 04:00","CTA|SE","12788.00","12971.00"
"06/05/2022 04:00 - 06/05/2022 05:00","CTA|SE","14049.00","14170.00"
"06/05/2022 05:00 - 06/05/2022 06:00","CTA|SE","15096.00","15176.00"
"06/05/2022 06:00 - 06/05/2022 07:00","CTA|SE","15433.00","15304.00"
"06/05/2022 07:00 - 06/05/2022 08:00","CTA|SE","15283.00","15111.00"
"06/05/2022 08:00 - 06/05/2022 09:00","CTA|SE","15499.00","14925.00"
"06/05/2022 09:00 - 06/05/2022 10:00","CTA|SE","15198.00","14727.00"
"06/05/2022 10:00 - 06/05/2022 11:00","CTA|SE","14896.00","14468.00"
"06/05/2022 11:00 - 06/05/2022 12:00","CTA|SE","14371.00","14102.00"
"06/05/2022 12:00 - 06/05/2022 13:00","CTA|SE","13823.00","13825.00"
"06/05/2022 13:00 - 06/05/2022 14:00","CTA|SE","13554.00","13587.00"
"06/05/2022 14:00 - 06/05/2022 15:00","CTA|SE","13603.00","13518.00"
"06/05/2022 15:00 - 06/05/2022 16:00","CTA|SE","14187.00","13635.00"
"06/05/2022 16:00 - 06/05/2022 17:00","CTA|SE","13905.00","13557.00"
"06/05/2022 17:00 - 06/05/2022 18:00","CTA|SE","13162.00","13382.00"
"06/05/2022 18:00 - 06/05/2022 19:00","CTA|SE","13030.00","13220.00"
"06/05/2022 19:00 - 06/05/2022 20:00","CTA|SE","13232.00","13135.00"
"06/05/2022 20:00 - 06/05/2022 21:00","CTA|SE","13055.00","12762.00"
"06/05/2022 21:00 - 06/05/2022 22:00","CTA|SE","12957.00","12278.00"
"06/05/2022 22:00 - 06/05/2022 23:00","CTA|SE","11823.00","11805.00"
"06/05/2022 23:00 - 07/05/2022 00:00","CTA|SE","11296.00","11561.00"
"07/05/2022 00:00 - 07/05/2022 01:00","CTA|SE","11515.00","11453.00"
"07/05/2022 01:00 - 07/05/2022 02:00","CTA|SE","11526.00","11408.00"
"07/05/2022 02:00 - 07/05/2022 03:00","CTA|SE","11338.00","11337.00"
"07/05/2022 03:00 - 07/05/2022 04:00","CTA|SE","11049.00","11276.00"
"07/05/2022 04:00 - 07/05/2022 05:00","CTA|SE","10890.00","11485.00"
"07/05/2022 05:00 - 07/05/2022 06:00","CTA|SE","11108.00","11894.00"
"07/05/2022 06:00 - 07/05/2022 07:00","CTA|SE","12137.00","12430.00"
"07/05/2022 07:00 - 07/05/2022 08:00","CTA|SE","12938.00","12927.00"
"07/05/2022 08:00 - 07/05/2022 09:00","CTA|SE","13168.00","13153.00"
"07/05/2022 09:00 - 07/05/2022 10:00","CTA|SE","13214.00","13146.00"
"07/05/2022 10:00 - 07/05/2022 11:00","CTA|SE","13334.00","13064.00"
"07/05/2022 11:00 - 07/05/2022 12:00","CTA|SE","13337.00","12961.00"
"07/05/2022 12:00 - 07/05/2022 13:00","CTA|SE","12816.00","12824.00"
"07/05/2022 13:00 - 07/05/2022 14:00","CTA|SE","12547.00","12757.00"
"07/05/2022 14:00 - 07/05/2022 15:00","CTA|SE","12395.00","12831.00"
"07/05/2022 15:00 - 07/05/2022 16:00","CTA|SE","12547.00","13009.00"
"07/05/2022 16:00 - 07/05/2022 17:00","CTA|SE","12813.00","13082.00"
"07/05/2022 17:00 - 07/05/2022 18:00","CTA|SE","13116.00","13025.00"
"07/05/2022 18:00 - 07/05/2022 19:00","CTA|SE","13497.00","12973.00"
"07/05/2022 19:00 - 07/05/2022 20:00","CTA|SE","13313.00","13036.00"
"07/05/2022 20:00 - 07/05/2022 21:00","CTA|SE","13087.00","12846.00"
"07/05/2022 21:00 - 07/05/2022 22:00","CTA|SE","12761.00","12472.00"
"07/05/2022 22:00 - 07/05/2022 23:00","CTA|SE","12123.00","12460.00"
"07/05/2022 23:00 - 08/05/2022 00:00","CTA|SE","11813.00","12294.00"
"08/05/2022 00:00 - 08/05/2022 01:00","CTA|SE","11545.00","12261.00"
"08/05/2022 01:00 - 08/05/2022 02:00","CTA|SE","11482.00","12267.00"
"08/05/2022 02:00 - 08/05/2022 03:00","CTA|SE","11544.00","12250.00"
"08/05/2022 03:00 - 08/05/2022 04:00","CTA|SE","11492.00","12197.00"
"08/05/2022 04:00 - 08/05/2022 05:00","CTA|SE","11792.00","12301.00"
"08/05/2022 05:00 - 08/05/2022 06:00","CTA|SE","12154.00","12515.00"
"08/05/2022 06:00 - 08/05/2022 07:00","CTA|SE","12406.00","12916.00"
"08/05/2022 07:00 - 08/05/2022 08:00","CTA|SE","12772.00","13282.00"
"08/05/2022 08:00 - 08/05/2022 09:00","CTA|SE","13123.00","13478.00"
"08/05/2022 09:00 - 08/05/2022 10:00","CTA|SE","13243.00","13557.00"
"08/05/2022 10:00 - 08/05/2022 11:00","CTA|SE","13357.00","13511.00"
"08/05/2022 11:00 - 08/05/2022 12:00","CTA|SE","13130.00","13380.00"
"08/05/2022 12:00 - 08/05/2022 13:00","CTA|SE","12726.00","13227.00"
"08/05/2022 13:00 - 08/05/2022 14:00","CTA|SE","12835.00","13169.00"
"08/05/2022 14:00 - 08/05/2022 15:00","CTA|SE","12961.00","13289.00"
"08/05/2022 15:00 - 08/05/2022 16:00","CTA|SE","13591.00","13533.00"
"08/05/2022 16:00 - 08/05/2022 17:00","CTA|SE","13938.00","13682.00"
"08/05/2022 17:00 - 08/05/2022 18:00","CTA|SE","14312.00","13756.00"
"08/05/2022 18:00 - 08/05/2022 19:00","CTA|SE","14374.00","13795.00"
"08/05/2022 19:00 - 08/05/2022 20:00","CTA|SE","14340.00","13804.00"
"08/05/2022 20:00 - 08/05/2022 21:00","CTA|SE","13727.00","13556.00"
"08/05/2022 21:00 - 08/05/2022 22:00","CTA|SE","12989.00","13131.00"
"08/05/2022 22:00 - 08/05/2022 23:00","CTA|SE","12522.00","12793.00"
"08/05/2022 23:00 - 09/05/2022 00:00","CTA|SE","12255.00","12694.00"
"09/05/2022 00:00 - 09/05/2022 01:00","CTA|SE","12160.00","12744.00"
"09/05/2022 01:00 - 09/05/2022 02:00","CTA|SE","11694.00","12813.00"
"09/05/2022 02:00 - 09/05/2022 03:00","CTA|SE","11945.00","12944.00"
"09/05/2022 03:00 - 09/05/2022 04:00","CTA|SE","12679.00","13355.00"
"09/05/2022 04:00 - 09/05/2022 05:00","CTA|SE","14051.00","14600.00"
"09/05/2022 05:00 - 09/05/2022 06:00","CTA|SE","15333.00","15670.00"
"09/05/2022 06:00 - 09/05/2022 07:00","CTA|SE","15999.00","15855.00"
"09/05/2022 07:00 - 09/05/2022 08:00","CTA|SE","15588.00","15730.00"
"09/05/2022 08:00 - 09/05/2022 09:00","CTA|SE","15353.00","15618.00"
"09/05/2022 09:00 - 09/05/2022 10:00","CTA|SE","15017.00","15506.00"
"09/05/2022 10:00 - 09/05/2022 11:00","CTA|SE","14840.00","15369.00"
"09/05/2022 11:00 - 09/05/2022 12:00","CTA|SE","14579.00","15169.00"
"09/05/2022 12:00 - 09/05/2022 13:00","CTA|SE","14243.00","14999.00"
"09/05/2022 13:00 - 09/05/2022 14:00","CTA|SE","14049.00","14927.00"
"09/05/2022 14:00 - 09/05/2022 15:00","CTA|SE","14465.00","14779.00"
"09/05/2022 15:00 - 09/05/2022 16:00","CTA|SE","14644.00","14884.00"
"09/05/2022 16:00 - 09/05/2022 17:00","CTA|SE","14281.00","14684.00"
"09/05/2022 17:00 - 09/05/2022 18:00","CTA|SE","14368.00","14546.00"
"09/05/2022 18:00 - 09/05/2022 19:00","CTA|SE","14495.00","14451.00"
"09/05/2022 19:00 - 09/05/2022 20:00","CTA|SE","13659.00","14342.00"
"09/05/2022 20:00 - 09/05/2022 21:00","CTA|SE","12861.00","13893.00"
"09/05/2022 21:00 - 09/05/2022 22:00","CTA|SE","12313.00","13121.00"
"09/05/2022 22:00 - 09/05/2022 23:00","CTA|SE","11375.00","12783.00"
"09/05/2022 23:00 - 10/05/2022 00:00","CTA|SE","11205.00","12547.00"
"10/05/2022 00:00 - 10/05/2022 01:00","CTA|SE","11453.00","12483.00"
"10/05/2022 01:00 - 10/05/2022 02:00","CTA|SE","11957.00","12500.00"
"10/05/2022 02:00 - 10/05/2022 03:00","CTA|SE","12251.00","12564.00"
"10/05/2022 03:00 - 10/05/2022 04:00","CTA|SE","12379.00","12953.00"
"10/05/2022 04:00 - 10/05/2022 05:00","CTA|SE","13616.00","14218.00"
"10/05/2022 05:00 - 10/05/2022 06:00","CTA|SE","14939.00","15290.00"
"10/05/2022 06:00 - 10/05/2022 07:00","CTA|SE","15364.00","15498.00"
"10/05/2022 07:00 - 10/05/2022 08:00","CTA|SE","15547.00","15377.00"
"10/05/2022 08:00 - 10/05/2022 09:00","CTA|SE","15286.00","15354.00"
"10/05/2022 09:00 - 10/05/2022 10:00","CTA|SE","14996.00","15320.00"
"10/05/2022 10:00 - 10/05/2022 11:00","CTA|SE","14548.00","15240.00"
"10/05/2022 11:00 - 10/05/2022 12:00","CTA|SE","14346.00","15126.00"
"10/05/2022 12:00 - 10/05/2022 13:00","CTA|SE","14378.00","15004.00"
"10/05/2022 13:00 - 10/05/2022 14:00","CTA|SE","14706.00","14941.00"
"10/05/2022 14:00 - 10/05/2022 15:00","CTA|SE","14661.00","14833.00"
"10/05/2022 15:00 - 10/05/2022 16:00","CTA|SE","15121.00","14959.00"
"10/05/2022 16:00 - 10/05/2022 17:00","CTA|SE","15461.00","14774.00"
"10/05/2022 17:00 - 10/05/2022 18:00","CTA|SE","15351.00","14622.00"
"10/05/2022 18:00 - 10/05/2022 19:00","CTA|SE","14776.00","14470.00"
"10/05/2022 19:00 - 10/05/2022 20:00","CTA|SE","14537.00","14214.00"
"10/05/2022 20:00 - 10/05/2022 21:00","CTA|SE","13459.00","13620.00"
"10/05/2022 21:00 - 10/05/2022 22:00","CTA|SE","12456.00","12864.00"
"10/05/2022 22:00 - 10/05/2022 23:00","CTA|SE","11999.00","12205.00"
"10/05/2022 23:00 - 11/05/2022 00:00","CTA|SE","12054.00","11994.00"
"11/05/2022 00:00 - 11/05/2022 01:00","CTA|SE","12172.00","11950.00"
"11/05/2022 01:00 - 11/05/2022 02:00","CTA|SE","12133.00","11964.00"
"11/05/2022 02:00 - 11/05/2022 03:00","CTA|SE","12028.00","12031.00"
"11/05/2022 03:00 - 11/05/2022 04:00","CTA|SE","12498.00","12400.00"
"11/05/2022 04:00 - 11/05/2022 05:00","CTA|SE","13534.00","13574.00"
"11/05/2022 05:00 - 11/05/2022 06:00","CTA|SE","15120.00","14583.00"
"11/05/2022 06:00 - 11/05/2022 07:00","CTA|SE","15630.00","14805.00"
"11/05/2022 07:00 - 11/05/2022 08:00","CTA|SE","15673.00","14741.00"
"11/05/2022 08:00 - 11/05/2022 09:00","CTA|SE","14971.00","14743.00"
"11/05/2022 09:00 - 11/05/2022 10:00","CTA|SE","14739.00","14720.00"
"11/05/2022 10:00 - 11/05/2022 11:00","CTA|SE","14764.00","14620.00"
"11/05/2022 11:00 - 11/05/2022 12:00","CTA|SE","14620.00","14515.00"
"11/05/2022 12:00 - 11/05/2022 13:00","CTA|SE","14539.00","14380.00"
"11/05/2022 13:00 - 11/05/2022 14:00","CTA|SE","14885.00","14315.00"
"11/05/2022 14:00 - 11/05/2022 15:00","CTA|SE","14448.00","14214.00"
"11/05/2022 15:00 - 11/05/2022 16:00","CTA|SE","15413.00","14363.00"
"11/05/2022 16:00 - 11/05/2022 17:00","CTA|SE","15246.00","14214.00"
"11/05/2022 17:00 - 11/05/2022 18:00","CTA|SE","15336.00","14123.00"
"11/05/2022 18:00 - 11/05/2022 19:00","CTA|SE","14615.00","14006.00"
"11/05/2022 19:00 - 11/05/2022 20:00","CTA|SE","14670.00","13821.00"
"11/05/2022 20:00 - 11/05/2022 21:00","CTA|SE","14241.00","13351.00"
"11/05/2022 21:00 - 11/05/2022 22:00","CTA|SE","13617.00","12707.00"
"11/05/2022 22:00 - 11/05/2022 23:00","CTA|SE","13022.00","12143.00"
"11/05/2022 23:00 - 12/05/2022 00:00","CTA|SE","13029.00","11902.00"
"12/05/2022 00:00 - 12/05/2022 01:00","CTA|SE","12580.00","11842.00"
"12/05/2022 01:00 - 12/05/2022 02:00","CTA|SE","12229.00","11845.00"
"12/05/2022 02:00 - 12/05/2022 03:00","CTA|SE","12141.00","11911.00"
"12/05/2022 03:00 - 12/05/2022 04:00","CTA|SE","12553.00","12321.00"
"12/05/2022 04:00 - 12/05/2022 05:00","CTA|SE","14017.00","13609.00"
"12/05/2022 05:00 - 12/05/2022 06:00","CTA|SE","15225.00","14726.00"
"12/05/2022 06:00 - 12/05/2022 07:00","CTA|SE","15170.00","14992.00"
"12/05/2022 07:00 - 12/05/2022 08:00","CTA|SE","14983.00","14935.00"
"12/05/2022 08:00 - 12/05/2022 09:00","CTA|SE","14750.00","14936.00"
"12/05/2022 09:00 - 12/05/2022 10:00","CTA|SE","14531.00","14892.00"
"12/05/2022 10:00 - 12/05/2022 11:00","CTA|SE","14422.00","14798.00"
"12/05/2022 11:00 - 12/05/2022 12:00","CTA|SE","14477.00","14640.00"
"12/05/2022 12:00 - 12/05/2022 13:00","CTA|SE","14271.00","14441.00"
"12/05/2022 13:00 - 12/05/2022 14:00","CTA|SE","14324.00","14369.00"
"12/05/2022 14:00 - 12/05/2022 15:00","CTA|SE","14350.00","14265.00"
"12/05/2022 15:00 - 12/05/2022 16:00","CTA|SE","14693.00","14397.00"
"12/05/2022 16:00 - 12/05/2022 17:00","CTA|SE","14061.00","14244.00"
"12/05/2022 17:00 - 12/05/2022 18:00","CTA|SE","13835.00","14151.00"
"12/05/2022 18:00 - 12/05/2022 19:00","CTA|SE","14434.00","14080.00"
"12/05/2022 19:00 - 12/05/2022 20:00","CTA|SE","14390.00","13917.00"
"12/05/2022 20:00 - 12/05/2022 21:00","CTA|SE","13830.00","13446.00"
"12/05/2022 21:00 - 12/05/2022 22:00","CTA|SE","13007.00","12763.00"
"12/05/2022 22:00 - 12/05/2022 23:00","CTA|SE","12557.00","12289.00"
"12/05/2022 23:00 - 13/05/2022 00:00","CTA|SE","12216.00","12083.00"
"13/05/2022 00:00 - 13/05/2022 01:00","CTA|SE","11918.00","12010.00"
"13/05/2022 01:00 - 13/05/2022 02:00","CTA|SE","12009.00","12036.00"
"13/05/2022 02:00 - 13/05/2022 03:00","CTA|SE","12017.00","12124.00"
"13/05/2022 03:00 - 13/05/2022 04:00","CTA|SE","12493.00","12520.00"
"13/05/2022 04:00 - 13/05/2022 05:00","CTA|SE","13950.00","13816.00"
"13/05/2022 05:00 - 13/05/2022 06:00","CTA|SE","15277.00","14952.00"
"13/05/2022 06:00 - 13/05/2022 07:00","CTA|SE","15287.00","15216.00"
"13/05/2022 07:00 - 13/05/2022 08:00","CTA|SE","15150.00","15156.00"
"13/05/2022 08:00 - 13/05/2022 09:00","CTA|SE","14933.00","15165.00"
"13/05/2022 09:00 - 13/05/2022 10:00","CTA|SE","14849.00","15107.00"
"13/05/2022 10:00 - 13/05/2022 11:00","CTA|SE","14584.00","14992.00"
"13/05/2022 11:00 - 13/05/2022 12:00","CTA|SE","14390.00","14662.00"
"13/05/2022 12:00 - 13/05/2022 13:00","CTA|SE","14061.00","14366.00"
"13/05/2022 13:00 - 13/05/2022 14:00","CTA|SE","14009.00","14144.00"
"13/05/2022 14:00 - 13/05/2022 15:00","CTA|SE","13982.00","14004.00"
"13/05/2022 15:00 - 13/05/2022 16:00","CTA|SE","14253.00","14144.00"
"13/05/2022 16:00 - 13/05/2022 17:00","CTA|SE","14131.00","13963.00"
"13/05/2022 17:00 - 13/05/2022 18:00","CTA|SE","13766.00","13636.00"
"13/05/2022 18:00 - 13/05/2022 19:00","CTA|SE","13502.00","13360.00"
"13/05/2022 19:00 - 13/05/2022 20:00","CTA|SE","13283.00","13206.00"
"13/05/2022 20:00 - 13/05/2022 21:00","CTA|SE","12920.00","12928.00"
"13/05/2022 21:00 - 13/05/2022 22:00","CTA|SE","12216.00","12435.00"
"13/05/2022 22:00 - 13/05/2022 23:00","CTA|SE","11967.00","11989.00"
"13/05/2022 23:00 - 14/05/2022 00:00","CTA|SE","11691.00","11699.00"
"14/05/2022 00:00 - 14/05/2022 01:00","CTA|SE","11446.00","11595.00"
"14/05/2022 01:00 - 14/05/2022 02:00","CTA|SE","11266.00","11543.00"
"14/05/2022 02:00 - 14/05/2022 03:00","CTA|SE","11365.00","11440.00"
"14/05/2022 03:00 - 14/05/2022 04:00","CTA|SE","11316.00","11359.00"
"14/05/2022 04:00 - 14/05/2022 05:00","CTA|SE","11402.00","11555.00"
"14/05/2022 05:00 - 14/05/2022 06:00","CTA|SE","12065.00","12026.00"
"14/05/2022 06:00 - 14/05/2022 07:00","CTA|SE","12599.00","12629.00"
"14/05/2022 07:00 - 14/05/2022 08:00","CTA|SE","12762.00","13160.00"
"14/05/2022 08:00 - 14/05/2022 09:00","CTA|SE","12979.00","13408.00"
"14/05/2022 09:00 - 14/05/2022 10:00","CTA|SE","12909.00","13447.00"
"14/05/2022 10:00 - 14/05/2022 11:00","CTA|SE","12869.00","13382.00"
"14/05/2022 11:00 - 14/05/2022 12:00","CTA|SE","12333.00","13243.00"
"14/05/2022 12:00 - 14/05/2022 13:00","CTA|SE","11998.00","13030.00"
"14/05/2022 13:00 - 14/05/2022 14:00","CTA|SE","11848.00","12893.00"
"14/05/2022 14:00 - 14/05/2022 15:00","CTA|SE","12485.00","12921.00"
"14/05/2022 15:00 - 14/05/2022 16:00","CTA|SE","13125.00","13111.00"
"14/05/2022 16:00 - 14/05/2022 17:00","CTA|SE","13059.00","13154.00"
"14/05/2022 17:00 - 14/05/2022 18:00","CTA|SE","12940.00","13039.00"
"14/05/2022 18:00 - 14/05/2022 19:00","CTA|SE","13004.00","12921.00"
"14/05/2022 19:00 - 14/05/2022 20:00","CTA|SE","13230.00","12859.00"
"14/05/2022 20:00 - 14/05/2022 21:00","CTA|SE","12709.00","12650.00"
"14/05/2022 21:00 - 14/05/2022 22:00","CTA|SE","12100.00","12254.00"
"14/05/2022 22:00 - 14/05/2022 23:00","CTA|SE","11660.00","11923.00"
"14/05/2022 23:00 - 15/05/2022 00:00","CTA|SE","11551.00","11691.00"
"15/05/2022 00:00 - 15/05/2022 01:00","CTA|SE","11405.00","11632.00"
"15/05/2022 01:00 - 15/05/2022 02:00","CTA|SE","10935.00","11579.00"
"15/05/2022 02:00 - 15/05/2022 03:00","CTA|SE","11020.00","11509.00"
"15/05/2022 03:00 - 15/05/2022 04:00","CTA|SE","11214.00","11420.00"
"15/05/2022 04:00 - 15/05/2022 05:00","CTA|SE","11479.00","11527.00"
"15/05/2022 05:00 - 15/05/2022 06:00","CTA|SE","11471.00","11761.00"
"15/05/2022 06:00 - 15/05/2022 07:00","CTA|SE","11593.00","12192.00"
"15/05/2022 07:00 - 15/05/2022 08:00","CTA|SE","11896.00","12611.00"
"15/05/2022 08:00 - 15/05/2022 09:00","CTA|SE","12069.00","12861.00"
"15/05/2022 09:00 - 15/05/2022 10:00","CTA|SE","12189.00","12987.00"
"15/05/2022 10:00 - 15/05/2022 11:00","CTA|SE","12290.00","12974.00"
"15/05/2022 11:00 - 15/05/2022 12:00","CTA|SE","12135.00","12884.00"
"15/05/2022 12:00 - 15/05/2022 13:00","CTA|SE","11847.00","12728.00"
"15/05/2022 13:00 - 15/05/2022 14:00","CTA|SE","12084.00","12682.00"
"15/05/2022 14:00 - 15/05/2022 15:00","CTA|SE","12553.00","12798.00"
"15/05/2022 15:00 - 15/05/2022 16:00","CTA|SE","12960.00","13080.00"
"15/05/2022 16:00 - 15/05/2022 17:00","CTA|SE","13188.00","13212.00"
"15/05/2022 17:00 - 15/05/2022 18:00","CTA|SE","13132.00","13273.00"
"15/05/2022 18:00 - 15/05/2022 19:00","CTA|SE","13212.00","13232.00"
"15/05/2022 19:00 - 15/05/2022 20:00","CTA|SE","13297.00","13178.00"
"15/05/2022 20:00 - 15/05/2022 21:00","CTA|SE","12969.00","12906.00"
"15/05/2022 21:00 - 15/05/2022 22:00","CTA|SE","12318.00","12385.00"
"15/05/2022 22:00 - 15/05/2022 23:00","CTA|SE","11656.00","12039.00"
"15/05/2022 23:00 - 16/05/2022 00:00","CTA|SE","11534.00","11905.00"
"16/05/2022 00:00 - 16/05/2022 01:00","CTA|SE","11564.00","11944.00"
"16/05/2022 01:00 - 16/05/2022 02:00","CTA|SE","11656.00","11987.00"
"16/05/2022 02:00 - 16/05/2022 03:00","CTA|SE","11876.00","12109.00"
"16/05/2022 03:00 - 16/05/2022 04:00","CTA|SE","12344.00","12544.00"
"16/05/2022 04:00 - 16/05/2022 05:00","CTA|SE","13763.00","13837.00"
"16/05/2022 05:00 - 16/05/2022 06:00","CTA|SE","14743.00","15018.00"
"16/05/2022 06:00 - 16/05/2022 07:00","CTA|SE","14964.00","15350.00"
"16/05/2022 07:00 - 16/05/2022 08:00","CTA|SE","14875.00","15315.00"
"16/05/2022 08:00 - 16/05/2022 09:00","CTA|SE","14968.00","15258.00"
"16/05/2022 09:00 - 16/05/2022 10:00","CTA|SE","14845.00","15196.00"
"16/05/2022 10:00 - 16/05/2022 11:00","CTA|SE","14811.00","15141.00"
"16/05/2022 11:00 - 16/05/2022 12:00","CTA|SE","14711.00","15023.00"
"16/05/2022 12:00 - 16/05/2022 13:00","CTA|SE","14863.00","14859.00"
"16/05/2022 13:00 - 16/05/2022 14:00","CTA|SE","14559.00","14778.00"
"16/05/2022 14:00 - 16/05/2022 15:00","CTA|SE","14535.00","14671.00"
"16/05/2022 15:00 - 16/05/2022 16:00","CTA|SE","14526.00","14750.00"
"16/05/2022 16:00 - 16/05/2022 17:00","CTA|SE","14557.00","14572.00"
"16/05/2022 17:00 - 16/05/2022 18:00","CTA|SE","14438.00","14449.00"
"16/05/2022 18:00 - 16/05/2022 19:00","CTA|SE","14418.00","14338.00"
"16/05/2022 19:00 - 16/05/2022 20:00","CTA|SE","14431.00","14178.00"
"16/05/2022 20:00 - 16/05/2022 21:00","CTA|SE","13717.00","13789.00"
"16/05/2022 21:00 - 16/05/2022 22:00","CTA|SE","12861.00","13142.00"
"16/05/2022 22:00 - 16/05/2022 23:00","CTA|SE","12343.00","12528.00"
"16/05/2022 23:00 - 17/05/2022 00:00","CTA|SE","12092.00","12324.00"
"17/05/2022 00:00 - 17/05/2022 01:00","CTA|SE","11976.00","12297.00"
"17/05/2022 01:00 - 17/05/2022 02:00","CTA|SE","11930.00","12335.00"
"17/05/2022 02:00 - 17/05/2022 03:00","CTA|SE","12026.00","12390.00"
"17/05/2022 03:00 - 17/05/2022 04:00","CTA|SE","12788.00","12809.00"
"17/05/2022 04:00 - 17/05/2022 05:00","CTA|SE","14262.00","14073.00"
"17/05/2022 05:00 - 17/05/2022 06:00","CTA|SE","15307.00","15185.00"
"17/05/2022 06:00 - 17/05/2022 07:00","CTA|SE","15338.00","15425.00"
"17/05/2022 07:00 - 17/05/2022 08:00","CTA|SE","15104.00","15342.00"
"17/05/2022 08:00 - 17/05/2022 09:00","CTA|SE","14865.00","15315.00"
"17/05/2022 09:00 - 17/05/2022 10:00","CTA|SE","14810.00","15236.00"
"17/05/2022 10:00 - 17/05/2022 11:00","CTA|SE","14585.00","15120.00"
"17/05/2022 11:00 - 17/05/2022 12:00","CTA|SE","14317.00","14962.00"
"17/05/2022 12:00 - 17/05/2022 13:00","CTA|SE","14160.00","14817.00"
"17/05/2022 13:00 - 17/05/2022 14:00","CTA|SE","13936.00","14704.00"
"17/05/2022 14:00 - 17/05/2022 15:00","CTA|SE","13955.00","14549.00"
"17/05/2022 15:00 - 17/05/2022 16:00","CTA|SE","14028.00","14643.00"
"17/05/2022 16:00 - 17/05/2022 17:00","CTA|SE","13927.00","14435.00"
"17/05/2022 17:00 - 17/05/2022 18:00","CTA|SE","14042.00","14340.00"
"17/05/2022 18:00 - 17/05/2022 19:00","CTA|SE","14233.00","14257.00"
"17/05/2022 19:00 - 17/05/2022 20:00","CTA|SE","13926.00","14130.00"
"17/05/2022 20:00 - 17/05/2022 21:00","CTA|SE","13714.00","13756.00"
"17/05/2022 21:00 - 17/05/2022 22:00","CTA|SE","13001.00","13110.00"
"17/05/2022 22:00 - 17/05/2022 23:00","CTA|SE","11934.00","12714.00"
"17/05/2022 23:00 - 18/05/2022 00:00","CTA|SE","11642.00","12500.00"
"18/05/2022 00:00 - 18/05/2022 01:00","CTA|SE","11485.00","12469.00"
"18/05/2022 01:00 - 18/05/2022 02:00","CTA|SE","11628.00","12498.00"
"18/05/2022 02:00 - 18/05/2022 03:00","CTA|SE","11509.00","12546.00"
"18/05/2022 03:00 - 18/05/2022 04:00","CTA|SE","11975.00","12941.00"
"18/05/2022 04:00 - 18/05/2022 05:00","CTA|SE","13553.00","14156.00"
"18/05/2022 05:00 - 18/05/2022 06:00","CTA|SE","14791.00","15209.00"
"18/05/2022 06:00 - 18/05/2022 07:00","CTA|SE","14808.00","15370.00"
"18/05/2022 07:00 - 18/05/2022 08:00","CTA|SE","14752.00","15204.00"
"18/05/2022 08:00 - 18/05/2022 09:00","CTA|SE","14575.00","15104.00"
"18/05/2022 09:00 - 18/05/2022 10:00","CTA|SE","14364.00","14994.00"
"18/05/2022 10:00 - 18/05/2022 11:00","CTA|SE","14194.00","14852.00"
"18/05/2022 11:00 - 18/05/2022 12:00","CTA|SE","14094.00","14684.00"
"18/05/2022 12:00 - 18/05/2022 13:00","CTA|SE","13776.00","14481.00"
"18/05/2022 13:00 - 18/05/2022 14:00","CTA|SE","13727.00","14395.00"
"18/05/2022 14:00 - 18/05/2022 15:00","CTA|SE","13836.00","14324.00"
"18/05/2022 15:00 - 18/05/2022 16:00","CTA|SE","14091.00","14438.00"
"18/05/2022 16:00 - 18/05/2022 17:00","CTA|SE","14189.00","14224.00"
"18/05/2022 17:00 - 18/05/2022 18:00","CTA|SE","14469.00","14110.00"
"18/05/2022 18:00 - 18/05/2022 19:00","CTA|SE","14304.00","13981.00"
"18/05/2022 19:00 - 18/05/2022 20:00","CTA|SE","13945.00","13773.00"
"18/05/2022 20:00 - 18/05/2022 21:00","CTA|SE","13447.00","13322.00"
"18/05/2022 21:00 - 18/05/2022 22:00","CTA|SE","12344.00","12620.00"
"18/05/2022 22:00 - 18/05/2022 23:00","CTA|SE","11573.00","12140.00"
"18/05/2022 23:00 - 19/05/2022 00:00","CTA|SE","11051.00","11903.00"
"19/05/2022 00:00 - 19/05/2022 01:00","CTA|SE","11092.00","11820.00"
"19/05/2022 01:00 - 19/05/2022 02:00","CTA|SE","11181.00","11793.00"
"19/05/2022 02:00 - 19/05/2022 03:00","CTA|SE","10996.00","11786.00"
"19/05/2022 03:00 - 19/05/2022 04:00","CTA|SE","11487.00","12144.00"
"19/05/2022 04:00 - 19/05/2022 05:00","CTA|SE","12975.00","13338.00"
"19/05/2022 05:00 - 19/05/2022 06:00","CTA|SE","14351.00","14397.00"
"19/05/2022 06:00 - 19/05/2022 07:00","CTA|SE","14684.00","14650.00"
"19/05/2022 07:00 - 19/05/2022 08:00","CTA|SE","14791.00","14578.00"
"19/05/2022 08:00 - 19/05/2022 09:00","CTA|SE","14733.00","14554.00"
"19/05/2022 09:00 - 19/05/2022 10:00","CTA|SE","14766.00","14474.00"
"19/05/2022 10:00 - 19/05/2022 11:00","CTA|SE","14604.00","14347.00"
"19/05/2022 11:00 - 19/05/2022 12:00","CTA|SE","14357.00","14157.00"
"19/05/2022 12:00 - 19/05/2022 13:00","CTA|SE","14026.00","13947.00"
"19/05/2022 13:00 - 19/05/2022 14:00","CTA|SE","14178.00","13836.00"
"19/05/2022 14:00 - 19/05/2022 15:00","CTA|SE","14299.00","13686.00"
"19/05/2022 15:00 - 19/05/2022 16:00","CTA|SE","14479.00","13759.00"
"19/05/2022 16:00 - 19/05/2022 17:00","CTA|SE","14077.00","13552.00"
"19/05/2022 17:00 - 19/05/2022 18:00","CTA|SE","14096.00","13426.00"
"19/05/2022 18:00 - 19/05/2022 19:00","CTA|SE","13888.00","13323.00"
"19/05/2022 19:00 - 19/05/2022 20:00","CTA|SE","13603.00","13136.00"
"19/05/2022 20:00 - 19/05/2022 21:00","CTA|SE","12861.00","12736.00"
"19/05/2022 21:00 - 19/05/2022 22:00","CTA|SE","12078.00","12086.00"
"19/05/2022 22:00 - 19/05/2022 23:00","CTA|SE","11472.00","11579.00"
"19/05/2022 23:00 - 20/05/2022 00:00","CTA|SE","10980.00","11323.00"
"20/05/2022 00:00 - 20/05/2022 01:00","CTA|SE","10866.00","11190.00"
"20/05/2022 01:00 - 20/05/2022 02:00","CTA|SE","11093.00","11166.00"
"20/05/2022 02:00 - 20/05/2022 03:00","CTA|SE","11484.00","11191.00"
"20/05/2022 03:00 - 20/05/2022 04:00","CTA|SE","11845.00","11565.00"
"20/05/2022 04:00 - 20/05/2022 05:00","CTA|SE","13311.00","12768.00"
"20/05/2022 05:00 - 20/05/2022 06:00","CTA|SE","14954.00","13917.00"
"20/05/2022 06:00 - 20/05/2022 07:00","CTA|SE","15641.00","14290.00"
"20/05/2022 07:00 - 20/05/2022 08:00","CTA|SE","15829.00","14320.00"
"20/05/2022 08:00 - 20/05/2022 09:00","CTA|SE","15615.00","14407.00"
"20/05/2022 09:00 - 20/05/2022 10:00","CTA|SE","15467.00","14337.00"
"20/05/2022 10:00 - 20/05/2022 11:00","CTA|SE","15189.00","14223.00"
"20/05/2022 11:00 - 20/05/2022 12:00","CTA|SE","14743.00","13975.00"
"20/05/2022 12:00 - 20/05/2022 13:00","CTA|SE","14444.00","13675.00"
"20/05/2022 13:00 - 20/05/2022 14:00","CTA|SE","14327.00","13491.00"
"20/05/2022 14:00 - 20/05/2022 15:00","CTA|SE","14215.00","13361.00"
"20/05/2022 15:00 - 20/05/2022 16:00","CTA|SE","14453.00","13522.00"
"20/05/2022 16:00 - 20/05/2022 17:00","CTA|SE","14074.00","13367.00"
"20/05/2022 17:00 - 20/05/2022 18:00","CTA|SE","13711.00","13062.00"
"20/05/2022 18:00 - 20/05/2022 19:00","CTA|SE","13329.00","12793.00"
"20/05/2022 19:00 - 20/05/2022 20:00","CTA|SE","13059.00","12612.00"
"20/05/2022 20:00 - 20/05/2022 21:00","CTA|SE","12816.00","12399.00"
"20/05/2022 21:00 - 20/05/2022 22:00","CTA|SE","12520.00","11978.00"
"20/05/2022 22:00 - 20/05/2022 23:00","CTA|SE","11796.00","11356.00"
"20/05/2022 23:00 - 21/05/2022 00:00","CTA|SE","11367.00","11062.00"
"21/05/2022 00:00 - 21/05/2022 01:00","CTA|SE","11364.00","10954.00"
"21/05/2022 01:00 - 21/05/2022 02:00","CTA|SE","11353.00","10867.00"
"21/05/2022 02:00 - 21/05/2022 03:00","CTA|SE","11215.00","10747.00"
"21/05/2022 03:00 - 21/05/2022 04:00","CTA|SE","10992.00","10693.00"
"21/05/2022 04:00 - 21/05/2022 05:00","CTA|SE","11304.00","10896.00"
"21/05/2022 05:00 - 21/05/2022 06:00","CTA|SE","12160.00","11400.00"
"21/05/2022 06:00 - 21/05/2022 07:00","CTA|SE","12451.00","12031.00"
"21/05/2022 07:00 - 21/05/2022 08:00","CTA|SE","12976.00","12555.00"
"21/05/2022 08:00 - 21/05/2022 09:00","CTA|SE","13392.00","12829.00"
"21/05/2022 09:00 - 21/05/2022 10:00","CTA|SE","13434.00","12888.00"
"21/05/2022 10:00 - 21/05/2022 11:00","CTA|SE","13570.00","12893.00"
"21/05/2022 11:00 - 21/05/2022 12:00","CTA|SE","13151.00","12760.00"
"21/05/2022 12:00 - 21/05/2022 13:00","CTA|SE","12949.00","12591.00"
"21/05/2022 13:00 - 21/05/2022 14:00","CTA|SE","12427.00","12515.00"
"21/05/2022 14:00 - 21/05/2022 15:00","CTA|SE","12579.00","12592.00"
"21/05/2022 15:00 - 21/05/2022 16:00","CTA|SE","12923.00","12807.00"
"21/05/2022 16:00 - 21/05/2022 17:00","CTA|SE","12909.00","12821.00"
"21/05/2022 17:00 - 21/05/2022 18:00","CTA|SE","12801.00","12656.00"
"21/05/2022 18:00 - 21/05/2022 19:00","CTA|SE","12682.00","12495.00"
"21/05/2022 19:00 - 21/05/2022 20:00","CTA|SE","12589.00","12399.00"
"21/05/2022 20:00 - 21/05/2022 21:00","CTA|SE","12384.00","12222.00"
"21/05/2022 21:00 - 21/05/2022 22:00","CTA|SE","12103.00","11841.00"
"21/05/2022 22:00 - 21/05/2022 23:00","CTA|SE","11770.00","11541.00"
"21/05/2022 23:00 - 22/05/2022 00:00","CTA|SE","11640.00","11288.00"
"22/05/2022 00:00 - 22/05/2022 01:00","CTA|SE","11566.00","11202.00"
"22/05/2022 01:00 - 22/05/2022 02:00","CTA|SE","11513.00","11085.00"
"22/05/2022 02:00 - 22/05/2022 03:00","CTA|SE","11396.00","10955.00"
"22/05/2022 03:00 - 22/05/2022 04:00","CTA|SE","11248.00","10883.00"
"22/05/2022 04:00 - 22/05/2022 05:00","CTA|SE","11459.00","11012.00"
"22/05/2022 05:00 - 22/05/2022 06:00","CTA|SE","11653.00","11296.00"
"22/05/2022 06:00 - 22/05/2022 07:00","CTA|SE","12073.00","11811.00"
"22/05/2022 07:00 - 22/05/2022 08:00","CTA|SE","12348.00","12312.00"
"22/05/2022 08:00 - 22/05/2022 09:00","CTA|SE","12477.00","12608.00"
"22/05/2022 09:00 - 22/05/2022 10:00","CTA|SE","12580.00","12762.00"
"22/05/2022 10:00 - 22/05/2022 11:00","CTA|SE","12464.00","12849.00"
"22/05/2022 11:00 - 22/05/2022 12:00","CTA|SE","12511.00","12705.00"
"22/05/2022 12:00 - 22/05/2022 13:00","CTA|SE","12376.00","12542.00"
"22/05/2022 13:00 - 22/05/2022 14:00","CTA|SE","12411.00","12542.00"
"22/05/2022 14:00 - 22/05/2022 15:00","CTA|SE","12719.00","12655.00"
"22/05/2022 15:00 - 22/05/2022 16:00","CTA|SE","13044.00","12953.00"
"22/05/2022 16:00 - 22/05/2022 17:00","CTA|SE","12968.00","13055.00"
"22/05/2022 17:00 - 22/05/2022 18:00","CTA|SE","13148.00","13092.00"
"22/05/2022 18:00 - 22/05/2022 19:00","CTA|SE","12989.00","12983.00"
"22/05/2022 19:00 - 22/05/2022 20:00","CTA|SE","12847.00","12858.00"
"22/05/2022 20:00 - 22/05/2022 21:00","CTA|SE","12807.00","12591.00"
"22/05/2022 21:00 - 22/05/2022 22:00","CTA|SE","12500.00","12048.00"
"22/05/2022 22:00 - 22/05/2022 23:00","CTA|SE","12271.00","11812.00"
"22/05/2022 23:00 - 23/05/2022 00:00","CTA|SE","12186.00","11616.00"
"23/05/2022 00:00 - 23/05/2022 01:00","CTA|SE","12148.00","11612.00"
"23/05/2022 01:00 - 23/05/2022 02:00","CTA|SE","12056.00","11602.00"
"23/05/2022 02:00 - 23/05/2022 03:00","CTA|SE","12084.00","11660.00"
"23/05/2022 03:00 - 23/05/2022 04:00","CTA|SE","12403.00","12142.00"
"23/05/2022 04:00 - 23/05/2022 05:00","CTA|SE","13564.00","13627.00"
"23/05/2022 05:00 - 23/05/2022 06:00","CTA|SE","14602.00","14961.00"
"23/05/2022 06:00 - 23/05/2022 07:00","CTA|SE","14767.00","15378.00"
"23/05/2022 07:00 - 23/05/2022 08:00","CTA|SE","14492.00","15348.00"
"23/05/2022 08:00 - 23/05/2022 09:00","CTA|SE","14561.00","15337.00"
"23/05/2022 09:00 - 23/05/2022 10:00","CTA|SE","14636.00","15316.00"
"23/05/2022 10:00 - 23/05/2022 11:00","CTA|SE","14430.00","15296.00"
"23/05/2022 11:00 - 23/05/2022 12:00","CTA|SE","14386.00","15129.00"
"23/05/2022 12:00 - 23/05/2022 13:00","CTA|SE","14437.00","15002.00"
"23/05/2022 13:00 - 23/05/2022 14:00","CTA|SE","14004.00","14927.00"
"23/05/2022 14:00 - 23/05/2022 15:00","CTA|SE","13828.00","14762.00"
"23/05/2022 15:00 - 23/05/2022 16:00","CTA|SE","14258.00","14808.00"
"23/05/2022 16:00 - 23/05/2022 17:00","CTA|SE","13969.00","14540.00"
"23/05/2022 17:00 - 23/05/2022 18:00","CTA|SE","13879.00","14319.00"
"23/05/2022 18:00 - 23/05/2022 19:00","CTA|SE","13736.00","14070.00"
"23/05/2022 19:00 - 23/05/2022 20:00","CTA|SE","13446.00","13785.00"
"23/05/2022 20:00 - 23/05/2022 21:00","CTA|SE","12782.00","13325.00"
"23/05/2022 21:00 - 23/05/2022 22:00","CTA|SE","11678.00","12573.00"
"23/05/2022 22:00 - 23/05/2022 23:00","CTA|SE","11395.00","11955.00"
"23/05/2022 23:00 - 24/05/2022 00:00","CTA|SE","11541.00","11705.00"
"24/05/2022 00:00 - 24/05/2022 01:00","CTA|SE","11405.00","11635.00"
"24/05/2022 01:00 - 24/05/2022 02:00","CTA|SE","11323.00","11623.00"
"24/05/2022 02:00 - 24/05/2022 03:00","CTA|SE","11043.00","11609.00"
"24/05/2022 03:00 - 24/05/2022 04:00","CTA|SE","11273.00","12045.00"
"24/05/2022 04:00 - 24/05/2022 05:00","CTA|SE","12396.00","13431.00"
"24/05/2022 05:00 - 24/05/2022 06:00","CTA|SE","13925.00","14663.00"
"24/05/2022 06:00 - 24/05/2022 07:00","CTA|SE","14296.00","14976.00"
"24/05/2022 07:00 - 24/05/2022 08:00","CTA|SE","14225.00","14940.00"
"24/05/2022 08:00 - 24/05/2022 09:00","CTA|SE","14253.00","14947.00"
"24/05/2022 09:00 - 24/05/2022 10:00","CTA|SE","14244.00","14946.00"
"24/05/2022 10:00 - 24/05/2022 11:00","CTA|SE","14200.00","14896.00"
"24/05/2022 11:00 - 24/05/2022 12:00","CTA|SE","14370.00","14785.00"
"24/05/2022 12:00 - 24/05/2022 13:00","CTA|SE","14316.00","14646.00"
"24/05/2022 13:00 - 24/05/2022 14:00","CTA|SE","14367.00","14640.00"
"24/05/2022 14:00 - 24/05/2022 15:00","CTA|SE","14362.00","14529.00"
"24/05/2022 15:00 - 24/05/2022 16:00","CTA|SE","14556.00","14645.00"
"24/05/2022 16:00 - 24/05/2022 17:00","CTA|SE","13987.00","14399.00"
"24/05/2022 17:00 - 24/05/2022 18:00","CTA|SE","13895.00","14224.00"
"24/05/2022 18:00 - 24/05/2022 19:00","CTA|SE","13866.00","13988.00"
"24/05/2022 19:00 - 24/05/2022 20:00","CTA|SE","13699.00","13703.00"
"24/05/2022 20:00 - 24/05/2022 21:00","CTA|SE","13054.00","13256.00"
"24/05/2022 21:00 - 24/05/2022 22:00","CTA|SE","11735.00","12523.00"
"24/05/2022 22:00 - 24/05/2022 23:00","CTA|SE","11191.00","11939.00"
"24/05/2022 23:00 - 25/05/2022 00:00","CTA|SE","11338.00","11697.00"
"25/05/2022 00:00 - 25/05/2022 01:00","CTA|SE","11027.00","11604.00"
"25/05/2022 01:00 - 25/05/2022 02:00","CTA|SE","10519.00","11561.00"
"25/05/2022 02:00 - 25/05/2022 03:00","CTA|SE","10928.00","11507.00"
"25/05/2022 03:00 - 25/05/2022 04:00","CTA|SE","11467.00","11875.00"
"25/05/2022 04:00 - 25/05/2022 05:00","CTA|SE","12949.00","13075.00"
"25/05/2022 05:00 - 25/05/2022 06:00","CTA|SE","14220.00","14161.00"
"25/05/2022 06:00 - 25/05/2022 07:00","CTA|SE","15027.00","14465.00"
"25/05/2022 07:00 - 25/05/2022 08:00","CTA|SE","14505.00","14433.00"
"25/05/2022 08:00 - 25/05/2022 09:00","CTA|SE","14362.00","14461.00"
"25/05/2022 09:00 - 25/05/2022 10:00","CTA|SE","14638.00","14476.00"
"25/05/2022 10:00 - 25/05/2022 11:00","CTA|SE","14139.00","14457.00"
"25/05/2022 11:00 - 25/05/2022 12:00","CTA|SE","13739.00","14362.00"
"25/05/2022 12:00 - 25/05/2022 13:00","CTA|SE","13817.00","14246.00"
"25/05/2022 13:00 - 25/05/2022 14:00","CTA|SE","14135.00","14180.00"
"25/05/2022 14:00 - 25/05/2022 15:00","CTA|SE","14239.00","14082.00"
"25/05/2022 15:00 - 25/05/2022 16:00","CTA|SE","14569.00","14164.00"
"25/05/2022 16:00 - 25/05/2022 17:00","CTA|SE","14073.00","13945.00"
"25/05/2022 17:00 - 25/05/2022 18:00","CTA|SE","13956.00","13800.00"
"25/05/2022 18:00 - 25/05/2022 19:00","CTA|SE","13811.00","13633.00"
"25/05/2022 19:00 - 25/05/2022 20:00","CTA|SE","13356.00","13411.00"
"25/05/2022 20:00 - 25/05/2022 21:00","CTA|SE","13096.00","13068.00"
"25/05/2022 21:00 - 25/05/2022 22:00","CTA|SE","12608.00","12454.00"
"25/05/2022 22:00 - 25/05/2022 23:00","CTA|SE","11957.00","12031.00"
"25/05/2022 23:00 - 26/05/2022 00:00","CTA|SE","11618.00","11747.00"
"26/05/2022 00:00 - 26/05/2022 01:00","CTA|SE","11420.00","11628.00"
"26/05/2022 01:00 - 26/05/2022 02:00","CTA|SE","11449.00","11568.00"
"26/05/2022 02:00 - 26/05/2022 03:00","CTA|SE","11058.00","11438.00"
"26/05/2022 03:00 - 26/05/2022 04:00","CTA|SE","11094.00","11465.00"
"26/05/2022 04:00 - 26/05/2022 05:00","CTA|SE","11826.00","11766.00"
"26/05/2022 05:00 - 26/05/2022 06:00","CTA|SE","12567.00","12182.00"
"26/05/2022 06:00 - 26/05/2022 07:00","CTA|SE","12848.00","12718.00"
"26/05/2022 07:00 - 26/05/2022 08:00","CTA|SE","12693.00","13137.00"
"26/05/2022 08:00 - 26/05/2022 09:00","CTA|SE","12858.00","13383.00"
"26/05/2022 09:00 - 26/05/2022 10:00","CTA|SE","13383.00","13450.00"
"26/05/2022 10:00 - 26/05/2022 11:00","CTA|SE","13180.00","13442.00"
"26/05/2022 11:00 - 26/05/2022 12:00","CTA|SE","13136.00","13329.00"
"26/05/2022 12:00 - 26/05/2022 13:00","CTA|SE","13229.00","13147.00"
"26/05/2022 13:00 - 26/05/2022 14:00","CTA|SE","12995.00","13090.00"
"26/05/2022 14:00 - 26/05/2022 15:00","CTA|SE","12984.00","13200.00"
"26/05/2022 15:00 - 26/05/2022 16:00","CTA|SE","13221.00","13400.00"
"26/05/2022 16:00 - 26/05/2022 17:00","CTA|SE","13203.00","13410.00"
"26/05/2022 17:00 - 26/05/2022 18:00","CTA|SE","13150.00","13286.00"
"26/05/2022 18:00 - 26/05/2022 19:00","CTA|SE","12823.00","13090.00"
"26/05/2022 19:00 - 26/05/2022 20:00","CTA|SE","12728.00","12967.00"
"26/05/2022 20:00 - 26/05/2022 21:00","CTA|SE","12649.00","12764.00"
"26/05/2022 21:00 - 26/05/2022 22:00","CTA|SE","12192.00","12291.00"
"26/05/2022 22:00 - 26/05/2022 23:00","CTA|SE","11899.00","11874.00"
"26/05/2022 23:00 - 27/05/2022 00:00","CTA|SE","11509.00","11658.00"
"27/05/2022 00:00 - 27/05/2022 01:00","CTA|SE","11209.00","11553.00"
"27/05/2022 01:00 - 27/05/2022 02:00","CTA|SE","11468.00","11555.00"
"27/05/2022 02:00 - 27/05/2022 03:00","CTA|SE","11278.00","11489.00"
"27/05/2022 03:00 - 27/05/2022 04:00","CTA|SE","11447.00","11706.00"
"27/05/2022 04:00 - 27/05/2022 05:00","CTA|SE","12486.00","12504.00"
"27/05/2022 05:00 - 27/05/2022 06:00","CTA|SE","13627.00","13348.00"
"27/05/2022 06:00 - 27/05/2022 07:00","CTA|SE","14056.00","13940.00"
"27/05/2022 07:00 - 27/05/2022 08:00","CTA|SE","14267.00","14201.00"
"27/05/2022 08:00 - 27/05/2022 09:00","CTA|SE","14153.00","14222.00"
"27/05/2022 09:00 - 27/05/2022 10:00","CTA|SE","13793.00","14177.00"
"27/05/2022 10:00 - 27/05/2022 11:00","CTA|SE","13334.00","14109.00"
"27/05/2022 11:00 - 27/05/2022 12:00","CTA|SE","13555.00","13938.00"
"27/05/2022 12:00 - 27/05/2022 13:00","CTA|SE","13466.00","13783.00"
"27/05/2022 13:00 - 27/05/2022 14:00","CTA|SE","13396.00","13681.00"
"27/05/2022 14:00 - 27/05/2022 15:00","CTA|SE","13140.00","13613.00"
"27/05/2022 15:00 - 27/05/2022 16:00","CTA|SE","13323.00","13694.00"
"27/05/2022 16:00 - 27/05/2022 17:00","CTA|SE","14058.00","13623.00"
"27/05/2022 17:00 - 27/05/2022 18:00","CTA|SE","13808.00","13434.00"
"27/05/2022 18:00 - 27/05/2022 19:00","CTA|SE","13323.00","13186.00"
"27/05/2022 19:00 - 27/05/2022 20:00","CTA|SE","12863.00","13047.00"
"27/05/2022 20:00 - 27/05/2022 21:00","CTA|SE","12710.00","12864.00"
"27/05/2022 21:00 - 27/05/2022 22:00","CTA|SE","12164.00","12463.00"
"27/05/2022 22:00 - 27/05/2022 23:00","CTA|SE","11832.00","11875.00"
"27/05/2022 23:00 - 28/05/2022 00:00","CTA|SE","11528.00","11573.00"
"28/05/2022 00:00 - 28/05/2022 01:00","CTA|SE","11470.00","11428.00"
"28/05/2022 01:00 - 28/05/2022 02:00","CTA|SE","11340.00","11298.00"
"28/05/2022 02:00 - 28/05/2022 03:00","CTA|SE","11282.00","11141.00"
"28/05/2022 03:00 - 28/05/2022 04:00","CTA|SE","11205.00","11098.00"
"28/05/2022 04:00 - 28/05/2022 05:00","CTA|SE","11691.00","11334.00"
"28/05/2022 05:00 - 28/05/2022 06:00","CTA|SE","12275.00","11801.00"
"28/05/2022 06:00 - 28/05/2022 07:00","CTA|SE","12740.00","12452.00"
"28/05/2022 07:00 - 28/05/2022 08:00","CTA|SE","13219.00","12990.00"
"28/05/2022 08:00 - 28/05/2022 09:00","CTA|SE","13496.00","13301.00"
"28/05/2022 09:00 - 28/05/2022 10:00","CTA|SE","13552.00","13386.00"
"28/05/2022 10:00 - 28/05/2022 11:00","CTA|SE","13455.00","13382.00"
"28/05/2022 11:00 - 28/05/2022 12:00","CTA|SE","13289.00","13255.00"
"28/05/2022 12:00 - 28/05/2022 13:00","CTA|SE","12791.00","13084.00"
"28/05/2022 13:00 - 28/05/2022 14:00","CTA|SE","12886.00","12987.00"
"28/05/2022 14:00 - 28/05/2022 15:00","CTA|SE","13238.00","13011.00"
"28/05/2022 15:00 - 28/05/2022 16:00","CTA|SE","13205.00","13186.00"
"28/05/2022 16:00 - 28/05/2022 17:00","CTA|SE","13192.00","13168.00"
"28/05/2022 17:00 - 28/05/2022 18:00","CTA|SE","13126.00","12996.00"
"28/05/2022 18:00 - 28/05/2022 19:00","CTA|SE","13199.00","12793.00"
"28/05/2022 19:00 - 28/05/2022 20:00","CTA|SE","12952.00","12611.00"
"28/05/2022 20:00 - 28/05/2022 21:00","CTA|SE","12947.00","12423.00"
"28/05/2022 21:00 - 28/05/2022 22:00","CTA|SE","12417.00","12034.00"
"28/05/2022 22:00 - 28/05/2022 23:00","CTA|SE","12101.00","11696.00"
"28/05/2022 23:00 - 29/05/2022 00:00","CTA|SE","11977.00","11443.00"
"29/05/2022 00:00 - 29/05/2022 01:00","CTA|SE","11842.00","11302.00"
"29/05/2022 01:00 - 29/05/2022 02:00","CTA|SE","11559.00","11179.00"
"29/05/2022 02:00 - 29/05/2022 03:00","CTA|SE","11249.00","11007.00"
"29/05/2022 03:00 - 29/05/2022 04:00","CTA|SE","11347.00","10946.00"
"29/05/2022 04:00 - 29/05/2022 05:00","CTA|SE","11674.00","11099.00"
"29/05/2022 05:00 - 29/05/2022 06:00","CTA|SE","12040.00","11415.00"
"29/05/2022 06:00 - 29/05/2022 07:00","CTA|SE","12132.00","11924.00"
"29/05/2022 07:00 - 29/05/2022 08:00","CTA|SE","12611.00","12385.00"
"29/05/2022 08:00 - 29/05/2022 09:00","CTA|SE","12723.00","12697.00"
"29/05/2022 09:00 - 29/05/2022 10:00","CTA|SE","12775.00","12872.00"
"29/05/2022 10:00 - 29/05/2022 11:00","CTA|SE","12673.00","12912.00"
"29/05/2022 11:00 - 29/05/2022 12:00","CTA|SE","12528.00","12819.00"
"29/05/2022 12:00 - 29/05/2022 13:00","CTA|SE","12221.00","12696.00"
"29/05/2022 13:00 - 29/05/2022 14:00","CTA|SE","12104.00","12651.00"
"29/05/2022 14:00 - 29/05/2022 15:00","CTA|SE","12409.00","12761.00"
"29/05/2022 15:00 - 29/05/2022 16:00","CTA|SE","12693.00","12985.00"
"29/05/2022 16:00 - 29/05/2022 17:00","CTA|SE","12905.00","13051.00"
"29/05/2022 17:00 - 29/05/2022 18:00","CTA|SE","13051.00","13057.00"
"29/05/2022 18:00 - 29/05/2022 19:00","CTA|SE","13143.00","12943.00"
"29/05/2022 19:00 - 29/05/2022 20:00","CTA|SE","13031.00","12765.00"
"29/05/2022 20:00 - 29/05/2022 21:00","CTA|SE","12498.00","12537.00"
"29/05/2022 21:00 - 29/05/2022 22:00","CTA|SE","11784.00","12058.00"
"29/05/2022 22:00 - 29/05/2022 23:00","CTA|SE","11491.00","11656.00"
"29/05/2022 23:00 - 30/05/2022 00:00","CTA|SE","11553.00","11449.00"
"30/05/2022 00:00 - 30/05/2022 01:00","CTA|SE","11311.00","11396.00"
"30/05/2022 01:00 - 30/05/2022 02:00","CTA|SE","11698.00","11345.00"
"30/05/2022 02:00 - 30/05/2022 03:00","CTA|SE","11765.00","11348.00"
"30/05/2022 03:00 - 30/05/2022 04:00","CTA|SE","12160.00","11787.00"
"30/05/2022 04:00 - 30/05/2022 05:00","CTA|SE","13371.00","13121.00"
"30/05/2022 05:00 - 30/05/2022 06:00","CTA|SE","14585.00","14335.00"
"30/05/2022 06:00 - 30/05/2022 07:00","CTA|SE","14926.00","14772.00"
"30/05/2022 07:00 - 30/05/2022 08:00","CTA|SE","14961.00","14781.00"
"30/05/2022 08:00 - 30/05/2022 09:00","CTA|SE","14744.00","14844.00"
"30/05/2022 09:00 - 30/05/2022 10:00","CTA|SE","14698.00","14862.00"
"30/05/2022 10:00 - 30/05/2022 11:00","CTA|SE","14604.00","14804.00"
"30/05/2022 11:00 - 30/05/2022 12:00","CTA|SE","14540.00","14691.00"
"30/05/2022 12:00 - 30/05/2022 13:00","CTA|SE","14417.00","14580.00"
"30/05/2022 13:00 - 30/05/2022 14:00","CTA|SE","14443.00","14492.00"
"30/05/2022 14:00 - 30/05/2022 15:00","CTA|SE","14253.00","14338.00"
"30/05/2022 15:00 - 30/05/2022 16:00","CTA|SE","14268.00","14368.00"
"30/05/2022 16:00 - 30/05/2022 17:00","CTA|SE","14050.00","14171.00"
"30/05/2022 17:00 - 30/05/2022 18:00","CTA|SE","13940.00","13971.00"
"30/05/2022 18:00 - 30/05/2022 19:00","CTA|SE","13904.00","13749.00"
"30/05/2022 19:00 - 30/05/2022 20:00","CTA|SE","13457.00","13484.00"
"30/05/2022 20:00 - 30/05/2022 21:00","CTA|SE","13206.00","13083.00"
"30/05/2022 21:00 - 30/05/2022 22:00","CTA|SE","12168.00","12407.00"
"30/05/2022 22:00 - 30/05/2022 23:00","CTA|SE","11988.00","11942.00"
"30/05/2022 23:00 - 31/05/2022 00:00","CTA|SE","11743.00","11690.00"
"31/05/2022 00:00 - 31/05/2022 01:00","CTA|SE","11490.00","11599.00"
"31/05/2022 01:00 - 31/05/2022 02:00","CTA|SE","11503.00","11543.00"
"31/05/2022 02:00 - 31/05/2022 03:00","CTA|SE","11468.00","11469.00"
"31/05/2022 03:00 - 31/05/2022 04:00","CTA|SE","11855.00","11864.00"
"31/05/2022 04:00 - 31/05/2022 05:00","CTA|SE","13323.00","13120.00"
"31/05/2022 05:00 - 31/05/2022 06:00","CTA|SE","14663.00","14287.00"
"31/05/2022 06:00 - 31/05/2022 07:00","CTA|SE","15281.00","14679.00"
"31/05/2022 07:00 - 31/05/2022 08:00","CTA|SE","15214.00","14728.00"
"31/05/2022 08:00 - 31/05/2022 09:00","CTA|SE","15209.00","14826.00"
"31/05/2022 09:00 - 31/05/2022 10:00","CTA|SE","15152.00","14869.00"
"31/05/2022 10:00 - 31/05/2022 11:00","CTA|SE","14952.00","14831.00"
"31/05/2022 11:00 - 31/05/2022 12:00","CTA|SE","14854.00","14731.00"
"31/05/2022 12:00 - 31/05/2022 13:00","CTA|SE","14867.00","14609.00"
"31/05/2022 13:00 - 31/05/2022 14:00","CTA|SE","14483.00","14538.00"
"31/05/2022 14:00 - 31/05/2022 15:00","CTA|SE","14064.00","14373.00"
"31/05/2022 15:00 - 31/05/2022 16:00","CTA|SE","14213.00","14400.00"
"31/05/2022 16:00 - 31/05/2022 17:00","CTA|SE","14162.00","14152.00"
"31/05/2022 17:00 - 31/05/2022 18:00","CTA|SE","14250.00","13972.00"
"31/05/2022 18:00 - 31/05/2022 19:00","CTA|SE","14200.00","13731.00"
"31/05/2022 19:00 - 31/05/2022 20:00","CTA|SE","13660.00","13434.00"
"31/05/2022 20:00 - 31/05/2022 21:00","CTA|SE","13134.00","13070.00"
"31/05/2022 21:00 - 31/05/2022 22:00","CTA|SE","12193.00","12423.00"
"31/05/2022 22:00 - 31/05/2022 23:00","CTA|SE","11613.00","11971.00"
"31/05/2022 23:00 - 01/06/2022 00:00","CTA|SE","11448.00","11709.00"
"01/06/2022 00:00 - 01/06/2022 01:00","CTA|SE","11674.00","11610.00"
"01/06/2022 01:00 - 01/06/2022 02:00","CTA|SE","11604.00","11541.00"
"01/06/2022 02:00 - 01/06/2022 03:00","CTA|SE","11742.00","11467.00"
"01/06/2022 03:00 - 01/06/2022 04:00","CTA|SE","12341.00","11864.00"
"01/06/2022 04:00 - 01/06/2022 05:00","CTA|SE","13736.00","13106.00"
"01/06/2022 05:00 - 01/06/2022 06:00","CTA|SE","14057.00","14261.00"
"01/06/2022 06:00 - 01/06/2022 07:00","CTA|SE","14650.00","14646.00"
"01/06/2022 07:00 - 01/06/2022 08:00","CTA|SE","15132.00","14666.00"
"01/06/2022 08:00 - 01/06/2022 09:00","CTA|SE","14940.00","14731.00"
"01/06/2022 09:00 - 01/06/2022 10:00","CTA|SE","14686.00","14767.00"
"01/06/2022 10:00 - 01/06/2022 11:00","CTA|SE","14387.00","14725.00"
"01/06/2022 11:00 - 01/06/2022 12:00","CTA|SE","14218.00","14613.00"
"01/06/2022 12:00 - 01/06/2022 13:00","CTA|SE","14214.00","14470.00"
"01/06/2022 13:00 - 01/06/2022 14:00","CTA|SE","14148.00","14397.00"
"01/06/2022 14:00 - 01/06/2022 15:00","CTA|SE","14110.00","14248.00"
"01/06/2022 15:00 - 01/06/2022 16:00","CTA|SE","14212.00","14284.00"
"01/06/2022 16:00 - 01/06/2022 17:00","CTA|SE","14025.00","14049.00"
"01/06/2022 17:00 - 01/06/2022 18:00","CTA|SE","13751.00","13864.00"
"01/06/2022 18:00 - 01/06/2022 19:00","CTA|SE","13733.00","13633.00"
"01/06/2022 19:00 - 01/06/2022 20:00","CTA|SE","13503.00","13354.00"
"01/06/2022 20:00 - 01/06/2022 21:00","CTA|SE","13033.00","13002.00"
"01/06/2022 21:00 - 01/06/2022 22:00","CTA|SE","12348.00","12366.00"
"01/06/2022 22:00 - 01/06/2022 23:00","CTA|SE","11520.00","11837.00"
"01/06/2022 23:00 - 02/06/2022 00:00","CTA|SE","11526.00","11590.00"
"02/06/2022 00:00 - 02/06/2022 01:00","CTA|SE","11727.00","11508.00"
"02/06/2022 01:00 - 02/06/2022 02:00","CTA|SE","11755.00","11459.00"
"02/06/2022 02:00 - 02/06/2022 03:00","CTA|SE","11607.00","11394.00"
"02/06/2022 03:00 - 02/06/2022 04:00","CTA|SE","11850.00","11800.00"
"02/06/2022 04:00 - 02/06/2022 05:00","CTA|SE","13241.00","13046.00"
"02/06/2022 05:00 - 02/06/2022 06:00","CTA|SE","14351.00","14203.00"
"02/06/2022 06:00 - 02/06/2022 07:00","CTA|SE","14668.00","14609.00"
"02/06/2022 07:00 - 02/06/2022 08:00","CTA|SE","15119.00","14674.00"
"02/06/2022 08:00 - 02/06/2022 09:00","CTA|SE","15279.00","14765.00"
"02/06/2022 09:00 - 02/06/2022 10:00","CTA|SE","15491.00","14809.00"
"02/06/2022 10:00 - 02/06/2022 11:00","CTA|SE","15200.00","14772.00"
"02/06/2022 11:00 - 02/06/2022 12:00","CTA|SE","15126.00","14680.00"
"02/06/2022 12:00 - 02/06/2022 13:00","CTA|SE","14971.00","14572.00"
"02/06/2022 13:00 - 02/06/2022 14:00","CTA|SE","14719.00","14501.00"
"02/06/2022 14:00 - 02/06/2022 15:00","CTA|SE","14465.00","14322.00"
"02/06/2022 15:00 - 02/06/2022 16:00","CTA|SE","14654.00","14353.00"
"02/06/2022 16:00 - 02/06/2022 17:00","CTA|SE","14349.00","14118.00"
"02/06/2022 17:00 - 02/06/2022 18:00","CTA|SE","14381.00","13936.00"
"02/06/2022 18:00 - 02/06/2022 19:00","CTA|SE","13827.00","13693.00"
"02/06/2022 19:00 - 02/06/2022 20:00","CTA|SE","13212.00","13393.00"
"02/06/2022 20:00 - 02/06/2022 21:00","CTA|SE","13422.00","13035.00"
"02/06/2022 21:00 - 02/06/2022 22:00","CTA|SE","13330.00","12397.00"
"02/06/2022 22:00 - 02/06/2022 23:00","CTA|SE","12590.00","11836.00"
"02/06/2022 23:00 - 03/06/2022 00:00","CTA|SE","11956.00","11587.00"
"03/06/2022 00:00 - 03/06/2022 01:00","CTA|SE","11514.00","11466.00"
"03/06/2022 01:00 - 03/06/2022 02:00","CTA|SE","11549.00","11370.00"
"03/06/2022 02:00 - 03/06/2022 03:00","CTA|SE","11396.00","11315.00"
"03/06/2022 03:00 - 03/06/2022 04:00","CTA|SE","11758.00","11701.00"
"03/06/2022 04:00 - 03/06/2022 05:00","CTA|SE","13303.00","12898.00"
"03/06/2022 05:00 - 03/06/2022 06:00","CTA|SE","14527.00","14089.00"
"03/06/2022 06:00 - 03/06/2022 07:00","CTA|SE","15388.00","14542.00"
"03/06/2022 07:00 - 03/06/2022 08:00","CTA|SE","15177.00","14624.00"
"03/06/2022 08:00 - 03/06/2022 09:00","CTA|SE","14961.00","14696.00"
"03/06/2022 09:00 - 03/06/2022 10:00","CTA|SE","14424.00","14665.00"
"03/06/2022 10:00 - 03/06/2022 11:00","CTA|SE","14241.00","14534.00"
"03/06/2022 11:00 - 03/06/2022 12:00","CTA|SE","13887.00","14246.00"
"03/06/2022 12:00 - 03/06/2022 13:00","CTA|SE","13739.00","14001.00"
"03/06/2022 13:00 - 03/06/2022 14:00","CTA|SE","13631.00","13790.00"
"03/06/2022 14:00 - 03/06/2022 15:00","CTA|SE","13349.00","13609.00"
"03/06/2022 15:00 - 03/06/2022 16:00","CTA|SE","13561.00","13587.00"
"03/06/2022 16:00 - 03/06/2022 17:00","CTA|SE","13513.00","13374.00"
"03/06/2022 17:00 - 03/06/2022 18:00","CTA|SE","13382.00","13078.00"
"03/06/2022 18:00 - 03/06/2022 19:00","CTA|SE","12737.00","12751.00"
"03/06/2022 19:00 - 03/06/2022 20:00","CTA|SE","12573.00","12457.00"
"03/06/2022 20:00 - 03/06/2022 21:00","CTA|SE","12237.00","12290.00"
"03/06/2022 21:00 - 03/06/2022 22:00","CTA|SE","11570.00","11884.00"
"03/06/2022 22:00 - 03/06/2022 23:00","CTA|SE","11046.00","11458.00"
"03/06/2022 23:00 - 04/06/2022 00:00","CTA|SE","10946.00","11166.00"
"04/06/2022 00:00 - 04/06/2022 01:00","CTA|SE","10749.00","11034.00"
"04/06/2022 01:00 - 04/06/2022 02:00","CTA|SE","10794.00","10895.00"
"04/06/2022 02:00 - 04/06/2022 03:00","CTA|SE","10564.00","10721.00"
"04/06/2022 03:00 - 04/06/2022 04:00","CTA|SE","10686.00","10676.00"
"04/06/2022 04:00 - 04/06/2022 05:00","CTA|SE","11019.00","10873.00"
"04/06/2022 05:00 - 04/06/2022 06:00","CTA|SE","11529.00","11280.00"
"04/06/2022 06:00 - 04/06/2022 07:00","CTA|SE","12226.00","11838.00"
"04/06/2022 07:00 - 04/06/2022 08:00","CTA|SE","12597.00","12289.00"
"04/06/2022 08:00 - 04/06/2022 09:00","CTA|SE","12714.00","12515.00"
"04/06/2022 09:00 - 04/06/2022 10:00","CTA|SE","12411.00","12556.00"
"04/06/2022 10:00 - 04/06/2022 11:00","CTA|SE","11826.00","12511.00"
"04/06/2022 11:00 - 04/06/2022 12:00","CTA|SE","11788.00","12347.00"
"04/06/2022 12:00 - 04/06/2022 13:00","CTA|SE","11581.00","12140.00"
"04/06/2022 13:00 - 04/06/2022 14:00","CTA|SE","11780.00","12035.00"
"04/06/2022 14:00 - 04/06/2022 15:00","CTA|SE","12156.00","12089.00"
"04/06/2022 15:00 - 04/06/2022 16:00","CTA|SE","12319.00","12259.00"
"04/06/2022 16:00 - 04/06/2022 17:00","CTA|SE","12388.00","12273.00"
"04/06/2022 17:00 - 04/06/2022 18:00","CTA|SE","12334.00","12145.00"
"04/06/2022 18:00 - 04/06/2022 19:00","CTA|SE","12332.00","12012.00"
"04/06/2022 19:00 - 04/06/2022 20:00","CTA|SE","11931.00","11861.00"
"04/06/2022 20:00 - 04/06/2022 21:00","CTA|SE","11755.00","11730.00"
"04/06/2022 21:00 - 04/06/2022 22:00","CTA|SE","11539.00","11386.00"
"04/06/2022 22:00 - 04/06/2022 23:00","CTA|SE","10923.00","11097.00"
"04/06/2022 23:00 - 05/06/2022 00:00","CTA|SE","10481.00","10856.00"
"05/06/2022 00:00 - 05/06/2022 01:00","CTA|SE","10425.00","10708.00"
"05/06/2022 01:00 - 05/06/2022 02:00","CTA|SE","10541.00","10577.00"
"05/06/2022 02:00 - 05/06/2022 03:00","CTA|SE","10330.00","10394.00"
"05/06/2022 03:00 - 05/06/2022 04:00","CTA|SE","10227.00","10345.00"
"05/06/2022 04:00 - 05/06/2022 05:00","CTA|SE","10248.00","10489.00"
"05/06/2022 05:00 - 05/06/2022 06:00","CTA|SE","10647.00","10801.00"
"05/06/2022 06:00 - 05/06/2022 07:00","CTA|SE","11387.00","11288.00"
"05/06/2022 07:00 - 05/06/2022 08:00","CTA|SE","11757.00","11764.00"
"05/06/2022 08:00 - 05/06/2022 09:00","CTA|SE","12040.00","12076.00"
"05/06/2022 09:00 - 05/06/2022 10:00","CTA|SE","11868.00","12208.00"
"05/06/2022 10:00 - 05/06/2022 11:00","CTA|SE","12030.00","12211.00"
"05/06/2022 11:00 - 05/06/2022 12:00","CTA|SE","12217.00","12137.00"
"05/06/2022 12:00 - 05/06/2022 13:00","CTA|SE","12404.00","12005.00"
"05/06/2022 13:00 - 05/06/2022 14:00","CTA|SE","12282.00","11977.00"
"05/06/2022 14:00 - 05/06/2022 15:00","CTA|SE","12275.00","12074.00"
"05/06/2022 15:00 - 05/06/2022 16:00","CTA|SE","12403.00","12279.00"
"05/06/2022 16:00 - 05/06/2022 17:00","CTA|SE","12271.00","12367.00"
"05/06/2022 17:00 - 05/06/2022 18:00","CTA|SE","12350.00","12401.00"
"05/06/2022 18:00 - 05/06/2022 19:00","CTA|SE","12216.00","12315.00"
"05/06/2022 19:00 - 05/06/2022 20:00","CTA|SE","12314.00","12126.00"
"05/06/2022 20:00 - 05/06/2022 21:00","CTA|SE","12017.00","11946.00"
"05/06/2022 21:00 - 05/06/2022 22:00","CTA|SE","11086.00","11535.00"
"05/06/2022 22:00 - 05/06/2022 23:00","CTA|SE","10663.00","11505.00"
"05/06/2022 23:00 - 06/06/2022 00:00","CTA|SE","10321.00","11180.00"
"06/06/2022 00:00 - 06/06/2022 01:00","CTA|SE","10134.00","11045.00"
"06/06/2022 01:00 - 06/06/2022 02:00","CTA|SE","10355.00","10847.00"
"06/06/2022 02:00 - 06/06/2022 03:00","CTA|SE","10480.00","10677.00"
"06/06/2022 03:00 - 06/06/2022 04:00","CTA|SE","10699.00","10778.00"
"06/06/2022 04:00 - 06/06/2022 05:00","CTA|SE","10750.00","11165.00"
"06/06/2022 05:00 - 06/06/2022 06:00","CTA|SE","11281.00","11772.00"
"06/06/2022 06:00 - 06/06/2022 07:00","CTA|SE","11774.00","12410.00"
"06/06/2022 07:00 - 06/06/2022 08:00","CTA|SE","12128.00","12895.00"
"06/06/2022 08:00 - 06/06/2022 09:00","CTA|SE","12270.00","13222.00"
"06/06/2022 09:00 - 06/06/2022 10:00","CTA|SE","12205.00","13284.00"
"06/06/2022 10:00 - 06/06/2022 11:00","CTA|SE","12125.00","13307.00"
"06/06/2022 11:00 - 06/06/2022 12:00","CTA|SE","12344.00","13178.00"
"06/06/2022 12:00 - 06/06/2022 13:00","CTA|SE","12194.00","13078.00"
"06/06/2022 13:00 - 06/06/2022 14:00","CTA|SE","12501.00","13017.00"
"06/06/2022 14:00 - 06/06/2022 15:00","CTA|SE","12960.00","13064.00"
"06/06/2022 15:00 - 06/06/2022 16:00","CTA|SE","13208.00","13130.00"
"06/06/2022 16:00 - 06/06/2022 17:00","CTA|SE","13042.00","13088.00"
"06/06/2022 17:00 - 06/06/2022 18:00","CTA|SE","12757.00","12919.00"
"06/06/2022 18:00 - 06/06/2022 19:00","CTA|SE","12756.00","12714.00"
"06/06/2022 19:00 - 06/06/2022 20:00","CTA|SE","12365.00","12537.00"
"06/06/2022 20:00 - 06/06/2022 21:00","CTA|SE","11807.00","12309.00"
"06/06/2022 21:00 - 06/06/2022 22:00","CTA|SE","11269.00","11864.00"
"06/06/2022 22:00 - 06/06/2022 23:00","CTA|SE","10896.00","11626.00"
"06/06/2022 23:00 - 07/06/2022 00:00","CTA|SE","10677.00","11384.00"
"07/06/2022 00:00 - 07/06/2022 01:00","CTA|SE","10662.00","11295.00"
"07/06/2022 01:00 - 07/06/2022 02:00","CTA|SE","10964.00","11221.00"
"07/06/2022 02:00 - 07/06/2022 03:00","CTA|SE","11163.00","11135.00"
"07/06/2022 03:00 - 07/06/2022 04:00","CTA|SE","11550.00","11517.00"
"07/06/2022 04:00 - 07/06/2022 05:00","CTA|SE","13144.00","12715.00"
"07/06/2022 05:00 - 07/06/2022 06:00","CTA|SE","14314.00","13817.00"
"07/06/2022 06:00 - 07/06/2022 07:00","CTA|SE","14959.00","14228.00"
"07/06/2022 07:00 - 07/06/2022 08:00","CTA|SE","14988.00","14308.00"
"07/06/2022 08:00 - 07/06/2022 09:00","CTA|SE","14893.00","14388.00"
"07/06/2022 09:00 - 07/06/2022 10:00","CTA|SE","14731.00","14446.00"
"07/06/2022 10:00 - 07/06/2022 11:00","CTA|SE","14533.00","14449.00"
"07/06/2022 11:00 - 07/06/2022 12:00","CTA|SE","14327.00","14375.00"
"07/06/2022 12:00 - 07/06/2022 13:00","CTA|SE","14249.00","14306.00"
"07/06/2022 13:00 - 07/06/2022 14:00","CTA|SE","14290.00","14256.00"
"07/06/2022 14:00 - 07/06/2022 15:00","CTA|SE","14399.00","14095.00"
"07/06/2022 15:00 - 07/06/2022 16:00","CTA|SE","14433.00","14128.00"
"07/06/2022 16:00 - 07/06/2022 17:00","CTA|SE","14075.00","13899.00"
"07/06/2022 17:00 - 07/06/2022 18:00","CTA|SE","14135.00","13703.00"
"07/06/2022 18:00 - 07/06/2022 19:00","CTA|SE","14189.00","13490.00"
"07/06/2022 19:00 - 07/06/2022 20:00","CTA|SE","13642.00","13167.00"
"07/06/2022 20:00 - 07/06/2022 21:00","CTA|SE","12778.00","12841.00"
"07/06/2022 21:00 - 07/06/2022 22:00","CTA|SE","12141.00","12264.00"
"07/06/2022 22:00 - 07/06/2022 23:00","CTA|SE","11539.00","11772.00"
"07/06/2022 23:00 - 08/06/2022 00:00","CTA|SE","11211.00","11526.00"
"08/06/2022 00:00 - 08/06/2022 01:00","CTA|SE","11357.00","11427.00"
"08/06/2022 01:00 - 08/06/2022 02:00","CTA|SE","11353.00","11334.00"
"08/06/2022 02:00 - 08/06/2022 03:00","CTA|SE","10926.00","11233.00"
"08/06/2022 03:00 - 08/06/2022 04:00","CTA|SE","11225.00","11601.00"
"08/06/2022 04:00 - 08/06/2022 05:00","CTA|SE","13045.00","12792.00"
"08/06/2022 05:00 - 08/06/2022 06:00","CTA|SE","14383.00","13906.00"
"08/06/2022 06:00 - 08/06/2022 07:00","CTA|SE","14691.00","14325.00"
"08/06/2022 07:00 - 08/06/2022 08:00","CTA|SE","14870.00","14422.00"
"08/06/2022 08:00 - 08/06/2022 09:00","CTA|SE","14955.00","14540.00"
"08/06/2022 09:00 - 08/06/2022 10:00","CTA|SE","14735.00","14608.00"
"08/06/2022 10:00 - 08/06/2022 11:00","CTA|SE","14647.00","14607.00"
"08/06/2022 11:00 - 08/06/2022 12:00","CTA|SE","14475.00","14547.00"
"08/06/2022 12:00 - 08/06/2022 13:00","CTA|SE","14037.00","14454.00"
"08/06/2022 13:00 - 08/06/2022 14:00","CTA|SE","14201.00","14388.00"
"08/06/2022 14:00 - 08/06/2022 15:00","CTA|SE","14329.00","14226.00"
"08/06/2022 15:00 - 08/06/2022 16:00","CTA|SE","14465.00","14239.00"
"08/06/2022 16:00 - 08/06/2022 17:00","CTA|SE","14086.00","13996.00"
"08/06/2022 17:00 - 08/06/2022 18:00","CTA|SE","13972.00","13817.00"
"08/06/2022 18:00 - 08/06/2022 19:00","CTA|SE","13867.00","13589.00"
"08/06/2022 19:00 - 08/06/2022 20:00","CTA|SE","13509.00","13273.00"
"08/06/2022 20:00 - 08/06/2022 21:00","CTA|SE","13108.00","12943.00"
"08/06/2022 21:00 - 08/06/2022 22:00","CTA|SE","12318.00","12364.00"
"08/06/2022 22:00 - 08/06/2022 23:00","CTA|SE","11659.00","11810.00"
"08/06/2022 23:00 - 09/06/2022 00:00","CTA|SE","11277.00","11553.00"
"09/06/2022 00:00 - 09/06/2022 01:00","CTA|SE","11206.00","11453.00"
"09/06/2022 01:00 - 09/06/2022 02:00","CTA|SE","10960.00","11363.00"
"09/06/2022 02:00 - 09/06/2022 03:00","CTA|SE","10757.00","11271.00"
"09/06/2022 03:00 - 09/06/2022 04:00","CTA|SE","11244.00","11647.00"
"09/06/2022 04:00 - 09/06/2022 05:00","CTA|SE","12620.00","12835.00"
"09/06/2022 05:00 - 09/06/2022 06:00","CTA|SE","13849.00","13939.00"
"09/06/2022 06:00 - 09/06/2022 07:00","CTA|SE","14545.00","14364.00"
"09/06/2022 07:00 - 09/06/2022 08:00","CTA|SE","14651.00","14451.00"
"09/06/2022 08:00 - 09/06/2022 09:00","CTA|SE","14690.00","14557.00"
"09/06/2022 09:00 - 09/06/2022 10:00","CTA|SE","14817.00","14605.00"
"09/06/2022 10:00 - 09/06/2022 11:00","CTA|SE","14634.00","14562.00"
"09/06/2022 11:00 - 09/06/2022 12:00","CTA|SE","14610.00","14477.00"
"09/06/2022 12:00 - 09/06/2022 13:00","CTA|SE","14498.00","14365.00"
"09/06/2022 13:00 - 09/06/2022 14:00","CTA|SE","14617.00","14277.00"
"09/06/2022 14:00 - 09/06/2022 15:00","CTA|SE","14651.00","14074.00"
"09/06/2022 15:00 - 09/06/2022 16:00","CTA|SE","14574.00","14075.00"
"09/06/2022 16:00 - 09/06/2022 17:00","CTA|SE","14371.00","13822.00"
"09/06/2022 17:00 - 09/06/2022 18:00","CTA|SE","14037.00","13609.00"
"09/06/2022 18:00 - 09/06/2022 19:00","CTA|SE","13846.00","13376.00"
"09/06/2022 19:00 - 09/06/2022 20:00","CTA|SE","13491.00","13059.00"
"09/06/2022 20:00 - 09/06/2022 21:00","CTA|SE","13113.00","12732.00"
"09/06/2022 21:00 - 09/06/2022 22:00","CTA|SE","12308.00","12163.00"
"09/06/2022 22:00 - 09/06/2022 23:00","CTA|SE","11370.00","11728.00"
"09/06/2022 23:00 - 10/06/2022 00:00","CTA|SE","11255.00","11462.00"
"10/06/2022 00:00 - 10/06/2022 01:00","CTA|SE","11242.00","11340.00"
"10/06/2022 01:00 - 10/06/2022 02:00","CTA|SE","11356.00","11226.00"
"10/06/2022 02:00 - 10/06/2022 03:00","CTA|SE","10994.00","11158.00"
"10/06/2022 03:00 - 10/06/2022 04:00","CTA|SE","11459.00","11529.00"
"10/06/2022 04:00 - 10/06/2022 05:00","CTA|SE","12735.00","12664.00"
"10/06/2022 05:00 - 10/06/2022 06:00","CTA|SE","14135.00","13793.00"
"10/06/2022 06:00 - 10/06/2022 07:00","CTA|SE","14654.00","14256.00"
"10/06/2022 07:00 - 10/06/2022 08:00","CTA|SE","14556.00","14362.00"
"10/06/2022 08:00 - 10/06/2022 09:00","CTA|SE","14651.00","14440.00"
"10/06/2022 09:00 - 10/06/2022 10:00","CTA|SE","14492.00","14451.00"
"10/06/2022 10:00 - 10/06/2022 11:00","CTA|SE","14133.00","14342.00"
"10/06/2022 11:00 - 10/06/2022 12:00","CTA|SE","13924.00","14103.00"
"10/06/2022 12:00 - 10/06/2022 13:00","CTA|SE","13715.00","13860.00"
"10/06/2022 13:00 - 10/06/2022 14:00","CTA|SE","13509.00","13628.00"
"10/06/2022 14:00 - 10/06/2022 15:00","CTA|SE","13266.00","13471.00"
"10/06/2022 15:00 - 10/06/2022 16:00","CTA|SE","13201.00","13465.00"
"10/06/2022 16:00 - 10/06/2022 17:00","CTA|SE","12991.00","13246.00"
"10/06/2022 17:00 - 10/06/2022 18:00","CTA|SE","12824.00","12927.00"
"10/06/2022 18:00 - 10/06/2022 19:00","CTA|SE","12696.00","12605.00"
"10/06/2022 19:00 - 10/06/2022 20:00","CTA|SE","12347.00","12306.00"
"10/06/2022 20:00 - 10/06/2022 21:00","CTA|SE","11970.00","12151.00"
"10/06/2022 21:00 - 10/06/2022 22:00","CTA|SE","11615.00","11809.00"
"10/06/2022 22:00 - 10/06/2022 23:00","CTA|SE","11244.00","11478.00"
"10/06/2022 23:00 - 11/06/2022 00:00","CTA|SE","10543.00","11184.00"
"11/06/2022 00:00 - 11/06/2022 01:00","CTA|SE","10422.00","11044.00"
"11/06/2022 01:00 - 11/06/2022 02:00","CTA|SE","10322.00","10896.00"
"11/06/2022 02:00 - 11/06/2022 03:00","CTA|SE","10039.00","10711.00"
"11/06/2022 03:00 - 11/06/2022 04:00","CTA|SE","10078.00","10674.00"
"11/06/2022 04:00 - 11/06/2022 05:00","CTA|SE","10691.00","10920.00"
"11/06/2022 05:00 - 11/06/2022 06:00","CTA|SE","11361.00","11351.00"
"11/06/2022 06:00 - 11/06/2022 07:00","CTA|SE","11894.00","11926.00"
"11/06/2022 07:00 - 11/06/2022 08:00","CTA|SE","12463.00","12412.00"
"11/06/2022 08:00 - 11/06/2022 09:00","CTA|SE","12501.00","12670.00"
"11/06/2022 09:00 - 11/06/2022 10:00","CTA|SE","12267.00","12768.00"
"11/06/2022 10:00 - 11/06/2022 11:00","CTA|SE","12310.00","12728.00"
"11/06/2022 11:00 - 11/06/2022 12:00","CTA|SE","12412.00","12594.00"
"11/06/2022 12:00 - 11/06/2022 13:00","CTA|SE","11997.00","12409.00"
"11/06/2022 13:00 - 11/06/2022 14:00","CTA|SE","12359.00","12324.00"
"11/06/2022 14:00 - 11/06/2022 15:00","CTA|SE","12341.00","12342.00"
"11/06/2022 15:00 - 11/06/2022 16:00","CTA|SE","12723.00","12504.00"
"11/06/2022 16:00 - 11/06/2022 17:00","CTA|SE","12604.00","12496.00"
"11/06/2022 17:00 - 11/06/2022 18:00","CTA|SE","12162.00","12364.00"
"11/06/2022 18:00 - 11/06/2022 19:00","CTA|SE","12031.00","12206.00"
"11/06/2022 19:00 - 11/06/2022 20:00","CTA|SE","12068.00","12008.00"
"11/06/2022 20:00 - 11/06/2022 21:00","CTA|SE","11639.00","11906.00"
"11/06/2022 21:00 - 11/06/2022 22:00","CTA|SE","11106.00","11623.00"
"11/06/2022 22:00 - 11/06/2022 23:00","CTA|SE","10809.00","11209.00"
"11/06/2022 23:00 - 12/06/2022 00:00","CTA|SE","10694.00","10967.00"
"12/06/2022 00:00 - 12/06/2022 01:00","CTA|SE","10622.00","10824.00"
"12/06/2022 01:00 - 12/06/2022 02:00","CTA|SE","10593.00","10673.00"
"12/06/2022 02:00 - 12/06/2022 03:00","CTA|SE","10420.00","10479.00"
"12/06/2022 03:00 - 12/06/2022 04:00","CTA|SE","10339.00","10448.00"
"12/06/2022 04:00 - 12/06/2022 05:00","CTA|SE","10893.00","10614.00"
"12/06/2022 05:00 - 12/06/2022 06:00","CTA|SE","11267.00","10962.00"
"12/06/2022 06:00 - 12/06/2022 07:00","CTA|SE","11625.00","11464.00"
"12/06/2022 07:00 - 12/06/2022 08:00","CTA|SE","11851.00","11961.00"
"12/06/2022 08:00 - 12/06/2022 09:00","CTA|SE","12265.00","12310.00"
"12/06/2022 09:00 - 12/06/2022 10:00","CTA|SE","12436.00","12480.00"
"12/06/2022 10:00 - 12/06/2022 11:00","CTA|SE","12248.00","12544.00"
"12/06/2022 11:00 - 12/06/2022 12:00","CTA|SE","12335.00","12521.00"
"12/06/2022 12:00 - 12/06/2022 13:00","CTA|SE","12035.00","12423.00"
"12/06/2022 13:00 - 12/06/2022 14:00","CTA|SE","12023.00","12413.00"
"12/06/2022 14:00 - 12/06/2022 15:00","CTA|SE","12526.00","12546.00"
"12/06/2022 15:00 - 12/06/2022 16:00","CTA|SE","12702.00","12718.00"
"12/06/2022 16:00 - 12/06/2022 17:00","CTA|SE","12986.00","12792.00"
"12/06/2022 17:00 - 12/06/2022 18:00","CTA|SE","12810.00","12801.00"
"12/06/2022 18:00 - 12/06/2022 19:00","CTA|SE","12534.00","12696.00"
"12/06/2022 19:00 - 12/06/2022 20:00","CTA|SE","12388.00","12477.00"
"12/06/2022 20:00 - 12/06/2022 21:00","CTA|SE","12344.00","12295.00"
"12/06/2022 21:00 - 12/06/2022 22:00","CTA|SE","12244.00","11894.00"
"12/06/2022 22:00 - 12/06/2022 23:00","CTA|SE","11711.00","11505.00"
"12/06/2022 23:00 - 13/06/2022 00:00","CTA|SE","11394.00","11291.00"
"13/06/2022 00:00 - 13/06/2022 01:00","CTA|SE","11186.00","11213.00"
"13/06/2022 01:00 - 13/06/2022 02:00","CTA|SE","10990.00","11141.00"
"13/06/2022 02:00 - 13/06/2022 03:00","CTA|SE","10970.00","11089.00"
"13/06/2022 03:00 - 13/06/2022 04:00","CTA|SE","11658.00","11495.00"
"13/06/2022 04:00 - 13/06/2022 05:00","CTA|SE","13171.00","12707.00"
"13/06/2022 05:00 - 13/06/2022 06:00","CTA|SE","14344.00","13894.00"
"13/06/2022 06:00 - 13/06/2022 07:00","CTA|SE","14709.00","14389.00"
"13/06/2022 07:00 - 13/06/2022 08:00","CTA|SE","14616.00","14519.00"
"13/06/2022 08:00 - 13/06/2022 09:00","CTA|SE","14669.00","14641.00"
"13/06/2022 09:00 - 13/06/2022 10:00","CTA|SE","14549.00","14720.00"
"13/06/2022 10:00 - 13/06/2022 11:00","CTA|SE","14526.00","14717.00"
"13/06/2022 11:00 - 13/06/2022 12:00","CTA|SE","14271.00","14649.00"
"13/06/2022 12:00 - 13/06/2022 13:00","CTA|SE","14130.00","14567.00"
"13/06/2022 13:00 - 13/06/2022 14:00","CTA|SE","14028.00","14487.00"
"13/06/2022 14:00 - 13/06/2022 15:00","CTA|SE","14162.00","14318.00"
"13/06/2022 15:00 - 13/06/2022 16:00","CTA|SE","14215.00","14318.00"
"13/06/2022 16:00 - 13/06/2022 17:00","CTA|SE","14261.00","14105.00"
"13/06/2022 17:00 - 13/06/2022 18:00","CTA|SE","14096.00","13893.00"
"13/06/2022 18:00 - 13/06/2022 19:00","CTA|SE","13663.00","13634.00"
"13/06/2022 19:00 - 13/06/2022 20:00","CTA|SE","13385.00","13291.00"
"13/06/2022 20:00 - 13/06/2022 21:00","CTA|SE","13047.00","12957.00"
"13/06/2022 21:00 - 13/06/2022 22:00","CTA|SE","12233.00","12381.00"
"13/06/2022 22:00 - 13/06/2022 23:00","CTA|SE","11637.00","11910.00"
"13/06/2022 23:00 - 14/06/2022 00:00","CTA|SE","11015.00","11656.00"
"14/06/2022 00:00 - 14/06/2022 01:00","CTA|SE","10865.00","11558.00"
"14/06/2022 01:00 - 14/06/2022 02:00","CTA|SE","10701.00","11462.00"
"14/06/2022 02:00 - 14/06/2022 03:00","CTA|SE","10919.00","11370.00"
"14/06/2022 03:00 - 14/06/2022 04:00","CTA|SE","11776.00","11752.00"
"14/06/2022 04:00 - 14/06/2022 05:00","CTA|SE","13118.00","12924.00"
"14/06/2022 05:00 - 14/06/2022 06:00","CTA|SE","14062.00","14009.00"
"14/06/2022 06:00 - 14/06/2022 07:00","CTA|SE","14098.00","14438.00"
"14/06/2022 07:00 - 14/06/2022 08:00","CTA|SE","14194.00","14557.00"
"14/06/2022 08:00 - 14/06/2022 09:00","CTA|SE","14243.00","14675.00"
"14/06/2022 09:00 - 14/06/2022 10:00","CTA|SE","14303.00","14746.00"
"14/06/2022 10:00 - 14/06/2022 11:00","CTA|SE","14281.00","14721.00"
"14/06/2022 11:00 - 14/06/2022 12:00","CTA|SE","14168.00","14655.00"
"14/06/2022 12:00 - 14/06/2022 13:00","CTA|SE","13844.00","14558.00"
"14/06/2022 13:00 - 14/06/2022 14:00","CTA|SE","13557.00","14480.00"
"14/06/2022 14:00 - 14/06/2022 15:00","CTA|SE","13745.00","14313.00"
"14/06/2022 15:00 - 14/06/2022 16:00","CTA|SE","13855.00","14318.00"
"14/06/2022 16:00 - 14/06/2022 17:00","CTA|SE","13736.00","14060.00"
"14/06/2022 17:00 - 14/06/2022 18:00","CTA|SE","13543.00","13851.00"
"14/06/2022 18:00 - 14/06/2022 19:00","CTA|SE","13617.00","13609.00"
"14/06/2022 19:00 - 14/06/2022 20:00","CTA|SE","13223.00","13289.00"
"14/06/2022 20:00 - 14/06/2022 21:00","CTA|SE","13051.00","12974.00"
"14/06/2022 21:00 - 14/06/2022 22:00","CTA|SE","12175.00","12427.00"
"14/06/2022 22:00 - 14/06/2022 23:00","CTA|SE","11418.00","12135.00"
"14/06/2022 23:00 - 15/06/2022 00:00","CTA|SE","10928.00","11861.00"
"15/06/2022 00:00 - 15/06/2022 01:00","CTA|SE","10758.00","11764.00"
"15/06/2022 01:00 - 15/06/2022 02:00","CTA|SE","10664.00","11667.00"
"15/06/2022 02:00 - 15/06/2022 03:00","CTA|SE","10795.00","11574.00"
"15/06/2022 03:00 - 15/06/2022 04:00","CTA|SE","11710.00","11940.00"
"15/06/2022 04:00 - 15/06/2022 05:00","CTA|SE","13228.00","13070.00"
"15/06/2022 05:00 - 15/06/2022 06:00","CTA|SE","14584.00","14124.00"
"15/06/2022 06:00 - 15/06/2022 07:00","CTA|SE","14768.00","14548.00"
"15/06/2022 07:00 - 15/06/2022 08:00","CTA|SE","14678.00","14670.00"
"15/06/2022 08:00 - 15/06/2022 09:00","CTA|SE","14698.00","14787.00"
"15/06/2022 09:00 - 15/06/2022 10:00","CTA|SE","14736.00","14841.00"
"15/06/2022 10:00 - 15/06/2022 11:00","CTA|SE","14847.00","14830.00"
"15/06/2022 11:00 - 15/06/2022 12:00","CTA|SE","14762.00","14775.00"
"15/06/2022 12:00 - 15/06/2022 13:00","CTA|SE","14595.00","14703.00"
"15/06/2022 13:00 - 15/06/2022 14:00","CTA|SE","14387.00","14634.00"
"15/06/2022 14:00 - 15/06/2022 15:00","CTA|SE","14365.00","14472.00"
"15/06/2022 15:00 - 15/06/2022 16:00","CTA|SE","14608.00","14466.00"
"15/06/2022 16:00 - 15/06/2022 17:00","CTA|SE","14423.00","14223.00"
"15/06/2022 17:00 - 15/06/2022 18:00","CTA|SE","14293.00","14008.00"
"15/06/2022 18:00 - 15/06/2022 19:00","CTA|SE","13743.00","13757.00"
"15/06/2022 19:00 - 15/06/2022 20:00","CTA|SE","13391.00","13440.00"
"15/06/2022 20:00 - 15/06/2022 21:00","CTA|SE","12844.00","13140.00"
"15/06/2022 21:00 - 15/06/2022 22:00","CTA|SE","12114.00","12623.00"
"15/06/2022 22:00 - 15/06/2022 23:00","CTA|SE","11626.00","11873.00"
"15/06/2022 23:00 - 16/06/2022 00:00","CTA|SE","11134.00","11596.00"
"16/06/2022 00:00 - 16/06/2022 01:00","CTA|SE","11044.00","11502.00"
"16/06/2022 01:00 - 16/06/2022 02:00","CTA|SE","10952.00","11403.00"
"16/06/2022 02:00 - 16/06/2022 03:00","CTA|SE","10930.00","11314.00"
"16/06/2022 03:00 - 16/06/2022 04:00","CTA|SE","11747.00","11682.00"
"16/06/2022 04:00 - 16/06/2022 05:00","CTA|SE","13223.00","12827.00"
"16/06/2022 05:00 - 16/06/2022 06:00","CTA|SE","14229.00","13879.00"
"16/06/2022 06:00 - 16/06/2022 07:00","CTA|SE","14386.00","14318.00"
"16/06/2022 07:00 - 16/06/2022 08:00","CTA|SE","14316.00","14457.00"
"16/06/2022 08:00 - 16/06/2022 09:00","CTA|SE","14317.00","14581.00"
"16/06/2022 09:00 - 16/06/2022 10:00","CTA|SE","14152.00","14643.00"
"16/06/2022 10:00 - 16/06/2022 11:00","CTA|SE","14198.00","14633.00"
"16/06/2022 11:00 - 16/06/2022 12:00","CTA|SE","13936.00","14566.00"
"16/06/2022 12:00 - 16/06/2022 13:00","CTA|SE","13902.00","14480.00"
"16/06/2022 13:00 - 16/06/2022 14:00","CTA|SE","14208.00","14421.00"
"16/06/2022 14:00 - 16/06/2022 15:00","CTA|SE","14036.00","14269.00"
"16/06/2022 15:00 - 16/06/2022 16:00","CTA|SE","14214.00","14260.00"
"16/06/2022 16:00 - 16/06/2022 17:00","CTA|SE","14135.00","14004.00"
"16/06/2022 17:00 - 16/06/2022 18:00","CTA|SE","14138.00","13798.00"
"16/06/2022 18:00 - 16/06/2022 19:00","CTA|SE","13627.00","13559.00"
"16/06/2022 19:00 - 16/06/2022 20:00","CTA|SE","13303.00","13245.00"
"16/06/2022 20:00 - 16/06/2022 21:00","CTA|SE","12794.00","12943.00"
"16/06/2022 21:00 - 16/06/2022 22:00","CTA|SE","12000.00","12425.00"
"16/06/2022 22:00 - 16/06/2022 23:00","CTA|SE","11398.00","11844.00"
"16/06/2022 23:00 - 17/06/2022 00:00","CTA|SE","11212.00","11551.00"
"17/06/2022 00:00 - 17/06/2022 01:00","CTA|SE","10970.00","11402.00"
"17/06/2022 01:00 - 17/06/2022 02:00","CTA|SE","10882.00","11292.00"
"17/06/2022 02:00 - 17/06/2022 03:00","CTA|SE","10958.00","11206.00"
"17/06/2022 03:00 - 17/06/2022 04:00","CTA|SE","11290.00","11574.00"
"17/06/2022 04:00 - 17/06/2022 05:00","CTA|SE","12581.00","12681.00"
"17/06/2022 05:00 - 17/06/2022 06:00","CTA|SE","13709.00","13765.00"
"17/06/2022 06:00 - 17/06/2022 07:00","CTA|SE","14074.00","14267.00"
"17/06/2022 07:00 - 17/06/2022 08:00","CTA|SE","14062.00","14391.00"
"17/06/2022 08:00 - 17/06/2022 09:00","CTA|SE","14028.00","14459.00"
"17/06/2022 09:00 - 17/06/2022 10:00","CTA|SE","14128.00","14431.00"
"17/06/2022 10:00 - 17/06/2022 11:00","CTA|SE","14003.00","14319.00"
"17/06/2022 11:00 - 17/06/2022 12:00","CTA|SE","13850.00","14106.00"
"17/06/2022 12:00 - 17/06/2022 13:00","CTA|SE","13629.00","13905.00"
"17/06/2022 13:00 - 17/06/2022 14:00","CTA|SE","13431.00","13712.00"
"17/06/2022 14:00 - 17/06/2022 15:00","CTA|SE","13063.00","13543.00"
"17/06/2022 15:00 - 17/06/2022 16:00","CTA|SE","12969.00","13512.00"
"17/06/2022 16:00 - 17/06/2022 17:00","CTA|SE","12769.00","13275.00"
"17/06/2022 17:00 - 17/06/2022 18:00","CTA|SE","12636.00","12975.00"
"17/06/2022 18:00 - 17/06/2022 19:00","CTA|SE","12220.00","12618.00"
"17/06/2022 19:00 - 17/06/2022 20:00","CTA|SE","11866.00","12303.00"
"17/06/2022 20:00 - 17/06/2022 21:00","CTA|SE","11821.00","12139.00"
"17/06/2022 21:00 - 17/06/2022 22:00","CTA|SE","11128.00","11786.00"
"17/06/2022 22:00 - 17/06/2022 23:00","CTA|SE","10641.00","11285.00"
"17/06/2022 23:00 - 18/06/2022 00:00","CTA|SE","10143.00","11007.00"
"18/06/2022 00:00 - 18/06/2022 01:00","CTA|SE","10150.00","10844.00"
"18/06/2022 01:00 - 18/06/2022 02:00","CTA|SE","10179.00","10684.00"
"18/06/2022 02:00 - 18/06/2022 03:00","CTA|SE","10136.00","10481.00"
"18/06/2022 03:00 - 18/06/2022 04:00","CTA|SE","10239.00","10473.00"
"18/06/2022 04:00 - 18/06/2022 05:00","CTA|SE","10679.00","10749.00"
"18/06/2022 05:00 - 18/06/2022 06:00","CTA|SE","11238.00","11190.00"
"18/06/2022 06:00 - 18/06/2022 07:00","CTA|SE","12016.00","11793.00"
"18/06/2022 07:00 - 18/06/2022 08:00","CTA|SE","12687.00","12296.00"
"18/06/2022 08:00 - 18/06/2022 09:00","CTA|SE","12680.00","12563.00"
"18/06/2022 09:00 - 18/06/2022 10:00","CTA|SE","13090.00","12650.00"
"18/06/2022 10:00 - 18/06/2022 11:00","CTA|SE","12568.00","12608.00"
"18/06/2022 11:00 - 18/06/2022 12:00","CTA|SE","12079.00","12555.00"
"18/06/2022 12:00 - 18/06/2022 13:00","CTA|SE","11663.00","12417.00"
"18/06/2022 13:00 - 18/06/2022 14:00","CTA|SE","11238.00","12350.00"
"18/06/2022 14:00 - 18/06/2022 15:00","CTA|SE","11412.00","12408.00"
"18/06/2022 15:00 - 18/06/2022 16:00","CTA|SE","11936.00","12546.00"
"18/06/2022 16:00 - 18/06/2022 17:00","CTA|SE","12097.00","12519.00"
"18/06/2022 17:00 - 18/06/2022 18:00","CTA|SE","11986.00","12378.00"
"18/06/2022 18:00 - 18/06/2022 19:00","CTA|SE","11673.00","12185.00"
"18/06/2022 19:00 - 18/06/2022 20:00","CTA|SE","11456.00","11932.00"
"18/06/2022 20:00 - 18/06/2022 21:00","CTA|SE","11112.00","11850.00"
"18/06/2022 21:00 - 18/06/2022 22:00","CTA|SE","11210.00","11592.00"
"18/06/2022 22:00 - 18/06/2022 23:00","CTA|SE","10884.00","11043.00"
"18/06/2022 23:00 - 19/06/2022 00:00","CTA|SE","10655.00","10757.00"
"19/06/2022 00:00 - 19/06/2022 01:00","CTA|SE","10510.00","10611.00"
"19/06/2022 01:00 - 19/06/2022 02:00","CTA|SE","10376.00","10462.00"
"19/06/2022 02:00 - 19/06/2022 03:00","CTA|SE","10385.00","10249.00"
"19/06/2022 03:00 - 19/06/2022 04:00","CTA|SE","10755.00","10221.00"
"19/06/2022 04:00 - 19/06/2022 05:00","CTA|SE","10885.00","10414.00"
"19/06/2022 05:00 - 19/06/2022 06:00","CTA|SE","11355.00","10783.00"
"19/06/2022 06:00 - 19/06/2022 07:00","CTA|SE","11811.00","11327.00"
"19/06/2022 07:00 - 19/06/2022 08:00","CTA|SE","12223.00","11848.00"
"19/06/2022 08:00 - 19/06/2022 09:00","CTA|SE","12370.00","12227.00"
"19/06/2022 09:00 - 19/06/2022 10:00","CTA|SE","12601.00","12423.00"
"19/06/2022 10:00 - 19/06/2022 11:00","CTA|SE","12848.00","12481.00"
"19/06/2022 11:00 - 19/06/2022 12:00","CTA|SE","12756.00","12455.00"
"19/06/2022 12:00 - 19/06/2022 13:00","CTA|SE","12529.00","12360.00"
"19/06/2022 13:00 - 19/06/2022 14:00","CTA|SE","12300.00","12327.00"
"19/06/2022 14:00 - 19/06/2022 15:00","CTA|SE","12594.00","12423.00"
"19/06/2022 15:00 - 19/06/2022 16:00","CTA|SE","12964.00","12599.00"
"19/06/2022 16:00 - 19/06/2022 17:00","CTA|SE","13016.00","12659.00"
"19/06/2022 17:00 - 19/06/2022 18:00","CTA|SE","13373.00","12617.00"
"19/06/2022 18:00 - 19/06/2022 19:00","CTA|SE","13098.00","12472.00"
"19/06/2022 19:00 - 19/06/2022 20:00","CTA|SE","12429.00","12253.00"
"19/06/2022 20:00 - 19/06/2022 21:00","CTA|SE","11973.00","12082.00"
"19/06/2022 21:00 - 19/06/2022 22:00","CTA|SE","11439.00","11688.00"
"19/06/2022 22:00 - 19/06/2022 23:00","CTA|SE","11347.00","11252.00"
"19/06/2022 23:00 - 20/06/2022 00:00","CTA|SE","10986.00","10991.00"
"20/06/2022 00:00 - 20/06/2022 01:00","CTA|SE","10878.00","10890.00"
"20/06/2022 01:00 - 20/06/2022 02:00","CTA|SE","10749.00","10791.00"
"20/06/2022 02:00 - 20/06/2022 03:00","CTA|SE","11162.00","10715.00"
"20/06/2022 03:00 - 20/06/2022 04:00","CTA|SE","11478.00","11157.00"
"20/06/2022 04:00 - 20/06/2022 05:00","CTA|SE","12486.00","12400.00"
"20/06/2022 05:00 - 20/06/2022 06:00","CTA|SE","13798.00","13622.00"
"20/06/2022 06:00 - 20/06/2022 07:00","CTA|SE","14190.00","14176.00"
"20/06/2022 07:00 - 20/06/2022 08:00","CTA|SE","14416.00","14363.00"
"20/06/2022 08:00 - 20/06/2022 09:00","CTA|SE","14318.00","14519.00"
"20/06/2022 09:00 - 20/06/2022 10:00","CTA|SE","14481.00","14586.00"
"20/06/2022 10:00 - 20/06/2022 11:00","CTA|SE","14614.00","14582.00"
"20/06/2022 11:00 - 20/06/2022 12:00","CTA|SE","14548.00","14498.00"
"20/06/2022 12:00 - 20/06/2022 13:00","CTA|SE","14317.00","14372.00"
"20/06/2022 13:00 - 20/06/2022 14:00","CTA|SE","14217.00","14317.00"
"20/06/2022 14:00 - 20/06/2022 15:00","CTA|SE","13984.00","14160.00"
"20/06/2022 15:00 - 20/06/2022 16:00","CTA|SE","14144.00","14111.00"
"20/06/2022 16:00 - 20/06/2022 17:00","CTA|SE","13907.00","13892.00"
"20/06/2022 17:00 - 20/06/2022 18:00","CTA|SE","13807.00","13619.00"
"20/06/2022 18:00 - 20/06/2022 19:00","CTA|SE","13523.00","13310.00"
"20/06/2022 19:00 - 20/06/2022 20:00","CTA|SE","13081.00","12942.00"
"20/06/2022 20:00 - 20/06/2022 21:00","CTA|SE","12755.00","12617.00"
"20/06/2022 21:00 - 20/06/2022 22:00","CTA|SE","12171.00","12054.00"
"20/06/2022 22:00 - 20/06/2022 23:00","CTA|SE","11934.00","11640.00"
"20/06/2022 23:00 - 21/06/2022 00:00","CTA|SE","11559.00","11334.00"
"21/06/2022 00:00 - 21/06/2022 01:00","CTA|SE","11361.00","11211.00"
"21/06/2022 01:00 - 21/06/2022 02:00","CTA|SE","11109.00","11114.00"
"21/06/2022 02:00 - 21/06/2022 03:00","CTA|SE","10952.00","11005.00"
"21/06/2022 03:00 - 21/06/2022 04:00","CTA|SE","11290.00","11380.00"
"21/06/2022 04:00 - 21/06/2022 05:00","CTA|SE","12411.00","12538.00"
"21/06/2022 05:00 - 21/06/2022 06:00","CTA|SE","13668.00","13629.00"
"21/06/2022 06:00 - 21/06/2022 07:00","CTA|SE","13993.00","14104.00"
"21/06/2022 07:00 - 21/06/2022 08:00","CTA|SE","14077.00","14263.00"
"21/06/2022 08:00 - 21/06/2022 09:00","CTA|SE","13999.00","14409.00"
"21/06/2022 09:00 - 21/06/2022 10:00","CTA|SE","14015.00","14456.00"
"21/06/2022 10:00 - 21/06/2022 11:00","CTA|SE","13875.00","14445.00"
"21/06/2022 11:00 - 21/06/2022 12:00","CTA|SE","13928.00","14376.00"
"21/06/2022 12:00 - 21/06/2022 13:00","CTA|SE","13875.00","14278.00"
"21/06/2022 13:00 - 21/06/2022 14:00","CTA|SE","13711.00","14200.00"
"21/06/2022 14:00 - 21/06/2022 15:00","CTA|SE","13769.00","14028.00"
"21/06/2022 15:00 - 21/06/2022 16:00","CTA|SE","14001.00","14028.00"
"21/06/2022 16:00 - 21/06/2022 17:00","CTA|SE","13956.00","13779.00"
"21/06/2022 17:00 - 21/06/2022 18:00","CTA|SE","13906.00","13557.00"
"21/06/2022 18:00 - 21/06/2022 19:00","CTA|SE","13653.00","13292.00"
"21/06/2022 19:00 - 21/06/2022 20:00","CTA|SE","13279.00","12961.00"
"21/06/2022 20:00 - 21/06/2022 21:00","CTA|SE","12863.00","12642.00"
"21/06/2022 21:00 - 21/06/2022 22:00","CTA|SE","12050.00","12103.00"
"21/06/2022 22:00 - 21/06/2022 23:00","CTA|SE","11568.00","11640.00"
"21/06/2022 23:00 - 22/06/2022 00:00","CTA|SE","11334.00","11322.00"
"22/06/2022 00:00 - 22/06/2022 01:00","CTA|SE","10989.00","11193.00"
"22/06/2022 01:00 - 22/06/2022 02:00","CTA|SE","10256.00","11093.00"
"22/06/2022 02:00 - 22/06/2022 03:00","CTA|SE","10443.00","10992.00"
"22/06/2022 03:00 - 22/06/2022 04:00","CTA|SE","11463.00","11397.00"
"22/06/2022 04:00 - 22/06/2022 05:00","CTA|SE","13149.00","12602.00"
"22/06/2022 05:00 - 22/06/2022 06:00","CTA|SE","14618.00","13726.00"
"22/06/2022 06:00 - 22/06/2022 07:00","CTA|SE","14783.00","14218.00"
"22/06/2022 07:00 - 22/06/2022 08:00","CTA|SE","14919.00","14399.00"
"22/06/2022 08:00 - 22/06/2022 09:00","CTA|SE","15039.00","14547.00"
"22/06/2022 09:00 - 22/06/2022 10:00","CTA|SE","15120.00","14614.00"
"22/06/2022 10:00 - 22/06/2022 11:00","CTA|SE","15182.00","14606.00"
"22/06/2022 11:00 - 22/06/2022 12:00","CTA|SE","15184.00","14539.00"
"22/06/2022 12:00 - 22/06/2022 13:00","CTA|SE","14970.00","14448.00"
"22/06/2022 13:00 - 22/06/2022 14:00","CTA|SE","14781.00","14391.00"
"22/06/2022 14:00 - 22/06/2022 15:00","CTA|SE","14318.00","14229.00"
"22/06/2022 15:00 - 22/06/2022 16:00","CTA|SE","14446.00","14220.00"
"22/06/2022 16:00 - 22/06/2022 17:00","CTA|SE","14430.00","13963.00"
"22/06/2022 17:00 - 22/06/2022 18:00","CTA|SE","14218.00","13732.00"
"22/06/2022 18:00 - 22/06/2022 19:00","CTA|SE","13890.00","13461.00"
"22/06/2022 19:00 - 22/06/2022 20:00","CTA|SE","13191.00","13126.00"
"22/06/2022 20:00 - 22/06/2022 21:00","CTA|SE","12528.00","12817.00"
"22/06/2022 21:00 - 22/06/2022 22:00","CTA|SE","12000.00","12272.00"
"22/06/2022 22:00 - 22/06/2022 23:00","CTA|SE","11392.00","11829.00"
"22/06/2022 23:00 - 23/06/2022 00:00","CTA|SE","11218.00","11531.00"
"23/06/2022 00:00 - 23/06/2022 01:00","CTA|SE","11284.00","11362.00"
"23/06/2022 01:00 - 23/06/2022 02:00","CTA|SE","10902.00","11185.00"
"23/06/2022 02:00 - 23/06/2022 03:00","CTA|SE","10491.00","11067.00"
"23/06/2022 03:00 - 23/06/2022 04:00","CTA|SE","10988.00","11436.00"
"23/06/2022 04:00 - 23/06/2022 05:00","CTA|SE","12038.00","12549.00"
"23/06/2022 05:00 - 23/06/2022 06:00","CTA|SE","13201.00","13639.00"
"23/06/2022 06:00 - 23/06/2022 07:00","CTA|SE","13777.00","14144.00"
"23/06/2022 07:00 - 23/06/2022 08:00","CTA|SE","14168.00","14313.00"
"23/06/2022 08:00 - 23/06/2022 09:00","CTA|SE","14239.00","14478.00"
"23/06/2022 09:00 - 23/06/2022 10:00","CTA|SE","14220.00","14528.00"
"23/06/2022 10:00 - 23/06/2022 11:00","CTA|SE","14186.00","14464.00"
"23/06/2022 11:00 - 23/06/2022 12:00","CTA|SE","13864.00","14272.00"
"23/06/2022 12:00 - 23/06/2022 13:00","CTA|SE","13676.00","14055.00"
"23/06/2022 13:00 - 23/06/2022 14:00","CTA|SE","13433.00","13832.00"
"23/06/2022 14:00 - 23/06/2022 15:00","CTA|SE","13386.00","13664.00"
"23/06/2022 15:00 - 23/06/2022 16:00","CTA|SE","13357.00","13555.00"
"23/06/2022 16:00 - 23/06/2022 17:00","CTA|SE","13191.00","13240.00"
"23/06/2022 17:00 - 23/06/2022 18:00","CTA|SE","12893.00","13020.00"
"23/06/2022 18:00 - 23/06/2022 19:00","CTA|SE","12625.00","12764.00"
"23/06/2022 19:00 - 23/06/2022 20:00","CTA|SE","12330.00","12390.00"
"23/06/2022 20:00 - 23/06/2022 21:00","CTA|SE","11807.00","12113.00"
"23/06/2022 21:00 - 23/06/2022 22:00","CTA|SE","11576.00","11660.00"
"23/06/2022 22:00 - 23/06/2022 23:00","CTA|SE","10913.00","11028.00"
"23/06/2022 23:00 - 24/06/2022 00:00","CTA|SE","10142.00","10602.00"
"24/06/2022 00:00 - 24/06/2022 01:00","CTA|SE","9852.00","10394.00"
"24/06/2022 01:00 - 24/06/2022 02:00","CTA|SE","9793.00","10222.00"
"24/06/2022 02:00 - 24/06/2022 03:00","CTA|SE","9609.00","9981.00"
"24/06/2022 03:00 - 24/06/2022 04:00","CTA|SE","9692.00","9977.00"
"24/06/2022 04:00 - 24/06/2022 05:00","CTA|SE","10446.00","10334.00"
"24/06/2022 05:00 - 24/06/2022 06:00","CTA|SE","11229.00","10898.00"
"24/06/2022 06:00 - 24/06/2022 07:00","CTA|SE","11588.00","11599.00"
"24/06/2022 07:00 - 24/06/2022 08:00","CTA|SE","12060.00","12171.00"
"24/06/2022 08:00 - 24/06/2022 09:00","CTA|SE","12269.00","12472.00"
"24/06/2022 09:00 - 24/06/2022 10:00","CTA|SE","12159.00","12599.00"
"24/06/2022 10:00 - 24/06/2022 11:00","CTA|SE","11998.00","12526.00"
"24/06/2022 11:00 - 24/06/2022 12:00","CTA|SE","11682.00","12200.00"
"24/06/2022 12:00 - 24/06/2022 13:00","CTA|SE","11408.00","11909.00"
"24/06/2022 13:00 - 24/06/2022 14:00","CTA|SE","11280.00","11716.00"
"24/06/2022 14:00 - 24/06/2022 15:00","CTA|SE","11129.00","11652.00"
"24/06/2022 15:00 - 24/06/2022 16:00","CTA|SE","11137.00","11600.00"
"24/06/2022 16:00 - 24/06/2022 17:00","CTA|SE","10979.00","11392.00"
"24/06/2022 17:00 - 24/06/2022 18:00","CTA|SE","11147.00","11215.00"
"24/06/2022 18:00 - 24/06/2022 19:00","CTA|SE","11227.00","11033.00"
"24/06/2022 19:00 - 24/06/2022 20:00","CTA|SE","11235.00","10896.00"
"24/06/2022 20:00 - 24/06/2022 21:00","CTA|SE","10707.00","10920.00"
"24/06/2022 21:00 - 24/06/2022 22:00","CTA|SE","10355.00","10819.00"
"24/06/2022 22:00 - 24/06/2022 23:00","CTA|SE","10200.00","10364.00"
"24/06/2022 23:00 - 25/06/2022 00:00","CTA|SE","10055.00","10052.00"
"25/06/2022 00:00 - 25/06/2022 01:00","CTA|SE","9929.00","9846.00"
"25/06/2022 01:00 - 25/06/2022 02:00","CTA|SE","9894.00","9715.00"
"25/06/2022 02:00 - 25/06/2022 03:00","CTA|SE","9525.00","9464.00"
"25/06/2022 03:00 - 25/06/2022 04:00","CTA|SE","9532.00","9404.00"
"25/06/2022 04:00 - 25/06/2022 05:00","CTA|SE","9814.00","9508.00"
"25/06/2022 05:00 - 25/06/2022 06:00","CTA|SE","10251.00","9814.00"
"25/06/2022 06:00 - 25/06/2022 07:00","CTA|SE","10753.00","10334.00"
"25/06/2022 07:00 - 25/06/2022 08:00","CTA|SE","11194.00","10886.00"
"25/06/2022 08:00 - 25/06/2022 09:00","CTA|SE","11050.00","11177.00"
"25/06/2022 09:00 - 25/06/2022 10:00","CTA|SE","10930.00","11402.00"
"25/06/2022 10:00 - 25/06/2022 11:00","CTA|SE","11104.00","11453.00"
"25/06/2022 11:00 - 25/06/2022 12:00","CTA|SE","11170.00","11393.00"
"25/06/2022 12:00 - 25/06/2022 13:00","CTA|SE","11167.00","11323.00"
"25/06/2022 13:00 - 25/06/2022 14:00","CTA|SE","11455.00","11196.00"
"25/06/2022 14:00 - 25/06/2022 15:00","CTA|SE","11661.00","11245.00"
"25/06/2022 15:00 - 25/06/2022 16:00","CTA|SE","11943.00","11417.00"
"25/06/2022 16:00 - 25/06/2022 17:00","CTA|SE","11937.00","11445.00"
"25/06/2022 17:00 - 25/06/2022 18:00","CTA|SE","11749.00","11317.00"
"25/06/2022 18:00 - 25/06/2022 19:00","CTA|SE","11694.00","11141.00"
"25/06/2022 19:00 - 25/06/2022 20:00","CTA|SE","11298.00","10945.00"
"25/06/2022 20:00 - 25/06/2022 21:00","CTA|SE","10970.00","10857.00"
"25/06/2022 21:00 - 25/06/2022 22:00","CTA|SE","10525.00","10599.00"
"25/06/2022 22:00 - 25/06/2022 23:00","CTA|SE","10018.00","10477.00"
"25/06/2022 23:00 - 26/06/2022 00:00","CTA|SE","9881.00","10173.00"
"26/06/2022 00:00 - 26/06/2022 01:00","CTA|SE","9783.00","10025.00"
"26/06/2022 01:00 - 26/06/2022 02:00","CTA|SE","9719.00","9909.00"
"26/06/2022 02:00 - 26/06/2022 03:00","CTA|SE","9530.00","9682.00"
"26/06/2022 03:00 - 26/06/2022 04:00","CTA|SE","9617.00","9645.00"
"26/06/2022 04:00 - 26/06/2022 05:00","CTA|SE","9769.00","9834.00"
"26/06/2022 05:00 - 26/06/2022 06:00","CTA|SE","10426.00","10237.00"
"26/06/2022 06:00 - 26/06/2022 07:00","CTA|SE","10912.00","10864.00"
"26/06/2022 07:00 - 26/06/2022 08:00","CTA|SE","11519.00","11454.00"
"26/06/2022 08:00 - 26/06/2022 09:00","CTA|SE","11840.00","11789.00"
"26/06/2022 09:00 - 26/06/2022 10:00","CTA|SE","11825.00","12050.00"
"26/06/2022 10:00 - 26/06/2022 11:00","CTA|SE","11981.00","12096.00"
"26/06/2022 11:00 - 26/06/2022 12:00","CTA|SE","12207.00","12068.00"
"26/06/2022 12:00 - 26/06/2022 13:00","CTA|SE","11826.00","12012.00"
"26/06/2022 13:00 - 26/06/2022 14:00","CTA|SE","11622.00","11904.00"
"26/06/2022 14:00 - 26/06/2022 15:00","CTA|SE","11829.00","12023.00"
"26/06/2022 15:00 - 26/06/2022 16:00","CTA|SE","12423.00","12202.00"
"26/06/2022 16:00 - 26/06/2022 17:00","CTA|SE","12405.00","12298.00"
"26/06/2022 17:00 - 26/06/2022 18:00","CTA|SE","12640.00","12252.00"
"26/06/2022 18:00 - 26/06/2022 19:00","CTA|SE","12759.00","12051.00"
"26/06/2022 19:00 - 26/06/2022 20:00","CTA|SE","12371.00","11783.00"
"26/06/2022 20:00 - 26/06/2022 21:00","CTA|SE","11799.00","11571.00"
"26/06/2022 21:00 - 26/06/2022 22:00","CTA|SE","11244.00","11175.00"
"26/06/2022 22:00 - 26/06/2022 23:00","CTA|SE","11006.00","10691.00"
"26/06/2022 23:00 - 27/06/2022 00:00","CTA|SE","10832.00","10422.00"
"27/06/2022 00:00 - 27/06/2022 01:00","CTA|SE","10878.00","10364.00"
"27/06/2022 01:00 - 27/06/2022 02:00","CTA|SE","10642.00","10348.00"
"27/06/2022 02:00 - 27/06/2022 03:00","CTA|SE","10436.00","10253.00"
"27/06/2022 03:00 - 27/06/2022 04:00","CTA|SE","10752.00","10596.00"
"27/06/2022 04:00 - 27/06/2022 05:00","CTA|SE","11922.00","11717.00"
"27/06/2022 05:00 - 27/06/2022 06:00","CTA|SE","13369.00","12875.00"
"27/06/2022 06:00 - 27/06/2022 07:00","CTA|SE","14148.00","13451.00"
"27/06/2022 07:00 - 27/06/2022 08:00","CTA|SE","14399.00","13682.00"
"27/06/2022 08:00 - 27/06/2022 09:00","CTA|SE","14703.00","13860.00"
"27/06/2022 09:00 - 27/06/2022 10:00","CTA|SE","14699.00","13929.00"
"27/06/2022 10:00 - 27/06/2022 11:00","CTA|SE","14723.00","13942.00"
"27/06/2022 11:00 - 27/06/2022 12:00","CTA|SE","15027.00","13889.00"
"27/06/2022 12:00 - 27/06/2022 13:00","CTA|SE","14826.00","13769.00"
"27/06/2022 13:00 - 27/06/2022 14:00","CTA|SE","14535.00","13704.00"
"27/06/2022 14:00 - 27/06/2022 15:00","CTA|SE","14291.00","13548.00"
"27/06/2022 15:00 - 27/06/2022 16:00","CTA|SE","14233.00","13498.00"
"27/06/2022 16:00 - 27/06/2022 17:00","CTA|SE","14121.00","13312.00"
"27/06/2022 17:00 - 27/06/2022 18:00","CTA|SE","13699.00","13042.00"
"27/06/2022 18:00 - 27/06/2022 19:00","CTA|SE","13325.00","12731.00"
"27/06/2022 19:00 - 27/06/2022 20:00","CTA|SE","13094.00","12394.00"
"27/06/2022 20:00 - 27/06/2022 21:00","CTA|SE","12803.00","12093.00"
"27/06/2022 21:00 - 27/06/2022 22:00","CTA|SE","12114.00","11574.00"
"27/06/2022 22:00 - 27/06/2022 23:00","CTA|SE","11488.00","11092.00"
"27/06/2022 23:00 - 28/06/2022 00:00","CTA|SE","10911.00","10761.00"
"28/06/2022 00:00 - 28/06/2022 01:00","CTA|SE","10828.00","10642.00"
"28/06/2022 01:00 - 28/06/2022 02:00","CTA|SE","10556.00","10568.00"
"28/06/2022 02:00 - 28/06/2022 03:00","CTA|SE","10689.00","10444.00"
"28/06/2022 03:00 - 28/06/2022 04:00","CTA|SE","11032.00","10810.00"
"28/06/2022 04:00 - 28/06/2022 05:00","CTA|SE","12080.00","11948.00"
"28/06/2022 05:00 - 28/06/2022 06:00","CTA|SE","13519.00","13093.00"
"28/06/2022 06:00 - 28/06/2022 07:00","CTA|SE","14097.00","13644.00"
"28/06/2022 07:00 - 28/06/2022 08:00","CTA|SE","14516.00","13890.00"
"28/06/2022 08:00 - 28/06/2022 09:00","CTA|SE","14522.00","14066.00"
"28/06/2022 09:00 - 28/06/2022 10:00","CTA|SE","14445.00","14141.00"
"28/06/2022 10:00 - 28/06/2022 11:00","CTA|SE","14621.00","14136.00"
"28/06/2022 11:00 - 28/06/2022 12:00","CTA|SE","14603.00","14057.00"
"28/06/2022 12:00 - 28/06/2022 13:00","CTA|SE","14551.00","13945.00"
"28/06/2022 13:00 - 28/06/2022 14:00","CTA|SE","14587.00","13847.00"
"28/06/2022 14:00 - 28/06/2022 15:00","CTA|SE","14304.00","13673.00"
"28/06/2022 15:00 - 28/06/2022 16:00","CTA|SE","14459.00","13660.00"
"28/06/2022 16:00 - 28/06/2022 17:00","CTA|SE","14265.00","13431.00"
"28/06/2022 17:00 - 28/06/2022 18:00","CTA|SE","14308.00","13186.00"
"28/06/2022 18:00 - 28/06/2022 19:00","CTA|SE","13780.00","12895.00"
"28/06/2022 19:00 - 28/06/2022 20:00","CTA|SE","13118.00","12548.00"
"28/06/2022 20:00 - 28/06/2022 21:00","CTA|SE","12730.00","12247.00"
"28/06/2022 21:00 - 28/06/2022 22:00","CTA|SE","11998.00","11705.00"
"28/06/2022 22:00 - 28/06/2022 23:00","CTA|SE","11620.00","11297.00"
"28/06/2022 23:00 - 29/06/2022 00:00","CTA|SE","11303.00","10919.00"
"29/06/2022 00:00 - 29/06/2022 01:00","CTA|SE","11132.00","10766.00"
"29/06/2022 01:00 - 29/06/2022 02:00","CTA|SE","10850.00","10653.00"
"29/06/2022 02:00 - 29/06/2022 03:00","CTA|SE","10648.00","10509.00"
"29/06/2022 03:00 - 29/06/2022 04:00","CTA|SE","10955.00","10906.00"
"29/06/2022 04:00 - 29/06/2022 05:00","CTA|SE","12214.00","12148.00"
"29/06/2022 05:00 - 29/06/2022 06:00","CTA|SE","13549.00","13391.00"
"29/06/2022 06:00 - 29/06/2022 07:00","CTA|SE","14157.00","14004.00"
"29/06/2022 07:00 - 29/06/2022 08:00","CTA|SE","14206.00","14273.00"
"29/06/2022 08:00 - 29/06/2022 09:00","CTA|SE","14385.00","14481.00"
"29/06/2022 09:00 - 29/06/2022 10:00","CTA|SE","14440.00","14561.00"
"29/06/2022 10:00 - 29/06/2022 11:00","CTA|SE","14466.00","14575.00"
"29/06/2022 11:00 - 29/06/2022 12:00","CTA|SE","14264.00","14504.00"
"29/06/2022 12:00 - 29/06/2022 13:00","CTA|SE","14507.00","14393.00"
"29/06/2022 13:00 - 29/06/2022 14:00","CTA|SE","14443.00","14317.00"
"29/06/2022 14:00 - 29/06/2022 15:00","CTA|SE","14648.00","14126.00"
"29/06/2022 15:00 - 29/06/2022 16:00","CTA|SE","14340.00","14122.00"
"29/06/2022 16:00 - 29/06/2022 17:00","CTA|SE","14033.00","13859.00"
"29/06/2022 17:00 - 29/06/2022 18:00","CTA|SE","13878.00","13590.00"
"29/06/2022 18:00 - 29/06/2022 19:00","CTA|SE","13695.00","13276.00"
"29/06/2022 19:00 - 29/06/2022 20:00","CTA|SE","13501.00","12880.00"
"29/06/2022 20:00 - 29/06/2022 21:00","CTA|SE","13248.00","12559.00"
"29/06/2022 21:00 - 29/06/2022 22:00","CTA|SE","12694.00","11948.00"
"29/06/2022 22:00 - 29/06/2022 23:00","CTA|SE","11847.00","11378.00"
"29/06/2022 23:00 - 30/06/2022 00:00","CTA|SE","11584.00","11006.00"
"30/06/2022 00:00 - 30/06/2022 01:00","CTA|SE","11484.00","10852.00"
"30/06/2022 01:00 - 30/06/2022 02:00","CTA|SE","11227.00","10723.00"
"30/06/2022 02:00 - 30/06/2022 03:00","CTA|SE","11125.00","10599.00"
"30/06/2022 03:00 - 30/06/2022 04:00","CTA|SE","11301.00","11012.00"
"30/06/2022 04:00 - 30/06/2022 05:00","CTA|SE","12339.00","12256.00"
"30/06/2022 05:00 - 30/06/2022 06:00","CTA|SE","13341.00","13480.00"
"30/06/2022 06:00 - 30/06/2022 07:00","CTA|SE","13953.00","14103.00"
"30/06/2022 07:00 - 30/06/2022 08:00","CTA|SE","14389.00","14370.00"
"30/06/2022 08:00 - 30/06/2022 09:00","CTA|SE","14658.00","14565.00"
"30/06/2022 09:00 - 30/06/2022 10:00","CTA|SE","14771.00","14668.00"
"30/06/2022 10:00 - 30/06/2022 11:00","CTA|SE","14871.00","14676.00"
"30/06/2022 11:00 - 30/06/2022 12:00","CTA|SE","14415.00","14606.00"
"30/06/2022 12:00 - 30/06/2022 13:00","CTA|SE","14444.00","14486.00"
"30/06/2022 13:00 - 30/06/2022 14:00","CTA|SE","14483.00","14413.00"
"30/06/2022 14:00 - 30/06/2022 15:00","CTA|SE","14469.00","14228.00"
"30/06/2022 15:00 - 30/06/2022 16:00","CTA|SE","14387.00","14229.00"
"30/06/2022 16:00 - 30/06/2022 17:00","CTA|SE","14352.00","13950.00"
"30/06/2022 17:00 - 30/06/2022 18:00","CTA|SE","14342.00","13688.00"
"30/06/2022 18:00 - 30/06/2022 19:00","CTA|SE","13927.00","13362.00"
"30/06/2022 19:00 - 30/06/2022 20:00","CTA|SE","13146.00","12957.00"
"30/06/2022 20:00 - 30/06/2022 21:00","CTA|SE","13044.00","12639.00"
"30/06/2022 21:00 - 30/06/2022 22:00","CTA|SE","12073.00","12025.00"
"30/06/2022 22:00 - 30/06/2022 23:00","CTA|SE","11452.00","11483.00"
"30/06/2022 23:00 - 01/07/2022 00:00","CTA|SE","11145.00","11131.00"
"01/07/2022 00:00 - 01/07/2022 01:00","CTA|SE","10779.00","10970.00"
"01/07/2022 01:00 - 01/07/2022 02:00","CTA|SE","10664.00","10856.00"
"01/07/2022 02:00 - 01/07/2022 03:00","CTA|SE","10785.00","10770.00"
"01/07/2022 03:00 - 01/07/2022 04:00","CTA|SE","11206.00","11154.00"
"01/07/2022 04:00 - 01/07/2022 05:00","CTA|SE","12313.00","12303.00"
"01/07/2022 05:00 - 01/07/2022 06:00","CTA|SE","13502.00","13447.00"
"01/07/2022 06:00 - 01/07/2022 07:00","CTA|SE","14063.00","14066.00"
"01/07/2022 07:00 - 01/07/2022 08:00","CTA|SE","14462.00","14348.00"
"01/07/2022 08:00 - 01/07/2022 09:00","CTA|SE","14498.00","14513.00"
"01/07/2022 09:00 - 01/07/2022 10:00","CTA|SE","14366.00","14534.00"
"01/07/2022 10:00 - 01/07/2022 11:00","CTA|SE","14386.00","14437.00"
"01/07/2022 11:00 - 01/07/2022 12:00","CTA|SE","14112.00","14228.00"
"01/07/2022 12:00 - 01/07/2022 13:00","CTA|SE","13914.00","14001.00"
"01/07/2022 13:00 - 01/07/2022 14:00","CTA|SE","13217.00","13769.00"
"01/07/2022 14:00 - 01/07/2022 15:00","CTA|SE","13168.00","13591.00"
"01/07/2022 15:00 - 01/07/2022 16:00","CTA|SE","13194.00","13526.00"
"01/07/2022 16:00 - 01/07/2022 17:00","CTA|SE","13224.00","13276.00"
"01/07/2022 17:00 - 01/07/2022 18:00","CTA|SE","13109.00","12928.00"
"01/07/2022 18:00 - 01/07/2022 19:00","CTA|SE","12561.00","12526.00"
"01/07/2022 19:00 - 01/07/2022 20:00","CTA|SE","11853.00","12231.00"
"01/07/2022 20:00 - 01/07/2022 21:00","CTA|SE","11336.00","12035.00"
"01/07/2022 21:00 - 01/07/2022 22:00","CTA|SE","10986.00","11619.00"
"01/07/2022 22:00 - 01/07/2022 23:00","CTA|SE","10378.00","11178.00"
"01/07/2022 23:00 - 02/07/2022 00:00","CTA|SE","10133.00","10779.00"
"02/07/2022 00:00 - 02/07/2022 01:00","CTA|SE","9868.00","10579.00"
"02/07/2022 01:00 - 02/07/2022 02:00","CTA|SE","9755.00","10414.00"
"02/07/2022 02:00 - 02/07/2022 03:00","CTA|SE","9753.00","10203.00"
"02/07/2022 03:00 - 02/07/2022 04:00","CTA|SE","9782.00","10191.00"
"02/07/2022 04:00 - 02/07/2022 05:00","CTA|SE","9884.00","10522.00"
"02/07/2022 05:00 - 02/07/2022 06:00","CTA|SE","10552.00","11031.00"
"02/07/2022 06:00 - 02/07/2022 07:00","CTA|SE","11195.00","11718.00"
"02/07/2022 07:00 - 02/07/2022 08:00","CTA|SE","11379.00","12335.00"
"02/07/2022 08:00 - 02/07/2022 09:00","CTA|SE","11427.00","12642.00"
"02/07/2022 09:00 - 02/07/2022 10:00","CTA|SE","11699.00","12802.00"
"02/07/2022 10:00 - 02/07/2022 11:00","CTA|SE","12080.00","12735.00"
"02/07/2022 11:00 - 02/07/2022 12:00","CTA|SE","12169.00","12656.00"
"02/07/2022 12:00 - 02/07/2022 13:00","CTA|SE","12315.00","12498.00"
"02/07/2022 13:00 - 02/07/2022 14:00","CTA|SE","12094.00","12385.00"
"02/07/2022 14:00 - 02/07/2022 15:00","CTA|SE","12164.00","12391.00"
"02/07/2022 15:00 - 02/07/2022 16:00","CTA|SE","12289.00","12491.00"
"02/07/2022 16:00 - 02/07/2022 17:00","CTA|SE","12548.00","12462.00"
"02/07/2022 17:00 - 02/07/2022 18:00","CTA|SE","12548.00","12301.00"
"02/07/2022 18:00 - 02/07/2022 19:00","CTA|SE","12291.00","12067.00"
"02/07/2022 19:00 - 02/07/2022 20:00","CTA|SE","12056.00","11799.00"
"02/07/2022 20:00 - 02/07/2022 21:00","CTA|SE","11816.00","11691.00"
"02/07/2022 21:00 - 02/07/2022 22:00","CTA|SE","11228.00","11379.00"
"02/07/2022 22:00 - 02/07/2022 23:00","CTA|SE","10310.00","10897.00"
"02/07/2022 23:00 - 03/07/2022 00:00","CTA|SE","10048.00","10558.00"
"03/07/2022 00:00 - 03/07/2022 01:00","CTA|SE","9939.00","10380.00"
"03/07/2022 01:00 - 03/07/2022 02:00","CTA|SE","9876.00","10212.00"
"03/07/2022 02:00 - 03/07/2022 03:00","CTA|SE","9859.00","9985.00"
"03/07/2022 03:00 - 03/07/2022 04:00","CTA|SE","9629.00","9963.00"
"03/07/2022 04:00 - 03/07/2022 05:00","CTA|SE","9750.00","10157.00"
"03/07/2022 05:00 - 03/07/2022 06:00","CTA|SE","10378.00","10582.00"
"03/07/2022 06:00 - 03/07/2022 07:00","CTA|SE","10929.00","11155.00"
"03/07/2022 07:00 - 03/07/2022 08:00","CTA|SE","11557.00","11745.00"
"03/07/2022 08:00 - 03/07/2022 09:00","CTA|SE","11971.00","12172.00"
"03/07/2022 09:00 - 03/07/2022 10:00","CTA|SE","12102.00","12387.00"
"03/07/2022 10:00 - 03/07/2022 11:00","CTA|SE","12260.00","12471.00"
"03/07/2022 11:00 - 03/07/2022 12:00","CTA|SE","12353.00","12431.00"
"03/07/2022 12:00 - 03/07/2022 13:00","CTA|SE","12509.00","12299.00"
"03/07/2022 13:00 - 03/07/2022 14:00","CTA|SE","12355.00","12251.00"
"03/07/2022 14:00 - 03/07/2022 15:00","CTA|SE","12515.00","12361.00"
"03/07/2022 15:00 - 03/07/2022 16:00","CTA|SE","12682.00","12594.00"
"03/07/2022 16:00 - 03/07/2022 17:00","CTA|SE","12662.00","12665.00"
"03/07/2022 17:00 - 03/07/2022 18:00","CTA|SE","12536.00","12667.00"
"03/07/2022 18:00 - 03/07/2022 19:00","CTA|SE","12226.00","12501.00"
"03/07/2022 19:00 - 03/07/2022 20:00","CTA|SE","11977.00","12208.00"
"03/07/2022 20:00 - 03/07/2022 21:00","CTA|SE","11683.00","12010.00"
"03/07/2022 21:00 - 03/07/2022 22:00","CTA|SE","11191.00","11610.00"
"03/07/2022 22:00 - 03/07/2022 23:00","CTA|SE","10779.00","10957.00"
"03/07/2022 23:00 - 04/07/2022 00:00","CTA|SE","10752.00","10604.00"
"04/07/2022 00:00 - 04/07/2022 01:00","CTA|SE","10633.00","10507.00"
"04/07/2022 01:00 - 04/07/2022 02:00","CTA|SE","10597.00","10387.00"
"04/07/2022 02:00 - 04/07/2022 03:00","CTA|SE","10789.00","10274.00"
"04/07/2022 03:00 - 04/07/2022 04:00","CTA|SE","10834.00","10705.00"
"04/07/2022 04:00 - 04/07/2022 05:00","CTA|SE","12019.00","11968.00"
"04/07/2022 05:00 - 04/07/2022 06:00","CTA|SE","13307.00","13297.00"
"04/07/2022 06:00 - 04/07/2022 07:00","CTA|SE","13663.00","14063.00"
"04/07/2022 07:00 - 04/07/2022 08:00","CTA|SE","13878.00","14409.00"
"04/07/2022 08:00 - 04/07/2022 09:00","CTA|SE","14147.00","14681.00"
"04/07/2022 09:00 - 04/07/2022 10:00","CTA|SE","14042.00","14775.00"
"04/07/2022 10:00 - 04/07/2022 11:00","CTA|SE","13928.00","14775.00"
"04/07/2022 11:00 - 04/07/2022 12:00","CTA|SE","13800.00","14742.00"
"04/07/2022 12:00 - 04/07/2022 13:00","CTA|SE","13842.00","14621.00"
"04/07/2022 13:00 - 04/07/2022 14:00","CTA|SE","13813.00","14515.00"
"04/07/2022 14:00 - 04/07/2022 15:00","CTA|SE","13730.00","14338.00"
"04/07/2022 15:00 - 04/07/2022 16:00","CTA|SE","13505.00","14301.00"
"04/07/2022 16:00 - 04/07/2022 17:00","CTA|SE","13463.00","14055.00"
"04/07/2022 17:00 - 04/07/2022 18:00","CTA|SE","13483.00","13752.00"
"04/07/2022 18:00 - 04/07/2022 19:00","CTA|SE","12787.00","13401.00"
"04/07/2022 19:00 - 04/07/2022 20:00","CTA|SE","12420.00","13015.00"
"04/07/2022 20:00 - 04/07/2022 21:00","CTA|SE","12117.00","12686.00"
"04/07/2022 21:00 - 04/07/2022 22:00","CTA|SE","11786.00","12060.00"
"04/07/2022 22:00 - 04/07/2022 23:00","CTA|SE","11276.00","11480.00"
"04/07/2022 23:00 - 05/07/2022 00:00","CTA|SE","10917.00","11086.00"
"05/07/2022 00:00 - 05/07/2022 01:00","CTA|SE","10944.00","10923.00"
"05/07/2022 01:00 - 05/07/2022 02:00","CTA|SE","11006.00","10792.00"
"05/07/2022 02:00 - 05/07/2022 03:00","CTA|SE","10831.00","10658.00"
"05/07/2022 03:00 - 05/07/2022 04:00","CTA|SE","11281.00","11025.00"
"05/07/2022 04:00 - 05/07/2022 05:00","CTA|SE","12812.00","12212.00"
"05/07/2022 05:00 - 05/07/2022 06:00","CTA|SE","13524.00","13426.00"
"05/07/2022 06:00 - 05/07/2022 07:00","CTA|SE","13837.00","14135.00"
"05/07/2022 07:00 - 05/07/2022 08:00","CTA|SE","13892.00","14468.00"
"05/07/2022 08:00 - 05/07/2022 09:00","CTA|SE","13809.00","14702.00"
"05/07/2022 09:00 - 05/07/2022 10:00","CTA|SE","14150.00","14841.00"
"05/07/2022 10:00 - 05/07/2022 11:00","CTA|SE","14066.00","14875.00"
"05/07/2022 11:00 - 05/07/2022 12:00","CTA|SE","14118.00","14784.00"
"05/07/2022 12:00 - 05/07/2022 13:00","CTA|SE","14505.00","14639.00"
"05/07/2022 13:00 - 05/07/2022 14:00","CTA|SE","14384.00","14551.00"
"05/07/2022 14:00 - 05/07/2022 15:00","CTA|SE","13655.00","14370.00"
"05/07/2022 15:00 - 05/07/2022 16:00","CTA|SE","13896.00","14367.00"
"05/07/2022 16:00 - 05/07/2022 17:00","CTA|SE","14108.00","14105.00"
"05/07/2022 17:00 - 05/07/2022 18:00","CTA|SE","13562.00","13838.00"
"05/07/2022 18:00 - 05/07/2022 19:00","CTA|SE","13554.00","13497.00"
"05/07/2022 19:00 - 05/07/2022 20:00","CTA|SE","13265.00","13093.00"
"05/07/2022 20:00 - 05/07/2022 21:00","CTA|SE","12994.00","12789.00"
"05/07/2022 21:00 - 05/07/2022 22:00","CTA|SE","12407.00","12167.00"
"05/07/2022 22:00 - 05/07/2022 23:00","CTA|SE","11684.00","11419.00"
"05/07/2022 23:00 - 06/07/2022 00:00","CTA|SE","11279.00","11067.00"
"06/07/2022 00:00 - 06/07/2022 01:00","CTA|SE","11005.00","10929.00"
"06/07/2022 01:00 - 06/07/2022 02:00","CTA|SE","10801.00","10811.00"
"06/07/2022 02:00 - 06/07/2022 03:00","CTA|SE","10995.00","10685.00"
"06/07/2022 03:00 - 06/07/2022 04:00","CTA|SE","11544.00","10997.00"
"06/07/2022 04:00 - 06/07/2022 05:00","CTA|SE","12763.00","12024.00"
"06/07/2022 05:00 - 06/07/2022 06:00","CTA|SE","13783.00","13064.00"
"06/07/2022 06:00 - 06/07/2022 07:00","CTA|SE","14057.00","13685.00"
"06/07/2022 07:00 - 06/07/2022 08:00","CTA|SE","14169.00","13961.00"
"06/07/2022 08:00 - 06/07/2022 09:00","CTA|SE","14238.00","14172.00"
"06/07/2022 09:00 - 06/07/2022 10:00","CTA|SE","14393.00","14236.00"
"06/07/2022 10:00 - 06/07/2022 11:00","CTA|SE","14633.00","14244.00"
"06/07/2022 11:00 - 06/07/2022 12:00","CTA|SE","14724.00","14179.00"
"06/07/2022 12:00 - 06/07/2022 13:00","CTA|SE","14630.00","14073.00"
"06/07/2022 13:00 - 06/07/2022 14:00","CTA|SE","14190.00","14004.00"
"06/07/2022 14:00 - 06/07/2022 15:00","CTA|SE","13758.00","13847.00"
"06/07/2022 15:00 - 06/07/2022 16:00","CTA|SE","13705.00","13863.00"
"06/07/2022 16:00 - 06/07/2022 17:00","CTA|SE","13169.00","13649.00"
"06/07/2022 17:00 - 06/07/2022 18:00","CTA|SE","13078.00","13419.00"
"06/07/2022 18:00 - 06/07/2022 19:00","CTA|SE","12965.00","13123.00"
"06/07/2022 19:00 - 06/07/2022 20:00","CTA|SE","12670.00","12785.00"
"06/07/2022 20:00 - 06/07/2022 21:00","CTA|SE","12344.00","12533.00"
"06/07/2022 21:00 - 06/07/2022 22:00","CTA|SE","11672.00","11986.00"
"06/07/2022 22:00 - 06/07/2022 23:00","CTA|SE","11343.00","11516.00"
"06/07/2022 23:00 - 07/07/2022 00:00","CTA|SE","11128.00","11164.00"
"07/07/2022 00:00 - 07/07/2022 01:00","CTA|SE","10993.00","11017.00"
"07/07/2022 01:00 - 07/07/2022 02:00","CTA|SE","10985.00","10899.00"
"07/07/2022 02:00 - 07/07/2022 03:00","CTA|SE","10824.00","10775.00"
"07/07/2022 03:00 - 07/07/2022 04:00","CTA|SE","11066.00","11087.00"
"07/07/2022 04:00 - 07/07/2022 05:00","CTA|SE","12382.00","12129.00"
"07/07/2022 05:00 - 07/07/2022 06:00","CTA|SE","13286.00","13185.00"
"07/07/2022 06:00 - 07/07/2022 07:00","CTA|SE","13731.00","13818.00"
"07/07/2022 07:00 - 07/07/2022 08:00","CTA|SE","14305.00","14118.00"
"07/07/2022 08:00 - 07/07/2022 09:00","CTA|SE","14561.00","14301.00"
"07/07/2022 09:00 - 07/07/2022 10:00","CTA|SE","14537.00","14371.00"
"07/07/2022 10:00 - 07/07/2022 11:00","CTA|SE","14472.00","14362.00"
"07/07/2022 11:00 - 07/07/2022 12:00","CTA|SE","14522.00","14265.00"
"07/07/2022 12:00 - 07/07/2022 13:00","CTA|SE","14356.00","14112.00"
"07/07/2022 13:00 - 07/07/2022 14:00","CTA|SE","14080.00","14012.00"
"07/07/2022 14:00 - 07/07/2022 15:00","CTA|SE","13845.00","13831.00"
"07/07/2022 15:00 - 07/07/2022 16:00","CTA|SE","13847.00","13853.00"
"07/07/2022 16:00 - 07/07/2022 17:00","CTA|SE","13743.00","13651.00"
"07/07/2022 17:00 - 07/07/2022 18:00","CTA|SE","13773.00","13423.00"
"07/07/2022 18:00 - 07/07/2022 19:00","CTA|SE","13533.00","13165.00"
"07/07/2022 19:00 - 07/07/2022 20:00","CTA|SE","13170.00","12844.00"
"07/07/2022 20:00 - 07/07/2022 21:00","CTA|SE","13247.00","12601.00"
"07/07/2022 21:00 - 07/07/2022 22:00","CTA|SE","12101.00","12069.00"
"07/07/2022 22:00 - 07/07/2022 23:00","CTA|SE","11742.00","11721.00"
"07/07/2022 23:00 - 08/07/2022 00:00","CTA|SE","11110.00","11368.00"
"08/07/2022 00:00 - 08/07/2022 01:00","CTA|SE","10730.00","11209.00"
"08/07/2022 01:00 - 08/07/2022 02:00","CTA|SE","10904.00","11105.00"
"08/07/2022 02:00 - 08/07/2022 03:00","CTA|SE","10937.00","11011.00"
"08/07/2022 03:00 - 08/07/2022 04:00","CTA|SE","10837.00","11296.00"
"08/07/2022 04:00 - 08/07/2022 05:00","CTA|SE","12184.00","12229.00"
"08/07/2022 05:00 - 08/07/2022 06:00","CTA|SE","13001.00","13189.00"
"08/07/2022 06:00 - 08/07/2022 07:00","CTA|SE","13546.00","13806.00"
"08/07/2022 07:00 - 08/07/2022 08:00","CTA|SE","14012.00","14120.00"
"08/07/2022 08:00 - 08/07/2022 09:00","CTA|SE","13865.00","14285.00"
"08/07/2022 09:00 - 08/07/2022 10:00","CTA|SE","13437.00","14277.00"
"08/07/2022 10:00 - 08/07/2022 11:00","CTA|SE","13467.00","14200.00"
"08/07/2022 11:00 - 08/07/2022 12:00","CTA|SE","13681.00","14022.00"
"08/07/2022 12:00 - 08/07/2022 13:00","CTA|SE","13434.00","13837.00"
"08/07/2022 13:00 - 08/07/2022 14:00","CTA|SE","13454.00","13657.00"
"08/07/2022 14:00 - 08/07/2022 15:00","CTA|SE","13376.00","13499.00"
"08/07/2022 15:00 - 08/07/2022 16:00","CTA|SE","13241.00","13554.00"
"08/07/2022 16:00 - 08/07/2022 17:00","CTA|SE","12980.00","13335.00"
"08/07/2022 17:00 - 08/07/2022 18:00","CTA|SE","13084.00","13045.00"
"08/07/2022 18:00 - 08/07/2022 19:00","CTA|SE","12595.00","12675.00"
"08/07/2022 19:00 - 08/07/2022 20:00","CTA|SE","12036.00","12376.00"
"08/07/2022 20:00 - 08/07/2022 21:00","CTA|SE","11597.00","12227.00"
"08/07/2022 21:00 - 08/07/2022 22:00","CTA|SE","11715.00","11847.00"
"08/07/2022 22:00 - 08/07/2022 23:00","CTA|SE","11388.00","11391.00"
"08/07/2022 23:00 - 09/07/2022 00:00","CTA|SE","11135.00","11053.00"
"09/07/2022 00:00 - 09/07/2022 01:00","CTA|SE","10874.00","10844.00"
"09/07/2022 01:00 - 09/07/2022 02:00","CTA|SE","10442.00","10700.00"
"09/07/2022 02:00 - 09/07/2022 03:00","CTA|SE","10327.00","10511.00"
"09/07/2022 03:00 - 09/07/2022 04:00","CTA|SE","9963.00","10469.00"
"09/07/2022 04:00 - 09/07/2022 05:00","CTA|SE","10204.00","10696.00"
"09/07/2022 05:00 - 09/07/2022 06:00","CTA|SE","10290.00","11103.00"
"09/07/2022 06:00 - 09/07/2022 07:00","CTA|SE","10713.00","11677.00"
"09/07/2022 07:00 - 09/07/2022 08:00","CTA|SE","11242.00","12189.00"
"09/07/2022 08:00 - 09/07/2022 09:00","CTA|SE","11562.00","12464.00"
"09/07/2022 09:00 - 09/07/2022 10:00","CTA|SE","12109.00","12588.00"
"09/07/2022 10:00 - 09/07/2022 11:00","CTA|SE","12252.00","12554.00"
"09/07/2022 11:00 - 09/07/2022 12:00","CTA|SE","11708.00","12449.00"
"09/07/2022 12:00 - 09/07/2022 13:00","CTA|SE","11681.00","12306.00"
"09/07/2022 13:00 - 09/07/2022 14:00","CTA|SE","11583.00","12255.00"
"09/07/2022 14:00 - 09/07/2022 15:00","CTA|SE","11411.00","12302.00"
"09/07/2022 15:00 - 09/07/2022 16:00","CTA|SE","11559.00","12435.00"
"09/07/2022 16:00 - 09/07/2022 17:00","CTA|SE","11813.00","12413.00"
"09/07/2022 17:00 - 09/07/2022 18:00","CTA|SE","11962.00","12283.00"
"09/07/2022 18:00 - 09/07/2022 19:00","CTA|SE","11889.00","12081.00"
"09/07/2022 19:00 - 09/07/2022 20:00","CTA|SE","11663.00","11866.00"
"09/07/2022 20:00 - 09/07/2022 21:00","CTA|SE","11247.00","11804.00"
"09/07/2022 21:00 - 09/07/2022 22:00","CTA|SE","10851.00","11480.00"
"09/07/2022 22:00 - 09/07/2022 23:00","CTA|SE","10793.00","10942.00"
"09/07/2022 23:00 - 10/07/2022 00:00","CTA|SE","10529.00","10644.00"
"10/07/2022 00:00 - 10/07/2022 01:00","CTA|SE","10376.00","10473.00"
"10/07/2022 01:00 - 10/07/2022 02:00","CTA|SE","10368.00","10329.00"
"10/07/2022 02:00 - 10/07/2022 03:00","CTA|SE","9756.00","10120.00"
"10/07/2022 03:00 - 10/07/2022 04:00","CTA|SE","9827.00","10037.00"
"10/07/2022 04:00 - 10/07/2022 05:00","CTA|SE","10184.00","10182.00"
"10/07/2022 05:00 - 10/07/2022 06:00","CTA|SE","10890.00","10531.00"
"10/07/2022 06:00 - 10/07/2022 07:00","CTA|SE","11348.00","11053.00"
"10/07/2022 07:00 - 10/07/2022 08:00","CTA|SE","11628.00","11583.00"
"10/07/2022 08:00 - 10/07/2022 09:00","CTA|SE","12282.00","12020.00"
"10/07/2022 09:00 - 10/07/2022 10:00","CTA|SE","12239.00","12245.00"
"10/07/2022 10:00 - 10/07/2022 11:00","CTA|SE","12225.00","12398.00"
"10/07/2022 11:00 - 10/07/2022 12:00","CTA|SE","12101.00","12350.00"
"10/07/2022 12:00 - 10/07/2022 13:00","CTA|SE","11896.00","12325.00"
"10/07/2022 13:00 - 10/07/2022 14:00","CTA|SE","11858.00","12233.00"
"10/07/2022 14:00 - 10/07/2022 15:00","CTA|SE","11963.00","12279.00"
"10/07/2022 15:00 - 10/07/2022 16:00","CTA|SE","12317.00","12435.00"
"10/07/2022 16:00 - 10/07/2022 17:00","CTA|SE","12185.00","12482.00"
"10/07/2022 17:00 - 10/07/2022 18:00","CTA|SE","12151.00","12486.00"
"10/07/2022 18:00 - 10/07/2022 19:00","CTA|SE","11844.00","12351.00"
"10/07/2022 19:00 - 10/07/2022 20:00","CTA|SE","11464.00","12165.00"
"10/07/2022 20:00 - 10/07/2022 21:00","CTA|SE","11433.00","12032.00"
"10/07/2022 21:00 - 10/07/2022 22:00","CTA|SE","10888.00","11638.00"
"10/07/2022 22:00 - 10/07/2022 23:00","CTA|SE","10579.00","10884.00"
"10/07/2022 23:00 - 11/07/2022 00:00","CTA|SE","10492.00","10595.00"
"11/07/2022 00:00 - 11/07/2022 01:00","CTA|SE","10478.00","10478.00"
"11/07/2022 01:00 - 11/07/2022 02:00","CTA|SE","10537.00","10400.00"
"11/07/2022 02:00 - 11/07/2022 03:00","CTA|SE","10321.00","10317.00"
"11/07/2022 03:00 - 11/07/2022 04:00","CTA|SE","10624.00","10591.00"
"11/07/2022 04:00 - 11/07/2022 05:00","CTA|SE","11522.00","11575.00"
"11/07/2022 05:00 - 11/07/2022 06:00","CTA|SE","12643.00","12644.00"
"11/07/2022 06:00 - 11/07/2022 07:00","CTA|SE","13106.00","13296.00"
"11/07/2022 07:00 - 11/07/2022 08:00","CTA|SE","13207.00","13646.00"
"11/07/2022 08:00 - 11/07/2022 09:00","CTA|SE","13242.00","13935.00"
"11/07/2022 09:00 - 11/07/2022 10:00","CTA|SE","13287.00","14058.00"
"11/07/2022 10:00 - 11/07/2022 11:00","CTA|SE","13370.00","14097.00"
"11/07/2022 11:00 - 11/07/2022 12:00","CTA|SE","13379.00","14072.00"
"11/07/2022 12:00 - 11/07/2022 13:00","CTA|SE","13287.00","13932.00"
"11/07/2022 13:00 - 11/07/2022 14:00","CTA|SE","13150.00","13843.00"
"11/07/2022 14:00 - 11/07/2022 15:00","CTA|SE","12941.00","13706.00"
"11/07/2022 15:00 - 11/07/2022 16:00","CTA|SE","13106.00","13679.00"
"11/07/2022 16:00 - 11/07/2022 17:00","CTA|SE","12910.00","13538.00"
"11/07/2022 17:00 - 11/07/2022 18:00","CTA|SE","12700.00","13296.00"
"11/07/2022 18:00 - 11/07/2022 19:00","CTA|SE","12607.00","13011.00"
"11/07/2022 19:00 - 11/07/2022 20:00","CTA|SE","12511.00","12714.00"
"11/07/2022 20:00 - 11/07/2022 21:00","CTA|SE","12149.00","12461.00"
"11/07/2022 21:00 - 11/07/2022 22:00","CTA|SE","11395.00","11940.00"
"11/07/2022 22:00 - 11/07/2022 23:00","CTA|SE","10849.00","11366.00"
"11/07/2022 23:00 - 12/07/2022 00:00","CTA|SE","10641.00","11057.00"
"12/07/2022 00:00 - 12/07/2022 01:00","CTA|SE","10748.00","10909.00"
"12/07/2022 01:00 - 12/07/2022 02:00","CTA|SE","10780.00","10798.00"
"12/07/2022 02:00 - 12/07/2022 03:00","CTA|SE","10662.00","10690.00"
"12/07/2022 03:00 - 12/07/2022 04:00","CTA|SE","10908.00","10937.00"
"12/07/2022 04:00 - 12/07/2022 05:00","CTA|SE","11651.00","11801.00"
"12/07/2022 05:00 - 12/07/2022 06:00","CTA|SE","12541.00","12686.00"
"12/07/2022 06:00 - 12/07/2022 07:00","CTA|SE","12954.00","13249.00"
"12/07/2022 07:00 - 12/07/2022 08:00","CTA|SE","12977.00","13516.00"
"12/07/2022 08:00 - 12/07/2022 09:00","CTA|SE","13094.00","13682.00"
"12/07/2022 09:00 - 12/07/2022 10:00","CTA|SE","13049.00","13722.00"
"12/07/2022 10:00 - 12/07/2022 11:00","CTA|SE","13139.00","13705.00"
"12/07/2022 11:00 - 12/07/2022 12:00","CTA|SE","13050.00","13646.00"
"12/07/2022 12:00 - 12/07/2022 13:00","CTA|SE","13001.00","13553.00"
"12/07/2022 13:00 - 12/07/2022 14:00","CTA|SE","12894.00","13493.00"
"12/07/2022 14:00 - 12/07/2022 15:00","CTA|SE","12771.00","13378.00"
"12/07/2022 15:00 - 12/07/2022 16:00","CTA|SE","13004.00","13434.00"
"12/07/2022 16:00 - 12/07/2022 17:00","CTA|SE","12897.00","13297.00"
"12/07/2022 17:00 - 12/07/2022 18:00","CTA|SE","12990.00","13130.00"
"12/07/2022 18:00 - 12/07/2022 19:00","CTA|SE","12664.00","12914.00"
"12/07/2022 19:00 - 12/07/2022 20:00","CTA|SE","12330.00","12678.00"
"12/07/2022 20:00 - 12/07/2022 21:00","CTA|SE","12001.00","12483.00"
"12/07/2022 21:00 - 12/07/2022 22:00","CTA|SE","11204.00","11987.00"
"12/07/2022 22:00 - 12/07/2022 23:00","CTA|SE","10536.00","11369.00"
"12/07/2022 23:00 - 13/07/2022 00:00","CTA|SE","10273.00","11076.00"
"13/07/2022 00:00 - 13/07/2022 01:00","CTA|SE","10351.00","10940.00"
"13/07/2022 01:00 - 13/07/2022 02:00","CTA|SE","10384.00","10853.00"
"13/07/2022 02:00 - 13/07/2022 03:00","CTA|SE","10323.00","10763.00"
"13/07/2022 03:00 - 13/07/2022 04:00","CTA|SE","10461.00","10983.00"
"13/07/2022 04:00 - 13/07/2022 05:00","CTA|SE","11488.00","11774.00"
"13/07/2022 05:00 - 13/07/2022 06:00","CTA|SE","12497.00","12579.00"
"13/07/2022 06:00 - 13/07/2022 07:00","CTA|SE","12851.00","13105.00"
"13/07/2022 07:00 - 13/07/2022 08:00","CTA|SE","13313.00","13362.00"
"13/07/2022 08:00 - 13/07/2022 09:00","CTA|SE","13499.00","13532.00"
"13/07/2022 09:00 - 13/07/2022 10:00","CTA|SE","13445.00","13571.00"
"13/07/2022 10:00 - 13/07/2022 11:00","CTA|SE","13241.00","13570.00"
"13/07/2022 11:00 - 13/07/2022 12:00","CTA|SE","12939.00","13547.00"
"13/07/2022 12:00 - 13/07/2022 13:00","CTA|SE","12763.00","13446.00"
"13/07/2022 13:00 - 13/07/2022 14:00","CTA|SE","12572.00","13452.00"
"13/07/2022 14:00 - 13/07/2022 15:00","CTA|SE","12527.00","13302.00"
"13/07/2022 15:00 - 13/07/2022 16:00","CTA|SE","12746.00","13327.00"
"13/07/2022 16:00 - 13/07/2022 17:00","CTA|SE","12874.00","13154.00"
"13/07/2022 17:00 - 13/07/2022 18:00","CTA|SE","12538.00","12920.00"
"13/07/2022 18:00 - 13/07/2022 19:00","CTA|SE","12928.00","12692.00"
"13/07/2022 19:00 - 13/07/2022 20:00","CTA|SE","12608.00","12470.00"
"13/07/2022 20:00 - 13/07/2022 21:00","CTA|SE","12263.00","12291.00"
"13/07/2022 21:00 - 13/07/2022 22:00","CTA|SE","11529.00","11823.00"
"13/07/2022 22:00 - 13/07/2022 23:00","CTA|SE","11029.00","11298.00"
"13/07/2022 23:00 - 14/07/2022 00:00","CTA|SE","10674.00","11005.00"
"14/07/2022 00:00 - 14/07/2022 01:00","CTA|SE","10521.00","10869.00"
"14/07/2022 01:00 - 14/07/2022 02:00","CTA|SE","10130.00","10779.00"
"14/07/2022 02:00 - 14/07/2022 03:00","CTA|SE","10124.00","10678.00"
"14/07/2022 03:00 - 14/07/2022 04:00","CTA|SE","10592.00","10891.00"
"14/07/2022 04:00 - 14/07/2022 05:00","CTA|SE","11302.00","11679.00"
"14/07/2022 05:00 - 14/07/2022 06:00","CTA|SE","12089.00","12494.00"
"14/07/2022 06:00 - 14/07/2022 07:00","CTA|SE","12436.00","13038.00"
"14/07/2022 07:00 - 14/07/2022 08:00","CTA|SE","12899.00","13306.00"
"14/07/2022 08:00 - 14/07/2022 09:00","CTA|SE","13245.00","13515.00"
"14/07/2022 09:00 - 14/07/2022 10:00","CTA|SE","13331.00","13619.00"
"14/07/2022 10:00 - 14/07/2022 11:00","CTA|SE","13086.00","13682.00"
"14/07/2022 11:00 - 14/07/2022 12:00","CTA|SE","13158.00","13674.00"
"14/07/2022 12:00 - 14/07/2022 13:00","CTA|SE","13235.00","13618.00"
"14/07/2022 13:00 - 14/07/2022 14:00","CTA|SE","13176.00","13533.00"
"14/07/2022 14:00 - 14/07/2022 15:00","CTA|SE","12994.00","13404.00"
"14/07/2022 15:00 - 14/07/2022 16:00","CTA|SE","13176.00","13389.00"
"14/07/2022 16:00 - 14/07/2022 17:00","CTA|SE","13181.00","13207.00"
"14/07/2022 17:00 - 14/07/2022 18:00","CTA|SE","13071.00","12993.00"
"14/07/2022 18:00 - 14/07/2022 19:00","CTA|SE","12577.00","12734.00"
"14/07/2022 19:00 - 14/07/2022 20:00","CTA|SE","12096.00","12477.00"
"14/07/2022 20:00 - 14/07/2022 21:00","CTA|SE","11803.00","12282.00"
"14/07/2022 21:00 - 14/07/2022 22:00","CTA|SE","11462.00","11793.00"
"14/07/2022 22:00 - 14/07/2022 23:00","CTA|SE","10854.00","11264.00"
"14/07/2022 23:00 - 15/07/2022 00:00","CTA|SE","10381.00","10920.00"
"15/07/2022 00:00 - 15/07/2022 01:00","CTA|SE","10365.00","10754.00"
"15/07/2022 01:00 - 15/07/2022 02:00","CTA|SE","10360.00","10691.00"
"15/07/2022 02:00 - 15/07/2022 03:00","CTA|SE","10183.00","10620.00"
"15/07/2022 03:00 - 15/07/2022 04:00","CTA|SE","10212.00","10804.00"
"15/07/2022 04:00 - 15/07/2022 05:00","CTA|SE","11515.00","11598.00"
"15/07/2022 05:00 - 15/07/2022 06:00","CTA|SE","12267.00","12416.00"
"15/07/2022 06:00 - 15/07/2022 07:00","CTA|SE","12671.00","12980.00"
"15/07/2022 07:00 - 15/07/2022 08:00","CTA|SE","12401.00","13287.00"
"15/07/2022 08:00 - 15/07/2022 09:00","CTA|SE","12727.00","13499.00"
"15/07/2022 09:00 - 15/07/2022 10:00","CTA|SE","12922.00","13509.00"
"15/07/2022 10:00 - 15/07/2022 11:00","CTA|SE","12900.00","13492.00"
"15/07/2022 11:00 - 15/07/2022 12:00","CTA|SE","12777.00","13350.00"
"15/07/2022 12:00 - 15/07/2022 13:00","CTA|SE","12632.00","13192.00"
"15/07/2022 13:00 - 15/07/2022 14:00","CTA|SE","12408.00","13015.00"
"15/07/2022 14:00 - 15/07/2022 15:00","CTA|SE","12368.00","12934.00"
"15/07/2022 15:00 - 15/07/2022 16:00","CTA|SE","12779.00","12968.00"
"15/07/2022 16:00 - 15/07/2022 17:00","CTA|SE","12935.00","12792.00"
"15/07/2022 17:00 - 15/07/2022 18:00","CTA|SE","12603.00","12518.00"
"15/07/2022 18:00 - 15/07/2022 19:00","CTA|SE","12334.00","12185.00"
"15/07/2022 19:00 - 15/07/2022 20:00","CTA|SE","12058.00","11919.00"
"15/07/2022 20:00 - 15/07/2022 21:00","CTA|SE","11987.00","11763.00"
"15/07/2022 21:00 - 15/07/2022 22:00","CTA|SE","11384.00","11411.00"
"15/07/2022 22:00 - 15/07/2022 23:00","CTA|SE","10730.00","10979.00"
"15/07/2022 23:00 - 16/07/2022 00:00","CTA|SE","10314.00","10670.00"
"16/07/2022 00:00 - 16/07/2022 01:00","CTA|SE","10010.00","10477.00"
"16/07/2022 01:00 - 16/07/2022 02:00","CTA|SE","9977.00","10342.00"
"16/07/2022 02:00 - 16/07/2022 03:00","CTA|SE","9878.00","10187.00"
"16/07/2022 03:00 - 16/07/2022 04:00","CTA|SE","9947.00","10105.00"
"16/07/2022 04:00 - 16/07/2022 05:00","CTA|SE","10276.00","10280.00"
"16/07/2022 05:00 - 16/07/2022 06:00","CTA|SE","10565.00","10644.00"
"16/07/2022 06:00 - 16/07/2022 07:00","CTA|SE","11041.00","11177.00"
"16/07/2022 07:00 - 16/07/2022 08:00","CTA|SE","11035.00","11645.00"
"16/07/2022 08:00 - 16/07/2022 09:00","CTA|SE","11604.00","11933.00"
"16/07/2022 09:00 - 16/07/2022 10:00","CTA|SE","11816.00","12102.00"
"16/07/2022 10:00 - 16/07/2022 11:00","CTA|SE","11590.00","12135.00"
"16/07/2022 11:00 - 16/07/2022 12:00","CTA|SE","11497.00","12067.00"
"16/07/2022 12:00 - 16/07/2022 13:00","CTA|SE","11684.00","11955.00"
"16/07/2022 13:00 - 16/07/2022 14:00","CTA|SE","11601.00","11934.00"
"16/07/2022 14:00 - 16/07/2022 15:00","CTA|SE","11796.00","11953.00"
"16/07/2022 15:00 - 16/07/2022 16:00","CTA|SE","12046.00","12123.00"
"16/07/2022 16:00 - 16/07/2022 17:00","CTA|SE","12008.00","12084.00"
"16/07/2022 17:00 - 16/07/2022 18:00","CTA|SE","11612.00","11952.00"
"16/07/2022 18:00 - 16/07/2022 19:00","CTA|SE","11592.00","11747.00"
"16/07/2022 19:00 - 16/07/2022 20:00","CTA|SE","11606.00","11554.00"
"16/07/2022 20:00 - 16/07/2022 21:00","CTA|SE","11562.00","11447.00"
"16/07/2022 21:00 - 16/07/2022 22:00","CTA|SE","11510.00","11122.00"
"16/07/2022 22:00 - 16/07/2022 23:00","CTA|SE","10780.00","10634.00"
"16/07/2022 23:00 - 17/07/2022 00:00","CTA|SE","10349.00","10378.00"
"17/07/2022 00:00 - 17/07/2022 01:00","CTA|SE","10168.00","10229.00"
"17/07/2022 01:00 - 17/07/2022 02:00","CTA|SE","10283.00","10111.00"
"17/07/2022 02:00 - 17/07/2022 03:00","CTA|SE","10248.00","9919.00"
"17/07/2022 03:00 - 17/07/2022 04:00","CTA|SE","9955.00","9841.00"
"17/07/2022 04:00 - 17/07/2022 05:00","CTA|SE","10236.00","9988.00"
"17/07/2022 05:00 - 17/07/2022 06:00","CTA|SE","11027.00","10346.00"
"17/07/2022 06:00 - 17/07/2022 07:00","CTA|SE","11320.00","10841.00"
"17/07/2022 07:00 - 17/07/2022 08:00","CTA|SE","11695.00","11334.00"
"17/07/2022 08:00 - 17/07/2022 09:00","CTA|SE","12211.00","11702.00"
"17/07/2022 09:00 - 17/07/2022 10:00","CTA|SE","11702.00","11915.00"
"17/07/2022 10:00 - 17/07/2022 11:00","CTA|SE","11582.00","11948.00"
"17/07/2022 11:00 - 17/07/2022 12:00","CTA|SE","11466.00","11960.00"
"17/07/2022 12:00 - 17/07/2022 13:00","CTA|SE","11052.00","11874.00"
"17/07/2022 13:00 - 17/07/2022 14:00","CTA|SE","11198.00","11821.00"
"17/07/2022 14:00 - 17/07/2022 15:00","CTA|SE","11623.00","11875.00"
"17/07/2022 15:00 - 17/07/2022 16:00","CTA|SE","12027.00","11995.00"
"17/07/2022 16:00 - 17/07/2022 17:00","CTA|SE","12208.00","12047.00"
"17/07/2022 17:00 - 17/07/2022 18:00","CTA|SE","11918.00","12036.00"
"17/07/2022 18:00 - 17/07/2022 19:00","CTA|SE","11655.00","11913.00"
"17/07/2022 19:00 - 17/07/2022 20:00","CTA|SE","11528.00","11721.00"
"17/07/2022 20:00 - 17/07/2022 21:00","CTA|SE","11398.00","11582.00"
"17/07/2022 21:00 - 17/07/2022 22:00","CTA|SE","10894.00","11180.00"
"17/07/2022 22:00 - 17/07/2022 23:00","CTA|SE","10543.00","10849.00"
"17/07/2022 23:00 - 18/07/2022 00:00","CTA|SE","10345.00","10622.00"
"18/07/2022 00:00 - 18/07/2022 01:00","CTA|SE","10343.00","10520.00"
"18/07/2022 01:00 - 18/07/2022 02:00","CTA|SE","9896.00","10479.00"
"18/07/2022 02:00 - 18/07/2022 03:00","CTA|SE","9685.00","10436.00"
"18/07/2022 03:00 - 18/07/2022 04:00","CTA|SE","9998.00","10629.00"
"18/07/2022 04:00 - 18/07/2022 05:00","CTA|SE","11161.00","11407.00"
"18/07/2022 05:00 - 18/07/2022 06:00","CTA|SE","11834.00","12278.00"
"18/07/2022 06:00 - 18/07/2022 07:00","CTA|SE","12382.00","12850.00"
"18/07/2022 07:00 - 18/07/2022 08:00","CTA|SE","12863.00","13146.00"
"18/07/2022 08:00 - 18/07/2022 09:00","CTA|SE","13106.00","13360.00"
"18/07/2022 09:00 - 18/07/2022 10:00","CTA|SE","13230.00","13440.00"
"18/07/2022 10:00 - 18/07/2022 11:00","CTA|SE","13220.00","13461.00"
"18/07/2022 11:00 - 18/07/2022 12:00","CTA|SE","12923.00","13467.00"
"18/07/2022 12:00 - 18/07/2022 13:00","CTA|SE","12747.00","13372.00"
"18/07/2022 13:00 - 18/07/2022 14:00","CTA|SE","12508.00","13303.00"
"18/07/2022 14:00 - 18/07/2022 15:00","CTA|SE","12607.00","13154.00"
"18/07/2022 15:00 - 18/07/2022 16:00","CTA|SE","12806.00","13099.00"
"18/07/2022 16:00 - 18/07/2022 17:00","CTA|SE","12631.00","12934.00"
"18/07/2022 17:00 - 18/07/2022 18:00","CTA|SE","12420.00","12747.00"
"18/07/2022 18:00 - 18/07/2022 19:00","CTA|SE","12250.00","12508.00"
"18/07/2022 19:00 - 18/07/2022 20:00","CTA|SE","11845.00","12297.00"
"18/07/2022 20:00 - 18/07/2022 21:00","CTA|SE","11679.00","12057.00"
"18/07/2022 21:00 - 18/07/2022 22:00","CTA|SE","11058.00","11588.00"
"18/07/2022 22:00 - 18/07/2022 23:00","CTA|SE","10481.00","11153.00"
"18/07/2022 23:00 - 19/07/2022 00:00","CTA|SE","10081.00","10881.00"
"19/07/2022 00:00 - 19/07/2022 01:00","CTA|SE","10144.00","10755.00"
"19/07/2022 01:00 - 19/07/2022 02:00","CTA|SE","10013.00","10676.00"
"19/07/2022 02:00 - 19/07/2022 03:00","CTA|SE","9799.00","10590.00"
"19/07/2022 03:00 - 19/07/2022 04:00","CTA|SE","9918.00","10789.00"
"19/07/2022 04:00 - 19/07/2022 05:00","CTA|SE","10702.00","11529.00"
"19/07/2022 05:00 - 19/07/2022 06:00","CTA|SE","11816.00","12323.00"
"19/07/2022 06:00 - 19/07/2022 07:00","CTA|SE","12412.00","12840.00"
"19/07/2022 07:00 - 19/07/2022 08:00","CTA|SE","12643.00","13123.00"
"19/07/2022 08:00 - 19/07/2022 09:00","CTA|SE","13047.00","13299.00"
"19/07/2022 09:00 - 19/07/2022 10:00","CTA|SE","12986.00","13370.00"
"19/07/2022 10:00 - 19/07/2022 11:00","CTA|SE","12586.00","13384.00"
"19/07/2022 11:00 - 19/07/2022 12:00","CTA|SE","12462.00","13363.00"
"19/07/2022 12:00 - 19/07/2022 13:00","CTA|SE","12374.00","13301.00"
"19/07/2022 13:00 - 19/07/2022 14:00","CTA|SE","12542.00","13256.00"
"19/07/2022 14:00 - 19/07/2022 15:00","CTA|SE","14097.00","13168.00"
"19/07/2022 15:00 - 19/07/2022 16:00","CTA|SE","14337.00","13213.00"
"19/07/2022 16:00 - 19/07/2022 17:00","CTA|SE","12788.00","13070.00"
"19/07/2022 17:00 - 19/07/2022 18:00","CTA|SE","12572.00","12892.00"
"19/07/2022 18:00 - 19/07/2022 19:00","CTA|SE","12410.00","12670.00"
"19/07/2022 19:00 - 19/07/2022 20:00","CTA|SE","12100.00","12455.00"
"19/07/2022 20:00 - 19/07/2022 21:00","CTA|SE","11948.00","12251.00"
"19/07/2022 21:00 - 19/07/2022 22:00","CTA|SE","11285.00","11760.00"
"19/07/2022 22:00 - 19/07/2022 23:00","CTA|SE","10735.00","11139.00"
"19/07/2022 23:00 - 20/07/2022 00:00","CTA|SE","10521.00","10877.00"
"20/07/2022 00:00 - 20/07/2022 01:00","CTA|SE","10361.00","10755.00"
"20/07/2022 01:00 - 20/07/2022 02:00","CTA|SE","10118.00","10681.00"
"20/07/2022 02:00 - 20/07/2022 03:00","CTA|SE","9749.00","10600.00"
"20/07/2022 03:00 - 20/07/2022 04:00","CTA|SE","9841.00","10768.00"
"20/07/2022 04:00 - 20/07/2022 05:00","CTA|SE","10206.00","11450.00"
"20/07/2022 05:00 - 20/07/2022 06:00","CTA|SE","11137.00","12190.00"
"20/07/2022 06:00 - 20/07/2022 07:00","CTA|SE","12265.00","12703.00"
"20/07/2022 07:00 - 20/07/2022 08:00","CTA|SE","12949.00","12975.00"
"20/07/2022 08:00 - 20/07/2022 09:00","CTA|SE","13143.00","13162.00"
"20/07/2022 09:00 - 20/07/2022 10:00","CTA|SE","12859.00","13240.00"
"20/07/2022 10:00 - 20/07/2022 11:00","CTA|SE","12835.00","13259.00"
"20/07/2022 11:00 - 20/07/2022 12:00","CTA|SE","12888.00","13217.00"
"20/07/2022 12:00 - 20/07/2022 13:00","CTA|SE","12753.00","13141.00"
"20/07/2022 13:00 - 20/07/2022 14:00","CTA|SE","12824.00","13083.00"
"20/07/2022 14:00 - 20/07/2022 15:00","CTA|SE","12742.00","12966.00"
"20/07/2022 15:00 - 20/07/2022 16:00","CTA|SE","12911.00","13010.00"
"20/07/2022 16:00 - 20/07/2022 17:00","CTA|SE","13033.00","12893.00"
"20/07/2022 17:00 - 20/07/2022 18:00","CTA|SE","12821.00","12729.00"
"20/07/2022 18:00 - 20/07/2022 19:00","CTA|SE","12532.00","12528.00"
"20/07/2022 19:00 - 20/07/2022 20:00","CTA|SE","12233.00","12338.00"
"20/07/2022 20:00 - 20/07/2022 21:00","CTA|SE","11703.00","12152.00"
"20/07/2022 21:00 - 20/07/2022 22:00","CTA|SE","10918.00","11678.00"
"20/07/2022 22:00 - 20/07/2022 23:00","CTA|SE","10081.00","11065.00"
"20/07/2022 23:00 - 21/07/2022 00:00","CTA|SE","9583.00","10778.00"
"21/07/2022 00:00 - 21/07/2022 01:00","CTA|SE","9650.00","10654.00"
"21/07/2022 01:00 - 21/07/2022 02:00","CTA|SE","9464.00","10563.00"
"21/07/2022 02:00 - 21/07/2022 03:00","CTA|SE","9071.00","10481.00"
"21/07/2022 03:00 - 21/07/2022 04:00","CTA|SE","9241.00","10646.00"
"21/07/2022 04:00 - 21/07/2022 05:00","CTA|SE","10388.00","11390.00"
"21/07/2022 05:00 - 21/07/2022 06:00","CTA|SE","11305.00","12201.00"
"21/07/2022 06:00 - 21/07/2022 07:00","CTA|SE","12312.00","12746.00"
"21/07/2022 07:00 - 21/07/2022 08:00","CTA|SE","12562.00","13066.00"
"21/07/2022 08:00 - 21/07/2022 09:00","CTA|SE","12739.00","13290.00"
"21/07/2022 09:00 - 21/07/2022 10:00","CTA|SE","13100.00","13400.00"
"21/07/2022 10:00 - 21/07/2022 11:00","CTA|SE","13030.00","13411.00"
"21/07/2022 11:00 - 21/07/2022 12:00","CTA|SE","12846.00","13365.00"
"21/07/2022 12:00 - 21/07/2022 13:00","CTA|SE","12390.00","13299.00"
"21/07/2022 13:00 - 21/07/2022 14:00","CTA|SE","12034.00","13259.00"
"21/07/2022 14:00 - 21/07/2022 15:00","CTA|SE","11990.00","13168.00"
"21/07/2022 15:00 - 21/07/2022 16:00","CTA|SE","12521.00","13236.00"
"21/07/2022 16:00 - 21/07/2022 17:00","CTA|SE","12325.00","13078.00"
"21/07/2022 17:00 - 21/07/2022 18:00","CTA|SE","12127.00","12885.00"
"21/07/2022 18:00 - 21/07/2022 19:00","CTA|SE","11751.00","12638.00"
"21/07/2022 19:00 - 21/07/2022 20:00","CTA|SE","11510.00","12424.00"
"21/07/2022 20:00 - 21/07/2022 21:00","CTA|SE","11613.00","12198.00"
"21/07/2022 21:00 - 21/07/2022 22:00","CTA|SE","11021.00","11661.00"
"21/07/2022 22:00 - 21/07/2022 23:00","CTA|SE","10357.00","10935.00"
"21/07/2022 23:00 - 22/07/2022 00:00","CTA|SE","10292.00","10579.00"
"22/07/2022 00:00 - 22/07/2022 01:00","CTA|SE","9875.00","10424.00"
"22/07/2022 01:00 - 22/07/2022 02:00","CTA|SE","9569.00","10345.00"
"22/07/2022 02:00 - 22/07/2022 03:00","CTA|SE","9743.00","10256.00"
"22/07/2022 03:00 - 22/07/2022 04:00","CTA|SE","10117.00","10371.00"
"22/07/2022 04:00 - 22/07/2022 05:00","CTA|SE","10822.00","11143.00"
"22/07/2022 05:00 - 22/07/2022 06:00","CTA|SE","11429.00","11943.00"
"22/07/2022 06:00 - 22/07/2022 07:00","CTA|SE","12041.00","12540.00"
"22/07/2022 07:00 - 22/07/2022 08:00","CTA|SE","12300.00","12847.00"
"22/07/2022 08:00 - 22/07/2022 09:00","CTA|SE","12567.00","13042.00"
"22/07/2022 09:00 - 22/07/2022 10:00","CTA|SE","13078.00","13062.00"
"22/07/2022 10:00 - 22/07/2022 11:00","CTA|SE","13029.00","12991.00"
"22/07/2022 11:00 - 22/07/2022 12:00","CTA|SE","12976.00","12856.00"
"22/07/2022 12:00 - 22/07/2022 13:00","CTA|SE","12798.00","12668.00"
"22/07/2022 13:00 - 22/07/2022 14:00","CTA|SE","12291.00","12488.00"
"22/07/2022 14:00 - 22/07/2022 15:00","CTA|SE","12097.00","12386.00"
"22/07/2022 15:00 - 22/07/2022 16:00","CTA|SE","12427.00","12402.00"
"22/07/2022 16:00 - 22/07/2022 17:00","CTA|SE","12451.00","12212.00"
"22/07/2022 17:00 - 22/07/2022 18:00","CTA|SE","12084.00","11895.00"
"22/07/2022 18:00 - 22/07/2022 19:00","CTA|SE","11734.00","11559.00"
"22/07/2022 19:00 - 22/07/2022 20:00","CTA|SE","11280.00","11321.00"
"22/07/2022 20:00 - 22/07/2022 21:00","CTA|SE","10686.00","11139.00"
"22/07/2022 21:00 - 22/07/2022 22:00","CTA|SE","10166.00","10719.00"
"22/07/2022 22:00 - 22/07/2022 23:00","CTA|SE","9841.00","10029.00"
"22/07/2022 23:00 - 23/07/2022 00:00","CTA|SE","9892.00","9691.00"
"23/07/2022 00:00 - 23/07/2022 01:00","CTA|SE","9815.00","9505.00"
"23/07/2022 01:00 - 23/07/2022 02:00","CTA|SE","9794.00","9413.00"
"23/07/2022 02:00 - 23/07/2022 03:00","CTA|SE","9662.00","9264.00"
"23/07/2022 03:00 - 23/07/2022 04:00","CTA|SE","9580.00","9171.00"
"23/07/2022 04:00 - 23/07/2022 05:00","CTA|SE","9755.00","9404.00"
"23/07/2022 05:00 - 23/07/2022 06:00","CTA|SE","10548.00","9776.00"
"23/07/2022 06:00 - 23/07/2022 07:00","CTA|SE","11379.00","10378.00"
"23/07/2022 07:00 - 23/07/2022 08:00","CTA|SE","11746.00","10927.00"
"23/07/2022 08:00 - 23/07/2022 09:00","CTA|SE","11815.00","11247.00"
"23/07/2022 09:00 - 23/07/2022 10:00","CTA|SE","11712.00","11437.00"
"23/07/2022 10:00 - 23/07/2022 11:00","CTA|SE","11870.00","11431.00"
"23/07/2022 11:00 - 23/07/2022 12:00","CTA|SE","12017.00","11369.00"
"23/07/2022 12:00 - 23/07/2022 13:00","CTA|SE","11965.00","11175.00"
"23/07/2022 13:00 - 23/07/2022 14:00","CTA|SE","11990.00","11169.00"
"23/07/2022 14:00 - 23/07/2022 15:00","CTA|SE","12070.00","11283.00"
"23/07/2022 15:00 - 23/07/2022 16:00","CTA|SE","12288.00","11338.00"
"23/07/2022 16:00 - 23/07/2022 17:00","CTA|SE","12214.00","11261.00"
"23/07/2022 17:00 - 23/07/2022 18:00","CTA|SE","11930.00","11143.00"
"23/07/2022 18:00 - 23/07/2022 19:00","CTA|SE","11765.00","10961.00"
"23/07/2022 19:00 - 23/07/2022 20:00","CTA|SE","11659.00","10823.00"
"23/07/2022 20:00 - 23/07/2022 21:00","CTA|SE","11555.00","10777.00"
"23/07/2022 21:00 - 23/07/2022 22:00","CTA|SE","11124.00","10530.00"
"23/07/2022 22:00 - 23/07/2022 23:00","CTA|SE","10698.00","10055.00"
"23/07/2022 23:00 - 24/07/2022 00:00","CTA|SE","10311.00","9767.00"
"24/07/2022 00:00 - 24/07/2022 01:00","CTA|SE","10183.00","9626.00"
"24/07/2022 01:00 - 24/07/2022 02:00","CTA|SE","10030.00","9546.00"
"24/07/2022 02:00 - 24/07/2022 03:00","CTA|SE","9759.00","9351.00"
"24/07/2022 03:00 - 24/07/2022 04:00","CTA|SE","9531.00","9229.00"
"24/07/2022 04:00 - 24/07/2022 05:00","CTA|SE","9623.00","9407.00"
"24/07/2022 05:00 - 24/07/2022 06:00","CTA|SE","9902.00","9811.00"
"24/07/2022 06:00 - 24/07/2022 07:00","CTA|SE","10378.00","10371.00"
"24/07/2022 07:00 - 24/07/2022 08:00","CTA|SE","10837.00","10907.00"
"24/07/2022 08:00 - 24/07/2022 09:00","CTA|SE","11271.00","11232.00"
"24/07/2022 09:00 - 24/07/2022 10:00","CTA|SE","11297.00","11365.00"
"24/07/2022 10:00 - 24/07/2022 11:00","CTA|SE","11199.00","11389.00"
"24/07/2022 11:00 - 24/07/2022 12:00","CTA|SE","11084.00","11371.00"
"24/07/2022 12:00 - 24/07/2022 13:00","CTA|SE","11275.00","11191.00"
"24/07/2022 13:00 - 24/07/2022 14:00","CTA|SE","11332.00","11233.00"
"24/07/2022 14:00 - 24/07/2022 15:00","CTA|SE","11551.00","11403.00"
"24/07/2022 15:00 - 24/07/2022 16:00","CTA|SE","11601.00","11490.00"
"24/07/2022 16:00 - 24/07/2022 17:00","CTA|SE","11669.00","11531.00"
"24/07/2022 17:00 - 24/07/2022 18:00","CTA|SE","11685.00","11514.00"
"24/07/2022 18:00 - 24/07/2022 19:00","CTA|SE","11501.00","11367.00"
"24/07/2022 19:00 - 24/07/2022 20:00","CTA|SE","11209.00","11195.00"
"24/07/2022 20:00 - 24/07/2022 21:00","CTA|SE","10755.00","11023.00"
"24/07/2022 21:00 - 24/07/2022 22:00","CTA|SE","10080.00","10587.00"
"24/07/2022 22:00 - 24/07/2022 23:00","CTA|SE","9994.00","10501.00"
"24/07/2022 23:00 - 25/07/2022 00:00","CTA|SE","9741.00","10284.00"
"25/07/2022 00:00 - 25/07/2022 01:00","CTA|SE","9754.00","10200.00"
"25/07/2022 01:00 - 25/07/2022 02:00","CTA|SE","9880.00","10137.00"
"25/07/2022 02:00 - 25/07/2022 03:00","CTA|SE","9664.00","10117.00"
"25/07/2022 03:00 - 25/07/2022 04:00","CTA|SE","9847.00","10286.00"
"25/07/2022 04:00 - 25/07/2022 05:00","CTA|SE","10823.00","10999.00"
"25/07/2022 05:00 - 25/07/2022 06:00","CTA|SE","11495.00","11797.00"
"25/07/2022 06:00 - 25/07/2022 07:00","CTA|SE","12432.00","12339.00"
"25/07/2022 07:00 - 25/07/2022 08:00","CTA|SE","13155.00","12656.00"
"25/07/2022 08:00 - 25/07/2022 09:00","CTA|SE","13475.00","12872.00"
"25/07/2022 09:00 - 25/07/2022 10:00","CTA|SE","13410.00","12936.00"
"25/07/2022 10:00 - 25/07/2022 11:00","CTA|SE","13419.00","12985.00"
"25/07/2022 11:00 - 25/07/2022 12:00","CTA|SE","13467.00","12928.00"
"25/07/2022 12:00 - 25/07/2022 13:00","CTA|SE","13196.00","12834.00"
"25/07/2022 13:00 - 25/07/2022 14:00","CTA|SE","13267.00","12727.00"
"25/07/2022 14:00 - 25/07/2022 15:00","CTA|SE","12947.00","12600.00"
"25/07/2022 15:00 - 25/07/2022 16:00","CTA|SE","13036.00","12625.00"
"25/07/2022 16:00 - 25/07/2022 17:00","CTA|SE","13001.00","12480.00"
"25/07/2022 17:00 - 25/07/2022 18:00","CTA|SE","12805.00","12282.00"
"25/07/2022 18:00 - 25/07/2022 19:00","CTA|SE","12474.00","12056.00"
"25/07/2022 19:00 - 25/07/2022 20:00","CTA|SE","12182.00","11885.00"
"25/07/2022 20:00 - 25/07/2022 21:00","CTA|SE","11814.00","11628.00"
"25/07/2022 21:00 - 25/07/2022 22:00","CTA|SE","10886.00","11138.00"
"25/07/2022 22:00 - 25/07/2022 23:00","CTA|SE","10553.00","10760.00"
"25/07/2022 23:00 - 26/07/2022 00:00","CTA|SE","10269.00","10462.00"
"26/07/2022 00:00 - 26/07/2022 01:00","CTA|SE","10253.00","10330.00"
"26/07/2022 01:00 - 26/07/2022 02:00","CTA|SE","10235.00","10253.00"
"26/07/2022 02:00 - 26/07/2022 03:00","CTA|SE","10212.00","10166.00"
"26/07/2022 03:00 - 26/07/2022 04:00","CTA|SE","10176.00","10327.00"
"26/07/2022 04:00 - 26/07/2022 05:00","CTA|SE","10559.00","11086.00"
"26/07/2022 05:00 - 26/07/2022 06:00","CTA|SE","11590.00","11923.00"
"26/07/2022 06:00 - 26/07/2022 07:00","CTA|SE","12284.00","12497.00"
"26/07/2022 07:00 - 26/07/2022 08:00","CTA|SE","12516.00","12787.00"
"26/07/2022 08:00 - 26/07/2022 09:00","CTA|SE","12553.00","12991.00"
"26/07/2022 09:00 - 26/07/2022 10:00","CTA|SE","12445.00","13050.00"
"26/07/2022 10:00 - 26/07/2022 11:00","CTA|SE","12488.00","13022.00"
"26/07/2022 11:00 - 26/07/2022 12:00","CTA|SE","12456.00","12961.00"
"26/07/2022 12:00 - 26/07/2022 13:00","CTA|SE","12251.00","12852.00"
"26/07/2022 13:00 - 26/07/2022 14:00","CTA|SE","11918.00","12774.00"
"26/07/2022 14:00 - 26/07/2022 15:00","CTA|SE","12020.00","12654.00"
"26/07/2022 15:00 - 26/07/2022 16:00","CTA|SE","12510.00","12704.00"
"26/07/2022 16:00 - 26/07/2022 17:00","CTA|SE","12503.00","12517.00"
"26/07/2022 17:00 - 26/07/2022 18:00","CTA|SE","12437.00","12314.00"
"26/07/2022 18:00 - 26/07/2022 19:00","CTA|SE","12028.00","12079.00"
"26/07/2022 19:00 - 26/07/2022 20:00","CTA|SE","11680.00","11891.00"
"26/07/2022 20:00 - 26/07/2022 21:00","CTA|SE","11731.00","11622.00"
"26/07/2022 21:00 - 26/07/2022 22:00","CTA|SE","11389.00","11073.00"
"26/07/2022 22:00 - 26/07/2022 23:00","CTA|SE","10799.00","10546.00"
"26/07/2022 23:00 - 27/07/2022 00:00","CTA|SE","10546.00","10255.00"
"27/07/2022 00:00 - 27/07/2022 01:00","CTA|SE","10424.00","10135.00"
"27/07/2022 01:00 - 27/07/2022 02:00","CTA|SE","10076.00","10059.00"
"27/07/2022 02:00 - 27/07/2022 03:00","CTA|SE","10060.00","9984.00"
"27/07/2022 03:00 - 27/07/2022 04:00","CTA|SE","10206.00","10150.00"
"27/07/2022 04:00 - 27/07/2022 05:00","CTA|SE","10994.00","10911.00"
"27/07/2022 05:00 - 27/07/2022 06:00","CTA|SE","11507.00","11755.00"
"27/07/2022 06:00 - 27/07/2022 07:00","CTA|SE","11967.00","12329.00"
"27/07/2022 07:00 - 27/07/2022 08:00","CTA|SE","12466.00","12635.00"
"27/07/2022 08:00 - 27/07/2022 09:00","CTA|SE","12772.00","12862.00"
"27/07/2022 09:00 - 27/07/2022 10:00","CTA|SE","12893.00","12942.00"
"27/07/2022 10:00 - 27/07/2022 11:00","CTA|SE","12993.00","12953.00"
"27/07/2022 11:00 - 27/07/2022 12:00","CTA|SE","12681.00","12915.00"
"27/07/2022 12:00 - 27/07/2022 13:00","CTA|SE","12626.00","12826.00"
"27/07/2022 13:00 - 27/07/2022 14:00","CTA|SE","12627.00","12767.00"
"27/07/2022 14:00 - 27/07/2022 15:00","CTA|SE","12527.00","12664.00"
"27/07/2022 15:00 - 27/07/2022 16:00","CTA|SE","12448.00","12719.00"
"27/07/2022 16:00 - 27/07/2022 17:00","CTA|SE","12374.00","12537.00"
"27/07/2022 17:00 - 27/07/2022 18:00","CTA|SE","12266.00","12331.00"
"27/07/2022 18:00 - 27/07/2022 19:00","CTA|SE","12282.00","12101.00"
"27/07/2022 19:00 - 27/07/2022 20:00","CTA|SE","12163.00","11917.00"
"27/07/2022 20:00 - 27/07/2022 21:00","CTA|SE","11589.00","11644.00"
"27/07/2022 21:00 - 27/07/2022 22:00","CTA|SE","10950.00","11110.00"
"27/07/2022 22:00 - 27/07/2022 23:00","CTA|SE","10425.00","10512.00"
"27/07/2022 23:00 - 28/07/2022 00:00","CTA|SE","10320.00","10241.00"
"28/07/2022 00:00 - 28/07/2022 01:00","CTA|SE","10227.00","10134.00"
"28/07/2022 01:00 - 28/07/2022 02:00","CTA|SE","9935.00","10082.00"
"28/07/2022 02:00 - 28/07/2022 03:00","CTA|SE","9799.00","10019.00"
"28/07/2022 03:00 - 28/07/2022 04:00","CTA|SE","10071.00","10191.00"
"28/07/2022 04:00 - 28/07/2022 05:00","CTA|SE","10942.00","10950.00"
"28/07/2022 05:00 - 28/07/2022 06:00","CTA|SE","11629.00","11785.00"
"28/07/2022 06:00 - 28/07/2022 07:00","CTA|SE","11829.00","12348.00"
"28/07/2022 07:00 - 28/07/2022 08:00","CTA|SE","12387.00","12619.00"
"28/07/2022 08:00 - 28/07/2022 09:00","CTA|SE","12563.00","12825.00"
"28/07/2022 09:00 - 28/07/2022 10:00","CTA|SE","12469.00","12915.00"
"28/07/2022 10:00 - 28/07/2022 11:00","CTA|SE","12396.00","12925.00"
"28/07/2022 11:00 - 28/07/2022 12:00","CTA|SE","12245.00","12887.00"
"28/07/2022 12:00 - 28/07/2022 13:00","CTA|SE","12175.00","12809.00"
"28/07/2022 13:00 - 28/07/2022 14:00","CTA|SE","12247.00","12723.00"
"28/07/2022 14:00 - 28/07/2022 15:00","CTA|SE","12170.00","12650.00"
"28/07/2022 15:00 - 28/07/2022 16:00","CTA|SE","12295.00","12698.00"
"28/07/2022 16:00 - 28/07/2022 17:00","CTA|SE","12220.00","12543.00"
"28/07/2022 17:00 - 28/07/2022 18:00","CTA|SE","12021.00","12363.00"
"28/07/2022 18:00 - 28/07/2022 19:00","CTA|SE","11830.00","12152.00"
"28/07/2022 19:00 - 28/07/2022 20:00","CTA|SE","11617.00","11974.00"
"28/07/2022 20:00 - 28/07/2022 21:00","CTA|SE","11311.00","11698.00"
"28/07/2022 21:00 - 28/07/2022 22:00","CTA|SE","11088.00","11166.00"
"28/07/2022 22:00 - 28/07/2022 23:00","CTA|SE","11137.00","10724.00"
"28/07/2022 23:00 - 29/07/2022 00:00","CTA|SE","10921.00","10451.00"
"29/07/2022 00:00 - 29/07/2022 01:00","CTA|SE","10759.00","10335.00"
"29/07/2022 01:00 - 29/07/2022 02:00","CTA|SE","10757.00","10278.00"
"29/07/2022 02:00 - 29/07/2022 03:00","CTA|SE","10667.00","10216.00"
"29/07/2022 03:00 - 29/07/2022 04:00","CTA|SE","10692.00","10368.00"
"29/07/2022 04:00 - 29/07/2022 05:00","CTA|SE","11012.00","11113.00"
"29/07/2022 05:00 - 29/07/2022 06:00","CTA|SE","11699.00","11900.00"
"29/07/2022 06:00 - 29/07/2022 07:00","CTA|SE","12133.00","12460.00"
"29/07/2022 07:00 - 29/07/2022 08:00","CTA|SE","12378.00","12756.00"
"29/07/2022 08:00 - 29/07/2022 09:00","CTA|SE","12451.00","12943.00"
"29/07/2022 09:00 - 29/07/2022 10:00","CTA|SE","12499.00","12980.00"
"29/07/2022 10:00 - 29/07/2022 11:00","CTA|SE","12523.00","12937.00"
"29/07/2022 11:00 - 29/07/2022 12:00","CTA|SE","12354.00","12819.00"
"29/07/2022 12:00 - 29/07/2022 13:00","CTA|SE","12284.00","12676.00"
"29/07/2022 13:00 - 29/07/2022 14:00","CTA|SE","12347.00","12525.00"
"29/07/2022 14:00 - 29/07/2022 15:00","CTA|SE","12253.00","12446.00"
"29/07/2022 15:00 - 29/07/2022 16:00","CTA|SE","12353.00","12511.00"
"29/07/2022 16:00 - 29/07/2022 17:00","CTA|SE","12208.00","12361.00"
"29/07/2022 17:00 - 29/07/2022 18:00","CTA|SE","12074.00","12094.00"
"29/07/2022 18:00 - 29/07/2022 19:00","CTA|SE","11764.00","11811.00"
"29/07/2022 19:00 - 29/07/2022 20:00","CTA|SE","11503.00","11642.00"
"29/07/2022 20:00 - 29/07/2022 21:00","CTA|SE","11339.00","11444.00"
"29/07/2022 21:00 - 29/07/2022 22:00","CTA|SE","10915.00","11039.00"
"29/07/2022 22:00 - 29/07/2022 23:00","CTA|SE","10452.00","10683.00"
"29/07/2022 23:00 - 30/07/2022 00:00","CTA|SE","10178.00","10413.00"
"30/07/2022 00:00 - 30/07/2022 01:00","CTA|SE","10108.00","10273.00"
"30/07/2022 01:00 - 30/07/2022 02:00","CTA|SE","9924.00","10185.00"
"30/07/2022 02:00 - 30/07/2022 03:00","CTA|SE","9826.00","10062.00"
"30/07/2022 03:00 - 30/07/2022 04:00","CTA|SE","9641.00","9990.00"
"30/07/2022 04:00 - 30/07/2022 05:00","CTA|SE","9738.00","10144.00"
"30/07/2022 05:00 - 30/07/2022 06:00","CTA|SE","10166.00","10473.00"
"30/07/2022 06:00 - 30/07/2022 07:00","CTA|SE","10898.00","10951.00"
"30/07/2022 07:00 - 30/07/2022 08:00","CTA|SE","11379.00","11335.00"
"30/07/2022 08:00 - 30/07/2022 09:00","CTA|SE","11484.00","11556.00"
"30/07/2022 09:00 - 30/07/2022 10:00","CTA|SE","11495.00","11638.00"
"30/07/2022 10:00 - 30/07/2022 11:00","CTA|SE","11436.00","11587.00"
"30/07/2022 11:00 - 30/07/2022 12:00","CTA|SE","11324.00","11523.00"
"30/07/2022 12:00 - 30/07/2022 13:00","CTA|SE","11332.00","11475.00"
"30/07/2022 13:00 - 30/07/2022 14:00","CTA|SE","11361.00","11437.00"
"30/07/2022 14:00 - 30/07/2022 15:00","CTA|SE","11411.00","11492.00"
"30/07/2022 15:00 - 30/07/2022 16:00","CTA|SE","11498.00","11571.00"
"30/07/2022 16:00 - 30/07/2022 17:00","CTA|SE","11624.00","11570.00"
"30/07/2022 17:00 - 30/07/2022 18:00","CTA|SE","11524.00","11446.00"
"30/07/2022 18:00 - 30/07/2022 19:00","CTA|SE","11298.00","11317.00"
"30/07/2022 19:00 - 30/07/2022 20:00","CTA|SE","11054.00","11235.00"
"30/07/2022 20:00 - 30/07/2022 21:00","CTA|SE","11089.00","11106.00"
"30/07/2022 21:00 - 30/07/2022 22:00","CTA|SE","10713.00","10782.00"
"30/07/2022 22:00 - 30/07/2022 23:00","CTA|SE","10173.00","10440.00"
"30/07/2022 23:00 - 31/07/2022 00:00","CTA|SE","9932.00","10216.00"
"31/07/2022 00:00 - 31/07/2022 01:00","CTA|SE","9818.00","10087.00"
"31/07/2022 01:00 - 31/07/2022 02:00","CTA|SE","9842.00","10019.00"
"31/07/2022 02:00 - 31/07/2022 03:00","CTA|SE","9840.00","9901.00"
"31/07/2022 03:00 - 31/07/2022 04:00","CTA|SE","9539.00","9792.00"
"31/07/2022 04:00 - 31/07/2022 05:00","CTA|SE","9641.00","9901.00"
"31/07/2022 05:00 - 31/07/2022 06:00","CTA|SE","10014.00","10189.00"
"31/07/2022 06:00 - 31/07/2022 07:00","CTA|SE","10790.00","10570.00"
"31/07/2022 07:00 - 31/07/2022 08:00","CTA|SE","11391.00","10953.00"
"31/07/2022 08:00 - 31/07/2022 09:00","CTA|SE","11249.00","11281.00"
"31/07/2022 09:00 - 31/07/2022 10:00","CTA|SE","11251.00","11383.00"
"31/07/2022 10:00 - 31/07/2022 11:00","CTA|SE","11327.00","11402.00"
"31/07/2022 11:00 - 31/07/2022 12:00","CTA|SE","11205.00","11351.00"
"31/07/2022 12:00 - 31/07/2022 13:00","CTA|SE","10860.00","11272.00"
"31/07/2022 13:00 - 31/07/2022 14:00","CTA|SE","10929.00","11235.00"
"31/07/2022 14:00 - 31/07/2022 15:00","CTA|SE","11341.00","11313.00"
"31/07/2022 15:00 - 31/07/2022 16:00","CTA|SE","11665.00","11423.00"
"31/07/2022 16:00 - 31/07/2022 17:00","CTA|SE","11841.00","11470.00"
"31/07/2022 17:00 - 31/07/2022 18:00","CTA|SE","11742.00","11458.00"
"31/07/2022 18:00 - 31/07/2022 19:00","CTA|SE","11480.00","11365.00"
"31/07/2022 19:00 - 31/07/2022 20:00","CTA|SE","11614.00","11319.00"
"31/07/2022 20:00 - 31/07/2022 21:00","CTA|SE","11325.00","11112.00"
"31/07/2022 21:00 - 31/07/2022 22:00","CTA|SE","10734.00","10724.00"
"31/07/2022 22:00 - 31/07/2022 23:00","CTA|SE","10212.00","10219.00"
"31/07/2022 23:00 - 01/08/2022 00:00","CTA|SE","9882.00","9997.00"
"01/08/2022 00:00 - 01/08/2022 01:00","CTA|SE","9841.00","9917.00"
"01/08/2022 01:00 - 01/08/2022 02:00","CTA|SE","9917.00","9856.00"
"01/08/2022 02:00 - 01/08/2022 03:00","CTA|SE","9786.00","9854.00"
"01/08/2022 03:00 - 01/08/2022 04:00","CTA|SE","9797.00","10017.00"
"01/08/2022 04:00 - 01/08/2022 05:00","CTA|SE","10403.00","10766.00"
"01/08/2022 05:00 - 01/08/2022 06:00","CTA|SE","11330.00","11553.00"
"01/08/2022 06:00 - 01/08/2022 07:00","CTA|SE","12168.00","12091.00"
"01/08/2022 07:00 - 01/08/2022 08:00","CTA|SE","12847.00","12372.00"
"01/08/2022 08:00 - 01/08/2022 09:00","CTA|SE","13117.00","12596.00"
"01/08/2022 09:00 - 01/08/2022 10:00","CTA|SE","13057.00","12679.00"
"01/08/2022 10:00 - 01/08/2022 11:00","CTA|SE","13182.00","12720.00"
"01/08/2022 11:00 - 01/08/2022 12:00","CTA|SE","12881.00","12675.00"
"01/08/2022 12:00 - 01/08/2022 13:00","CTA|SE","12721.00","12559.00"
"01/08/2022 13:00 - 01/08/2022 14:00","CTA|SE","12553.00","12469.00"
"01/08/2022 14:00 - 01/08/2022 15:00","CTA|SE","12442.00","12331.00"
"01/08/2022 15:00 - 01/08/2022 16:00","CTA|SE","12591.00","12349.00"
"01/08/2022 16:00 - 01/08/2022 17:00","CTA|SE","12382.00","12206.00"
"01/08/2022 17:00 - 01/08/2022 18:00","CTA|SE","12145.00","12032.00"
"01/08/2022 18:00 - 01/08/2022 19:00","CTA|SE","12264.00","11854.00"
"01/08/2022 19:00 - 01/08/2022 20:00","CTA|SE","12249.00","11721.00"
"01/08/2022 20:00 - 01/08/2022 21:00","CTA|SE","11773.00","11428.00"
"01/08/2022 21:00 - 01/08/2022 22:00","CTA|SE","10638.00","10923.00"
"01/08/2022 22:00 - 01/08/2022 23:00","CTA|SE","10367.00","10471.00"
"01/08/2022 23:00 - 02/08/2022 00:00","CTA|SE","9897.00","10229.00"
"02/08/2022 00:00 - 02/08/2022 01:00","CTA|SE","9702.00","10123.00"
"02/08/2022 01:00 - 02/08/2022 02:00","CTA|SE","9355.00","10061.00"
"02/08/2022 02:00 - 02/08/2022 03:00","CTA|SE","9013.00","10024.00"
"02/08/2022 03:00 - 02/08/2022 04:00","CTA|SE","9777.00","10184.00"
"02/08/2022 04:00 - 02/08/2022 05:00","CTA|SE","11175.00","10884.00"
"02/08/2022 05:00 - 02/08/2022 06:00","CTA|SE","12186.00","11661.00"
"02/08/2022 06:00 - 02/08/2022 07:00","CTA|SE","12825.00","12150.00"
"02/08/2022 07:00 - 02/08/2022 08:00","CTA|SE","12841.00","12413.00"
"02/08/2022 08:00 - 02/08/2022 09:00","CTA|SE","12742.00","12597.00"
"02/08/2022 09:00 - 02/08/2022 10:00","CTA|SE","12508.00","12679.00"
"02/08/2022 10:00 - 02/08/2022 11:00","CTA|SE","12441.00","12709.00"
"02/08/2022 11:00 - 02/08/2022 12:00","CTA|SE","12340.00","12672.00"
"02/08/2022 12:00 - 02/08/2022 13:00","CTA|SE","12318.00","12605.00"
"02/08/2022 13:00 - 02/08/2022 14:00","CTA|SE","12362.00","12555.00"
"02/08/2022 14:00 - 02/08/2022 15:00","CTA|SE","12358.00","12496.00"
"02/08/2022 15:00 - 02/08/2022 16:00","CTA|SE","12683.00","12553.00"
"02/08/2022 16:00 - 02/08/2022 17:00","CTA|SE","12456.00","12405.00"
"02/08/2022 17:00 - 02/08/2022 18:00","CTA|SE","12337.00","12221.00"
"02/08/2022 18:00 - 02/08/2022 19:00","CTA|SE","11771.00","12032.00"
"02/08/2022 19:00 - 02/08/2022 20:00","CTA|SE","11368.00","11889.00"
"02/08/2022 20:00 - 02/08/2022 21:00","CTA|SE","11137.00","11584.00"
"02/08/2022 21:00 - 02/08/2022 22:00","CTA|SE","10399.00","11082.00"
"02/08/2022 22:00 - 02/08/2022 23:00","CTA|SE","10364.00","10609.00"
"02/08/2022 23:00 - 03/08/2022 00:00","CTA|SE","10217.00","10352.00"
"03/08/2022 00:00 - 03/08/2022 01:00","CTA|SE","9939.00","10247.00"
"03/08/2022 01:00 - 03/08/2022 02:00","CTA|SE","9630.00","10190.00"
"03/08/2022 02:00 - 03/08/2022 03:00","CTA|SE","9847.00","10162.00"
"03/08/2022 03:00 - 03/08/2022 04:00","CTA|SE","9917.00","10347.00"
"03/08/2022 04:00 - 03/08/2022 05:00","CTA|SE","10704.00","11144.00"
"03/08/2022 05:00 - 03/08/2022 06:00","CTA|SE","11688.00","12023.00"
"03/08/2022 06:00 - 03/08/2022 07:00","CTA|SE","12234.00","12576.00"
"03/08/2022 07:00 - 03/08/2022 08:00","CTA|SE","12696.00","12862.00"
"03/08/2022 08:00 - 03/08/2022 09:00","CTA|SE","13128.00","13041.00"
"03/08/2022 09:00 - 03/08/2022 10:00","CTA|SE","12899.00","13112.00"
"03/08/2022 10:00 - 03/08/2022 11:00","CTA|SE","12834.00","13102.00"
"03/08/2022 11:00 - 03/08/2022 12:00","CTA|SE","12814.00","13069.00"
"03/08/2022 12:00 - 03/08/2022 13:00","CTA|SE","12746.00","12976.00"
"03/08/2022 13:00 - 03/08/2022 14:00","CTA|SE","12800.00","12895.00"
"03/08/2022 14:00 - 03/08/2022 15:00","CTA|SE","12907.00","12741.00"
"03/08/2022 15:00 - 03/08/2022 16:00","CTA|SE","13137.00","12782.00"
"03/08/2022 16:00 - 03/08/2022 17:00","CTA|SE","13016.00","12552.00"
"03/08/2022 17:00 - 03/08/2022 18:00","CTA|SE","12689.00","12338.00"
"03/08/2022 18:00 - 03/08/2022 19:00","CTA|SE","12328.00","12142.00"
"03/08/2022 19:00 - 03/08/2022 20:00","CTA|SE","11960.00","11991.00"
"03/08/2022 20:00 - 03/08/2022 21:00","CTA|SE","11138.00","11643.00"
"03/08/2022 21:00 - 03/08/2022 22:00","CTA|SE","10803.00","11078.00"
"03/08/2022 22:00 - 03/08/2022 23:00","CTA|SE","10270.00","10597.00"
"03/08/2022 23:00 - 04/08/2022 00:00","CTA|SE","9971.00","10335.00"
"04/08/2022 00:00 - 04/08/2022 01:00","CTA|SE","10147.00","10208.00"
"04/08/2022 01:00 - 04/08/2022 02:00","CTA|SE","9989.00","10136.00"
"04/08/2022 02:00 - 04/08/2022 03:00","CTA|SE","9845.00","10087.00"
"04/08/2022 03:00 - 04/08/2022 04:00","CTA|SE","9679.00","10237.00"
"04/08/2022 04:00 - 04/08/2022 05:00","CTA|SE","10672.00","10952.00"
"04/08/2022 05:00 - 04/08/2022 06:00","CTA|SE","11949.00","11733.00"
"04/08/2022 06:00 - 04/08/2022 07:00","CTA|SE","12717.00","12199.00"
"04/08/2022 07:00 - 04/08/2022 08:00","CTA|SE","13168.00","12405.00"
"04/08/2022 08:00 - 04/08/2022 09:00","CTA|SE","13256.00","12536.00"
"04/08/2022 09:00 - 04/08/2022 10:00","CTA|SE","13123.00","12579.00"
"04/08/2022 10:00 - 04/08/2022 11:00","CTA|SE","13039.00","12566.00"
"04/08/2022 11:00 - 04/08/2022 12:00","CTA|SE","12766.00","12498.00"
"04/08/2022 12:00 - 04/08/2022 13:00","CTA|SE","12607.00","12426.00"
"04/08/2022 13:00 - 04/08/2022 14:00","CTA|SE","12407.00","12333.00"
"04/08/2022 14:00 - 04/08/2022 15:00","CTA|SE","12929.00","12228.00"
"04/08/2022 15:00 - 04/08/2022 16:00","CTA|SE","12789.00","12254.00"
"04/08/2022 16:00 - 04/08/2022 17:00","CTA|SE","12544.00","12109.00"
"04/08/2022 17:00 - 04/08/2022 18:00","CTA|SE","12355.00","11946.00"
"04/08/2022 18:00 - 04/08/2022 19:00","CTA|SE","12175.00","11777.00"
"04/08/2022 19:00 - 04/08/2022 20:00","CTA|SE","11845.00","11625.00"
"04/08/2022 20:00 - 04/08/2022 21:00","CTA|SE","11146.00","11271.00"
"04/08/2022 21:00 - 04/08/2022 22:00","CTA|SE","10497.00","10735.00"
"04/08/2022 22:00 - 04/08/2022 23:00","CTA|SE","10323.00","10302.00"
"04/08/2022 23:00 - 05/08/2022 00:00","CTA|SE","10872.00","10038.00"
"05/08/2022 00:00 - 05/08/2022 01:00","CTA|SE","11090.00","9914.00"
"05/08/2022 01:00 - 05/08/2022 02:00","CTA|SE","10894.00","9867.00"
"05/08/2022 02:00 - 05/08/2022 03:00","CTA|SE","10368.00","9831.00"
"05/08/2022 03:00 - 05/08/2022 04:00","CTA|SE","10141.00","9982.00"
"05/08/2022 04:00 - 05/08/2022 05:00","CTA|SE","10943.00","10685.00"
"05/08/2022 05:00 - 05/08/2022 06:00","CTA|SE","11991.00","11509.00"
"05/08/2022 06:00 - 05/08/2022 07:00","CTA|SE","12869.00","12057.00"
"05/08/2022 07:00 - 05/08/2022 08:00","CTA|SE","13439.00","12351.00"
"05/08/2022 08:00 - 05/08/2022 09:00","CTA|SE","13784.00","12554.00"
"05/08/2022 09:00 - 05/08/2022 10:00","CTA|SE","13757.00","12561.00"
"05/08/2022 10:00 - 05/08/2022 11:00","CTA|SE","13617.00","12533.00"
"05/08/2022 11:00 - 05/08/2022 12:00","CTA|SE","13791.00","12423.00"
"05/08/2022 12:00 - 05/08/2022 13:00","CTA|SE","13670.00","12274.00"
"05/08/2022 13:00 - 05/08/2022 14:00","CTA|SE","13276.00","12137.00"
"05/08/2022 14:00 - 05/08/2022 15:00","CTA|SE","12944.00","12039.00"
"05/08/2022 15:00 - 05/08/2022 16:00","CTA|SE","13151.00","12091.00"
"05/08/2022 16:00 - 05/08/2022 17:00","CTA|SE","12932.00","11907.00"
"05/08/2022 17:00 - 05/08/2022 18:00","CTA|SE","12524.00","11620.00"
"05/08/2022 18:00 - 05/08/2022 19:00","CTA|SE","12202.00","11345.00"
"05/08/2022 19:00 - 05/08/2022 20:00","CTA|SE","11868.00","11187.00"
"05/08/2022 20:00 - 05/08/2022 21:00","CTA|SE","11303.00","10946.00"
"05/08/2022 21:00 - 05/08/2022 22:00","CTA|SE","10685.00","10527.00"
"05/08/2022 22:00 - 05/08/2022 23:00","CTA|SE","10502.00","10216.00"
"05/08/2022 23:00 - 06/08/2022 00:00","CTA|SE","10231.00","9910.00"
"06/08/2022 00:00 - 06/08/2022 01:00","CTA|SE","10081.00","9779.00"
"06/08/2022 01:00 - 06/08/2022 02:00","CTA|SE","9654.00","9705.00"
"06/08/2022 02:00 - 06/08/2022 03:00","CTA|SE","9346.00","9620.00"
"06/08/2022 03:00 - 06/08/2022 04:00","CTA|SE","9224.00","9546.00"
"06/08/2022 04:00 - 06/08/2022 05:00","CTA|SE","9731.00","9684.00"
"06/08/2022 05:00 - 06/08/2022 06:00","CTA|SE","10268.00","10047.00"
"06/08/2022 06:00 - 06/08/2022 07:00","CTA|SE","10423.00","10577.00"
"06/08/2022 07:00 - 06/08/2022 08:00","CTA|SE","10763.00","11021.00"
"06/08/2022 08:00 - 06/08/2022 09:00","CTA|SE","10859.00","11276.00"
"06/08/2022 09:00 - 06/08/2022 10:00","CTA|SE","11230.00","11371.00"
"06/08/2022 10:00 - 06/08/2022 11:00","CTA|SE","11597.00","11352.00"
"06/08/2022 11:00 - 06/08/2022 12:00","CTA|SE","11874.00","11287.00"
"06/08/2022 12:00 - 06/08/2022 13:00","CTA|SE","11522.00","11219.00"
"06/08/2022 13:00 - 06/08/2022 14:00","CTA|SE","11196.00","11214.00"
"06/08/2022 14:00 - 06/08/2022 15:00","CTA|SE","10828.00","11385.00"
"06/08/2022 15:00 - 06/08/2022 16:00","CTA|SE","10683.00","11483.00"
"06/08/2022 16:00 - 06/08/2022 17:00","CTA|SE","11410.00","11499.00"
"06/08/2022 17:00 - 06/08/2022 18:00","CTA|SE","11881.00","11425.00"
"06/08/2022 18:00 - 06/08/2022 19:00","CTA|SE","11835.00","11322.00"
"06/08/2022 19:00 - 06/08/2022 20:00","CTA|SE","11584.00","11280.00"
"06/08/2022 20:00 - 06/08/2022 21:00","CTA|SE","10782.00","11112.00"
"06/08/2022 21:00 - 06/08/2022 22:00","CTA|SE","10247.00","10747.00"
"06/08/2022 22:00 - 06/08/2022 23:00","CTA|SE","10256.00","10664.00"
"06/08/2022 23:00 - 07/08/2022 00:00","CTA|SE","10300.00","10443.00"
"07/08/2022 00:00 - 07/08/2022 01:00","CTA|SE","10268.00","10319.00"
"07/08/2022 01:00 - 07/08/2022 02:00","CTA|SE","10142.00","10266.00"
"07/08/2022 02:00 - 07/08/2022 03:00","CTA|SE","9792.00","10190.00"
"07/08/2022 03:00 - 07/08/2022 04:00","CTA|SE","9699.00","10098.00"
"07/08/2022 04:00 - 07/08/2022 05:00","CTA|SE","10116.00","10215.00"
"07/08/2022 05:00 - 07/08/2022 06:00","CTA|SE","10583.00","10548.00"
"07/08/2022 06:00 - 07/08/2022 07:00","CTA|SE","11000.00","11060.00"
"07/08/2022 07:00 - 07/08/2022 08:00","CTA|SE","10884.00","11560.00"
"07/08/2022 08:00 - 07/08/2022 09:00","CTA|SE","11314.00","11918.00"
"07/08/2022 09:00 - 07/08/2022 10:00","CTA|SE","11705.00","12139.00"
"07/08/2022 10:00 - 07/08/2022 11:00","CTA|SE","11602.00","12244.00"
"07/08/2022 11:00 - 07/08/2022 12:00","CTA|SE","11431.00","12231.00"
"07/08/2022 12:00 - 07/08/2022 13:00","CTA|SE","11609.00","12193.00"
"07/08/2022 13:00 - 07/08/2022 14:00","CTA|SE","11768.00","12119.00"
"07/08/2022 14:00 - 07/08/2022 15:00","CTA|SE","11552.00","12232.00"
"07/08/2022 15:00 - 07/08/2022 16:00","CTA|SE","12028.00","12343.00"
"07/08/2022 16:00 - 07/08/2022 17:00","CTA|SE","12167.00","12374.00"
"07/08/2022 17:00 - 07/08/2022 18:00","CTA|SE","12330.00","12311.00"
"07/08/2022 18:00 - 07/08/2022 19:00","CTA|SE","12396.00","12205.00"
"07/08/2022 19:00 - 07/08/2022 20:00","CTA|SE","12244.00","12111.00"
"07/08/2022 20:00 - 07/08/2022 21:00","CTA|SE","11550.00","11786.00"
"07/08/2022 21:00 - 07/08/2022 22:00","CTA|SE","10851.00","11322.00"
"07/08/2022 22:00 - 07/08/2022 23:00","CTA|SE","10482.00","10943.00"
"07/08/2022 23:00 - 08/08/2022 00:00","CTA|SE","10284.00","10682.00"
"08/08/2022 00:00 - 08/08/2022 01:00","CTA|SE","10360.00","10594.00"
"08/08/2022 01:00 - 08/08/2022 02:00","CTA|SE","10315.00","10568.00"
"08/08/2022 02:00 - 08/08/2022 03:00","CTA|SE","10413.00","10585.00"
"08/08/2022 03:00 - 08/08/2022 04:00","CTA|SE","10570.00","10817.00"
"08/08/2022 04:00 - 08/08/2022 05:00","CTA|SE","11518.00","11763.00"
"08/08/2022 05:00 - 08/08/2022 06:00","CTA|SE","12631.00","12764.00"
"08/08/2022 06:00 - 08/08/2022 07:00","CTA|SE","13257.00","13362.00"
"08/08/2022 07:00 - 08/08/2022 08:00","CTA|SE","13343.00","13616.00"
"08/08/2022 08:00 - 08/08/2022 09:00","CTA|SE","13484.00","13830.00"
"08/08/2022 09:00 - 08/08/2022 10:00","CTA|SE","13552.00","13879.00"
"08/08/2022 10:00 - 08/08/2022 11:00","CTA|SE","13518.00","13898.00"
"08/08/2022 11:00 - 08/08/2022 12:00","CTA|SE","13513.00","13854.00"
"08/08/2022 12:00 - 08/08/2022 13:00","CTA|SE","13332.00","13740.00"
"08/08/2022 13:00 - 08/08/2022 14:00","CTA|SE","13289.00","13666.00"
"08/08/2022 14:00 - 08/08/2022 15:00","CTA|SE","13174.00","13492.00"
"08/08/2022 15:00 - 08/08/2022 16:00","CTA|SE","13248.00","13507.00"
"08/08/2022 16:00 - 08/08/2022 17:00","CTA|SE","13231.00","13337.00"
"08/08/2022 17:00 - 08/08/2022 18:00","CTA|SE","12832.00","13114.00"
"08/08/2022 18:00 - 08/08/2022 19:00","CTA|SE","12548.00","12934.00"
"08/08/2022 19:00 - 08/08/2022 20:00","CTA|SE","12605.00","12768.00"
"08/08/2022 20:00 - 08/08/2022 21:00","CTA|SE","12035.00","12286.00"
"08/08/2022 21:00 - 08/08/2022 22:00","CTA|SE","11438.00","11626.00"
"08/08/2022 22:00 - 08/08/2022 23:00","CTA|SE","10717.00","11090.00"
"08/08/2022 23:00 - 09/08/2022 00:00","CTA|SE","10255.00","10820.00"
"09/08/2022 00:00 - 09/08/2022 01:00","CTA|SE","10121.00","10703.00"
"09/08/2022 01:00 - 09/08/2022 02:00","CTA|SE","10374.00","10661.00"
"09/08/2022 02:00 - 09/08/2022 03:00","CTA|SE","10691.00","10649.00"
"09/08/2022 03:00 - 09/08/2022 04:00","CTA|SE","10767.00","10837.00"
"09/08/2022 04:00 - 09/08/2022 05:00","CTA|SE","12130.00","11664.00"
"09/08/2022 05:00 - 09/08/2022 06:00","CTA|SE","13028.00","12577.00"
"09/08/2022 06:00 - 09/08/2022 07:00","CTA|SE","13570.00","13054.00"
"09/08/2022 07:00 - 09/08/2022 08:00","CTA|SE","13704.00","13256.00"
"09/08/2022 08:00 - 09/08/2022 09:00","CTA|SE","13771.00","13408.00"
"09/08/2022 09:00 - 09/08/2022 10:00","CTA|SE","13739.00","13475.00"
"09/08/2022 10:00 - 09/08/2022 11:00","CTA|SE","13607.00","13453.00"
"09/08/2022 11:00 - 09/08/2022 12:00","CTA|SE","13560.00","13422.00"
"09/08/2022 12:00 - 09/08/2022 13:00","CTA|SE","13468.00","13332.00"
"09/08/2022 13:00 - 09/08/2022 14:00","CTA|SE","13589.00","13280.00"
"09/08/2022 14:00 - 09/08/2022 15:00","CTA|SE","13393.00","13141.00"
"09/08/2022 15:00 - 09/08/2022 16:00","CTA|SE","13372.00","13154.00"
"09/08/2022 16:00 - 09/08/2022 17:00","CTA|SE","13203.00","12933.00"
"09/08/2022 17:00 - 09/08/2022 18:00","CTA|SE","13221.00","12732.00"
"09/08/2022 18:00 - 09/08/2022 19:00","CTA|SE","12659.00","12573.00"
"09/08/2022 19:00 - 09/08/2022 20:00","CTA|SE","12202.00","12413.00"
"09/08/2022 20:00 - 09/08/2022 21:00","CTA|SE","11672.00","11955.00"
"09/08/2022 21:00 - 09/08/2022 22:00","CTA|SE","11468.00","11341.00"
"09/08/2022 22:00 - 09/08/2022 23:00","CTA|SE","11238.00","10721.00"
"09/08/2022 23:00 - 10/08/2022 00:00","CTA|SE","10856.00","10461.00"
"10/08/2022 00:00 - 10/08/2022 01:00","CTA|SE","10479.00","10347.00"
"10/08/2022 01:00 - 10/08/2022 02:00","CTA|SE","10597.00","10306.00"
"10/08/2022 02:00 - 10/08/2022 03:00","CTA|SE","10566.00","10306.00"
"10/08/2022 03:00 - 10/08/2022 04:00","CTA|SE","10482.00","10499.00"
"10/08/2022 04:00 - 10/08/2022 05:00","CTA|SE","11411.00","11312.00"
"10/08/2022 05:00 - 10/08/2022 06:00","CTA|SE","12767.00","12210.00"
"10/08/2022 06:00 - 10/08/2022 07:00","CTA|SE","13358.00","12694.00"
"10/08/2022 07:00 - 10/08/2022 08:00","CTA|SE","13613.00","12911.00"
"10/08/2022 08:00 - 10/08/2022 09:00","CTA|SE","14126.00","13051.00"
"10/08/2022 09:00 - 10/08/2022 10:00","CTA|SE","13850.00","13067.00"
"10/08/2022 10:00 - 10/08/2022 11:00","CTA|SE","13653.00","12986.00"
"10/08/2022 11:00 - 10/08/2022 12:00","CTA|SE","13797.00","12863.00"
"10/08/2022 12:00 - 10/08/2022 13:00","CTA|SE","13873.00","12731.00"
"10/08/2022 13:00 - 10/08/2022 14:00","CTA|SE","13594.00","12669.00"
"10/08/2022 14:00 - 10/08/2022 15:00","CTA|SE","13518.00","12562.00"
"10/08/2022 15:00 - 10/08/2022 16:00","CTA|SE","13677.00","12606.00"
"10/08/2022 16:00 - 10/08/2022 17:00","CTA|SE","13613.00","12436.00"
"10/08/2022 17:00 - 10/08/2022 18:00","CTA|SE","13421.00","12287.00"
"10/08/2022 18:00 - 10/08/2022 19:00","CTA|SE","12860.00","12158.00"
"10/08/2022 19:00 - 10/08/2022 20:00","CTA|SE","12881.00","12020.00"
"10/08/2022 20:00 - 10/08/2022 21:00","CTA|SE","12164.00","11571.00"
"10/08/2022 21:00 - 10/08/2022 22:00","CTA|SE","11290.00","10974.00"
"10/08/2022 22:00 - 10/08/2022 23:00","CTA|SE","10825.00","10427.00"
"10/08/2022 23:00 - 11/08/2022 00:00","CTA|SE","10862.00","10139.00"
"11/08/2022 00:00 - 11/08/2022 01:00","CTA|SE","10686.00","10019.00"
"11/08/2022 01:00 - 11/08/2022 02:00","CTA|SE","10780.00","9986.00"
"11/08/2022 02:00 - 11/08/2022 03:00","CTA|SE","10496.00","9993.00"
"11/08/2022 03:00 - 11/08/2022 04:00","CTA|SE","10586.00","10217.00"
"11/08/2022 04:00 - 11/08/2022 05:00","CTA|SE","11622.00","11112.00"
"11/08/2022 05:00 - 11/08/2022 06:00","CTA|SE","13359.00","12079.00"
"11/08/2022 06:00 - 11/08/2022 07:00","CTA|SE","13684.00","12557.00"
"11/08/2022 07:00 - 11/08/2022 08:00","CTA|SE","14012.00","12695.00"
"11/08/2022 08:00 - 11/08/2022 09:00","CTA|SE","13986.00","12813.00"
"11/08/2022 09:00 - 11/08/2022 10:00","CTA|SE","13881.00","12821.00"
"11/08/2022 10:00 - 11/08/2022 11:00","CTA|SE","13772.00","12759.00"
"11/08/2022 11:00 - 11/08/2022 12:00","CTA|SE","13689.00","12675.00"
"11/08/2022 12:00 - 11/08/2022 13:00","CTA|SE","13784.00","12565.00"
"11/08/2022 13:00 - 11/08/2022 14:00","CTA|SE","13809.00","12494.00"
"11/08/2022 14:00 - 11/08/2022 15:00","CTA|SE","13745.00","12380.00"
"11/08/2022 15:00 - 11/08/2022 16:00","CTA|SE","13926.00","12428.00"
"11/08/2022 16:00 - 11/08/2022 17:00","CTA|SE","14024.00","12266.00"
"11/08/2022 17:00 - 11/08/2022 18:00","CTA|SE","13844.00","12109.00"
"11/08/2022 18:00 - 11/08/2022 19:00","CTA|SE","13671.00","11994.00"
"11/08/2022 19:00 - 11/08/2022 20:00","CTA|SE","13121.00","11846.00"
"11/08/2022 20:00 - 11/08/2022 21:00","CTA|SE","12318.00","11355.00"
"11/08/2022 21:00 - 11/08/2022 22:00","CTA|SE","11657.00","10724.00"
"11/08/2022 22:00 - 11/08/2022 23:00","CTA|SE","10908.00","10586.00"
"11/08/2022 23:00 - 12/08/2022 00:00","CTA|SE","10611.00","10339.00"
"12/08/2022 00:00 - 12/08/2022 01:00","CTA|SE","10504.00","10215.00"
"12/08/2022 01:00 - 12/08/2022 02:00","CTA|SE","10598.00","10185.00"
"12/08/2022 02:00 - 12/08/2022 03:00","CTA|SE","10736.00","10201.00"
"12/08/2022 03:00 - 12/08/2022 04:00","CTA|SE","10820.00","10423.00"
"12/08/2022 04:00 - 12/08/2022 05:00","CTA|SE","12069.00","11261.00"
"12/08/2022 05:00 - 12/08/2022 06:00","CTA|SE","13244.00","12194.00"
"12/08/2022 06:00 - 12/08/2022 07:00","CTA|SE","13808.00","12671.00"
"12/08/2022 07:00 - 12/08/2022 08:00","CTA|SE","14078.00","12838.00"
"12/08/2022 08:00 - 12/08/2022 09:00","CTA|SE","13995.00","12927.00"
"12/08/2022 09:00 - 12/08/2022 10:00","CTA|SE","13969.00","12849.00"
"12/08/2022 10:00 - 12/08/2022 11:00","CTA|SE","14063.00","12714.00"
"12/08/2022 11:00 - 12/08/2022 12:00","CTA|SE","13893.00","12511.00"
"12/08/2022 12:00 - 12/08/2022 13:00","CTA|SE","13433.00","12305.00"
"12/08/2022 13:00 - 12/08/2022 14:00","CTA|SE","13574.00","12118.00"
"12/08/2022 14:00 - 12/08/2022 15:00","CTA|SE","13542.00","12007.00"
"12/08/2022 15:00 - 12/08/2022 16:00","CTA|SE","13551.00","12100.00"
"12/08/2022 16:00 - 12/08/2022 17:00","CTA|SE","13240.00","11969.00"
"12/08/2022 17:00 - 12/08/2022 18:00","CTA|SE","12889.00","11756.00"
"12/08/2022 18:00 - 12/08/2022 19:00","CTA|SE","12618.00","11578.00"
"12/08/2022 19:00 - 12/08/2022 20:00","CTA|SE","12558.00","11457.00"
"12/08/2022 20:00 - 12/08/2022 21:00","CTA|SE","11909.00","11107.00"
"12/08/2022 21:00 - 12/08/2022 22:00","CTA|SE","11339.00","10622.00"
"12/08/2022 22:00 - 12/08/2022 23:00","CTA|SE","11208.00","10408.00"
"12/08/2022 23:00 - 13/08/2022 00:00","CTA|SE","10650.00","10111.00"
"13/08/2022 00:00 - 13/08/2022 01:00","CTA|SE","10423.00","9964.00"
"13/08/2022 01:00 - 13/08/2022 02:00","CTA|SE","10381.00","9884.00"
"13/08/2022 02:00 - 13/08/2022 03:00","CTA|SE","10338.00","9836.00"
"13/08/2022 03:00 - 13/08/2022 04:00","CTA|SE","10082.00","9771.00"
"13/08/2022 04:00 - 13/08/2022 05:00","CTA|SE","10240.00","9911.00"
"13/08/2022 05:00 - 13/08/2022 06:00","CTA|SE","10636.00","10320.00"
"13/08/2022 06:00 - 13/08/2022 07:00","CTA|SE","11377.00","10915.00"
"13/08/2022 07:00 - 13/08/2022 08:00","CTA|SE","12057.00","11371.00"
"13/08/2022 08:00 - 13/08/2022 09:00","CTA|SE","12008.00","11574.00"
"13/08/2022 09:00 - 13/08/2022 10:00","CTA|SE","12289.00","11619.00"
"13/08/2022 10:00 - 13/08/2022 11:00","CTA|SE","12224.00","11500.00"
"13/08/2022 11:00 - 13/08/2022 12:00","CTA|SE","12282.00","11356.00"
"13/08/2022 12:00 - 13/08/2022 13:00","CTA|SE","11920.00","11185.00"
"13/08/2022 13:00 - 13/08/2022 14:00","CTA|SE","11777.00","11098.00"
"13/08/2022 14:00 - 13/08/2022 15:00","CTA|SE","11897.00","11174.00"
"13/08/2022 15:00 - 13/08/2022 16:00","CTA|SE","12189.00","11319.00"
"13/08/2022 16:00 - 13/08/2022 17:00","CTA|SE","12271.00","11307.00"
"13/08/2022 17:00 - 13/08/2022 18:00","CTA|SE","12194.00","11233.00"
"13/08/2022 18:00 - 13/08/2022 19:00","CTA|SE","11992.00","11208.00"
"13/08/2022 19:00 - 13/08/2022 20:00","CTA|SE","12024.00","11140.00"
"13/08/2022 20:00 - 13/08/2022 21:00","CTA|SE","11692.00","10942.00"
"13/08/2022 21:00 - 13/08/2022 22:00","CTA|SE","11269.00","10495.00"
"13/08/2022 22:00 - 13/08/2022 23:00","CTA|SE","10931.00","10174.00"
"13/08/2022 23:00 - 14/08/2022 00:00","CTA|SE","10697.00","9831.00"
"14/08/2022 00:00 - 14/08/2022 01:00","CTA|SE","10651.00","9686.00"
"14/08/2022 01:00 - 14/08/2022 02:00","CTA|SE","10294.00","9626.00"
"14/08/2022 02:00 - 14/08/2022 03:00","CTA|SE","10297.00","9527.00"
"14/08/2022 03:00 - 14/08/2022 04:00","CTA|SE","9830.00","9443.00"
"14/08/2022 04:00 - 14/08/2022 05:00","CTA|SE","9995.00","9603.00"
"14/08/2022 05:00 - 14/08/2022 06:00","CTA|SE","10539.00","9946.00"
"14/08/2022 06:00 - 14/08/2022 07:00","CTA|SE","11024.00","10431.00"
"14/08/2022 07:00 - 14/08/2022 08:00","CTA|SE","11547.00","10863.00"
"14/08/2022 08:00 - 14/08/2022 09:00","CTA|SE","11801.00","11164.00"
"14/08/2022 09:00 - 14/08/2022 10:00","CTA|SE","11961.00","11285.00"
"14/08/2022 10:00 - 14/08/2022 11:00","CTA|SE","11853.00","11235.00"
"14/08/2022 11:00 - 14/08/2022 12:00","CTA|SE","11839.00","11133.00"
"14/08/2022 12:00 - 14/08/2022 13:00","CTA|SE","11808.00","10965.00"
"14/08/2022 13:00 - 14/08/2022 14:00","CTA|SE","11820.00","10957.00"
"14/08/2022 14:00 - 14/08/2022 15:00","CTA|SE","12294.00","11108.00"
"14/08/2022 15:00 - 14/08/2022 16:00","CTA|SE","12531.00","11328.00"
"14/08/2022 16:00 - 14/08/2022 17:00","CTA|SE","12743.00","11343.00"
"14/08/2022 17:00 - 14/08/2022 18:00","CTA|SE","12679.00","11401.00"
"14/08/2022 18:00 - 14/08/2022 19:00","CTA|SE","12150.00","11455.00"
"14/08/2022 19:00 - 14/08/2022 20:00","CTA|SE","11939.00","11371.00"
"14/08/2022 20:00 - 14/08/2022 21:00","CTA|SE","11453.00","11023.00"
"14/08/2022 21:00 - 14/08/2022 22:00","CTA|SE","10863.00","10503.00"
"14/08/2022 22:00 - 14/08/2022 23:00","CTA|SE","10738.00","10171.00"
"14/08/2022 23:00 - 15/08/2022 00:00","CTA|SE","10375.00","9848.00"
"15/08/2022 00:00 - 15/08/2022 01:00","CTA|SE","10437.00","9771.00"
"15/08/2022 01:00 - 15/08/2022 02:00","CTA|SE","10453.00","9748.00"
"15/08/2022 02:00 - 15/08/2022 03:00","CTA|SE","10658.00","9772.00"
"15/08/2022 03:00 - 15/08/2022 04:00","CTA|SE","10679.00","10104.00"
"15/08/2022 04:00 - 15/08/2022 05:00","CTA|SE","11638.00","11300.00"
"15/08/2022 05:00 - 15/08/2022 06:00","CTA|SE","12804.00","12490.00"
"15/08/2022 06:00 - 15/08/2022 07:00","CTA|SE","14022.00","13091.00"
"15/08/2022 07:00 - 15/08/2022 08:00","CTA|SE","14437.00","13244.00"
"15/08/2022 08:00 - 15/08/2022 09:00","CTA|SE","14633.00","13340.00"
"15/08/2022 09:00 - 15/08/2022 10:00","CTA|SE","14695.00","13367.00"
"15/08/2022 10:00 - 15/08/2022 11:00","CTA|SE","14620.00","13354.00"
"15/08/2022 11:00 - 15/08/2022 12:00","CTA|SE","14626.00","13289.00"
"15/08/2022 12:00 - 15/08/2022 13:00","CTA|SE","14378.00","13285.00"
"15/08/2022 13:00 - 15/08/2022 14:00","CTA|SE","14050.00","13158.00"
"15/08/2022 14:00 - 15/08/2022 15:00","CTA|SE","13486.00","12930.00"
"15/08/2022 15:00 - 15/08/2022 16:00","CTA|SE","13885.00","12965.00"
"15/08/2022 16:00 - 15/08/2022 17:00","CTA|SE","13747.00","12782.00"
"15/08/2022 17:00 - 15/08/2022 18:00","CTA|SE","13861.00","12577.00"
"15/08/2022 18:00 - 15/08/2022 19:00","CTA|SE","13395.00","12431.00"
"15/08/2022 19:00 - 15/08/2022 20:00","CTA|SE","12771.00","12201.00"
"15/08/2022 20:00 - 15/08/2022 21:00","CTA|SE","11867.00","11520.00"
"15/08/2022 21:00 - 15/08/2022 22:00","CTA|SE","11233.00","10759.00"
"15/08/2022 22:00 - 15/08/2022 23:00","CTA|SE","10823.00","10366.00"
"15/08/2022 23:00 - 16/08/2022 00:00","CTA|SE","10655.00","10021.00"
"16/08/2022 00:00 - 16/08/2022 01:00","CTA|SE","10442.00","9881.00"
"16/08/2022 01:00 - 16/08/2022 02:00","CTA|SE","10295.00","9853.00"
"16/08/2022 02:00 - 16/08/2022 03:00","CTA|SE","10476.00","9836.00"
"16/08/2022 03:00 - 16/08/2022 04:00","CTA|SE","10816.00","10131.00"
"16/08/2022 04:00 - 16/08/2022 05:00","CTA|SE","11675.00","11296.00"
"16/08/2022 05:00 - 16/08/2022 06:00","CTA|SE","12976.00","12571.00"
"16/08/2022 06:00 - 16/08/2022 07:00","CTA|SE","13908.00","13162.00"
"16/08/2022 07:00 - 16/08/2022 08:00","CTA|SE","14431.00","13337.00"
"16/08/2022 08:00 - 16/08/2022 09:00","CTA|SE","14952.00","13545.00"
"16/08/2022 09:00 - 16/08/2022 10:00","CTA|SE","14956.00","13649.00"
"16/08/2022 10:00 - 16/08/2022 11:00","CTA|SE","14721.00","13626.00"
"16/08/2022 11:00 - 16/08/2022 12:00","CTA|SE","14353.00","13635.00"
"16/08/2022 12:00 - 16/08/2022 13:00","CTA|SE","14056.00","13575.00"
"16/08/2022 13:00 - 16/08/2022 14:00","CTA|SE","13772.00","13491.00"
"16/08/2022 14:00 - 16/08/2022 15:00","CTA|SE","13860.00","13248.00"
"16/08/2022 15:00 - 16/08/2022 16:00","CTA|SE","14372.00","13345.00"
"16/08/2022 16:00 - 16/08/2022 17:00","CTA|SE","14529.00","13097.00"
"16/08/2022 17:00 - 16/08/2022 18:00","CTA|SE","14231.00","12895.00"
"16/08/2022 18:00 - 16/08/2022 19:00","CTA|SE","13559.00","12741.00"
"16/08/2022 19:00 - 16/08/2022 20:00","CTA|SE","13060.00","12473.00"
"16/08/2022 20:00 - 16/08/2022 21:00","CTA|SE","12565.00","11753.00"
"16/08/2022 21:00 - 16/08/2022 22:00","CTA|SE","11935.00","10932.00"
"16/08/2022 22:00 - 16/08/2022 23:00","CTA|SE","11230.00","10530.00"
"16/08/2022 23:00 - 17/08/2022 00:00","CTA|SE","10920.00","10179.00"
"17/08/2022 00:00 - 17/08/2022 01:00","CTA|SE","10885.00","10019.00"
"17/08/2022 01:00 - 17/08/2022 02:00","CTA|SE","10933.00","9993.00"
"17/08/2022 02:00 - 17/08/2022 03:00","CTA|SE","11266.00","10031.00"
"17/08/2022 03:00 - 17/08/2022 04:00","CTA|SE","11559.00","10373.00"
"17/08/2022 04:00 - 17/08/2022 05:00","CTA|SE","12485.00","11640.00"
"17/08/2022 05:00 - 17/08/2022 06:00","CTA|SE","13649.00","12990.00"
"17/08/2022 06:00 - 17/08/2022 07:00","CTA|SE","14597.00","13592.00"
"17/08/2022 07:00 - 17/08/2022 08:00","CTA|SE","14940.00","13728.00"
"17/08/2022 08:00 - 17/08/2022 09:00","CTA|SE","15008.00","13868.00"
"17/08/2022 09:00 - 17/08/2022 10:00","CTA|SE","15111.00","13887.00"
"17/08/2022 10:00 - 17/08/2022 11:00","CTA|SE","14758.00","13852.00"
"17/08/2022 11:00 - 17/08/2022 12:00","CTA|SE","14602.00","13805.00"
"17/08/2022 12:00 - 17/08/2022 13:00","CTA|SE","14573.00","13739.00"
"17/08/2022 13:00 - 17/08/2022 14:00","CTA|SE","14492.00","13671.00"
"17/08/2022 14:00 - 17/08/2022 15:00","CTA|SE","14328.00","13485.00"
"17/08/2022 15:00 - 17/08/2022 16:00","CTA|SE","14504.00","13570.00"
"17/08/2022 16:00 - 17/08/2022 17:00","CTA|SE","14552.00","13339.00"
"17/08/2022 17:00 - 17/08/2022 18:00","CTA|SE","14155.00","13187.00"
"17/08/2022 18:00 - 17/08/2022 19:00","CTA|SE","13775.00","13077.00"
"17/08/2022 19:00 - 17/08/2022 20:00","CTA|SE","13405.00","12809.00"
"17/08/2022 20:00 - 17/08/2022 21:00","CTA|SE","12882.00","12040.00"
"17/08/2022 21:00 - 17/08/2022 22:00","CTA|SE","11942.00","11177.00"
"17/08/2022 22:00 - 17/08/2022 23:00","CTA|SE","11290.00","10691.00"
"17/08/2022 23:00 - 18/08/2022 00:00","CTA|SE","11012.00","10368.00"
"18/08/2022 00:00 - 18/08/2022 01:00","CTA|SE","10816.00","10228.00"
"18/08/2022 01:00 - 18/08/2022 02:00","CTA|SE","10997.00","10230.00"
"18/08/2022 02:00 - 18/08/2022 03:00","CTA|SE","11077.00","10308.00"
"18/08/2022 03:00 - 18/08/2022 04:00","CTA|SE","11080.00","10707.00"
"18/08/2022 04:00 - 18/08/2022 05:00","CTA|SE","12241.00","11992.00"
"18/08/2022 05:00 - 18/08/2022 06:00","CTA|SE","13876.00","13327.00"
"18/08/2022 06:00 - 18/08/2022 07:00","CTA|SE","14481.00","13928.00"
"18/08/2022 07:00 - 18/08/2022 08:00","CTA|SE","14732.00","14128.00"
"18/08/2022 08:00 - 18/08/2022 09:00","CTA|SE","14837.00","14308.00"
"18/08/2022 09:00 - 18/08/2022 10:00","CTA|SE","14720.00","14371.00"
"18/08/2022 10:00 - 18/08/2022 11:00","CTA|SE","14604.00","14353.00"
"18/08/2022 11:00 - 18/08/2022 12:00","CTA|SE","14442.00","14211.00"
"18/08/2022 12:00 - 18/08/2022 13:00","CTA|SE","14244.00","14073.00"
"18/08/2022 13:00 - 18/08/2022 14:00","CTA|SE","14383.00","14012.00"
"18/08/2022 14:00 - 18/08/2022 15:00","CTA|SE","14300.00","13852.00"
"18/08/2022 15:00 - 18/08/2022 16:00","CTA|SE","14508.00","13910.00"
"18/08/2022 16:00 - 18/08/2022 17:00","CTA|SE","14132.00","13679.00"
"18/08/2022 17:00 - 18/08/2022 18:00","CTA|SE","13420.00","13506.00"
"18/08/2022 18:00 - 18/08/2022 19:00","CTA|SE","13346.00","13372.00"
"18/08/2022 19:00 - 18/08/2022 20:00","CTA|SE","13307.00","13059.00"
"18/08/2022 20:00 - 18/08/2022 21:00","CTA|SE","12766.00","12251.00"
"18/08/2022 21:00 - 18/08/2022 22:00","CTA|SE","12256.00","11361.00"
"18/08/2022 22:00 - 18/08/2022 23:00","CTA|SE","11820.00","11237.00"
"18/08/2022 23:00 - 19/08/2022 00:00","CTA|SE","11503.00","10920.00"
"19/08/2022 00:00 - 19/08/2022 01:00","CTA|SE","11366.00","10774.00"
"19/08/2022 01:00 - 19/08/2022 02:00","CTA|SE","11121.00","10737.00"
"19/08/2022 02:00 - 19/08/2022 03:00","CTA|SE","11059.00","10815.00"
"19/08/2022 03:00 - 19/08/2022 04:00","CTA|SE","11236.00","11189.00"
"19/08/2022 04:00 - 19/08/2022 05:00","CTA|SE","12330.00","12390.00"
"19/08/2022 05:00 - 19/08/2022 06:00","CTA|SE","13265.00","13703.00"
"19/08/2022 06:00 - 19/08/2022 07:00","CTA|SE","13859.00","14319.00"
"19/08/2022 07:00 - 19/08/2022 08:00","CTA|SE","14544.00","14594.00"
"19/08/2022 08:00 - 19/08/2022 09:00","CTA|SE","14861.00","14788.00"
"19/08/2022 09:00 - 19/08/2022 10:00","CTA|SE","14862.00","14807.00"
"19/08/2022 10:00 - 19/08/2022 11:00","CTA|SE","14751.00","14719.00"
"19/08/2022 11:00 - 19/08/2022 12:00","CTA|SE","14614.00","14504.00"
"19/08/2022 12:00 - 19/08/2022 13:00","CTA|SE","14345.00","14320.00"
"19/08/2022 13:00 - 19/08/2022 14:00","CTA|SE","14202.00","14113.00"
"19/08/2022 14:00 - 19/08/2022 15:00","CTA|SE","14077.00","13943.00"
"19/08/2022 15:00 - 19/08/2022 16:00","CTA|SE","14071.00","14004.00"
"19/08/2022 16:00 - 19/08/2022 17:00","CTA|SE","13573.00","13730.00"
"19/08/2022 17:00 - 19/08/2022 18:00","CTA|SE","13043.00","13340.00"
"19/08/2022 18:00 - 19/08/2022 19:00","CTA|SE","12703.00","13024.00"
"19/08/2022 19:00 - 19/08/2022 20:00","CTA|SE","12690.00","12701.00"
"19/08/2022 20:00 - 19/08/2022 21:00","CTA|SE","12074.00","12076.00"
"19/08/2022 21:00 - 19/08/2022 22:00","CTA|SE","11405.00","11393.00"
"19/08/2022 22:00 - 19/08/2022 23:00","CTA|SE","11362.00","10684.00"
"19/08/2022 23:00 - 20/08/2022 00:00","CTA|SE","11528.00","10331.00"
"20/08/2022 00:00 - 20/08/2022 01:00","CTA|SE","11398.00","10141.00"
"20/08/2022 01:00 - 20/08/2022 02:00","CTA|SE","10951.00","10026.00"
"20/08/2022 02:00 - 20/08/2022 03:00","CTA|SE","10746.00","9966.00"
"20/08/2022 03:00 - 20/08/2022 04:00","CTA|SE","10763.00","9933.00"
"20/08/2022 04:00 - 20/08/2022 05:00","CTA|SE","10823.00","10132.00"
"20/08/2022 05:00 - 20/08/2022 06:00","CTA|SE","11276.00","10701.00"
"20/08/2022 06:00 - 20/08/2022 07:00","CTA|SE","12125.00","11498.00"
"20/08/2022 07:00 - 20/08/2022 08:00","CTA|SE","12346.00","12162.00"
"20/08/2022 08:00 - 20/08/2022 09:00","CTA|SE","12913.00","12540.00"
"20/08/2022 09:00 - 20/08/2022 10:00","CTA|SE","13210.00","12693.00"
"20/08/2022 10:00 - 20/08/2022 11:00","CTA|SE","13069.00","12720.00"
"20/08/2022 11:00 - 20/08/2022 12:00","CTA|SE","12729.00","12667.00"
"20/08/2022 12:00 - 20/08/2022 13:00","CTA|SE","12665.00","12519.00"
"20/08/2022 13:00 - 20/08/2022 14:00","CTA|SE","12488.00","12377.00"
"20/08/2022 14:00 - 20/08/2022 15:00","CTA|SE","12801.00","12383.00"
"20/08/2022 15:00 - 20/08/2022 16:00","CTA|SE","12931.00","12517.00"
"20/08/2022 16:00 - 20/08/2022 17:00","CTA|SE","12812.00","12490.00"
"20/08/2022 17:00 - 20/08/2022 18:00","CTA|SE","12600.00","12385.00"
"20/08/2022 18:00 - 20/08/2022 19:00","CTA|SE","12424.00","12343.00"
"20/08/2022 19:00 - 20/08/2022 20:00","CTA|SE","12148.00","12205.00"
"20/08/2022 20:00 - 20/08/2022 21:00","CTA|SE","11692.00","11767.00"
"20/08/2022 21:00 - 20/08/2022 22:00","CTA|SE","11138.00","11276.00"
"20/08/2022 22:00 - 20/08/2022 23:00","CTA|SE","10973.00","10868.00"
"20/08/2022 23:00 - 21/08/2022 00:00","CTA|SE","10674.00","10643.00"
"21/08/2022 00:00 - 21/08/2022 01:00","CTA|SE","10524.00","10527.00"
"21/08/2022 01:00 - 21/08/2022 02:00","CTA|SE","10753.00","10468.00"
"21/08/2022 02:00 - 21/08/2022 03:00","CTA|SE","10827.00","10450.00"
"21/08/2022 03:00 - 21/08/2022 04:00","CTA|SE","10735.00","10390.00"
"21/08/2022 04:00 - 21/08/2022 05:00","CTA|SE","10323.00","10528.00"
"21/08/2022 05:00 - 21/08/2022 06:00","CTA|SE","10694.00","10928.00"
"21/08/2022 06:00 - 21/08/2022 07:00","CTA|SE","11298.00","11518.00"
"21/08/2022 07:00 - 21/08/2022 08:00","CTA|SE","12087.00","12089.00"
"21/08/2022 08:00 - 21/08/2022 09:00","CTA|SE","12274.00","12465.00"
"21/08/2022 09:00 - 21/08/2022 10:00","CTA|SE","12288.00","12630.00"
"21/08/2022 10:00 - 21/08/2022 11:00","CTA|SE","12413.00","12684.00"
"21/08/2022 11:00 - 21/08/2022 12:00","CTA|SE","12188.00","12622.00"
"21/08/2022 12:00 - 21/08/2022 13:00","CTA|SE","12277.00","12546.00"
"21/08/2022 13:00 - 21/08/2022 14:00","CTA|SE","12377.00","12528.00"
"21/08/2022 14:00 - 21/08/2022 15:00","CTA|SE","12532.00","12728.00"
"21/08/2022 15:00 - 21/08/2022 16:00","CTA|SE","12797.00","13006.00"
"21/08/2022 16:00 - 21/08/2022 17:00","CTA|SE","12924.00","13107.00"
"21/08/2022 17:00 - 21/08/2022 18:00","CTA|SE","12702.00","13135.00"
"21/08/2022 18:00 - 21/08/2022 19:00","CTA|SE","12643.00","13160.00"
"21/08/2022 19:00 - 21/08/2022 20:00","CTA|SE","12582.00","12975.00"
"21/08/2022 20:00 - 21/08/2022 21:00","CTA|SE","12166.00","12382.00"
"21/08/2022 21:00 - 21/08/2022 22:00","CTA|SE","11383.00","11752.00"
"21/08/2022 22:00 - 21/08/2022 23:00","CTA|SE","11215.00","11271.00"
"21/08/2022 23:00 - 22/08/2022 00:00","CTA|SE","11187.00","11045.00"
"22/08/2022 00:00 - 22/08/2022 01:00","CTA|SE","10922.00","11033.00"
"22/08/2022 01:00 - 22/08/2022 02:00","CTA|SE","10750.00","11086.00"
"22/08/2022 02:00 - 22/08/2022 03:00","CTA|SE","10661.00","11258.00"
"22/08/2022 03:00 - 22/08/2022 04:00","CTA|SE","10992.00","11688.00"
"22/08/2022 04:00 - 22/08/2022 05:00","CTA|SE","12103.00","12928.00"
"22/08/2022 05:00 - 22/08/2022 06:00","CTA|SE","13625.00","14129.00"
"22/08/2022 06:00 - 22/08/2022 07:00","CTA|SE","13996.00","14676.00"
"22/08/2022 07:00 - 22/08/2022 08:00","CTA|SE","13822.00","14827.00"
"22/08/2022 08:00 - 22/08/2022 09:00","CTA|SE","13654.00","14950.00"
"22/08/2022 09:00 - 22/08/2022 10:00","CTA|SE","13945.00","14953.00"
"22/08/2022 10:00 - 22/08/2022 11:00","CTA|SE","13946.00","14919.00"
"22/08/2022 11:00 - 22/08/2022 12:00","CTA|SE","13724.00","14846.00"
"22/08/2022 12:00 - 22/08/2022 13:00","CTA|SE","13712.00","14785.00"
"22/08/2022 13:00 - 22/08/2022 14:00","CTA|SE","13910.00","14703.00"
"22/08/2022 14:00 - 22/08/2022 15:00","CTA|SE","13828.00","14507.00"
"22/08/2022 15:00 - 22/08/2022 16:00","CTA|SE","14225.00","14598.00"
"22/08/2022 16:00 - 22/08/2022 17:00","CTA|SE","13902.00","14427.00"
"22/08/2022 17:00 - 22/08/2022 18:00","CTA|SE","13813.00","14288.00"
"22/08/2022 18:00 - 22/08/2022 19:00","CTA|SE","13722.00","14178.00"
"22/08/2022 19:00 - 22/08/2022 20:00","CTA|SE","13145.00","13921.00"
"22/08/2022 20:00 - 22/08/2022 21:00","CTA|SE","12399.00","13213.00"
"22/08/2022 21:00 - 22/08/2022 22:00","CTA|SE","11886.00","12462.00"
"22/08/2022 22:00 - 22/08/2022 23:00","CTA|SE","11546.00","11863.00"
"22/08/2022 23:00 - 23/08/2022 00:00","CTA|SE","11125.00","11588.00"
"23/08/2022 00:00 - 23/08/2022 01:00","CTA|SE","10834.00","11474.00"
"23/08/2022 01:00 - 23/08/2022 02:00","CTA|SE","10577.00","11476.00"
"23/08/2022 02:00 - 23/08/2022 03:00","CTA|SE","10634.00","11562.00"
"23/08/2022 03:00 - 23/08/2022 04:00","CTA|SE","11027.00","11938.00"
"23/08/2022 04:00 - 23/08/2022 05:00","CTA|SE","12405.00","13088.00"
"23/08/2022 05:00 - 23/08/2022 06:00","CTA|SE","13576.00","14304.00"
"23/08/2022 06:00 - 23/08/2022 07:00","CTA|SE","13755.00","14778.00"
"23/08/2022 07:00 - 23/08/2022 08:00","CTA|SE","13952.00","14886.00"
"23/08/2022 08:00 - 23/08/2022 09:00","CTA|SE","14072.00","15008.00"
"23/08/2022 09:00 - 23/08/2022 10:00","CTA|SE","14047.00","15025.00"
"23/08/2022 10:00 - 23/08/2022 11:00","CTA|SE","13974.00","14981.00"
"23/08/2022 11:00 - 23/08/2022 12:00","CTA|SE","13709.00","14913.00"
"23/08/2022 12:00 - 23/08/2022 13:00","CTA|SE","13893.00","14822.00"
"23/08/2022 13:00 - 23/08/2022 14:00","CTA|SE","13957.00","14794.00"
"23/08/2022 14:00 - 23/08/2022 15:00","CTA|SE","13938.00","14667.00"
"23/08/2022 15:00 - 23/08/2022 16:00","CTA|SE","13923.00","14730.00"
"23/08/2022 16:00 - 23/08/2022 17:00","CTA|SE","13758.00","14524.00"
"23/08/2022 17:00 - 23/08/2022 18:00","CTA|SE","13698.00","14381.00"
"23/08/2022 18:00 - 23/08/2022 19:00","CTA|SE","13480.00","14283.00"
"23/08/2022 19:00 - 23/08/2022 20:00","CTA|SE","13207.00","13962.00"
"23/08/2022 20:00 - 23/08/2022 21:00","CTA|SE","12393.00","13217.00"
"23/08/2022 21:00 - 23/08/2022 22:00","CTA|SE","11789.00","12457.00"
"23/08/2022 22:00 - 23/08/2022 23:00","CTA|SE","11473.00","11865.00"
"23/08/2022 23:00 - 24/08/2022 00:00","CTA|SE","11161.00","11661.00"
"24/08/2022 00:00 - 24/08/2022 01:00","CTA|SE","10969.00","11585.00"
"24/08/2022 01:00 - 24/08/2022 02:00","CTA|SE","10913.00","11615.00"
"24/08/2022 02:00 - 24/08/2022 03:00","CTA|SE","10996.00","11711.00"
"24/08/2022 03:00 - 24/08/2022 04:00","CTA|SE","11343.00","12044.00"
"24/08/2022 04:00 - 24/08/2022 05:00","CTA|SE","12560.00","12979.00"
"24/08/2022 05:00 - 24/08/2022 06:00","CTA|SE","13836.00","13919.00"
"24/08/2022 06:00 - 24/08/2022 07:00","CTA|SE","14057.00","14239.00"
"24/08/2022 07:00 - 24/08/2022 08:00","CTA|SE","14200.00","14258.00"
"24/08/2022 08:00 - 24/08/2022 09:00","CTA|SE","14096.00","14287.00"
"24/08/2022 09:00 - 24/08/2022 10:00","CTA|SE","13935.00","14256.00"
"24/08/2022 10:00 - 24/08/2022 11:00","CTA|SE","13950.00","14188.00"
"24/08/2022 11:00 - 24/08/2022 12:00","CTA|SE","14075.00","14085.00"
"24/08/2022 12:00 - 24/08/2022 13:00","CTA|SE","14056.00","13985.00"
"24/08/2022 13:00 - 24/08/2022 14:00","CTA|SE","13857.00","13940.00"
"24/08/2022 14:00 - 24/08/2022 15:00","CTA|SE","13748.00","13825.00"
"24/08/2022 15:00 - 24/08/2022 16:00","CTA|SE","13764.00","13873.00"
"24/08/2022 16:00 - 24/08/2022 17:00","CTA|SE","13580.00","13733.00"
"24/08/2022 17:00 - 24/08/2022 18:00","CTA|SE","13524.00","13683.00"
"24/08/2022 18:00 - 24/08/2022 19:00","CTA|SE","13261.00","13653.00"
"24/08/2022 19:00 - 24/08/2022 20:00","CTA|SE","12776.00","13420.00"
"24/08/2022 20:00 - 24/08/2022 21:00","CTA|SE","12016.00","12824.00"
"24/08/2022 21:00 - 24/08/2022 22:00","CTA|SE","11344.00","12200.00"
"24/08/2022 22:00 - 24/08/2022 23:00","CTA|SE","11094.00","11509.00"
"24/08/2022 23:00 - 25/08/2022 00:00","CTA|SE","10919.00","11298.00"
"25/08/2022 00:00 - 25/08/2022 01:00","CTA|SE","10903.00","11212.00"
"25/08/2022 01:00 - 25/08/2022 02:00","CTA|SE","10756.00","11230.00"
"25/08/2022 02:00 - 25/08/2022 03:00","CTA|SE","10987.00","11318.00"
"25/08/2022 03:00 - 25/08/2022 04:00","CTA|SE","11522.00","11648.00"
"25/08/2022 04:00 - 25/08/2022 05:00","CTA|SE","12361.00","12612.00"
"25/08/2022 05:00 - 25/08/2022 06:00","CTA|SE","13659.00","13569.00"
"25/08/2022 06:00 - 25/08/2022 07:00","CTA|SE","14131.00","13883.00"
"25/08/2022 07:00 - 25/08/2022 08:00","CTA|SE","14117.00","13895.00"
"25/08/2022 08:00 - 25/08/2022 09:00","CTA|SE","14063.00","13911.00"
"25/08/2022 09:00 - 25/08/2022 10:00","CTA|SE","13826.00","13866.00"
"25/08/2022 10:00 - 25/08/2022 11:00","CTA|SE","13622.00","13799.00"
"25/08/2022 11:00 - 25/08/2022 12:00","CTA|SE","13796.00","13708.00"
"25/08/2022 12:00 - 25/08/2022 13:00","CTA|SE","13948.00","13611.00"
"25/08/2022 13:00 - 25/08/2022 14:00","CTA|SE","14002.00","13575.00"
"25/08/2022 14:00 - 25/08/2022 15:00","CTA|SE","13860.00","13470.00"
"25/08/2022 15:00 - 25/08/2022 16:00","CTA|SE","13871.00","13536.00"
"25/08/2022 16:00 - 25/08/2022 17:00","CTA|SE","13663.00","13404.00"
"25/08/2022 17:00 - 25/08/2022 18:00","CTA|SE","13574.00","13356.00"
"25/08/2022 18:00 - 25/08/2022 19:00","CTA|SE","13224.00","13329.00"
"25/08/2022 19:00 - 25/08/2022 20:00","CTA|SE","12616.00","13075.00"
"25/08/2022 20:00 - 25/08/2022 21:00","CTA|SE","11891.00","12464.00"
"25/08/2022 21:00 - 25/08/2022 22:00","CTA|SE","11186.00","11837.00"
"25/08/2022 22:00 - 25/08/2022 23:00","CTA|SE","10838.00","11347.00"
"25/08/2022 23:00 - 26/08/2022 00:00","CTA|SE","10969.00","11103.00"
"26/08/2022 00:00 - 26/08/2022 01:00","CTA|SE","10957.00","11012.00"
"26/08/2022 01:00 - 26/08/2022 02:00","CTA|SE","10889.00","10992.00"
"26/08/2022 02:00 - 26/08/2022 03:00","CTA|SE","11015.00","11084.00"
"26/08/2022 03:00 - 26/08/2022 04:00","CTA|SE","11383.00","11453.00"
"26/08/2022 04:00 - 26/08/2022 05:00","CTA|SE","12094.00","12463.00"
"26/08/2022 05:00 - 26/08/2022 06:00","CTA|SE","13398.00","13480.00"
"26/08/2022 06:00 - 26/08/2022 07:00","CTA|SE","13895.00","13874.00"
"26/08/2022 07:00 - 26/08/2022 08:00","CTA|SE","14317.00","14023.00"
"26/08/2022 08:00 - 26/08/2022 09:00","CTA|SE","14072.00","14080.00"
"26/08/2022 09:00 - 26/08/2022 10:00","CTA|SE","13810.00","13996.00"
"26/08/2022 10:00 - 26/08/2022 11:00","CTA|SE","13790.00","13833.00"
"26/08/2022 11:00 - 26/08/2022 12:00","CTA|SE","13692.00","13576.00"
"26/08/2022 12:00 - 26/08/2022 13:00","CTA|SE","13253.00","13314.00"
"26/08/2022 13:00 - 26/08/2022 14:00","CTA|SE","13345.00","13141.00"
"26/08/2022 14:00 - 26/08/2022 15:00","CTA|SE","13569.00","13015.00"
"26/08/2022 15:00 - 26/08/2022 16:00","CTA|SE","13687.00","13069.00"
"26/08/2022 16:00 - 26/08/2022 17:00","CTA|SE","13408.00","12890.00"
"26/08/2022 17:00 - 26/08/2022 18:00","CTA|SE","13220.00","12677.00"
"26/08/2022 18:00 - 26/08/2022 19:00","CTA|SE","12969.00","12521.00"
"26/08/2022 19:00 - 26/08/2022 20:00","CTA|SE","12459.00","12259.00"
"26/08/2022 20:00 - 26/08/2022 21:00","CTA|SE","11817.00","11721.00"
"26/08/2022 21:00 - 26/08/2022 22:00","CTA|SE","11371.00","11191.00"
"26/08/2022 22:00 - 26/08/2022 23:00","CTA|SE","10970.00","10636.00"
"26/08/2022 23:00 - 27/08/2022 00:00","CTA|SE","10656.00","10368.00"
"27/08/2022 00:00 - 27/08/2022 01:00","CTA|SE","10577.00","10210.00"
"27/08/2022 01:00 - 27/08/2022 02:00","CTA|SE","10456.00","10107.00"
"27/08/2022 02:00 - 27/08/2022 03:00","CTA|SE","10471.00","10072.00"
"27/08/2022 03:00 - 27/08/2022 04:00","CTA|SE","10421.00","10097.00"
"27/08/2022 04:00 - 27/08/2022 05:00","CTA|SE","10418.00","10256.00"
"27/08/2022 05:00 - 27/08/2022 06:00","CTA|SE","11098.00","10721.00"
"27/08/2022 06:00 - 27/08/2022 07:00","CTA|SE","11887.00","11373.00"
"27/08/2022 07:00 - 27/08/2022 08:00","CTA|SE","12624.00","11888.00"
"27/08/2022 08:00 - 27/08/2022 09:00","CTA|SE","13019.00","12150.00"
"27/08/2022 09:00 - 27/08/2022 10:00","CTA|SE","13269.00","12174.00"
"27/08/2022 10:00 - 27/08/2022 11:00","CTA|SE","13099.00","12122.00"
"27/08/2022 11:00 - 27/08/2022 12:00","CTA|SE","13007.00","11966.00"
"27/08/2022 12:00 - 27/08/2022 13:00","CTA|SE","12692.00","11813.00"
"27/08/2022 13:00 - 27/08/2022 14:00","CTA|SE","12707.00","11732.00"
"27/08/2022 14:00 - 27/08/2022 15:00","CTA|SE","12728.00","11876.00"
"27/08/2022 15:00 - 27/08/2022 16:00","CTA|SE","12824.00","12044.00"
"27/08/2022 16:00 - 27/08/2022 17:00","CTA|SE","12525.00","12030.00"
"27/08/2022 17:00 - 27/08/2022 18:00","CTA|SE","12295.00","11946.00"
"27/08/2022 18:00 - 27/08/2022 19:00","CTA|SE","11968.00","11910.00"
"27/08/2022 19:00 - 27/08/2022 20:00","CTA|SE","11669.00","11663.00"
"27/08/2022 20:00 - 27/08/2022 21:00","CTA|SE","11238.00","11182.00"
"27/08/2022 21:00 - 27/08/2022 22:00","CTA|SE","10867.00","10690.00"
"27/08/2022 22:00 - 27/08/2022 23:00","CTA|SE","10662.00","10399.00"
"27/08/2022 23:00 - 28/08/2022 00:00","CTA|SE","10683.00","10151.00"
"28/08/2022 00:00 - 28/08/2022 01:00","CTA|SE","10220.00","10000.00"
"28/08/2022 01:00 - 28/08/2022 02:00","CTA|SE","10103.00","9942.00"
"28/08/2022 02:00 - 28/08/2022 03:00","CTA|SE","10188.00","9934.00"
"28/08/2022 03:00 - 28/08/2022 04:00","CTA|SE","10059.00","9883.00"
"28/08/2022 04:00 - 28/08/2022 05:00","CTA|SE","9962.00","9956.00"
"28/08/2022 05:00 - 28/08/2022 06:00","CTA|SE","10731.00","10365.00"
"28/08/2022 06:00 - 28/08/2022 07:00","CTA|SE","11397.00","10961.00"
"28/08/2022 07:00 - 28/08/2022 08:00","CTA|SE","12041.00","11582.00"
"28/08/2022 08:00 - 28/08/2022 09:00","CTA|SE","12258.00","11969.00"
"28/08/2022 09:00 - 28/08/2022 10:00","CTA|SE","12733.00","12180.00"
"28/08/2022 10:00 - 28/08/2022 11:00","CTA|SE","13135.00","12251.00"
"28/08/2022 11:00 - 28/08/2022 12:00","CTA|SE","13109.00","12216.00"
"28/08/2022 12:00 - 28/08/2022 13:00","CTA|SE","13006.00","12169.00"
"28/08/2022 13:00 - 28/08/2022 14:00","CTA|SE","12773.00","12186.00"
"28/08/2022 14:00 - 28/08/2022 15:00","CTA|SE","12525.00","12355.00"
"28/08/2022 15:00 - 28/08/2022 16:00","CTA|SE","12874.00","12574.00"
"28/08/2022 16:00 - 28/08/2022 17:00","CTA|SE","12825.00","12659.00"
"28/08/2022 17:00 - 28/08/2022 18:00","CTA|SE","12674.00","12657.00"
"28/08/2022 18:00 - 28/08/2022 19:00","CTA|SE","12131.00","12655.00"
"28/08/2022 19:00 - 28/08/2022 20:00","CTA|SE","11408.00","12364.00"
"28/08/2022 20:00 - 28/08/2022 21:00","CTA|SE","11252.00","11733.00"
"28/08/2022 21:00 - 28/08/2022 22:00","CTA|SE","11015.00","11180.00"
"28/08/2022 22:00 - 28/08/2022 23:00","CTA|SE","10400.00","11091.00"
"28/08/2022 23:00 - 29/08/2022 00:00","CTA|SE","10070.00","10898.00"
"29/08/2022 00:00 - 29/08/2022 01:00","CTA|SE","9661.00","10844.00"
"29/08/2022 01:00 - 29/08/2022 02:00","CTA|SE","9823.00","10854.00"
"29/08/2022 02:00 - 29/08/2022 03:00","CTA|SE","10123.00","11006.00"
"29/08/2022 03:00 - 29/08/2022 04:00","CTA|SE","10487.00","11428.00"
"29/08/2022 04:00 - 29/08/2022 05:00","CTA|SE","12152.00","12603.00"
"29/08/2022 05:00 - 29/08/2022 06:00","CTA|SE","14165.00","13772.00"
"29/08/2022 06:00 - 29/08/2022 07:00","CTA|SE","14900.00","14270.00"
"29/08/2022 07:00 - 29/08/2022 08:00","CTA|SE","15071.00","14410.00"
"29/08/2022 08:00 - 29/08/2022 09:00","CTA|SE","14689.00","14549.00"
"29/08/2022 09:00 - 29/08/2022 10:00","CTA|SE","14625.00","14594.00"
"29/08/2022 10:00 - 29/08/2022 11:00","CTA|SE","14341.00","14594.00"
"29/08/2022 11:00 - 29/08/2022 12:00","CTA|SE","14257.00","14514.00"
"29/08/2022 12:00 - 29/08/2022 13:00","CTA|SE","14111.00","14451.00"
"29/08/2022 13:00 - 29/08/2022 14:00","CTA|SE","14216.00","14412.00"
"29/08/2022 14:00 - 29/08/2022 15:00","CTA|SE","14227.00","14222.00"
"29/08/2022 15:00 - 29/08/2022 16:00","CTA|SE","14521.00","14288.00"
"29/08/2022 16:00 - 29/08/2022 17:00","CTA|SE","14297.00","14090.00"
"29/08/2022 17:00 - 29/08/2022 18:00","CTA|SE","14172.00","13992.00"
"29/08/2022 18:00 - 29/08/2022 19:00","CTA|SE","13862.00","13895.00"
"29/08/2022 19:00 - 29/08/2022 20:00","CTA|SE","13230.00","13544.00"
"29/08/2022 20:00 - 29/08/2022 21:00","CTA|SE","12494.00","12836.00"
"29/08/2022 21:00 - 29/08/2022 22:00","CTA|SE","11682.00","12151.00"
"29/08/2022 22:00 - 29/08/2022 23:00","CTA|SE","11351.00","11601.00"
"29/08/2022 23:00 - 30/08/2022 00:00","CTA|SE","11360.00","11361.00"
"30/08/2022 00:00 - 30/08/2022 01:00","CTA|SE","11409.00","11277.00"
"30/08/2022 01:00 - 30/08/2022 02:00","CTA|SE","11013.00","11279.00"
"30/08/2022 02:00 - 30/08/2022 03:00","CTA|SE","11310.00","11406.00"
"30/08/2022 03:00 - 30/08/2022 04:00","CTA|SE","11705.00","11835.00"
"30/08/2022 04:00 - 30/08/2022 05:00","CTA|SE","12620.00","12957.00"
"30/08/2022 05:00 - 30/08/2022 06:00","CTA|SE","13855.00","14052.00"
"30/08/2022 06:00 - 30/08/2022 07:00","CTA|SE","14433.00","14414.00"
"30/08/2022 07:00 - 30/08/2022 08:00","CTA|SE","14371.00","14445.00"
"30/08/2022 08:00 - 30/08/2022 09:00","CTA|SE","14151.00","14484.00"
"30/08/2022 09:00 - 30/08/2022 10:00","CTA|SE","14127.00","14466.00"
"30/08/2022 10:00 - 30/08/2022 11:00","CTA|SE","13999.00","14412.00"
"30/08/2022 11:00 - 30/08/2022 12:00","CTA|SE","13978.00","14340.00"
"30/08/2022 12:00 - 30/08/2022 13:00","CTA|SE","13913.00","14285.00"
"30/08/2022 13:00 - 30/08/2022 14:00","CTA|SE","14025.00","14300.00"
"30/08/2022 14:00 - 30/08/2022 15:00","CTA|SE","14327.00","14198.00"
"30/08/2022 15:00 - 30/08/2022 16:00","CTA|SE","14448.00","14254.00"
"30/08/2022 16:00 - 30/08/2022 17:00","CTA|SE","14010.00","14060.00"
"30/08/2022 17:00 - 30/08/2022 18:00","CTA|SE","13861.00","13991.00"
"30/08/2022 18:00 - 30/08/2022 19:00","CTA|SE","13714.00","13920.00"
"30/08/2022 19:00 - 30/08/2022 20:00","CTA|SE","13146.00","13513.00"
"30/08/2022 20:00 - 30/08/2022 21:00","CTA|SE","12285.00","12786.00"
"30/08/2022 21:00 - 30/08/2022 22:00","CTA|SE","11623.00","12077.00"
"30/08/2022 22:00 - 30/08/2022 23:00","CTA|SE","11184.00","11556.00"
"30/08/2022 23:00 - 31/08/2022 00:00","CTA|SE","11224.00","11305.00"
"31/08/2022 00:00 - 31/08/2022 01:00","CTA|SE","11093.00","11215.00"
"31/08/2022 01:00 - 31/08/2022 02:00","CTA|SE","11232.00","11221.00"
"31/08/2022 02:00 - 31/08/2022 03:00","CTA|SE","11275.00","11359.00"
"31/08/2022 03:00 - 31/08/2022 04:00","CTA|SE","12019.00","11811.00"
"31/08/2022 04:00 - 31/08/2022 05:00","CTA|SE","12627.00","12966.00"
"31/08/2022 05:00 - 31/08/2022 06:00","CTA|SE","13878.00","14096.00"
"31/08/2022 06:00 - 31/08/2022 07:00","CTA|SE","14575.00","14467.00"
"31/08/2022 07:00 - 31/08/2022 08:00","CTA|SE","14570.00","14510.00"
"31/08/2022 08:00 - 31/08/2022 09:00","CTA|SE","14487.00","14539.00"
"31/08/2022 09:00 - 31/08/2022 10:00","CTA|SE","14528.00","14500.00"
"31/08/2022 10:00 - 31/08/2022 11:00","CTA|SE","14619.00","14434.00"
"31/08/2022 11:00 - 31/08/2022 12:00","CTA|SE","14571.00","14348.00"
"31/08/2022 12:00 - 31/08/2022 13:00","CTA|SE","14882.00","14275.00"
"31/08/2022 13:00 - 31/08/2022 14:00","CTA|SE","14756.00","14283.00"
"31/08/2022 14:00 - 31/08/2022 15:00","CTA|SE","14604.00","14167.00"
"31/08/2022 15:00 - 31/08/2022 16:00","CTA|SE","14572.00","14232.00"
"31/08/2022 16:00 - 31/08/2022 17:00","CTA|SE","14287.00","14040.00"
"31/08/2022 17:00 - 31/08/2022 18:00","CTA|SE","14118.00","14006.00"
"31/08/2022 18:00 - 31/08/2022 19:00","CTA|SE","13959.00","13957.00"
"31/08/2022 19:00 - 31/08/2022 20:00","CTA|SE","13264.00","13554.00"
"31/08/2022 20:00 - 31/08/2022 21:00","CTA|SE","12592.00","12814.00"
"31/08/2022 21:00 - 31/08/2022 22:00","CTA|SE","12021.00","12094.00"
"31/08/2022 22:00 - 31/08/2022 23:00","CTA|SE","11880.00","11505.00"
"31/08/2022 23:00 - 01/09/2022 00:00","CTA|SE","11425.00","11247.00"
"01/09/2022 00:00 - 01/09/2022 01:00","CTA|SE","11358.00","11163.00"
"01/09/2022 01:00 - 01/09/2022 02:00","CTA|SE","11508.00","11160.00"
"01/09/2022 02:00 - 01/09/2022 03:00","CTA|SE","11557.00","11302.00"
"01/09/2022 03:00 - 01/09/2022 04:00","CTA|SE","11842.00","11744.00"
"01/09/2022 04:00 - 01/09/2022 05:00","CTA|SE","13160.00","12879.00"
"01/09/2022 05:00 - 01/09/2022 06:00","CTA|SE","14624.00","13999.00"
"01/09/2022 06:00 - 01/09/2022 07:00","CTA|SE","15039.00","14378.00"
"01/09/2022 07:00 - 01/09/2022 08:00","CTA|SE","15040.00","14400.00"
"01/09/2022 08:00 - 01/09/2022 09:00","CTA|SE","14780.00","14424.00"
"01/09/2022 09:00 - 01/09/2022 10:00","CTA|SE","14518.00","14400.00"
"01/09/2022 10:00 - 01/09/2022 11:00","CTA|SE","14564.00","14344.00"
"01/09/2022 11:00 - 01/09/2022 12:00","CTA|SE","14235.00","14260.00"
"01/09/2022 12:00 - 01/09/2022 13:00","CTA|SE","13962.00","14196.00"
"01/09/2022 13:00 - 01/09/2022 14:00","CTA|SE","13886.00","14176.00"
"01/09/2022 14:00 - 01/09/2022 15:00","CTA|SE","13747.00","14076.00"
"01/09/2022 15:00 - 01/09/2022 16:00","CTA|SE","14030.00","14162.00"
"01/09/2022 16:00 - 01/09/2022 17:00","CTA|SE","14109.00","13983.00"
"01/09/2022 17:00 - 01/09/2022 18:00","CTA|SE","13866.00","13951.00"
"01/09/2022 18:00 - 01/09/2022 19:00","CTA|SE","13966.00","13884.00"
"01/09/2022 19:00 - 01/09/2022 20:00","CTA|SE","13311.00","13452.00"
"01/09/2022 20:00 - 01/09/2022 21:00","CTA|SE","12732.00","12708.00"
"01/09/2022 21:00 - 01/09/2022 22:00","CTA|SE","12382.00","12003.00"
"01/09/2022 22:00 - 01/09/2022 23:00","CTA|SE","12085.00","11526.00"
"01/09/2022 23:00 - 02/09/2022 00:00","CTA|SE","11968.00","11280.00"
"02/09/2022 00:00 - 02/09/2022 01:00","CTA|SE","11916.00","11176.00"
"02/09/2022 01:00 - 02/09/2022 02:00","CTA|SE","11856.00","11143.00"
"02/09/2022 02:00 - 02/09/2022 03:00","CTA|SE","11782.00","11281.00"
"02/09/2022 03:00 - 02/09/2022 04:00","CTA|SE","11967.00","11752.00"
"02/09/2022 04:00 - 02/09/2022 05:00","CTA|SE","12786.00","12911.00"
"02/09/2022 05:00 - 02/09/2022 06:00","CTA|SE","14003.00","14065.00"
"02/09/2022 06:00 - 02/09/2022 07:00","CTA|SE","14540.00","14496.00"
"02/09/2022 07:00 - 02/09/2022 08:00","CTA|SE","14583.00","14599.00"
"02/09/2022 08:00 - 02/09/2022 09:00","CTA|SE","14358.00","14596.00"
"02/09/2022 09:00 - 02/09/2022 10:00","CTA|SE","14201.00","14494.00"
"02/09/2022 10:00 - 02/09/2022 11:00","CTA|SE","14097.00","14343.00"
"02/09/2022 11:00 - 02/09/2022 12:00","CTA|SE","13680.00","14131.00"
"02/09/2022 12:00 - 02/09/2022 13:00","CTA|SE","13410.00","13913.00"
"02/09/2022 13:00 - 02/09/2022 14:00","CTA|SE","13480.00","13785.00"
"02/09/2022 14:00 - 02/09/2022 15:00","CTA|SE","13454.00","13691.00"
"02/09/2022 15:00 - 02/09/2022 16:00","CTA|SE","13768.00","13763.00"
"02/09/2022 16:00 - 02/09/2022 17:00","CTA|SE","13502.00","13598.00"
"02/09/2022 17:00 - 02/09/2022 18:00","CTA|SE","13286.00","13424.00"
"02/09/2022 18:00 - 02/09/2022 19:00","CTA|SE","13231.00","13247.00"
"02/09/2022 19:00 - 02/09/2022 20:00","CTA|SE","12521.00","12850.00"
"02/09/2022 20:00 - 02/09/2022 21:00","CTA|SE","12316.00","12217.00"
"02/09/2022 21:00 - 02/09/2022 22:00","CTA|SE","11946.00","11651.00"
"02/09/2022 22:00 - 02/09/2022 23:00","CTA|SE","11517.00","11386.00"
"02/09/2022 23:00 - 03/09/2022 00:00","CTA|SE","11178.00","11127.00"
"03/09/2022 00:00 - 03/09/2022 01:00","CTA|SE","11410.00","10993.00"
"03/09/2022 01:00 - 03/09/2022 02:00","CTA|SE","11041.00","10907.00"
"03/09/2022 02:00 - 03/09/2022 03:00","CTA|SE","10891.00","10908.00"
"03/09/2022 03:00 - 03/09/2022 04:00","CTA|SE","11155.00","10966.00"
"03/09/2022 04:00 - 03/09/2022 05:00","CTA|SE","11172.00","11127.00"
"03/09/2022 05:00 - 03/09/2022 06:00","CTA|SE","11490.00","11577.00"
"03/09/2022 06:00 - 03/09/2022 07:00","CTA|SE","12063.00","12227.00"
"03/09/2022 07:00 - 03/09/2022 08:00","CTA|SE","12648.00","12738.00"
"03/09/2022 08:00 - 03/09/2022 09:00","CTA|SE","12854.00","13018.00"
"03/09/2022 09:00 - 03/09/2022 10:00","CTA|SE","12902.00","13067.00"
"03/09/2022 10:00 - 03/09/2022 11:00","CTA|SE","12859.00","13034.00"
"03/09/2022 11:00 - 03/09/2022 12:00","CTA|SE","12628.00","12920.00"
"03/09/2022 12:00 - 03/09/2022 13:00","CTA|SE","12545.00","12780.00"
"03/09/2022 13:00 - 03/09/2022 14:00","CTA|SE","12461.00","12693.00"
"03/09/2022 14:00 - 03/09/2022 15:00","CTA|SE","12569.00","12762.00"
"03/09/2022 15:00 - 03/09/2022 16:00","CTA|SE","12741.00","12906.00"
"03/09/2022 16:00 - 03/09/2022 17:00","CTA|SE","12854.00","12894.00"
"03/09/2022 17:00 - 03/09/2022 18:00","CTA|SE","12843.00","12850.00"
"03/09/2022 18:00 - 03/09/2022 19:00","CTA|SE","12977.00","12773.00"
"03/09/2022 19:00 - 03/09/2022 20:00","CTA|SE","12496.00","12469.00"
"03/09/2022 20:00 - 03/09/2022 21:00","CTA|SE","11957.00","11986.00"
"03/09/2022 21:00 - 03/09/2022 22:00","CTA|SE","11577.00","11524.00"
"03/09/2022 22:00 - 03/09/2022 23:00","CTA|SE","11337.00","11264.00"
"03/09/2022 23:00 - 04/09/2022 00:00","CTA|SE","11416.00","11047.00"
"04/09/2022 00:00 - 04/09/2022 01:00","CTA|SE","10965.00","10954.00"
"04/09/2022 01:00 - 04/09/2022 02:00","CTA|SE","10920.00","10927.00"
"04/09/2022 02:00 - 04/09/2022 03:00","CTA|SE","11083.00","10938.00"
"04/09/2022 03:00 - 04/09/2022 04:00","CTA|SE","10965.00","10960.00"
"04/09/2022 04:00 - 04/09/2022 05:00","CTA|SE","10930.00","11027.00"
"04/09/2022 05:00 - 04/09/2022 06:00","CTA|SE","11223.00","11367.00"
"04/09/2022 06:00 - 04/09/2022 07:00","CTA|SE","11723.00","11903.00"
"04/09/2022 07:00 - 04/09/2022 08:00","CTA|SE","12168.00","12381.00"
"04/09/2022 08:00 - 04/09/2022 09:00","CTA|SE","12277.00","12666.00"
"04/09/2022 09:00 - 04/09/2022 10:00","CTA|SE","12313.00","12789.00"
"04/09/2022 10:00 - 04/09/2022 11:00","CTA|SE","12028.00","12779.00"
"04/09/2022 11:00 - 04/09/2022 12:00","CTA|SE","11948.00","12719.00"
"04/09/2022 12:00 - 04/09/2022 13:00","CTA|SE","11995.00","12632.00"
"04/09/2022 13:00 - 04/09/2022 14:00","CTA|SE","12006.00","12588.00"
"04/09/2022 14:00 - 04/09/2022 15:00","CTA|SE","12264.00","12718.00"
"04/09/2022 15:00 - 04/09/2022 16:00","CTA|SE","12615.00","12959.00"
"04/09/2022 16:00 - 04/09/2022 17:00","CTA|SE","12828.00","13089.00"
"04/09/2022 17:00 - 04/09/2022 18:00","CTA|SE","13124.00","13191.00"
"04/09/2022 18:00 - 04/09/2022 19:00","CTA|SE","13188.00","13221.00"
"04/09/2022 19:00 - 04/09/2022 20:00","CTA|SE","12565.00","12892.00"
"04/09/2022 20:00 - 04/09/2022 21:00","CTA|SE","12200.00","12299.00"
"04/09/2022 21:00 - 04/09/2022 22:00","CTA|SE","11685.00","11797.00"
"04/09/2022 22:00 - 04/09/2022 23:00","CTA|SE","11527.00","11415.00"
"04/09/2022 23:00 - 05/09/2022 00:00","CTA|SE","11287.00","11232.00"
"05/09/2022 00:00 - 05/09/2022 01:00","CTA|SE","11352.00","11170.00"
"05/09/2022 01:00 - 05/09/2022 02:00","CTA|SE","11520.00","11201.00"
"05/09/2022 02:00 - 05/09/2022 03:00","CTA|SE","11669.00","11374.00"
"05/09/2022 03:00 - 05/09/2022 04:00","CTA|SE","12088.00","11860.00"
"05/09/2022 04:00 - 05/09/2022 05:00","CTA|SE","13222.00","13059.00"
"05/09/2022 05:00 - 05/09/2022 06:00","CTA|SE","14541.00","14187.00"
"05/09/2022 06:00 - 05/09/2022 07:00","CTA|SE","14723.00","14534.00"
"05/09/2022 07:00 - 05/09/2022 08:00","CTA|SE","14454.00","14540.00"
"05/09/2022 08:00 - 05/09/2022 09:00","CTA|SE","14372.00","14551.00"
"05/09/2022 09:00 - 05/09/2022 10:00","CTA|SE","14480.00","14495.00"
"05/09/2022 10:00 - 05/09/2022 11:00","CTA|SE","14384.00","14419.00"
"05/09/2022 11:00 - 05/09/2022 12:00","CTA|SE","14699.00","14325.00"
"05/09/2022 12:00 - 05/09/2022 13:00","CTA|SE","14246.00","14235.00"
"05/09/2022 13:00 - 05/09/2022 14:00","CTA|SE","14056.00","14191.00"
"05/09/2022 14:00 - 05/09/2022 15:00","CTA|SE","13924.00","14040.00"
"05/09/2022 15:00 - 05/09/2022 16:00","CTA|SE","14224.00","14150.00"
"05/09/2022 16:00 - 05/09/2022 17:00","CTA|SE","14163.00","14004.00"
"05/09/2022 17:00 - 05/09/2022 18:00","CTA|SE","14315.00","14016.00"
"05/09/2022 18:00 - 05/09/2022 19:00","CTA|SE","14124.00","13973.00"
"05/09/2022 19:00 - 05/09/2022 20:00","CTA|SE","13625.00","13504.00"
"05/09/2022 20:00 - 05/09/2022 21:00","CTA|SE","12711.00","12793.00"
"05/09/2022 21:00 - 05/09/2022 22:00","CTA|SE","12242.00","12114.00"
"05/09/2022 22:00 - 05/09/2022 23:00","CTA|SE","12149.00","11584.00"
"05/09/2022 23:00 - 06/09/2022 00:00","CTA|SE","11918.00","11364.00"
"06/09/2022 00:00 - 06/09/2022 01:00","CTA|SE","11740.00","11283.00"
"06/09/2022 01:00 - 06/09/2022 02:00","CTA|SE","11458.00","11276.00"
"06/09/2022 02:00 - 06/09/2022 03:00","CTA|SE","11745.00","11398.00"
"06/09/2022 03:00 - 06/09/2022 04:00","CTA|SE","12211.00","11859.00"
"06/09/2022 04:00 - 06/09/2022 05:00","CTA|SE","13257.00","12946.00"
"06/09/2022 05:00 - 06/09/2022 06:00","CTA|SE","14164.00","13956.00"
"06/09/2022 06:00 - 06/09/2022 07:00","CTA|SE","14090.00","14243.00"
"06/09/2022 07:00 - 06/09/2022 08:00","CTA|SE","14156.00","14209.00"
"06/09/2022 08:00 - 06/09/2022 09:00","CTA|SE","14094.00","14171.00"
"06/09/2022 09:00 - 06/09/2022 10:00","CTA|SE","14249.00","14124.00"
"06/09/2022 10:00 - 06/09/2022 11:00","CTA|SE","13990.00","14042.00"
"06/09/2022 11:00 - 06/09/2022 12:00","CTA|SE","13842.00","13927.00"
"06/09/2022 12:00 - 06/09/2022 13:00","CTA|SE","14076.00","13827.00"
"06/09/2022 13:00 - 06/09/2022 14:00","CTA|SE","13680.00","13801.00"
"06/09/2022 14:00 - 06/09/2022 15:00","CTA|SE","13925.00","13718.00"
"06/09/2022 15:00 - 06/09/2022 16:00","CTA|SE","14194.00","13798.00"
"06/09/2022 16:00 - 06/09/2022 17:00","CTA|SE","14166.00","13694.00"
"06/09/2022 17:00 - 06/09/2022 18:00","CTA|SE","13970.00","13750.00"
"06/09/2022 18:00 - 06/09/2022 19:00","CTA|SE","13999.00","13716.00"
"06/09/2022 19:00 - 06/09/2022 20:00","CTA|SE","13409.00","13279.00"
"06/09/2022 20:00 - 06/09/2022 21:00","CTA|SE","12569.00","12596.00"
"06/09/2022 21:00 - 06/09/2022 22:00","CTA|SE","12145.00","11949.00"
"06/09/2022 22:00 - 06/09/2022 23:00","CTA|SE","11881.00","11539.00"
"06/09/2022 23:00 - 07/09/2022 00:00","CTA|SE","11641.00","11313.00"
"07/09/2022 00:00 - 07/09/2022 01:00","CTA|SE","11503.00","11235.00"
"07/09/2022 01:00 - 07/09/2022 02:00","CTA|SE","11497.00","11231.00"
"07/09/2022 02:00 - 07/09/2022 03:00","CTA|SE","11633.00","11363.00"
"07/09/2022 03:00 - 07/09/2022 04:00","CTA|SE","12268.00","11858.00"
"07/09/2022 04:00 - 07/09/2022 05:00","CTA|SE","13373.00","13007.00"
"07/09/2022 05:00 - 07/09/2022 06:00","CTA|SE","14424.00","14068.00"
"07/09/2022 06:00 - 07/09/2022 07:00","CTA|SE","14596.00","14365.00"
"07/09/2022 07:00 - 07/09/2022 08:00","CTA|SE","14539.00","14337.00"
"07/09/2022 08:00 - 07/09/2022 09:00","CTA|SE","14395.00","14308.00"
"07/09/2022 09:00 - 07/09/2022 10:00","CTA|SE","14197.00","14256.00"
"07/09/2022 10:00 - 07/09/2022 11:00","CTA|SE","14045.00","14154.00"
"07/09/2022 11:00 - 07/09/2022 12:00","CTA|SE","13930.00","14044.00"
"07/09/2022 12:00 - 07/09/2022 13:00","CTA|SE","13926.00","13980.00"
"07/09/2022 13:00 - 07/09/2022 14:00","CTA|SE","13858.00","13978.00"
"07/09/2022 14:00 - 07/09/2022 15:00","CTA|SE","13781.00","13904.00"
"07/09/2022 15:00 - 07/09/2022 16:00","CTA|SE","13970.00","13992.00"
"07/09/2022 16:00 - 07/09/2022 17:00","CTA|SE","13935.00","13887.00"
"07/09/2022 17:00 - 07/09/2022 18:00","CTA|SE","14236.00","13937.00"
"07/09/2022 18:00 - 07/09/2022 19:00","CTA|SE","13987.00","13875.00"
"07/09/2022 19:00 - 07/09/2022 20:00","CTA|SE","13197.00","13382.00"
"07/09/2022 20:00 - 07/09/2022 21:00","CTA|SE","12362.00","12657.00"
"07/09/2022 21:00 - 07/09/2022 22:00","CTA|SE","11841.00","11980.00"
"07/09/2022 22:00 - 07/09/2022 23:00","CTA|SE","11477.00","11566.00"
"07/09/2022 23:00 - 08/09/2022 00:00","CTA|SE","11373.00","11332.00"
"08/09/2022 00:00 - 08/09/2022 01:00","CTA|SE","11233.00","11249.00"
"08/09/2022 01:00 - 08/09/2022 02:00","CTA|SE","11288.00","11252.00"
"08/09/2022 02:00 - 08/09/2022 03:00","CTA|SE","11462.00","11396.00"
"08/09/2022 03:00 - 08/09/2022 04:00","CTA|SE","11837.00","11896.00"
"08/09/2022 04:00 - 08/09/2022 05:00","CTA|SE","13140.00","13039.00"
"08/09/2022 05:00 - 08/09/2022 06:00","CTA|SE","14195.00","14092.00"
"08/09/2022 06:00 - 08/09/2022 07:00","CTA|SE","14360.00","14413.00"
"08/09/2022 07:00 - 08/09/2022 08:00","CTA|SE","14199.00","14432.00"
"08/09/2022 08:00 - 08/09/2022 09:00","CTA|SE","14250.00","14436.00"
"08/09/2022 09:00 - 08/09/2022 10:00","CTA|SE","14057.00","14445.00"
"08/09/2022 10:00 - 08/09/2022 11:00","CTA|SE","14104.00","14388.00"
"08/09/2022 11:00 - 08/09/2022 12:00","CTA|SE","13969.00","14305.00"
"08/09/2022 12:00 - 08/09/2022 13:00","CTA|SE","13950.00","14220.00"
"08/09/2022 13:00 - 08/09/2022 14:00","CTA|SE","14090.00","14177.00"
"08/09/2022 14:00 - 08/09/2022 15:00","CTA|SE","14000.00","14090.00"
"08/09/2022 15:00 - 08/09/2022 16:00","CTA|SE","14051.00","14164.00"
"08/09/2022 16:00 - 08/09/2022 17:00","CTA|SE","14299.00","14037.00"
"08/09/2022 17:00 - 08/09/2022 18:00","CTA|SE","14152.00","14050.00"
"08/09/2022 18:00 - 08/09/2022 19:00","CTA|SE","13747.00","13943.00"
"08/09/2022 19:00 - 08/09/2022 20:00","CTA|SE","13098.00","13416.00"
"08/09/2022 20:00 - 08/09/2022 21:00","CTA|SE","12647.00","12668.00"
"08/09/2022 21:00 - 08/09/2022 22:00","CTA|SE","12249.00","11992.00"
"08/09/2022 22:00 - 08/09/2022 23:00","CTA|SE","11866.00","11806.00"
"08/09/2022 23:00 - 09/09/2022 00:00","CTA|SE","11836.00","11562.00"
"09/09/2022 00:00 - 09/09/2022 01:00","CTA|SE","11440.00","11466.00"
"09/09/2022 01:00 - 09/09/2022 02:00","CTA|SE","11272.00","11454.00"
"09/09/2022 02:00 - 09/09/2022 03:00","CTA|SE","11392.00","11560.00"
"09/09/2022 03:00 - 09/09/2022 04:00","CTA|SE","11946.00","12005.00"
"09/09/2022 04:00 - 09/09/2022 05:00","CTA|SE","12958.00","13076.00"
"09/09/2022 05:00 - 09/09/2022 06:00","CTA|SE","14190.00","14066.00"
"09/09/2022 06:00 - 09/09/2022 07:00","CTA|SE","14610.00","14404.00"
"09/09/2022 07:00 - 09/09/2022 08:00","CTA|SE","14832.00","14451.00"
"09/09/2022 08:00 - 09/09/2022 09:00","CTA|SE","14762.00","14453.00"
"09/09/2022 09:00 - 09/09/2022 10:00","CTA|SE","14706.00","14385.00"
"09/09/2022 10:00 - 09/09/2022 11:00","CTA|SE","14369.00","14241.00"
"09/09/2022 11:00 - 09/09/2022 12:00","CTA|SE","14127.00","14036.00"
"09/09/2022 12:00 - 09/09/2022 13:00","CTA|SE","13939.00","13830.00"
"09/09/2022 13:00 - 09/09/2022 14:00","CTA|SE","13728.00","13672.00"
"09/09/2022 14:00 - 09/09/2022 15:00","CTA|SE","13698.00","13592.00"
"09/09/2022 15:00 - 09/09/2022 16:00","CTA|SE","13782.00","13700.00"
"09/09/2022 16:00 - 09/09/2022 17:00","CTA|SE","13696.00","13593.00"
"09/09/2022 17:00 - 09/09/2022 18:00","CTA|SE","13629.00","13501.00"
"09/09/2022 18:00 - 09/09/2022 19:00","CTA|SE","13375.00","13314.00"
"09/09/2022 19:00 - 09/09/2022 20:00","CTA|SE","12667.00","12869.00"
"09/09/2022 20:00 - 09/09/2022 21:00","CTA|SE","12145.00","12324.00"
"09/09/2022 21:00 - 09/09/2022 22:00","CTA|SE","12067.00","11844.00"
"09/09/2022 22:00 - 09/09/2022 23:00","CTA|SE","11698.00","11399.00"
"09/09/2022 23:00 - 10/09/2022 00:00","CTA|SE","11391.00","11155.00"
"10/09/2022 00:00 - 10/09/2022 01:00","CTA|SE","11332.00","11061.00"
"10/09/2022 01:00 - 10/09/2022 02:00","CTA|SE","11667.00","10990.00"
"10/09/2022 02:00 - 10/09/2022 03:00","CTA|SE","11716.00","11006.00"
"10/09/2022 03:00 - 10/09/2022 04:00","CTA|SE","11629.00","11113.00"
"10/09/2022 04:00 - 10/09/2022 05:00","CTA|SE","11651.00","11283.00"
"10/09/2022 05:00 - 10/09/2022 06:00","CTA|SE","11832.00","11641.00"
"10/09/2022 06:00 - 10/09/2022 07:00","CTA|SE","12383.00","12194.00"
"10/09/2022 07:00 - 10/09/2022 08:00","CTA|SE","12821.00","12640.00"
"10/09/2022 08:00 - 10/09/2022 09:00","CTA|SE","13126.00","12866.00"
"10/09/2022 09:00 - 10/09/2022 10:00","CTA|SE","12856.00","12926.00"
"10/09/2022 10:00 - 10/09/2022 11:00","CTA|SE","12881.00","12894.00"
"10/09/2022 11:00 - 10/09/2022 12:00","CTA|SE","12801.00","12783.00"
"10/09/2022 12:00 - 10/09/2022 13:00","CTA|SE","12699.00","12676.00"
"10/09/2022 13:00 - 10/09/2022 14:00","CTA|SE","12737.00","12615.00"
"10/09/2022 14:00 - 10/09/2022 15:00","CTA|SE","12882.00","12678.00"
"10/09/2022 15:00 - 10/09/2022 16:00","CTA|SE","12982.00","12839.00"
"10/09/2022 16:00 - 10/09/2022 17:00","CTA|SE","12863.00","12873.00"
"10/09/2022 17:00 - 10/09/2022 18:00","CTA|SE","12880.00","12888.00"
"10/09/2022 18:00 - 10/09/2022 19:00","CTA|SE","12775.00","12810.00"
"10/09/2022 19:00 - 10/09/2022 20:00","CTA|SE","12328.00","12448.00"
"10/09/2022 20:00 - 10/09/2022 21:00","CTA|SE","12066.00","11973.00"
"10/09/2022 21:00 - 10/09/2022 22:00","CTA|SE","11707.00","11555.00"
"10/09/2022 22:00 - 10/09/2022 23:00","CTA|SE","11509.00","11093.00"
"10/09/2022 23:00 - 11/09/2022 00:00","CTA|SE","11309.00","10884.00"
"11/09/2022 00:00 - 11/09/2022 01:00","CTA|SE","11037.00","10755.00"
"11/09/2022 01:00 - 11/09/2022 02:00","CTA|SE","10887.00","10706.00"
"11/09/2022 02:00 - 11/09/2022 03:00","CTA|SE","10939.00","10720.00"
"11/09/2022 03:00 - 11/09/2022 04:00","CTA|SE","11038.00","10778.00"
"11/09/2022 04:00 - 11/09/2022 05:00","CTA|SE","10961.00","10881.00"
"11/09/2022 05:00 - 11/09/2022 06:00","CTA|SE","11207.00","11181.00"
"11/09/2022 06:00 - 11/09/2022 07:00","CTA|SE","11620.00","11697.00"
"11/09/2022 07:00 - 11/09/2022 08:00","CTA|SE","12171.00","12179.00"
"11/09/2022 08:00 - 11/09/2022 09:00","CTA|SE","12453.00","12478.00"
"11/09/2022 09:00 - 11/09/2022 10:00","CTA|SE","12679.00","12634.00"
"11/09/2022 10:00 - 11/09/2022 11:00","CTA|SE","12480.00","12645.00"
"11/09/2022 11:00 - 11/09/2022 12:00","CTA|SE","12551.00","12562.00"
"11/09/2022 12:00 - 11/09/2022 13:00","CTA|SE","12470.00","12465.00"
"11/09/2022 13:00 - 11/09/2022 14:00","CTA|SE","12211.00","12425.00"
"11/09/2022 14:00 - 11/09/2022 15:00","CTA|SE","12318.00","12553.00"
"11/09/2022 15:00 - 11/09/2022 16:00","CTA|SE","12641.00","12808.00"
"11/09/2022 16:00 - 11/09/2022 17:00","CTA|SE","12951.00","12981.00"
"11/09/2022 17:00 - 11/09/2022 18:00","CTA|SE","13170.00","13168.00"
"11/09/2022 18:00 - 11/09/2022 19:00","CTA|SE","13091.00","13157.00"
"11/09/2022 19:00 - 11/09/2022 20:00","CTA|SE","12707.00","12740.00"
"11/09/2022 20:00 - 11/09/2022 21:00","CTA|SE","12294.00","12146.00"
"11/09/2022 21:00 - 11/09/2022 22:00","CTA|SE","11809.00","11640.00"
"11/09/2022 22:00 - 11/09/2022 23:00","CTA|SE","11582.00","11346.00"
"11/09/2022 23:00 - 12/09/2022 00:00","CTA|SE","11293.00","11185.00"
"12/09/2022 00:00 - 12/09/2022 01:00","CTA|SE","11184.00","11137.00"
"12/09/2022 01:00 - 12/09/2022 02:00","CTA|SE","11196.00","11174.00"
"12/09/2022 02:00 - 12/09/2022 03:00","CTA|SE","11464.00","11346.00"
"12/09/2022 03:00 - 12/09/2022 04:00","CTA|SE","12255.00","11853.00"
"12/09/2022 04:00 - 12/09/2022 05:00","CTA|SE","13752.00","13047.00"
"12/09/2022 05:00 - 12/09/2022 06:00","CTA|SE","15114.00","14116.00"
"12/09/2022 06:00 - 12/09/2022 07:00","CTA|SE","15295.00","14426.00"
"12/09/2022 07:00 - 12/09/2022 08:00","CTA|SE","14960.00","14390.00"
"12/09/2022 08:00 - 12/09/2022 09:00","CTA|SE","14281.00","14352.00"
"12/09/2022 09:00 - 12/09/2022 10:00","CTA|SE","14396.00","14291.00"
"12/09/2022 10:00 - 12/09/2022 11:00","CTA|SE","14399.00","14226.00"
"12/09/2022 11:00 - 12/09/2022 12:00","CTA|SE","14096.00","14130.00"
"12/09/2022 12:00 - 12/09/2022 13:00","CTA|SE","13881.00","14055.00"
"12/09/2022 13:00 - 12/09/2022 14:00","CTA|SE","13884.00","14038.00"
"12/09/2022 14:00 - 12/09/2022 15:00","CTA|SE","13978.00","13926.00"
"12/09/2022 15:00 - 12/09/2022 16:00","CTA|SE","14016.00","14051.00"
"12/09/2022 16:00 - 12/09/2022 17:00","CTA|SE","13902.00","13945.00"
"12/09/2022 17:00 - 12/09/2022 18:00","CTA|SE","13662.00","13978.00"
"12/09/2022 18:00 - 12/09/2022 19:00","CTA|SE","12939.00","13864.00"
"12/09/2022 19:00 - 12/09/2022 20:00","CTA|SE","12324.00","13344.00"
"12/09/2022 20:00 - 12/09/2022 21:00","CTA|SE","11644.00","12613.00"
"12/09/2022 21:00 - 12/09/2022 22:00","CTA|SE","11096.00","11966.00"
"12/09/2022 22:00 - 12/09/2022 23:00","CTA|SE","10880.00","11555.00"
"12/09/2022 23:00 - 13/09/2022 00:00","CTA|SE","10947.00","11316.00"
"13/09/2022 00:00 - 13/09/2022 01:00","CTA|SE","10691.00","11231.00"
"13/09/2022 01:00 - 13/09/2022 02:00","CTA|SE","10719.00","11226.00"
"13/09/2022 02:00 - 13/09/2022 03:00","CTA|SE","10852.00","11348.00"
"13/09/2022 03:00 - 13/09/2022 04:00","CTA|SE","11188.00","11850.00"
"13/09/2022 04:00 - 13/09/2022 05:00","CTA|SE","12653.00","13011.00"
"13/09/2022 05:00 - 13/09/2022 06:00","CTA|SE","14014.00","14065.00"
"13/09/2022 06:00 - 13/09/2022 07:00","CTA|SE","14592.00","14418.00"
"13/09/2022 07:00 - 13/09/2022 08:00","CTA|SE","14530.00","14486.00"
"13/09/2022 08:00 - 13/09/2022 09:00","CTA|SE","14296.00","14553.00"
"13/09/2022 09:00 - 13/09/2022 10:00","CTA|SE","14432.00","14584.00"
"13/09/2022 10:00 - 13/09/2022 11:00","CTA|SE","14377.00","14535.00"
"13/09/2022 11:00 - 13/09/2022 12:00","CTA|SE","14372.00","14414.00"
"13/09/2022 12:00 - 13/09/2022 13:00","CTA|SE","14452.00","14293.00"
"13/09/2022 13:00 - 13/09/2022 14:00","CTA|SE","14377.00","14234.00"
"13/09/2022 14:00 - 13/09/2022 15:00","CTA|SE","14325.00","14137.00"
"13/09/2022 15:00 - 13/09/2022 16:00","CTA|SE","14456.00","14263.00"
"13/09/2022 16:00 - 13/09/2022 17:00","CTA|SE","14282.00","14194.00"
"13/09/2022 17:00 - 13/09/2022 18:00","CTA|SE","14453.00","14244.00"
"13/09/2022 18:00 - 13/09/2022 19:00","CTA|SE","14176.00","14101.00"
"13/09/2022 19:00 - 13/09/2022 20:00","CTA|SE","13156.00","13525.00"
"13/09/2022 20:00 - 13/09/2022 21:00","CTA|SE","12539.00","12753.00"
"13/09/2022 21:00 - 13/09/2022 22:00","CTA|SE","11861.00","12083.00"
"13/09/2022 22:00 - 13/09/2022 23:00","CTA|SE","11432.00","11615.00"
"13/09/2022 23:00 - 14/09/2022 00:00","CTA|SE","11406.00","11367.00"
"14/09/2022 00:00 - 14/09/2022 01:00","CTA|SE","11405.00","11284.00"
"14/09/2022 01:00 - 14/09/2022 02:00","CTA|SE","11342.00","11291.00"
"14/09/2022 02:00 - 14/09/2022 03:00","CTA|SE","11353.00","11429.00"
"14/09/2022 03:00 - 14/09/2022 04:00","CTA|SE","11966.00","11964.00"
"14/09/2022 04:00 - 14/09/2022 05:00","CTA|SE","13416.00","13190.00"
"14/09/2022 05:00 - 14/09/2022 06:00","CTA|SE","14358.00","14280.00"
"14/09/2022 06:00 - 14/09/2022 07:00","CTA|SE","14746.00","14615.00"
"14/09/2022 07:00 - 14/09/2022 08:00","CTA|SE","14777.00","14643.00"
"14/09/2022 08:00 - 14/09/2022 09:00","CTA|SE","14754.00","14655.00"
"14/09/2022 09:00 - 14/09/2022 10:00","CTA|SE","14840.00","14650.00"
"14/09/2022 10:00 - 14/09/2022 11:00","CTA|SE","14789.00","14558.00"
"14/09/2022 11:00 - 14/09/2022 12:00","CTA|SE","14613.00","14426.00"
"14/09/2022 12:00 - 14/09/2022 13:00","CTA|SE","14568.00","14329.00"
"14/09/2022 13:00 - 14/09/2022 14:00","CTA|SE","14389.00","14287.00"
"14/09/2022 14:00 - 14/09/2022 15:00","CTA|SE","14385.00","14209.00"
"14/09/2022 15:00 - 14/09/2022 16:00","CTA|SE","14336.00","14334.00"
"14/09/2022 16:00 - 14/09/2022 17:00","CTA|SE","14323.00","14278.00"
"14/09/2022 17:00 - 14/09/2022 18:00","CTA|SE","14674.00","14348.00"
"14/09/2022 18:00 - 14/09/2022 19:00","CTA|SE","14444.00","14199.00"
"14/09/2022 19:00 - 14/09/2022 20:00","CTA|SE","13531.00","13612.00"
"14/09/2022 20:00 - 14/09/2022 21:00","CTA|SE","12606.00","12831.00"
"14/09/2022 21:00 - 14/09/2022 22:00","CTA|SE","12298.00","12155.00"
"14/09/2022 22:00 - 14/09/2022 23:00","CTA|SE","11835.00","11605.00"
"14/09/2022 23:00 - 15/09/2022 00:00","CTA|SE","11506.00","11348.00"
"15/09/2022 00:00 - 15/09/2022 01:00","CTA|SE","11308.00","11263.00"
"15/09/2022 01:00 - 15/09/2022 02:00","CTA|SE","11274.00","11278.00"
"15/09/2022 02:00 - 15/09/2022 03:00","CTA|SE","11057.00","11435.00"
"15/09/2022 03:00 - 15/09/2022 04:00","CTA|SE","11389.00","12005.00"
"15/09/2022 04:00 - 15/09/2022 05:00","CTA|SE","12690.00","13305.00"
"15/09/2022 05:00 - 15/09/2022 06:00","CTA|SE","13949.00","14444.00"
"15/09/2022 06:00 - 15/09/2022 07:00","CTA|SE","14063.00","14766.00"
"15/09/2022 07:00 - 15/09/2022 08:00","CTA|SE","14245.00","14752.00"
"15/09/2022 08:00 - 15/09/2022 09:00","CTA|SE","14261.00","14741.00"
"15/09/2022 09:00 - 15/09/2022 10:00","CTA|SE","14069.00","14726.00"
"15/09/2022 10:00 - 15/09/2022 11:00","CTA|SE","14045.00","14629.00"
"15/09/2022 11:00 - 15/09/2022 12:00","CTA|SE","13695.00","14506.00"
"15/09/2022 12:00 - 15/09/2022 13:00","CTA|SE","13786.00","14429.00"
"15/09/2022 13:00 - 15/09/2022 14:00","CTA|SE","13758.00","14428.00"
"15/09/2022 14:00 - 15/09/2022 15:00","CTA|SE","13857.00","14378.00"
"15/09/2022 15:00 - 15/09/2022 16:00","CTA|SE","14143.00","14534.00"
"15/09/2022 16:00 - 15/09/2022 17:00","CTA|SE","14076.00","14495.00"
"15/09/2022 17:00 - 15/09/2022 18:00","CTA|SE","14210.00","14560.00"
"15/09/2022 18:00 - 15/09/2022 19:00","CTA|SE","13784.00","14385.00"
"15/09/2022 19:00 - 15/09/2022 20:00","CTA|SE","12979.00","13746.00"
"15/09/2022 20:00 - 15/09/2022 21:00","CTA|SE","12357.00","12923.00"
"15/09/2022 21:00 - 15/09/2022 22:00","CTA|SE","11919.00","12207.00"
"15/09/2022 22:00 - 15/09/2022 23:00","CTA|SE","11367.00","11823.00"
"15/09/2022 23:00 - 16/09/2022 00:00","CTA|SE","10983.00","11559.00"
"16/09/2022 00:00 - 16/09/2022 01:00","CTA|SE","10907.00","11388.00"
"16/09/2022 01:00 - 16/09/2022 02:00","CTA|SE","10833.00","11379.00"
"16/09/2022 02:00 - 16/09/2022 03:00","CTA|SE","10975.00","11514.00"
"16/09/2022 03:00 - 16/09/2022 04:00","CTA|SE","11485.00","12035.00"
"16/09/2022 04:00 - 16/09/2022 05:00","CTA|SE","12857.00","13252.00"
"16/09/2022 05:00 - 16/09/2022 06:00","CTA|SE","14065.00","14314.00"
"16/09/2022 06:00 - 16/09/2022 07:00","CTA|SE","14452.00","14674.00"
"16/09/2022 07:00 - 16/09/2022 08:00","CTA|SE","14512.00","14711.00"
"16/09/2022 08:00 - 16/09/2022 09:00","CTA|SE","14558.00","14705.00"
"16/09/2022 09:00 - 16/09/2022 10:00","CTA|SE","14345.00","14626.00"
"16/09/2022 10:00 - 16/09/2022 11:00","CTA|SE","14460.00","14457.00"
"16/09/2022 11:00 - 16/09/2022 12:00","CTA|SE","13915.00","14236.00"
"16/09/2022 12:00 - 16/09/2022 13:00","CTA|SE","13529.00","13999.00"
"16/09/2022 13:00 - 16/09/2022 14:00","CTA|SE","13365.00","13831.00"
"16/09/2022 14:00 - 16/09/2022 15:00","CTA|SE","13155.00","13745.00"
"16/09/2022 15:00 - 16/09/2022 16:00","CTA|SE","13524.00","13882.00"
"16/09/2022 16:00 - 16/09/2022 17:00","CTA|SE","13585.00","13812.00"
"16/09/2022 17:00 - 16/09/2022 18:00","CTA|SE","13473.00","13760.00"
"16/09/2022 18:00 - 16/09/2022 19:00","CTA|SE","12854.00","13471.00"
"16/09/2022 19:00 - 16/09/2022 20:00","CTA|SE","12291.00","12907.00"
"16/09/2022 20:00 - 16/09/2022 21:00","CTA|SE","11764.00","12329.00"
"16/09/2022 21:00 - 16/09/2022 22:00","CTA|SE","11301.00","11833.00"
"16/09/2022 22:00 - 16/09/2022 23:00","CTA|SE","11171.00","11430.00"
"16/09/2022 23:00 - 17/09/2022 00:00","CTA|SE","10875.00","11170.00"
"17/09/2022 00:00 - 17/09/2022 01:00","CTA|SE","10778.00","11009.00"
"17/09/2022 01:00 - 17/09/2022 02:00","CTA|SE","10634.00","10934.00"
"17/09/2022 02:00 - 17/09/2022 03:00","CTA|SE","10547.00","10972.00"
"17/09/2022 03:00 - 17/09/2022 04:00","CTA|SE","10916.00","11106.00"
"17/09/2022 04:00 - 17/09/2022 05:00","CTA|SE","11142.00","11323.00"
"17/09/2022 05:00 - 17/09/2022 06:00","CTA|SE","11565.00","11674.00"
"17/09/2022 06:00 - 17/09/2022 07:00","CTA|SE","11891.00","12196.00"
"17/09/2022 07:00 - 17/09/2022 08:00","CTA|SE","12595.00","12600.00"
"17/09/2022 08:00 - 17/09/2022 09:00","CTA|SE","12437.00","12790.00"
"17/09/2022 09:00 - 17/09/2022 10:00","CTA|SE","12320.00","12788.00"
"17/09/2022 10:00 - 17/09/2022 11:00","CTA|SE","12444.00","12727.00"
"17/09/2022 11:00 - 17/09/2022 12:00","CTA|SE","12097.00","12617.00"
"17/09/2022 12:00 - 17/09/2022 13:00","CTA|SE","11841.00","12479.00"
"17/09/2022 13:00 - 17/09/2022 14:00","CTA|SE","11934.00","12440.00"
"17/09/2022 14:00 - 17/09/2022 15:00","CTA|SE","12171.00","12566.00"
"17/09/2022 15:00 - 17/09/2022 16:00","CTA|SE","12692.00","12783.00"
"17/09/2022 16:00 - 17/09/2022 17:00","CTA|SE","13093.00","12878.00"
"17/09/2022 17:00 - 17/09/2022 18:00","CTA|SE","13241.00","12950.00"
"17/09/2022 18:00 - 17/09/2022 19:00","CTA|SE","12696.00","12802.00"
"17/09/2022 19:00 - 17/09/2022 20:00","CTA|SE","12475.00","12378.00"
"17/09/2022 20:00 - 17/09/2022 21:00","CTA|SE","12038.00","11902.00"
"17/09/2022 21:00 - 17/09/2022 22:00","CTA|SE","11617.00","11466.00"
"17/09/2022 22:00 - 17/09/2022 23:00","CTA|SE","11111.00","11140.00"
"17/09/2022 23:00 - 18/09/2022 00:00","CTA|SE","11272.00","10970.00"
"18/09/2022 00:00 - 18/09/2022 01:00","CTA|SE","10850.00","10850.00"
"18/09/2022 01:00 - 18/09/2022 02:00","CTA|SE","10762.00","10823.00"
"18/09/2022 02:00 - 18/09/2022 03:00","CTA|SE","10812.00","10872.00"
"18/09/2022 03:00 - 18/09/2022 04:00","CTA|SE","10862.00","10972.00"
"18/09/2022 04:00 - 18/09/2022 05:00","CTA|SE","10577.00","11101.00"
"18/09/2022 05:00 - 18/09/2022 06:00","CTA|SE","11354.00","11351.00"
"18/09/2022 06:00 - 18/09/2022 07:00","CTA|SE","12167.00","11787.00"
"18/09/2022 07:00 - 18/09/2022 08:00","CTA|SE","12735.00","12164.00"
"18/09/2022 08:00 - 18/09/2022 09:00","CTA|SE","12942.00","12402.00"
"18/09/2022 09:00 - 18/09/2022 10:00","CTA|SE","12768.00","12469.00"
"18/09/2022 10:00 - 18/09/2022 11:00","CTA|SE","12853.00","12406.00"
"18/09/2022 11:00 - 18/09/2022 12:00","CTA|SE","12648.00","12345.00"
"18/09/2022 12:00 - 18/09/2022 13:00","CTA|SE","12226.00","12265.00"
"18/09/2022 13:00 - 18/09/2022 14:00","CTA|SE","12187.00","12232.00"
"18/09/2022 14:00 - 18/09/2022 15:00","CTA|SE","12510.00","12387.00"
"18/09/2022 15:00 - 18/09/2022 16:00","CTA|SE","13073.00","12716.00"
"18/09/2022 16:00 - 18/09/2022 17:00","CTA|SE","13185.00","12970.00"
"18/09/2022 17:00 - 18/09/2022 18:00","CTA|SE","13481.00","13187.00"
"18/09/2022 18:00 - 18/09/2022 19:00","CTA|SE","13069.00","13056.00"
"18/09/2022 19:00 - 18/09/2022 20:00","CTA|SE","12825.00","12566.00"
"18/09/2022 20:00 - 18/09/2022 21:00","CTA|SE","12216.00","11994.00"
"18/09/2022 21:00 - 18/09/2022 22:00","CTA|SE","11863.00","11476.00"
"18/09/2022 22:00 - 18/09/2022 23:00","CTA|SE","11481.00","11178.00"
"18/09/2022 23:00 - 19/09/2022 00:00","CTA|SE","11449.00","11016.00"
"19/09/2022 00:00 - 19/09/2022 01:00","CTA|SE","11210.00","11010.00"
"19/09/2022 01:00 - 19/09/2022 02:00","CTA|SE","11206.00","11053.00"
"19/09/2022 02:00 - 19/09/2022 03:00","CTA|SE","11497.00","11222.00"
"19/09/2022 03:00 - 19/09/2022 04:00","CTA|SE","12147.00","11802.00"
"19/09/2022 04:00 - 19/09/2022 05:00","CTA|SE","13253.00","13097.00"
"19/09/2022 05:00 - 19/09/2022 06:00","CTA|SE","14201.00","14187.00"
"19/09/2022 06:00 - 19/09/2022 07:00","CTA|SE","14731.00","14500.00"
"19/09/2022 07:00 - 19/09/2022 08:00","CTA|SE","15157.00","14486.00"
"19/09/2022 08:00 - 19/09/2022 09:00","CTA|SE","15022.00","14469.00"
"19/09/2022 09:00 - 19/09/2022 10:00","CTA|SE","14862.00","14445.00"
"19/09/2022 10:00 - 19/09/2022 11:00","CTA|SE","14896.00","14359.00"
"19/09/2022 11:00 - 19/09/2022 12:00","CTA|SE","14898.00","14246.00"
"19/09/2022 12:00 - 19/09/2022 13:00","CTA|SE","14940.00","14165.00"
"19/09/2022 13:00 - 19/09/2022 14:00","CTA|SE","14852.00","14168.00"
"19/09/2022 14:00 - 19/09/2022 15:00","CTA|SE","14735.00","14084.00"
"19/09/2022 15:00 - 19/09/2022 16:00","CTA|SE","14726.00","14214.00"
"19/09/2022 16:00 - 19/09/2022 17:00","CTA|SE","14565.00","14179.00"
"19/09/2022 17:00 - 19/09/2022 18:00","CTA|SE","14646.00","14256.00"
"19/09/2022 18:00 - 19/09/2022 19:00","CTA|SE","14150.00","14016.00"
"19/09/2022 19:00 - 19/09/2022 20:00","CTA|SE","13220.00","13447.00"
"19/09/2022 20:00 - 19/09/2022 21:00","CTA|SE","12787.00","12695.00"
"19/09/2022 21:00 - 19/09/2022 22:00","CTA|SE","12340.00","12021.00"
"19/09/2022 22:00 - 19/09/2022 23:00","CTA|SE","12103.00","11607.00"
"19/09/2022 23:00 - 20/09/2022 00:00","CTA|SE","11844.00","11392.00"
"20/09/2022 00:00 - 20/09/2022 01:00","CTA|SE","11484.00","11348.00"
"20/09/2022 01:00 - 20/09/2022 02:00","CTA|SE","11143.00","11374.00"
"20/09/2022 02:00 - 20/09/2022 03:00","CTA|SE","11277.00","11527.00"
"20/09/2022 03:00 - 20/09/2022 04:00","CTA|SE","11655.00","12126.00"
"20/09/2022 04:00 - 20/09/2022 05:00","CTA|SE","13140.00","13496.00"
"20/09/2022 05:00 - 20/09/2022 06:00","CTA|SE","14534.00","14639.00"
"20/09/2022 06:00 - 20/09/2022 07:00","CTA|SE","14905.00","14940.00"
"20/09/2022 07:00 - 20/09/2022 08:00","CTA|SE","14962.00","14903.00"
"20/09/2022 08:00 - 20/09/2022 09:00","CTA|SE","14674.00","14865.00"
"20/09/2022 09:00 - 20/09/2022 10:00","CTA|SE","14331.00","14764.00"
"20/09/2022 10:00 - 20/09/2022 11:00","CTA|SE","14158.00","14660.00"
"20/09/2022 11:00 - 20/09/2022 12:00","CTA|SE","14282.00","14502.00"
"20/09/2022 12:00 - 20/09/2022 13:00","CTA|SE","14520.00","14427.00"
"20/09/2022 13:00 - 20/09/2022 14:00","CTA|SE","14461.00","14416.00"
"20/09/2022 14:00 - 20/09/2022 15:00","CTA|SE","14480.00","14360.00"
"20/09/2022 15:00 - 20/09/2022 16:00","CTA|SE","14850.00","14521.00"
"20/09/2022 16:00 - 20/09/2022 17:00","CTA|SE","14678.00","14582.00"
"20/09/2022 17:00 - 20/09/2022 18:00","CTA|SE","14937.00","14745.00"
"20/09/2022 18:00 - 20/09/2022 19:00","CTA|SE","14821.00","14561.00"
"20/09/2022 19:00 - 20/09/2022 20:00","CTA|SE","13880.00","13924.00"
"20/09/2022 20:00 - 20/09/2022 21:00","CTA|SE","13412.00","13126.00"
"20/09/2022 21:00 - 20/09/2022 22:00","CTA|SE","12997.00","12415.00"
"20/09/2022 22:00 - 20/09/2022 23:00","CTA|SE","12577.00","11941.00"
"20/09/2022 23:00 - 21/09/2022 00:00","CTA|SE","12425.00","11733.00"
"21/09/2022 00:00 - 21/09/2022 01:00","CTA|SE","12440.00","11663.00"
"21/09/2022 01:00 - 21/09/2022 02:00","CTA|SE","12471.00","11693.00"
"21/09/2022 02:00 - 21/09/2022 03:00","CTA|SE","12474.00","11851.00"
"21/09/2022 03:00 - 21/09/2022 04:00","CTA|SE","12939.00","12454.00"
"21/09/2022 04:00 - 21/09/2022 05:00","CTA|SE","14390.00","13825.00"
"21/09/2022 05:00 - 21/09/2022 06:00","CTA|SE","15514.00","14953.00"
"21/09/2022 06:00 - 21/09/2022 07:00","CTA|SE","15601.00","15212.00"
"21/09/2022 07:00 - 21/09/2022 08:00","CTA|SE","15334.00","15120.00"
"21/09/2022 08:00 - 21/09/2022 09:00","CTA|SE","14878.00","14996.00"
"21/09/2022 09:00 - 21/09/2022 10:00","CTA|SE","14467.00","14861.00"
"21/09/2022 10:00 - 21/09/2022 11:00","CTA|SE","14302.00","14680.00"
"21/09/2022 11:00 - 21/09/2022 12:00","CTA|SE","14187.00","14483.00"
"21/09/2022 12:00 - 21/09/2022 13:00","CTA|SE","14319.00","14379.00"
"21/09/2022 13:00 - 21/09/2022 14:00","CTA|SE","14293.00","14347.00"
"21/09/2022 14:00 - 21/09/2022 15:00","CTA|SE","14287.00","14295.00"
"21/09/2022 15:00 - 21/09/2022 16:00","CTA|SE","14572.00","14473.00"
"21/09/2022 16:00 - 21/09/2022 17:00","CTA|SE","14593.00","14540.00"
"21/09/2022 17:00 - 21/09/2022 18:00","CTA|SE","14794.00","14692.00"
"21/09/2022 18:00 - 21/09/2022 19:00","CTA|SE","14725.00","14487.00"
"21/09/2022 19:00 - 21/09/2022 20:00","CTA|SE","14102.00","13846.00"
"21/09/2022 20:00 - 21/09/2022 21:00","CTA|SE","13261.00","13061.00"
"21/09/2022 21:00 - 21/09/2022 22:00","CTA|SE","12869.00","12363.00"
"21/09/2022 22:00 - 21/09/2022 23:00","CTA|SE","12747.00","12019.00"
"21/09/2022 23:00 - 22/09/2022 00:00","CTA|SE","12446.00","11817.00"
"22/09/2022 00:00 - 22/09/2022 01:00","CTA|SE","12420.00","11751.00"
"22/09/2022 01:00 - 22/09/2022 02:00","CTA|SE","12426.00","11785.00"
"22/09/2022 02:00 - 22/09/2022 03:00","CTA|SE","12514.00","11949.00"
"22/09/2022 03:00 - 22/09/2022 04:00","CTA|SE","13179.00","12527.00"
"22/09/2022 04:00 - 22/09/2022 05:00","CTA|SE","14302.00","13840.00"
"22/09/2022 05:00 - 22/09/2022 06:00","CTA|SE","15454.00","14908.00"
"22/09/2022 06:00 - 22/09/2022 07:00","CTA|SE","15388.00","15152.00"
"22/09/2022 07:00 - 22/09/2022 08:00","CTA|SE","14836.00","15063.00"
"22/09/2022 08:00 - 22/09/2022 09:00","CTA|SE","14922.00","14942.00"
"22/09/2022 09:00 - 22/09/2022 10:00","CTA|SE","14345.00","14814.00"
"22/09/2022 10:00 - 22/09/2022 11:00","CTA|SE","14010.00","14668.00"
"22/09/2022 11:00 - 22/09/2022 12:00","CTA|SE","14059.00","14478.00"
"22/09/2022 12:00 - 22/09/2022 13:00","CTA|SE","14034.00","14381.00"
"22/09/2022 13:00 - 22/09/2022 14:00","CTA|SE","14174.00","14369.00"
"22/09/2022 14:00 - 22/09/2022 15:00","CTA|SE","13953.00","14313.00"
"22/09/2022 15:00 - 22/09/2022 16:00","CTA|SE","14095.00","14499.00"
"22/09/2022 16:00 - 22/09/2022 17:00","CTA|SE","14136.00","14566.00"
"22/09/2022 17:00 - 22/09/2022 18:00","CTA|SE","14162.00","14691.00"
"22/09/2022 18:00 - 22/09/2022 19:00","CTA|SE","13980.00","14456.00"
"22/09/2022 19:00 - 22/09/2022 20:00","CTA|SE","13493.00","13798.00"
"22/09/2022 20:00 - 22/09/2022 21:00","CTA|SE","12979.00","13015.00"
"22/09/2022 21:00 - 22/09/2022 22:00","CTA|SE","12282.00","12312.00"
"22/09/2022 22:00 - 22/09/2022 23:00","CTA|SE","12358.00","12089.00"
"22/09/2022 23:00 - 23/09/2022 00:00","CTA|SE","12007.00","11845.00"
"23/09/2022 00:00 - 23/09/2022 01:00","CTA|SE","11787.00","11733.00"
"23/09/2022 01:00 - 23/09/2022 02:00","CTA|SE","11578.00","11723.00"
"23/09/2022 02:00 - 23/09/2022 03:00","CTA|SE","11511.00","11852.00"
"23/09/2022 03:00 - 23/09/2022 04:00","CTA|SE","12008.00","12364.00"
"23/09/2022 04:00 - 23/09/2022 05:00","CTA|SE","13215.00","13561.00"
"23/09/2022 05:00 - 23/09/2022 06:00","CTA|SE","14370.00","14537.00"
"23/09/2022 06:00 - 23/09/2022 07:00","CTA|SE","14812.00","14842.00"
"23/09/2022 07:00 - 23/09/2022 08:00","CTA|SE","15018.00","14852.00"
"23/09/2022 08:00 - 23/09/2022 09:00","CTA|SE","14923.00","14840.00"
"23/09/2022 09:00 - 23/09/2022 10:00","CTA|SE","14794.00","14750.00"
"23/09/2022 10:00 - 23/09/2022 11:00","CTA|SE","14848.00","14610.00"
"23/09/2022 11:00 - 23/09/2022 12:00","CTA|SE","14204.00","14382.00"
"23/09/2022 12:00 - 23/09/2022 13:00","CTA|SE","14207.00","14170.00"
"23/09/2022 13:00 - 23/09/2022 14:00","CTA|SE","13911.00","14020.00"
"23/09/2022 14:00 - 23/09/2022 15:00","CTA|SE","13722.00","13935.00"
"23/09/2022 15:00 - 23/09/2022 16:00","CTA|SE","13882.00","14082.00"
"23/09/2022 16:00 - 23/09/2022 17:00","CTA|SE","13883.00","14094.00"
"23/09/2022 17:00 - 23/09/2022 18:00","CTA|SE","13763.00","14013.00"
"23/09/2022 18:00 - 23/09/2022 19:00","CTA|SE","12958.00","13607.00"
"23/09/2022 19:00 - 23/09/2022 20:00","CTA|SE","12452.00","13050.00"
"23/09/2022 20:00 - 23/09/2022 21:00","CTA|SE","12046.00","12502.00"
"23/09/2022 21:00 - 23/09/2022 22:00","CTA|SE","11766.00","12010.00"
"23/09/2022 22:00 - 23/09/2022 23:00","CTA|SE","11477.00","11740.00"
"23/09/2022 23:00 - 24/09/2022 00:00","CTA|SE","11194.00","11511.00"
"24/09/2022 00:00 - 24/09/2022 01:00","CTA|SE","10880.00","11409.00"
"24/09/2022 01:00 - 24/09/2022 02:00","CTA|SE","10724.00","11374.00"
"24/09/2022 02:00 - 24/09/2022 03:00","CTA|SE","10822.00","11395.00"
"24/09/2022 03:00 - 24/09/2022 04:00","CTA|SE","11108.00","11520.00"
"24/09/2022 04:00 - 24/09/2022 05:00","CTA|SE","11509.00","11752.00"
"24/09/2022 05:00 - 24/09/2022 06:00","CTA|SE","11786.00","12054.00"
"24/09/2022 06:00 - 24/09/2022 07:00","CTA|SE","12251.00","12547.00"
"24/09/2022 07:00 - 24/09/2022 08:00","CTA|SE","12681.00","12965.00"
"24/09/2022 08:00 - 24/09/2022 09:00","CTA|SE","12986.00","13162.00"
"24/09/2022 09:00 - 24/09/2022 10:00","CTA|SE","12803.00","13201.00"
"24/09/2022 10:00 - 24/09/2022 11:00","CTA|SE","12765.00","13159.00"
"24/09/2022 11:00 - 24/09/2022 12:00","CTA|SE","12714.00","13067.00"
"24/09/2022 12:00 - 24/09/2022 13:00","CTA|SE","12635.00","12950.00"
"24/09/2022 13:00 - 24/09/2022 14:00","CTA|SE","12607.00","12892.00"
"24/09/2022 14:00 - 24/09/2022 15:00","CTA|SE","12705.00","12971.00"
"24/09/2022 15:00 - 24/09/2022 16:00","CTA|SE","12853.00","13161.00"
"24/09/2022 16:00 - 24/09/2022 17:00","CTA|SE","12977.00","13286.00"
"24/09/2022 17:00 - 24/09/2022 18:00","CTA|SE","13153.00","13332.00"
"24/09/2022 18:00 - 24/09/2022 19:00","CTA|SE","12800.00","13080.00"
"24/09/2022 19:00 - 24/09/2022 20:00","CTA|SE","12416.00","12676.00"
"24/09/2022 20:00 - 24/09/2022 21:00","CTA|SE","11981.00","12258.00"
"24/09/2022 21:00 - 24/09/2022 22:00","CTA|SE","11524.00","11865.00"
"24/09/2022 22:00 - 24/09/2022 23:00","CTA|SE","11427.00","11362.00"
"24/09/2022 23:00 - 25/09/2022 00:00","CTA|SE","11308.00","11195.00"
"25/09/2022 00:00 - 25/09/2022 01:00","CTA|SE","11117.00","11091.00"
"25/09/2022 01:00 - 25/09/2022 02:00","CTA|SE","11019.00","11069.00"
"25/09/2022 02:00 - 25/09/2022 03:00","CTA|SE","10973.00","11101.00"
"25/09/2022 03:00 - 25/09/2022 04:00","CTA|SE","11020.00","11237.00"
"25/09/2022 04:00 - 25/09/2022 05:00","CTA|SE","11356.00","11410.00"
"25/09/2022 05:00 - 25/09/2022 06:00","CTA|SE","11516.00","11675.00"
"25/09/2022 06:00 - 25/09/2022 07:00","CTA|SE","11858.00","12138.00"
"25/09/2022 07:00 - 25/09/2022 08:00","CTA|SE","12426.00","12565.00"
"25/09/2022 08:00 - 25/09/2022 09:00","CTA|SE","12632.00","12769.00"
"25/09/2022 09:00 - 25/09/2022 10:00","CTA|SE","12384.00","12861.00"
"25/09/2022 10:00 - 25/09/2022 11:00","CTA|SE","12215.00","12840.00"
"25/09/2022 11:00 - 25/09/2022 12:00","CTA|SE","12474.00","12801.00"
"25/09/2022 12:00 - 25/09/2022 13:00","CTA|SE","12458.00","12690.00"
"25/09/2022 13:00 - 25/09/2022 14:00","CTA|SE","12433.00","12670.00"
"25/09/2022 14:00 - 25/09/2022 15:00","CTA|SE","12471.00","12775.00"
"25/09/2022 15:00 - 25/09/2022 16:00","CTA|SE","12883.00","13086.00"
"25/09/2022 16:00 - 25/09/2022 17:00","CTA|SE","12977.00","13402.00"
"25/09/2022 17:00 - 25/09/2022 18:00","CTA|SE","13286.00","13623.00"
"25/09/2022 18:00 - 25/09/2022 19:00","CTA|SE","13026.00","13406.00"
"25/09/2022 19:00 - 25/09/2022 20:00","CTA|SE","12613.00","12896.00"
"25/09/2022 20:00 - 25/09/2022 21:00","CTA|SE","12009.00","12343.00"
"25/09/2022 21:00 - 25/09/2022 22:00","CTA|SE","11694.00","11843.00"
"25/09/2022 22:00 - 25/09/2022 23:00","CTA|SE","11288.00","11241.00"
"25/09/2022 23:00 - 26/09/2022 00:00","CTA|SE","11272.00","11086.00"
"26/09/2022 00:00 - 26/09/2022 01:00","CTA|SE","11184.00","11033.00"
"26/09/2022 01:00 - 26/09/2022 02:00","CTA|SE","11153.00","11055.00"
"26/09/2022 02:00 - 26/09/2022 03:00","CTA|SE","11361.00","11238.00"
"26/09/2022 03:00 - 26/09/2022 04:00","CTA|SE","11872.00","11839.00"
"26/09/2022 04:00 - 26/09/2022 05:00","CTA|SE","13323.00","13202.00"
"26/09/2022 05:00 - 26/09/2022 06:00","CTA|SE","14339.00","14327.00"
"26/09/2022 06:00 - 26/09/2022 07:00","CTA|SE","14681.00","14671.00"
"26/09/2022 07:00 - 26/09/2022 08:00","CTA|SE","15002.00","14732.00"
"26/09/2022 08:00 - 26/09/2022 09:00","CTA|SE","14913.00","14749.00"
"26/09/2022 09:00 - 26/09/2022 10:00","CTA|SE","14755.00","14755.00"
"26/09/2022 10:00 - 26/09/2022 11:00","CTA|SE","14745.00","14716.00"
"26/09/2022 11:00 - 26/09/2022 12:00","CTA|SE","14654.00","14608.00"
"26/09/2022 12:00 - 26/09/2022 13:00","CTA|SE","14327.00","14528.00"
"26/09/2022 13:00 - 26/09/2022 14:00","CTA|SE","14749.00","14479.00"
"26/09/2022 14:00 - 26/09/2022 15:00","CTA|SE","14765.00","14376.00"
"26/09/2022 15:00 - 26/09/2022 16:00","CTA|SE","14651.00","14509.00"
"26/09/2022 16:00 - 26/09/2022 17:00","CTA|SE","14650.00","14499.00"
"26/09/2022 17:00 - 26/09/2022 18:00","CTA|SE","14637.00","14512.00"
"26/09/2022 18:00 - 26/09/2022 19:00","CTA|SE","13948.00","14121.00"
"26/09/2022 19:00 - 26/09/2022 20:00","CTA|SE","13265.00","13485.00"
"26/09/2022 20:00 - 26/09/2022 21:00","CTA|SE","12784.00","12713.00"
"26/09/2022 21:00 - 26/09/2022 22:00","CTA|SE","12372.00","12014.00"
"26/09/2022 22:00 - 26/09/2022 23:00","CTA|SE","11942.00","11491.00"
"26/09/2022 23:00 - 27/09/2022 00:00","CTA|SE","11644.00","11256.00"
"27/09/2022 00:00 - 27/09/2022 01:00","CTA|SE","11493.00","11160.00"
"27/09/2022 01:00 - 27/09/2022 02:00","CTA|SE","11538.00","11177.00"
"27/09/2022 02:00 - 27/09/2022 03:00","CTA|SE","11674.00","11306.00"
"27/09/2022 03:00 - 27/09/2022 04:00","CTA|SE","11906.00","11853.00"
"27/09/2022 04:00 - 27/09/2022 05:00","CTA|SE","13386.00","13166.00"
"27/09/2022 05:00 - 27/09/2022 06:00","CTA|SE","14405.00","14220.00"
"27/09/2022 06:00 - 27/09/2022 07:00","CTA|SE","14645.00","14505.00"
"27/09/2022 07:00 - 27/09/2022 08:00","CTA|SE","14818.00","14496.00"
"27/09/2022 08:00 - 27/09/2022 09:00","CTA|SE","14756.00","14518.00"
"27/09/2022 09:00 - 27/09/2022 10:00","CTA|SE","14881.00","14499.00"
"27/09/2022 10:00 - 27/09/2022 11:00","CTA|SE","15046.00","14460.00"
"27/09/2022 11:00 - 27/09/2022 12:00","CTA|SE","14387.00","14382.00"
"27/09/2022 12:00 - 27/09/2022 13:00","CTA|SE","14285.00","14318.00"
"27/09/2022 13:00 - 27/09/2022 14:00","CTA|SE","14600.00","14310.00"
"27/09/2022 14:00 - 27/09/2022 15:00","CTA|SE","14375.00","14260.00"
"27/09/2022 15:00 - 27/09/2022 16:00","CTA|SE","14684.00","14406.00"
"27/09/2022 16:00 - 27/09/2022 17:00","CTA|SE","14798.00","14418.00"
"27/09/2022 17:00 - 27/09/2022 18:00","CTA|SE","14581.00","14438.00"
"27/09/2022 18:00 - 27/09/2022 19:00","CTA|SE","14037.00","14073.00"
"27/09/2022 19:00 - 27/09/2022 20:00","CTA|SE","13454.00","13401.00"
"27/09/2022 20:00 - 27/09/2022 21:00","CTA|SE","12737.00","12633.00"
"27/09/2022 21:00 - 27/09/2022 22:00","CTA|SE","12123.00","11921.00"
"27/09/2022 22:00 - 27/09/2022 23:00","CTA|SE","11713.00","11462.00"
"27/09/2022 23:00 - 28/09/2022 00:00","CTA|SE","11315.00","11217.00"
"28/09/2022 00:00 - 28/09/2022 01:00","CTA|SE","11219.00","11117.00"
"28/09/2022 01:00 - 28/09/2022 02:00","CTA|SE","11045.00","11128.00"
"28/09/2022 02:00 - 28/09/2022 03:00","CTA|SE","10888.00","11256.00"
"28/09/2022 03:00 - 28/09/2022 04:00","CTA|SE","11684.00","11820.00"
"28/09/2022 04:00 - 28/09/2022 05:00","CTA|SE","13326.00","13188.00"
"28/09/2022 05:00 - 28/09/2022 06:00","CTA|SE","14302.00","14286.00"
"28/09/2022 06:00 - 28/09/2022 07:00","CTA|SE","14700.00","14592.00"
"28/09/2022 07:00 - 28/09/2022 08:00","CTA|SE","14494.00","14609.00"
"28/09/2022 08:00 - 28/09/2022 09:00","CTA|SE","14743.00","14662.00"
"28/09/2022 09:00 - 28/09/2022 10:00","CTA|SE","14706.00","14653.00"
"28/09/2022 10:00 - 28/09/2022 11:00","CTA|SE","14687.00","14622.00"
"28/09/2022 11:00 - 28/09/2022 12:00","CTA|SE","14658.00","14553.00"
"28/09/2022 12:00 - 28/09/2022 13:00","CTA|SE","14480.00","14509.00"
"28/09/2022 13:00 - 28/09/2022 14:00","CTA|SE","14440.00","14514.00"
"28/09/2022 14:00 - 28/09/2022 15:00","CTA|SE","14488.00","14453.00"
"28/09/2022 15:00 - 28/09/2022 16:00","CTA|SE","14817.00","14634.00"
"28/09/2022 16:00 - 28/09/2022 17:00","CTA|SE","14662.00","14679.00"
"28/09/2022 17:00 - 28/09/2022 18:00","CTA|SE","14534.00","14711.00"
"28/09/2022 18:00 - 28/09/2022 19:00","CTA|SE","14143.00","14343.00"
"28/09/2022 19:00 - 28/09/2022 20:00","CTA|SE","13477.00","13668.00"
"28/09/2022 20:00 - 28/09/2022 21:00","CTA|SE","12836.00","12892.00"
"28/09/2022 21:00 - 28/09/2022 22:00","CTA|SE","12061.00","12183.00"
"28/09/2022 22:00 - 28/09/2022 23:00","CTA|SE","11832.00","11746.00"
"28/09/2022 23:00 - 29/09/2022 00:00","CTA|SE","11625.00","11515.00"
"29/09/2022 00:00 - 29/09/2022 01:00","CTA|SE","11567.00","11429.00"
"29/09/2022 01:00 - 29/09/2022 02:00","CTA|SE","11485.00","11452.00"
"29/09/2022 02:00 - 29/09/2022 03:00","CTA|SE","11474.00","11594.00"
"29/09/2022 03:00 - 29/09/2022 04:00","CTA|SE","12023.00","12170.00"
"29/09/2022 04:00 - 29/09/2022 05:00","CTA|SE","13692.00","13538.00"
"29/09/2022 05:00 - 29/09/2022 06:00","CTA|SE","14912.00","14634.00"
"29/09/2022 06:00 - 29/09/2022 07:00","CTA|SE","15124.00","14941.00"
"29/09/2022 07:00 - 29/09/2022 08:00","CTA|SE","15059.00","14948.00"
"29/09/2022 08:00 - 29/09/2022 09:00","CTA|SE","15166.00","14958.00"
"29/09/2022 09:00 - 29/09/2022 10:00","CTA|SE","15068.00","14914.00"
"29/09/2022 10:00 - 29/09/2022 11:00","CTA|SE","14940.00","14881.00"
"29/09/2022 11:00 - 29/09/2022 12:00","CTA|SE","14774.00","14806.00"
"29/09/2022 12:00 - 29/09/2022 13:00","CTA|SE","14590.00","14735.00"
"29/09/2022 13:00 - 29/09/2022 14:00","CTA|SE","14480.00","14743.00"
"29/09/2022 14:00 - 29/09/2022 15:00","CTA|SE","14359.00","14681.00"
"29/09/2022 15:00 - 29/09/2022 16:00","CTA|SE","14635.00","14860.00"
"29/09/2022 16:00 - 29/09/2022 17:00","CTA|SE","14574.00","14922.00"
"29/09/2022 17:00 - 29/09/2022 18:00","CTA|SE","14685.00","14947.00"
"29/09/2022 18:00 - 29/09/2022 19:00","CTA|SE","14445.00","14580.00"
"29/09/2022 19:00 - 29/09/2022 20:00","CTA|SE","13943.00","13915.00"
"29/09/2022 20:00 - 29/09/2022 21:00","CTA|SE","13569.00","13158.00"
"29/09/2022 21:00 - 29/09/2022 22:00","CTA|SE","12989.00","12478.00"
"29/09/2022 22:00 - 29/09/2022 23:00","CTA|SE","12374.00","12097.00"
"29/09/2022 23:00 - 30/09/2022 00:00","CTA|SE","12111.00","11858.00"
"30/09/2022 00:00 - 30/09/2022 01:00","CTA|SE","12017.00","11782.00"
"30/09/2022 01:00 - 30/09/2022 02:00","CTA|SE","12057.00","11799.00"
"30/09/2022 02:00 - 30/09/2022 03:00","CTA|SE","12141.00","11953.00"
"30/09/2022 03:00 - 30/09/2022 04:00","CTA|SE","12965.00","12547.00"
"30/09/2022 04:00 - 30/09/2022 05:00","CTA|SE","14461.00","13910.00"
"30/09/2022 05:00 - 30/09/2022 06:00","CTA|SE","15540.00","14995.00"
"30/09/2022 06:00 - 30/09/2022 07:00","CTA|SE","15720.00","15284.00"
"30/09/2022 07:00 - 30/09/2022 08:00","CTA|SE","15468.00","15239.00"
"30/09/2022 08:00 - 30/09/2022 09:00","CTA|SE","15510.00","15123.00"
"30/09/2022 09:00 - 30/09/2022 10:00","CTA|SE","14933.00","14919.00"
"30/09/2022 10:00 - 30/09/2022 11:00","CTA|SE","14613.00","14668.00"
"30/09/2022 11:00 - 30/09/2022 12:00","CTA|SE","14276.00","14355.00"
"30/09/2022 12:00 - 30/09/2022 13:00","CTA|SE","14068.00","14135.00"
"30/09/2022 13:00 - 30/09/2022 14:00","CTA|SE","13805.00","14005.00"
"30/09/2022 14:00 - 30/09/2022 15:00","CTA|SE","13881.00","13962.00"
"30/09/2022 15:00 - 30/09/2022 16:00","CTA|SE","14058.00","14195.00"
"30/09/2022 16:00 - 30/09/2022 17:00","CTA|SE","14233.00","14378.00"
"30/09/2022 17:00 - 30/09/2022 18:00","CTA|SE","14031.00","14296.00"
"30/09/2022 18:00 - 30/09/2022 19:00","CTA|SE","13204.00","13798.00"
"30/09/2022 19:00 - 30/09/2022 20:00","CTA|SE","12472.00","13220.00"
"30/09/2022 20:00 - 30/09/2022 21:00","CTA|SE","11979.00","12655.00"
"30/09/2022 21:00 - 30/09/2022 22:00","CTA|SE","11368.00","12145.00"
"30/09/2022 22:00 - 30/09/2022 23:00","CTA|SE","10908.00","11746.00"
"30/09/2022 23:00 - 01/10/2022 00:00","CTA|SE","10957.00","11504.00"
"01/10/2022 00:00 - 01/10/2022 01:00","CTA|SE","10947.00","11367.00"
"01/10/2022 01:00 - 01/10/2022 02:00","CTA|SE","11037.00","11316.00"
"01/10/2022 02:00 - 01/10/2022 03:00","CTA|SE","10963.00","11345.00"
"01/10/2022 03:00 - 01/10/2022 04:00","CTA|SE","10787.00","11511.00"
"01/10/2022 04:00 - 01/10/2022 05:00","CTA|SE","10989.00","11812.00"
"01/10/2022 05:00 - 01/10/2022 06:00","CTA|SE","11176.00","12146.00"
"01/10/2022 06:00 - 01/10/2022 07:00","CTA|SE","11840.00","12629.00"
"01/10/2022 07:00 - 01/10/2022 08:00","CTA|SE","12661.00","13037.00"
"01/10/2022 08:00 - 01/10/2022 09:00","CTA|SE","13109.00","13169.00"
"01/10/2022 09:00 - 01/10/2022 10:00","CTA|SE","13098.00","13119.00"
"01/10/2022 10:00 - 01/10/2022 11:00","CTA|SE","13466.00","13037.00"
"01/10/2022 11:00 - 01/10/2022 12:00","CTA|SE","13093.00","12932.00"
"01/10/2022 12:00 - 01/10/2022 13:00","CTA|SE","12673.00","12834.00"
"01/10/2022 13:00 - 01/10/2022 14:00","CTA|SE","12799.00","12822.00"
"01/10/2022 14:00 - 01/10/2022 15:00","CTA|SE","13186.00","12955.00"
"01/10/2022 15:00 - 01/10/2022 16:00","CTA|SE","13129.00","13253.00"
"01/10/2022 16:00 - 01/10/2022 17:00","CTA|SE","13318.00","13459.00"
"01/10/2022 17:00 - 01/10/2022 18:00","CTA|SE","12923.00","13455.00"
"01/10/2022 18:00 - 01/10/2022 19:00","CTA|SE","12073.00","13069.00"
"01/10/2022 19:00 - 01/10/2022 20:00","CTA|SE","12249.00","12609.00"
"01/10/2022 20:00 - 01/10/2022 21:00","CTA|SE","11926.00","12133.00"
"01/10/2022 21:00 - 01/10/2022 22:00","CTA|SE","11586.00","11680.00"
"01/10/2022 22:00 - 01/10/2022 23:00","CTA|SE","11046.00","11285.00"
"01/10/2022 23:00 - 02/10/2022 00:00","CTA|SE","10851.00","11092.00"
"02/10/2022 00:00 - 02/10/2022 01:00","CTA|SE","10944.00","10981.00"
"02/10/2022 01:00 - 02/10/2022 02:00","CTA|SE","10944.00","10934.00"
"02/10/2022 02:00 - 02/10/2022 03:00","CTA|SE","10803.00","10938.00"
"02/10/2022 03:00 - 02/10/2022 04:00","CTA|SE","10952.00","11076.00"
"02/10/2022 04:00 - 02/10/2022 05:00","CTA|SE","11164.00","11297.00"
"02/10/2022 05:00 - 02/10/2022 06:00","CTA|SE","11359.00","11567.00"
"02/10/2022 06:00 - 02/10/2022 07:00","CTA|SE","11863.00","12053.00"
"02/10/2022 07:00 - 02/10/2022 08:00","CTA|SE","12291.00","12553.00"
"02/10/2022 08:00 - 02/10/2022 09:00","CTA|SE","12619.00","12861.00"
"02/10/2022 09:00 - 02/10/2022 10:00","CTA|SE","12249.00","12993.00"
"02/10/2022 10:00 - 02/10/2022 11:00","CTA|SE","12329.00","13019.00"
"02/10/2022 11:00 - 02/10/2022 12:00","CTA|SE","12384.00","12973.00"
"02/10/2022 12:00 - 02/10/2022 13:00","CTA|SE","12338.00","12885.00"
"02/10/2022 13:00 - 02/10/2022 14:00","CTA|SE","12391.00","12856.00"
"02/10/2022 14:00 - 02/10/2022 15:00","CTA|SE","13023.00","13006.00"
"02/10/2022 15:00 - 02/10/2022 16:00","CTA|SE","13519.00","13358.00"
"02/10/2022 16:00 - 02/10/2022 17:00","CTA|SE","13871.00","13688.00"
"02/10/2022 17:00 - 02/10/2022 18:00","CTA|SE","14100.00","13834.00"
"02/10/2022 18:00 - 02/10/2022 19:00","CTA|SE","13691.00","13503.00"
"02/10/2022 19:00 - 02/10/2022 20:00","CTA|SE","13031.00","12955.00"
"02/10/2022 20:00 - 02/10/2022 21:00","CTA|SE","12424.00","12350.00"
"02/10/2022 21:00 - 02/10/2022 22:00","CTA|SE","12079.00","11814.00"
"02/10/2022 22:00 - 02/10/2022 23:00","CTA|SE","11610.00","11294.00"
"02/10/2022 23:00 - 03/10/2022 00:00","CTA|SE","11404.00","11152.00"
"03/10/2022 00:00 - 03/10/2022 01:00","CTA|SE","11250.00","11093.00"
"03/10/2022 01:00 - 03/10/2022 02:00","CTA|SE","11468.00","11103.00"
"03/10/2022 02:00 - 03/10/2022 03:00","CTA|SE","11780.00","11294.00"
"03/10/2022 03:00 - 03/10/2022 04:00","CTA|SE","12393.00","11921.00"
"03/10/2022 04:00 - 03/10/2022 05:00","CTA|SE","13874.00","13349.00"
"03/10/2022 05:00 - 03/10/2022 06:00","CTA|SE","14809.00","14488.00"
"03/10/2022 06:00 - 03/10/2022 07:00","CTA|SE","15026.00","14831.00"
"03/10/2022 07:00 - 03/10/2022 08:00","CTA|SE","14911.00","14832.00"
"03/10/2022 08:00 - 03/10/2022 09:00","CTA|SE","14886.00","14799.00"
"03/10/2022 09:00 - 03/10/2022 10:00","CTA|SE","14674.00","14671.00"
"03/10/2022 10:00 - 03/10/2022 11:00","CTA|SE","14427.00","14493.00"
"03/10/2022 11:00 - 03/10/2022 12:00","CTA|SE","14386.00","14292.00"
"03/10/2022 12:00 - 03/10/2022 13:00","CTA|SE","14347.00","14135.00"
"03/10/2022 13:00 - 03/10/2022 14:00","CTA|SE","13967.00","14136.00"
"03/10/2022 14:00 - 03/10/2022 15:00","CTA|SE","13746.00","14065.00"
"03/10/2022 15:00 - 03/10/2022 16:00","CTA|SE","14271.00","14344.00"
"03/10/2022 16:00 - 03/10/2022 17:00","CTA|SE","14498.00","14563.00"
"03/10/2022 17:00 - 03/10/2022 18:00","CTA|SE","14448.00","14665.00"
"03/10/2022 18:00 - 03/10/2022 19:00","CTA|SE","14075.00","14294.00"
"03/10/2022 19:00 - 03/10/2022 20:00","CTA|SE","13318.00","13681.00"
"03/10/2022 20:00 - 03/10/2022 21:00","CTA|SE","12669.00","12949.00"
"03/10/2022 21:00 - 03/10/2022 22:00","CTA|SE","12136.00","12296.00"
"03/10/2022 22:00 - 03/10/2022 23:00","CTA|SE","11897.00","11796.00"
"03/10/2022 23:00 - 04/10/2022 00:00","CTA|SE","11674.00","11597.00"
"04/10/2022 00:00 - 04/10/2022 01:00","CTA|SE","11334.00","11542.00"
"04/10/2022 01:00 - 04/10/2022 02:00","CTA|SE","11281.00","11601.00"
"04/10/2022 02:00 - 04/10/2022 03:00","CTA|SE","11523.00","11754.00"
"04/10/2022 03:00 - 04/10/2022 04:00","CTA|SE","12404.00","12384.00"
"04/10/2022 04:00 - 04/10/2022 05:00","CTA|SE","13978.00","13832.00"
"04/10/2022 05:00 - 04/10/2022 06:00","CTA|SE","15106.00","14957.00"
"04/10/2022 06:00 - 04/10/2022 07:00","CTA|SE","15191.00","15164.00"
"04/10/2022 07:00 - 04/10/2022 08:00","CTA|SE","15023.00","15001.00"
"04/10/2022 08:00 - 04/10/2022 09:00","CTA|SE","14807.00","14844.00"
"04/10/2022 09:00 - 04/10/2022 10:00","CTA|SE","14761.00","14587.00"
"04/10/2022 10:00 - 04/10/2022 11:00","CTA|SE","14050.00","14388.00"
"04/10/2022 11:00 - 04/10/2022 12:00","CTA|SE","13740.00","14155.00"
"04/10/2022 12:00 - 04/10/2022 13:00","CTA|SE","13865.00","14084.00"
"04/10/2022 13:00 - 04/10/2022 14:00","CTA|SE","13793.00","14091.00"
"04/10/2022 14:00 - 04/10/2022 15:00","CTA|SE","13883.00","14128.00"
"04/10/2022 15:00 - 04/10/2022 16:00","CTA|SE","14215.00","14453.00"
"04/10/2022 16:00 - 04/10/2022 17:00","CTA|SE","14295.00","14609.00"
"04/10/2022 17:00 - 04/10/2022 18:00","CTA|SE","14040.00","14599.00"
"04/10/2022 18:00 - 04/10/2022 19:00","CTA|SE","13365.00","14145.00"
"04/10/2022 19:00 - 04/10/2022 20:00","CTA|SE","12590.00","13444.00"
"04/10/2022 20:00 - 04/10/2022 21:00","CTA|SE","11912.00","12627.00"
"04/10/2022 21:00 - 04/10/2022 22:00","CTA|SE","11701.00","11878.00"
"04/10/2022 22:00 - 04/10/2022 23:00","CTA|SE","10919.00","11349.00"
"04/10/2022 23:00 - 05/10/2022 00:00","CTA|SE","10986.00","11093.00"
"05/10/2022 00:00 - 05/10/2022 01:00","CTA|SE","10879.00","10989.00"
"05/10/2022 01:00 - 05/10/2022 02:00","CTA|SE","10711.00","10996.00"
"05/10/2022 02:00 - 05/10/2022 03:00","CTA|SE","10367.00","11113.00"
"05/10/2022 03:00 - 05/10/2022 04:00","CTA|SE","11031.00","11685.00"
"05/10/2022 04:00 - 05/10/2022 05:00","CTA|SE","13168.00","13083.00"
"05/10/2022 05:00 - 05/10/2022 06:00","CTA|SE","14218.00","14186.00"
"05/10/2022 06:00 - 05/10/2022 07:00","CTA|SE","14435.00","14465.00"
"05/10/2022 07:00 - 05/10/2022 08:00","CTA|SE","14411.00","14463.00"
"05/10/2022 08:00 - 05/10/2022 09:00","CTA|SE","14662.00","14499.00"
"05/10/2022 09:00 - 05/10/2022 10:00","CTA|SE","15230.00","14459.00"
"05/10/2022 10:00 - 05/10/2022 11:00","CTA|SE","14787.00","14402.00"
"05/10/2022 11:00 - 05/10/2022 12:00","CTA|SE","14455.00","14309.00"
"05/10/2022 12:00 - 05/10/2022 13:00","CTA|SE","14434.00","14222.00"
"05/10/2022 13:00 - 05/10/2022 14:00","CTA|SE","14442.00","14165.00"
"05/10/2022 14:00 - 05/10/2022 15:00","CTA|SE","14436.00","14085.00"
"05/10/2022 15:00 - 05/10/2022 16:00","CTA|SE","14359.00","14266.00"
"05/10/2022 16:00 - 05/10/2022 17:00","CTA|SE","14474.00","14304.00"
"05/10/2022 17:00 - 05/10/2022 18:00","CTA|SE","14079.00","14214.00"
"05/10/2022 18:00 - 05/10/2022 19:00","CTA|SE","13493.00","13717.00"
"05/10/2022 19:00 - 05/10/2022 20:00","CTA|SE","12764.00","13002.00"
"05/10/2022 20:00 - 05/10/2022 21:00","CTA|SE","12158.00","12179.00"
"05/10/2022 21:00 - 05/10/2022 22:00","CTA|SE","11725.00","11438.00"
"05/10/2022 22:00 - 05/10/2022 23:00","CTA|SE","11264.00","10915.00"
"05/10/2022 23:00 - 06/10/2022 00:00","CTA|SE","11933.00","10670.00"
"06/10/2022 00:00 - 06/10/2022 01:00","CTA|SE","12187.00","10592.00"
"06/10/2022 01:00 - 06/10/2022 02:00","CTA|SE","11670.00","10626.00"
"06/10/2022 02:00 - 06/10/2022 03:00","CTA|SE","11514.00","10785.00"
"06/10/2022 03:00 - 06/10/2022 04:00","CTA|SE","11521.00","11410.00"
"06/10/2022 04:00 - 06/10/2022 05:00","CTA|SE","13126.00","12844.00"
"06/10/2022 05:00 - 06/10/2022 06:00","CTA|SE","14236.00","13968.00"
"06/10/2022 06:00 - 06/10/2022 07:00","CTA|SE","13777.00","14246.00"
"06/10/2022 07:00 - 06/10/2022 08:00","CTA|SE","13674.00","14191.00"
"06/10/2022 08:00 - 06/10/2022 09:00","CTA|SE","13744.00","14173.00"
"06/10/2022 09:00 - 06/10/2022 10:00","CTA|SE","13634.00","14037.00"
"06/10/2022 10:00 - 06/10/2022 11:00","CTA|SE","13723.00","13920.00"
"06/10/2022 11:00 - 06/10/2022 12:00","CTA|SE","13613.00","13802.00"
"06/10/2022 12:00 - 06/10/2022 13:00","CTA|SE","13458.00","13729.00"
"06/10/2022 13:00 - 06/10/2022 14:00","CTA|SE","13611.00","13723.00"
"06/10/2022 14:00 - 06/10/2022 15:00","CTA|SE","14245.00","13718.00"
"06/10/2022 15:00 - 06/10/2022 16:00","CTA|SE","14626.00","14017.00"
"06/10/2022 16:00 - 06/10/2022 17:00","CTA|SE","14749.00","14161.00"
"06/10/2022 17:00 - 06/10/2022 18:00","CTA|SE","14249.00","14164.00"
"06/10/2022 18:00 - 06/10/2022 19:00","CTA|SE","13653.00","13734.00"
"06/10/2022 19:00 - 06/10/2022 20:00","CTA|SE","13215.00","13074.00"
"06/10/2022 20:00 - 06/10/2022 21:00","CTA|SE","12530.00","12308.00"
"06/10/2022 21:00 - 06/10/2022 22:00","CTA|SE","11813.00","11596.00"
"06/10/2022 22:00 - 06/10/2022 23:00","CTA|SE","11176.00","11298.00"
"06/10/2022 23:00 - 07/10/2022 00:00","CTA|SE","10717.00","11024.00"
"07/10/2022 00:00 - 07/10/2022 01:00","CTA|SE","10553.00","10925.00"
"07/10/2022 01:00 - 07/10/2022 02:00","CTA|SE","10362.00","10926.00"
"07/10/2022 02:00 - 07/10/2022 03:00","CTA|SE","10352.00","11081.00"
"07/10/2022 03:00 - 07/10/2022 04:00","CTA|SE","10869.00","11709.00"
"07/10/2022 04:00 - 07/10/2022 05:00","CTA|SE","12577.00","13155.00"
"07/10/2022 05:00 - 07/10/2022 06:00","CTA|SE","13459.00","14290.00"
"07/10/2022 06:00 - 07/10/2022 07:00","CTA|SE","13738.00","14578.00"
"07/10/2022 07:00 - 07/10/2022 08:00","CTA|SE","13565.00","14568.00"
"07/10/2022 08:00 - 07/10/2022 09:00","CTA|SE","13837.00","14528.00"
"07/10/2022 09:00 - 07/10/2022 10:00","CTA|SE","13228.00","14378.00"
"07/10/2022 10:00 - 07/10/2022 11:00","CTA|SE","12731.00","14184.00"
"07/10/2022 11:00 - 07/10/2022 12:00","CTA|SE","12617.00","13913.00"
"07/10/2022 12:00 - 07/10/2022 13:00","CTA|SE","12654.00","13678.00"
"07/10/2022 13:00 - 07/10/2022 14:00","CTA|SE","12968.00","13549.00"
"07/10/2022 14:00 - 07/10/2022 15:00","CTA|SE","13005.00","13529.00"
"07/10/2022 15:00 - 07/10/2022 16:00","CTA|SE","12877.00","13767.00"
"07/10/2022 16:00 - 07/10/2022 17:00","CTA|SE","12843.00","13893.00"
"07/10/2022 17:00 - 07/10/2022 18:00","CTA|SE","12978.00","13715.00"
"07/10/2022 18:00 - 07/10/2022 19:00","CTA|SE","12744.00","13126.00"
"07/10/2022 19:00 - 07/10/2022 20:00","CTA|SE","12241.00","12525.00"
"07/10/2022 20:00 - 07/10/2022 21:00","CTA|SE","11590.00","11951.00"
"07/10/2022 21:00 - 07/10/2022 22:00","CTA|SE","10650.00","11412.00"
"07/10/2022 22:00 - 07/10/2022 23:00","CTA|SE","10495.00","11204.00"
"07/10/2022 23:00 - 08/10/2022 00:00","CTA|SE","9950.00","10945.00"
"08/10/2022 00:00 - 08/10/2022 01:00","CTA|SE","9655.00","10837.00"
"08/10/2022 01:00 - 08/10/2022 02:00","CTA|SE","9710.00","10812.00"
"08/10/2022 02:00 - 08/10/2022 03:00","CTA|SE","9718.00","10864.00"
"08/10/2022 03:00 - 08/10/2022 04:00","CTA|SE","10184.00","11041.00"
"08/10/2022 04:00 - 08/10/2022 05:00","CTA|SE","10685.00","11423.00"
"08/10/2022 05:00 - 08/10/2022 06:00","CTA|SE","10732.00","11822.00"
"08/10/2022 06:00 - 08/10/2022 07:00","CTA|SE","10935.00","12375.00"
"08/10/2022 07:00 - 08/10/2022 08:00","CTA|SE","11426.00","12867.00"
"08/10/2022 08:00 - 08/10/2022 09:00","CTA|SE","11666.00","13069.00"
"08/10/2022 09:00 - 08/10/2022 10:00","CTA|SE","11199.00","12991.00"
"08/10/2022 10:00 - 08/10/2022 11:00","CTA|SE","10642.00","12874.00"
"08/10/2022 11:00 - 08/10/2022 12:00","CTA|SE","10636.00","12746.00"
"08/10/2022 12:00 - 08/10/2022 13:00","CTA|SE","11046.00","12616.00"
"08/10/2022 13:00 - 08/10/2022 14:00","CTA|SE","11219.00","12640.00"
"08/10/2022 14:00 - 08/10/2022 15:00","CTA|SE","11282.00","12868.00"
"08/10/2022 15:00 - 08/10/2022 16:00","CTA|SE","12016.00","13274.00"
"08/10/2022 16:00 - 08/10/2022 17:00","CTA|SE","12363.00","13605.00"
"08/10/2022 17:00 - 08/10/2022 18:00","CTA|SE","11999.00","13565.00"
"08/10/2022 18:00 - 08/10/2022 19:00","CTA|SE","11784.00","13174.00"
"08/10/2022 19:00 - 08/10/2022 20:00","CTA|SE","11265.00","12768.00"
"08/10/2022 20:00 - 08/10/2022 21:00","CTA|SE","10988.00","12330.00"
"08/10/2022 21:00 - 08/10/2022 22:00","CTA|SE","10823.00","11909.00"
"08/10/2022 22:00 - 08/10/2022 23:00","CTA|SE","10965.00","11753.00"
"08/10/2022 23:00 - 09/10/2022 00:00","CTA|SE","10716.00","11576.00"
"09/10/2022 00:00 - 09/10/2022 01:00","CTA|SE","10542.00","11518.00"
"09/10/2022 01:00 - 09/10/2022 02:00","CTA|SE","10557.00","11523.00"
"09/10/2022 02:00 - 09/10/2022 03:00","CTA|SE","10721.00","11583.00"
"09/10/2022 03:00 - 09/10/2022 04:00","CTA|SE","10845.00","11776.00"
"09/10/2022 04:00 - 09/10/2022 05:00","CTA|SE","11324.00","12110.00"
"09/10/2022 05:00 - 09/10/2022 06:00","CTA|SE","11484.00","12439.00"
"09/10/2022 06:00 - 09/10/2022 07:00","CTA|SE","12004.00","12901.00"
"09/10/2022 07:00 - 09/10/2022 08:00","CTA|SE","12408.00","13252.00"
"09/10/2022 08:00 - 09/10/2022 09:00","CTA|SE","12457.00","13394.00"
"09/10/2022 09:00 - 09/10/2022 10:00","CTA|SE","11919.00","13339.00"
"09/10/2022 10:00 - 09/10/2022 11:00","CTA|SE","11589.00","13285.00"
"09/10/2022 11:00 - 09/10/2022 12:00","CTA|SE","11610.00","13137.00"
"09/10/2022 12:00 - 09/10/2022 13:00","CTA|SE","11465.00","13047.00"
"09/10/2022 13:00 - 09/10/2022 14:00","CTA|SE","11290.00","13102.00"
"09/10/2022 14:00 - 09/10/2022 15:00","CTA|SE","11991.00","13382.00"
"09/10/2022 15:00 - 09/10/2022 16:00","CTA|SE","12895.00","13869.00"
"09/10/2022 16:00 - 09/10/2022 17:00","CTA|SE","13539.00","14311.00"
"09/10/2022 17:00 - 09/10/2022 18:00","CTA|SE","13152.00","14402.00"
"09/10/2022 18:00 - 09/10/2022 19:00","CTA|SE","12408.00","14023.00"
"09/10/2022 19:00 - 09/10/2022 20:00","CTA|SE","11909.00","13467.00"
"09/10/2022 20:00 - 09/10/2022 21:00","CTA|SE","11584.00","12858.00"
"09/10/2022 21:00 - 09/10/2022 22:00","CTA|SE","11088.00","12311.00"
"09/10/2022 22:00 - 09/10/2022 23:00","CTA|SE","10854.00","11886.00"
"09/10/2022 23:00 - 10/10/2022 00:00","CTA|SE","10816.00","11720.00"
"10/10/2022 00:00 - 10/10/2022 01:00","CTA|SE","10864.00","11697.00"
"10/10/2022 01:00 - 10/10/2022 02:00","CTA|SE","10923.00","11730.00"
"10/10/2022 02:00 - 10/10/2022 03:00","CTA|SE","10893.00","11948.00"
"10/10/2022 03:00 - 10/10/2022 04:00","CTA|SE","11167.00","12619.00"
"10/10/2022 04:00 - 10/10/2022 05:00","CTA|SE","12628.00","14124.00"
"10/10/2022 05:00 - 10/10/2022 06:00","CTA|SE","13653.00","15318.00"
"10/10/2022 06:00 - 10/10/2022 07:00","CTA|SE","13654.00","15587.00"
"10/10/2022 07:00 - 10/10/2022 08:00","CTA|SE","13643.00","15470.00"
"10/10/2022 08:00 - 10/10/2022 09:00","CTA|SE","13831.00","15352.00"
"10/10/2022 09:00 - 10/10/2022 10:00","CTA|SE","13282.00","15128.00"
"10/10/2022 10:00 - 10/10/2022 11:00","CTA|SE","12623.00","14953.00"
"10/10/2022 11:00 - 10/10/2022 12:00","CTA|SE","12556.00","14720.00"
"10/10/2022 12:00 - 10/10/2022 13:00","CTA|SE","12640.00","14569.00"
"10/10/2022 13:00 - 10/10/2022 14:00","CTA|SE","12826.00","14545.00"
"10/10/2022 14:00 - 10/10/2022 15:00","CTA|SE","13477.00","14552.00"
"10/10/2022 15:00 - 10/10/2022 16:00","CTA|SE","13984.00","14927.00"
"10/10/2022 16:00 - 10/10/2022 17:00","CTA|SE","13979.00","15191.00"
"10/10/2022 17:00 - 10/10/2022 18:00","CTA|SE","13807.00","15171.00"
"10/10/2022 18:00 - 10/10/2022 19:00","CTA|SE","13502.00","14687.00"
"10/10/2022 19:00 - 10/10/2022 20:00","CTA|SE","12973.00","14053.00"
"10/10/2022 20:00 - 10/10/2022 21:00","CTA|SE","12530.00","13261.00"
"10/10/2022 21:00 - 10/10/2022 22:00","CTA|SE","11491.00","12543.00"
"10/10/2022 22:00 - 10/10/2022 23:00","CTA|SE","11057.00","11864.00"
"10/10/2022 23:00 - 11/10/2022 00:00","CTA|SE","10983.00","11624.00"
"11/10/2022 00:00 - 11/10/2022 01:00","CTA|SE","10853.00","11543.00"
"11/10/2022 01:00 - 11/10/2022 02:00","CTA|SE","10770.00","11576.00"
"11/10/2022 02:00 - 11/10/2022 03:00","CTA|SE","10970.00","11770.00"
"11/10/2022 03:00 - 11/10/2022 04:00","CTA|SE","11218.00","12423.00"
"11/10/2022 04:00 - 11/10/2022 05:00","CTA|SE","12692.00","13893.00"
"11/10/2022 05:00 - 11/10/2022 06:00","CTA|SE","13619.00","15050.00"
"11/10/2022 06:00 - 11/10/2022 07:00","CTA|SE","13963.00","15296.00"
"11/10/2022 07:00 - 11/10/2022 08:00","CTA|SE","13802.00","15218.00"
"11/10/2022 08:00 - 11/10/2022 09:00","CTA|SE","13547.00","15117.00"
"11/10/2022 09:00 - 11/10/2022 10:00","CTA|SE","13243.00","14937.00"
"11/10/2022 10:00 - 11/10/2022 11:00","CTA|SE","12954.00","14764.00"
"11/10/2022 11:00 - 11/10/2022 12:00","CTA|SE","13032.00","14598.00"
"11/10/2022 12:00 - 11/10/2022 13:00","CTA|SE","12708.00","14508.00"
"11/10/2022 13:00 - 11/10/2022 14:00","CTA|SE","13113.00","14544.00"
"11/10/2022 14:00 - 11/10/2022 15:00","CTA|SE","13386.00","14613.00"
"11/10/2022 15:00 - 11/10/2022 16:00","CTA|SE","14163.00","14998.00"
"11/10/2022 16:00 - 11/10/2022 17:00","CTA|SE","14554.00","15267.00"
"11/10/2022 17:00 - 11/10/2022 18:00","CTA|SE","14382.00","15286.00"
"11/10/2022 18:00 - 11/10/2022 19:00","CTA|SE","13658.00","14847.00"
"11/10/2022 19:00 - 11/10/2022 20:00","CTA|SE","13169.00","14209.00"
"11/10/2022 20:00 - 11/10/2022 21:00","CTA|SE","12734.00","13468.00"
"11/10/2022 21:00 - 11/10/2022 22:00","CTA|SE","12370.00","12799.00"
"11/10/2022 22:00 - 11/10/2022 23:00","CTA|SE","12127.00","12179.00"
"11/10/2022 23:00 - 12/10/2022 00:00","CTA|SE","11828.00","11991.00"
"12/10/2022 00:00 - 12/10/2022 01:00","CTA|SE","11349.00","11941.00"
"12/10/2022 01:00 - 12/10/2022 02:00","CTA|SE","11668.00","11974.00"
"12/10/2022 02:00 - 12/10/2022 03:00","CTA|SE","12069.00","12127.00"
"12/10/2022 03:00 - 12/10/2022 04:00","CTA|SE","12646.00","12705.00"
"12/10/2022 04:00 - 12/10/2022 05:00","CTA|SE","13855.00","14033.00"
"12/10/2022 05:00 - 12/10/2022 06:00","CTA|SE","14893.00","15076.00"
"12/10/2022 06:00 - 12/10/2022 07:00","CTA|SE","14596.00","15257.00"
"12/10/2022 07:00 - 12/10/2022 08:00","CTA|SE","14329.00","15137.00"
"12/10/2022 08:00 - 12/10/2022 09:00","CTA|SE","14531.00","14969.00"
"12/10/2022 09:00 - 12/10/2022 10:00","CTA|SE","14113.00","14730.00"
"12/10/2022 10:00 - 12/10/2022 11:00","CTA|SE","13874.00","14536.00"
"12/10/2022 11:00 - 12/10/2022 12:00","CTA|SE","13030.00","14355.00"
"12/10/2022 12:00 - 12/10/2022 13:00","CTA|SE","12862.00","14260.00"
"12/10/2022 13:00 - 12/10/2022 14:00","CTA|SE","12892.00","14277.00"
"12/10/2022 14:00 - 12/10/2022 15:00","CTA|SE","13022.00","14367.00"
"12/10/2022 15:00 - 12/10/2022 16:00","CTA|SE","13005.00","14720.00"
"12/10/2022 16:00 - 12/10/2022 17:00","CTA|SE","13435.00","14927.00"
"12/10/2022 17:00 - 12/10/2022 18:00","CTA|SE","13482.00","14873.00"
"12/10/2022 18:00 - 12/10/2022 19:00","CTA|SE","13001.00","14423.00"
"12/10/2022 19:00 - 12/10/2022 20:00","CTA|SE","12346.00","13808.00"
"12/10/2022 20:00 - 12/10/2022 21:00","CTA|SE","11913.00","13097.00"
"12/10/2022 21:00 - 12/10/2022 22:00","CTA|SE","11540.00","12444.00"
"12/10/2022 22:00 - 12/10/2022 23:00","CTA|SE","11345.00","12027.00"
"12/10/2022 23:00 - 13/10/2022 00:00","CTA|SE","11173.00","11794.00"
"13/10/2022 00:00 - 13/10/2022 01:00","CTA|SE","11119.00","11695.00"
"13/10/2022 01:00 - 13/10/2022 02:00","CTA|SE","11049.00","11686.00"
"13/10/2022 02:00 - 13/10/2022 03:00","CTA|SE","11371.00","11796.00"
"13/10/2022 03:00 - 13/10/2022 04:00","CTA|SE","11330.00","12348.00"
"13/10/2022 04:00 - 13/10/2022 05:00","CTA|SE","12617.00","13678.00"
"13/10/2022 05:00 - 13/10/2022 06:00","CTA|SE","13480.00","14712.00"
"13/10/2022 06:00 - 13/10/2022 07:00","CTA|SE","13789.00","14919.00"
"13/10/2022 07:00 - 13/10/2022 08:00","CTA|SE","13903.00","14852.00"
"13/10/2022 08:00 - 13/10/2022 09:00","CTA|SE","13950.00","14807.00"
"13/10/2022 09:00 - 13/10/2022 10:00","CTA|SE","14076.00","14706.00"
"13/10/2022 10:00 - 13/10/2022 11:00","CTA|SE","13603.00","14584.00"
"13/10/2022 11:00 - 13/10/2022 12:00","CTA|SE","13235.00","14456.00"
"13/10/2022 12:00 - 13/10/2022 13:00","CTA|SE","13156.00","14341.00"
"13/10/2022 13:00 - 13/10/2022 14:00","CTA|SE","13178.00","14348.00"
"13/10/2022 14:00 - 13/10/2022 15:00","CTA|SE","13105.00","14366.00"
"13/10/2022 15:00 - 13/10/2022 16:00","CTA|SE","13392.00","14652.00"
"13/10/2022 16:00 - 13/10/2022 17:00","CTA|SE","13432.00","14823.00"
"13/10/2022 17:00 - 13/10/2022 18:00","CTA|SE","13168.00","14730.00"
"13/10/2022 18:00 - 13/10/2022 19:00","CTA|SE","12804.00","14264.00"
"13/10/2022 19:00 - 13/10/2022 20:00","CTA|SE","12385.00","13647.00"
"13/10/2022 20:00 - 13/10/2022 21:00","CTA|SE","11872.00","12933.00"
"13/10/2022 21:00 - 13/10/2022 22:00","CTA|SE","11483.00","12278.00"
"13/10/2022 22:00 - 13/10/2022 23:00","CTA|SE","11146.00","11730.00"
"13/10/2022 23:00 - 14/10/2022 00:00","CTA|SE","10875.00","11482.00"
"14/10/2022 00:00 - 14/10/2022 01:00","CTA|SE","10435.00","11384.00"
"14/10/2022 01:00 - 14/10/2022 02:00","CTA|SE","10312.00","11376.00"
"14/10/2022 02:00 - 14/10/2022 03:00","CTA|SE","10390.00","11509.00"
"14/10/2022 03:00 - 14/10/2022 04:00","CTA|SE","11005.00","12075.00"
"14/10/2022 04:00 - 14/10/2022 05:00","CTA|SE","12135.00","13418.00"
"14/10/2022 05:00 - 14/10/2022 06:00","CTA|SE","13091.00","14499.00"
"14/10/2022 06:00 - 14/10/2022 07:00","CTA|SE","13138.00","14769.00"
"14/10/2022 07:00 - 14/10/2022 08:00","CTA|SE","12871.00","14772.00"
"14/10/2022 08:00 - 14/10/2022 09:00","CTA|SE","12844.00","14698.00"
"14/10/2022 09:00 - 14/10/2022 10:00","CTA|SE","12924.00","14523.00"
"14/10/2022 10:00 - 14/10/2022 11:00","CTA|SE","12670.00","14358.00"
"14/10/2022 11:00 - 14/10/2022 12:00","CTA|SE","12431.00","14125.00"
"14/10/2022 12:00 - 14/10/2022 13:00","CTA|SE","12333.00","13944.00"
"14/10/2022 13:00 - 14/10/2022 14:00","CTA|SE","12302.00","13835.00"
"14/10/2022 14:00 - 14/10/2022 15:00","CTA|SE","12299.00","13804.00"
"14/10/2022 15:00 - 14/10/2022 16:00","CTA|SE","12603.00","14069.00"
"14/10/2022 16:00 - 14/10/2022 17:00","CTA|SE","12751.00","14227.00"
"14/10/2022 17:00 - 14/10/2022 18:00","CTA|SE","12303.00","14000.00"
"14/10/2022 18:00 - 14/10/2022 19:00","CTA|SE","11670.00","13430.00"
"14/10/2022 19:00 - 14/10/2022 20:00","CTA|SE","11201.00","12890.00"
"14/10/2022 20:00 - 14/10/2022 21:00","CTA|SE","11255.00","12371.00"
"14/10/2022 21:00 - 14/10/2022 22:00","CTA|SE","11043.00","11891.00"
"14/10/2022 22:00 - 14/10/2022 23:00","CTA|SE","10752.00","11523.00"
"14/10/2022 23:00 - 15/10/2022 00:00","CTA|SE","10353.00","11288.00"
"15/10/2022 00:00 - 15/10/2022 01:00","CTA|SE","10286.00","11153.00"
"15/10/2022 01:00 - 15/10/2022 02:00","CTA|SE","10073.00","11089.00"
"15/10/2022 02:00 - 15/10/2022 03:00","CTA|SE","10212.00","11089.00"
"15/10/2022 03:00 - 15/10/2022 04:00","CTA|SE","10138.00","11226.00"
"15/10/2022 04:00 - 15/10/2022 05:00","CTA|SE","10328.00","11556.00"
"15/10/2022 05:00 - 15/10/2022 06:00","CTA|SE","10623.00","11888.00"
"15/10/2022 06:00 - 15/10/2022 07:00","CTA|SE","11142.00","12330.00"
"15/10/2022 07:00 - 15/10/2022 08:00","CTA|SE","11666.00","12766.00"
"15/10/2022 08:00 - 15/10/2022 09:00","CTA|SE","12252.00","12994.00"
"15/10/2022 09:00 - 15/10/2022 10:00","CTA|SE","12642.00","13009.00"
"15/10/2022 10:00 - 15/10/2022 11:00","CTA|SE","12766.00","12969.00"
"15/10/2022 11:00 - 15/10/2022 12:00","CTA|SE","12454.00","12883.00"
"15/10/2022 12:00 - 15/10/2022 13:00","CTA|SE","12272.00","12736.00"
"15/10/2022 13:00 - 15/10/2022 14:00","CTA|SE","12287.00","12704.00"
"15/10/2022 14:00 - 15/10/2022 15:00","CTA|SE","12130.00","12831.00"
"15/10/2022 15:00 - 15/10/2022 16:00","CTA|SE","12575.00","13147.00"
"15/10/2022 16:00 - 15/10/2022 17:00","CTA|SE","12592.00","13405.00"
"15/10/2022 17:00 - 15/10/2022 18:00","CTA|SE","12172.00","13202.00"
"15/10/2022 18:00 - 15/10/2022 19:00","CTA|SE","11756.00","12769.00"
"15/10/2022 19:00 - 15/10/2022 20:00","CTA|SE","11706.00","12322.00"
"15/10/2022 20:00 - 15/10/2022 21:00","CTA|SE","11306.00","11865.00"
"15/10/2022 21:00 - 15/10/2022 22:00","CTA|SE","11037.00","11440.00"
"15/10/2022 22:00 - 15/10/2022 23:00","CTA|SE","10591.00","11134.00"
"15/10/2022 23:00 - 16/10/2022 00:00","CTA|SE","10283.00","10922.00"
"16/10/2022 00:00 - 16/10/2022 01:00","CTA|SE","10251.00","10813.00"
"16/10/2022 01:00 - 16/10/2022 02:00","CTA|SE","9811.00","10767.00"
"16/10/2022 02:00 - 16/10/2022 03:00","CTA|SE","9568.00","10799.00"
"16/10/2022 03:00 - 16/10/2022 04:00","CTA|SE","10051.00","10958.00"
"16/10/2022 04:00 - 16/10/2022 05:00","CTA|SE","10416.00","11244.00"
"16/10/2022 05:00 - 16/10/2022 06:00","CTA|SE","10358.00","11555.00"
"16/10/2022 06:00 - 16/10/2022 07:00","CTA|SE","10893.00","12002.00"
"16/10/2022 07:00 - 16/10/2022 08:00","CTA|SE","11103.00","12386.00"
"16/10/2022 08:00 - 16/10/2022 09:00","CTA|SE","11897.00","12577.00"
"16/10/2022 09:00 - 16/10/2022 10:00","CTA|SE","12148.00","12574.00"
"16/10/2022 10:00 - 16/10/2022 11:00","CTA|SE","12011.00","12537.00"
"16/10/2022 11:00 - 16/10/2022 12:00","CTA|SE","11990.00","12451.00"
"16/10/2022 12:00 - 16/10/2022 13:00","CTA|SE","12219.00","12427.00"
"16/10/2022 13:00 - 16/10/2022 14:00","CTA|SE","12073.00","12513.00"
"16/10/2022 14:00 - 16/10/2022 15:00","CTA|SE","11921.00","12758.00"
"16/10/2022 15:00 - 16/10/2022 16:00","CTA|SE","12784.00","13231.00"
"16/10/2022 16:00 - 16/10/2022 17:00","CTA|SE","13419.00","13674.00"
"16/10/2022 17:00 - 16/10/2022 18:00","CTA|SE","13020.00","13689.00"
"16/10/2022 18:00 - 16/10/2022 19:00","CTA|SE","12665.00","13311.00"
"16/10/2022 19:00 - 16/10/2022 20:00","CTA|SE","11813.00","12817.00"
"16/10/2022 20:00 - 16/10/2022 21:00","CTA|SE","11412.00","12278.00"
"16/10/2022 21:00 - 16/10/2022 22:00","CTA|SE","11135.00","11788.00"
"16/10/2022 22:00 - 16/10/2022 23:00","CTA|SE","10773.00","11635.00"
"16/10/2022 23:00 - 17/10/2022 00:00","CTA|SE","10550.00","11486.00"
"17/10/2022 00:00 - 17/10/2022 01:00","CTA|SE","10115.00","11467.00"
"17/10/2022 01:00 - 17/10/2022 02:00","CTA|SE","10086.00","11510.00"
"17/10/2022 02:00 - 17/10/2022 03:00","CTA|SE","10493.00","11707.00"
"17/10/2022 03:00 - 17/10/2022 04:00","CTA|SE","11074.00","12299.00"
"17/10/2022 04:00 - 17/10/2022 05:00","CTA|SE","13013.00","13609.00"
"17/10/2022 05:00 - 17/10/2022 06:00","CTA|SE","14546.00","14641.00"
"17/10/2022 06:00 - 17/10/2022 07:00","CTA|SE","14367.00","14879.00"
"17/10/2022 07:00 - 17/10/2022 08:00","CTA|SE","14262.00","14814.00"
"17/10/2022 08:00 - 17/10/2022 09:00","CTA|SE","14356.00","14721.00"
"17/10/2022 09:00 - 17/10/2022 10:00","CTA|SE","13468.00","14572.00"
"17/10/2022 10:00 - 17/10/2022 11:00","CTA|SE","13594.00","14452.00"
"17/10/2022 11:00 - 17/10/2022 12:00","CTA|SE","13678.00","14352.00"
"17/10/2022 12:00 - 17/10/2022 13:00","CTA|SE","13547.00","14312.00"
"17/10/2022 13:00 - 17/10/2022 14:00","CTA|SE","13524.00","14300.00"
"17/10/2022 14:00 - 17/10/2022 15:00","CTA|SE","13310.00","14317.00"
"17/10/2022 15:00 - 17/10/2022 16:00","CTA|SE","13817.00","14598.00"
"17/10/2022 16:00 - 17/10/2022 17:00","CTA|SE","13856.00","14770.00"
"17/10/2022 17:00 - 17/10/2022 18:00","CTA|SE","13463.00","14617.00"
"17/10/2022 18:00 - 17/10/2022 19:00","CTA|SE","12956.00","14168.00"
"17/10/2022 19:00 - 17/10/2022 20:00","CTA|SE","12408.00","13611.00"
"17/10/2022 20:00 - 17/10/2022 21:00","CTA|SE","11944.00","12911.00"
"17/10/2022 21:00 - 17/10/2022 22:00","CTA|SE","11331.00","12273.00"
"17/10/2022 22:00 - 17/10/2022 23:00","CTA|SE","11111.00","11917.00"
"17/10/2022 23:00 - 18/10/2022 00:00","CTA|SE","10716.00","11699.00"
"18/10/2022 00:00 - 18/10/2022 01:00","CTA|SE","10609.00","11606.00"
"18/10/2022 01:00 - 18/10/2022 02:00","CTA|SE","10435.00","11619.00"
"18/10/2022 02:00 - 18/10/2022 03:00","CTA|SE","10358.00","11769.00"
"18/10/2022 03:00 - 18/10/2022 04:00","CTA|SE","10827.00","12342.00"
"18/10/2022 04:00 - 18/10/2022 05:00","CTA|SE","12315.00","13697.00"
"18/10/2022 05:00 - 18/10/2022 06:00","CTA|SE","13638.00","14791.00"
"18/10/2022 06:00 - 18/10/2022 07:00","CTA|SE","13839.00","15023.00"
"18/10/2022 07:00 - 18/10/2022 08:00","CTA|SE","13799.00","14980.00"
"18/10/2022 08:00 - 18/10/2022 09:00","CTA|SE","13696.00","14941.00"
"18/10/2022 09:00 - 18/10/2022 10:00","CTA|SE","13964.00","14887.00"
"18/10/2022 10:00 - 18/10/2022 11:00","CTA|SE","14441.00","14790.00"
"18/10/2022 11:00 - 18/10/2022 12:00","CTA|SE","14002.00","14708.00"
"18/10/2022 12:00 - 18/10/2022 13:00","CTA|SE","14047.00","14628.00"
"18/10/2022 13:00 - 18/10/2022 14:00","CTA|SE","13645.00","14636.00"
"18/10/2022 14:00 - 18/10/2022 15:00","CTA|SE","13806.00","14657.00"
"18/10/2022 15:00 - 18/10/2022 16:00","CTA|SE","13990.00","14962.00"
"18/10/2022 16:00 - 18/10/2022 17:00","CTA|SE","13913.00","15166.00"
"18/10/2022 17:00 - 18/10/2022 18:00","CTA|SE","13646.00","15029.00"
"18/10/2022 18:00 - 18/10/2022 19:00","CTA|SE","13867.00","14587.00"
"18/10/2022 19:00 - 18/10/2022 20:00","CTA|SE","13563.00","13998.00"
"18/10/2022 20:00 - 18/10/2022 21:00","CTA|SE","12686.00","13316.00"
"18/10/2022 21:00 - 18/10/2022 22:00","CTA|SE","12065.00","12695.00"
"18/10/2022 22:00 - 18/10/2022 23:00","CTA|SE","11795.00","12373.00"
"18/10/2022 23:00 - 19/10/2022 00:00","CTA|SE","11765.00","12156.00"
"19/10/2022 00:00 - 19/10/2022 01:00","CTA|SE","11901.00","12101.00"
"19/10/2022 01:00 - 19/10/2022 02:00","CTA|SE","11736.00","12156.00"
"19/10/2022 02:00 - 19/10/2022 03:00","CTA|SE","11682.00","12350.00"
"19/10/2022 03:00 - 19/10/2022 04:00","CTA|SE","12165.00","13005.00"
"19/10/2022 04:00 - 19/10/2022 05:00","CTA|SE","13425.00","14513.00"
"19/10/2022 05:00 - 19/10/2022 06:00","CTA|SE","13972.00","15724.00"
"19/10/2022 06:00 - 19/10/2022 07:00","CTA|SE","14160.00","15962.00"
"19/10/2022 07:00 - 19/10/2022 08:00","CTA|SE","14356.00","15878.00"
"19/10/2022 08:00 - 19/10/2022 09:00","CTA|SE","14097.00","15720.00"
"19/10/2022 09:00 - 19/10/2022 10:00","CTA|SE","14132.00","15494.00"
"19/10/2022 10:00 - 19/10/2022 11:00","CTA|SE","15937.00","15275.00"
"19/10/2022 11:00 - 19/10/2022 12:00","CTA|SE","15290.00","15065.00"
"19/10/2022 12:00 - 19/10/2022 13:00","CTA|SE","14998.00","14962.00"
"19/10/2022 13:00 - 19/10/2022 14:00","CTA|SE","14896.00","14981.00"
"19/10/2022 14:00 - 19/10/2022 15:00","CTA|SE","15141.00","15055.00"
"19/10/2022 15:00 - 19/10/2022 16:00","CTA|SE","15730.00","15551.00"
"19/10/2022 16:00 - 19/10/2022 17:00","CTA|SE","15947.00","15894.00"
"19/10/2022 17:00 - 19/10/2022 18:00","CTA|SE","15538.00","15803.00"
"19/10/2022 18:00 - 19/10/2022 19:00","CTA|SE","15059.00","15351.00"
"19/10/2022 19:00 - 19/10/2022 20:00","CTA|SE","14455.00","14737.00"
"19/10/2022 20:00 - 19/10/2022 21:00","CTA|SE","14156.00","14004.00"
"19/10/2022 21:00 - 19/10/2022 22:00","CTA|SE","13940.00","13342.00"
"19/10/2022 22:00 - 19/10/2022 23:00","CTA|SE","13561.00","12867.00"
"19/10/2022 23:00 - 20/10/2022 00:00","CTA|SE","13325.00","12656.00"
"20/10/2022 00:00 - 20/10/2022 01:00","CTA|SE","13418.00","12588.00"
"20/10/2022 01:00 - 20/10/2022 02:00","CTA|SE","13261.00","12634.00"
"20/10/2022 02:00 - 20/10/2022 03:00","CTA|SE","13516.00","12811.00"
"20/10/2022 03:00 - 20/10/2022 04:00","CTA|SE","14218.00","13452.00"
"20/10/2022 04:00 - 20/10/2022 05:00","CTA|SE","15992.00","14944.00"
"20/10/2022 05:00 - 20/10/2022 06:00","CTA|SE","17176.00","16142.00"
"20/10/2022 06:00 - 20/10/2022 07:00","CTA|SE","17340.00","16354.00"
"20/10/2022 07:00 - 20/10/2022 08:00","CTA|SE","16982.00","16234.00"
"20/10/2022 08:00 - 20/10/2022 09:00","CTA|SE","16681.00","16044.00"
"20/10/2022 09:00 - 20/10/2022 10:00","CTA|SE","16125.00","15787.00"
"20/10/2022 10:00 - 20/10/2022 11:00","CTA|SE","15725.00","15501.00"
"20/10/2022 11:00 - 20/10/2022 12:00","CTA|SE","15320.00","15269.00"
"20/10/2022 12:00 - 20/10/2022 13:00","CTA|SE","15227.00","15150.00"
"20/10/2022 13:00 - 20/10/2022 14:00","CTA|SE","15149.00","15181.00"
"20/10/2022 14:00 - 20/10/2022 15:00","CTA|SE","15111.00","15316.00"
"20/10/2022 15:00 - 20/10/2022 16:00","CTA|SE","15776.00","15730.00"
"20/10/2022 16:00 - 20/10/2022 17:00","CTA|SE","16177.00","16052.00"
"20/10/2022 17:00 - 20/10/2022 18:00","CTA|SE","15738.00","15915.00"
"20/10/2022 18:00 - 20/10/2022 19:00","CTA|SE","15157.00","15430.00"
"20/10/2022 19:00 - 20/10/2022 20:00","CTA|SE","14766.00","14775.00"
"20/10/2022 20:00 - 20/10/2022 21:00","CTA|SE","14428.00","14010.00"
"20/10/2022 21:00 - 20/10/2022 22:00","CTA|SE","13835.00","13304.00"
"20/10/2022 22:00 - 20/10/2022 23:00","CTA|SE","13104.00","12824.00"
"20/10/2022 23:00 - 21/10/2022 00:00","CTA|SE","12837.00","12562.00"
"21/10/2022 00:00 - 21/10/2022 01:00","CTA|SE","12920.00","12454.00"
"21/10/2022 01:00 - 21/10/2022 02:00","CTA|SE","12807.00","12455.00"
"21/10/2022 02:00 - 21/10/2022 03:00","CTA|SE","12879.00","12597.00"
"21/10/2022 03:00 - 21/10/2022 04:00","CTA|SE","13540.00","13225.00"
"21/10/2022 04:00 - 21/10/2022 05:00","CTA|SE","15078.00","14751.00"
"21/10/2022 05:00 - 21/10/2022 06:00","CTA|SE","16499.00","15977.00"
"21/10/2022 06:00 - 21/10/2022 07:00","CTA|SE","16400.00","16237.00"
"21/10/2022 07:00 - 21/10/2022 08:00","CTA|SE","16265.00","16187.00"
"21/10/2022 08:00 - 21/10/2022 09:00","CTA|SE","16344.00","16073.00"
"21/10/2022 09:00 - 21/10/2022 10:00","CTA|SE","16335.00","15910.00"
"21/10/2022 10:00 - 21/10/2022 11:00","CTA|SE","16181.00","15656.00"
"21/10/2022 11:00 - 21/10/2022 12:00","CTA|SE","15792.00","15355.00"
"21/10/2022 12:00 - 21/10/2022 13:00","CTA|SE","15614.00","15127.00"
"21/10/2022 13:00 - 21/10/2022 14:00","CTA|SE","15518.00","14983.00"
"21/10/2022 14:00 - 21/10/2022 15:00","CTA|SE","15434.00","14965.00"
"21/10/2022 15:00 - 21/10/2022 16:00","CTA|SE","15976.00","15329.00"
"21/10/2022 16:00 - 21/10/2022 17:00","CTA|SE","15917.00","15497.00"
"21/10/2022 17:00 - 21/10/2022 18:00","CTA|SE","15456.00","15109.00"
"21/10/2022 18:00 - 21/10/2022 19:00","CTA|SE","14667.00","14437.00"
"21/10/2022 19:00 - 21/10/2022 20:00","CTA|SE","14042.00","13816.00"
"21/10/2022 20:00 - 21/10/2022 21:00","CTA|SE","13532.00","13224.00"
"21/10/2022 21:00 - 21/10/2022 22:00","CTA|SE","13014.00","12675.00"
"21/10/2022 22:00 - 21/10/2022 23:00","CTA|SE","12604.00","12504.00"
"21/10/2022 23:00 - 22/10/2022 00:00","CTA|SE","12340.00","12240.00"
"22/10/2022 00:00 - 22/10/2022 01:00","CTA|SE","12205.00","12083.00"
"22/10/2022 01:00 - 22/10/2022 02:00","CTA|SE","11991.00","12004.00"
"22/10/2022 02:00 - 22/10/2022 03:00","CTA|SE","12197.00","12007.00"
"22/10/2022 03:00 - 22/10/2022 04:00","CTA|SE","12439.00","12168.00"
"22/10/2022 04:00 - 22/10/2022 05:00","CTA|SE","12956.00","12558.00"
"22/10/2022 05:00 - 22/10/2022 06:00","CTA|SE","13474.00","12969.00"
"22/10/2022 06:00 - 22/10/2022 07:00","CTA|SE","13722.00","13479.00"
"22/10/2022 07:00 - 22/10/2022 08:00","CTA|SE","14306.00","13977.00"
"22/10/2022 08:00 - 22/10/2022 09:00","CTA|SE","14454.00","14255.00"
"22/10/2022 09:00 - 22/10/2022 10:00","CTA|SE","14289.00","14278.00"
"22/10/2022 10:00 - 22/10/2022 11:00","CTA|SE","14074.00","14205.00"
"22/10/2022 11:00 - 22/10/2022 12:00","CTA|SE","14343.00","14088.00"
"22/10/2022 12:00 - 22/10/2022 13:00","CTA|SE","14600.00","13936.00"
"22/10/2022 13:00 - 22/10/2022 14:00","CTA|SE","14279.00","13898.00"
"22/10/2022 14:00 - 22/10/2022 15:00","CTA|SE","14171.00","14050.00"
"22/10/2022 15:00 - 22/10/2022 16:00","CTA|SE","14375.00","14461.00"
"22/10/2022 16:00 - 22/10/2022 17:00","CTA|SE","14512.00","14694.00"
"22/10/2022 17:00 - 22/10/2022 18:00","CTA|SE","14096.00","14377.00"
"22/10/2022 18:00 - 22/10/2022 19:00","CTA|SE","13854.00","13882.00"
"22/10/2022 19:00 - 22/10/2022 20:00","CTA|SE","13204.00","13362.00"
"22/10/2022 20:00 - 22/10/2022 21:00","CTA|SE","12752.00","12851.00"
"22/10/2022 21:00 - 22/10/2022 22:00","CTA|SE","12273.00","12371.00"
"22/10/2022 22:00 - 22/10/2022 23:00","CTA|SE","12468.00","12452.00"
"22/10/2022 23:00 - 23/10/2022 00:00","CTA|SE","12334.00","12262.00"
"23/10/2022 00:00 - 23/10/2022 01:00","CTA|SE","12156.00","12180.00"
"23/10/2022 01:00 - 23/10/2022 02:00","CTA|SE","11989.00","12174.00"
"23/10/2022 02:00 - 23/10/2022 03:00","CTA|SE","11993.00","12219.00"
"23/10/2022 03:00 - 23/10/2022 04:00","CTA|SE","12184.00","12390.00"
"23/10/2022 04:00 - 23/10/2022 05:00","CTA|SE","12701.00","12692.00"
"23/10/2022 05:00 - 23/10/2022 06:00","CTA|SE","13289.00","13033.00"
"23/10/2022 06:00 - 23/10/2022 07:00","CTA|SE","13597.00","13500.00"
"23/10/2022 07:00 - 23/10/2022 08:00","CTA|SE","13978.00","13928.00"
"23/10/2022 08:00 - 23/10/2022 09:00","CTA|SE","14016.00","14205.00"
"23/10/2022 09:00 - 23/10/2022 10:00","CTA|SE","13925.00","14262.00"
"23/10/2022 10:00 - 23/10/2022 11:00","CTA|SE","13900.00","14229.00"
"23/10/2022 11:00 - 23/10/2022 12:00","CTA|SE","13743.00","14081.00"
"23/10/2022 12:00 - 23/10/2022 13:00","CTA|SE","13784.00","13979.00"
"23/10/2022 13:00 - 23/10/2022 14:00","CTA|SE","14123.00","14022.00"
"23/10/2022 14:00 - 23/10/2022 15:00","CTA|SE","14323.00","14278.00"
"23/10/2022 15:00 - 23/10/2022 16:00","CTA|SE","14722.00","14804.00"
"23/10/2022 16:00 - 23/10/2022 17:00","CTA|SE","15048.00","15282.00"
"23/10/2022 17:00 - 23/10/2022 18:00","CTA|SE","14719.00","15199.00"
"23/10/2022 18:00 - 23/10/2022 19:00","CTA|SE","14583.00","14796.00"
"23/10/2022 19:00 - 23/10/2022 20:00","CTA|SE","14046.00","14258.00"
"23/10/2022 20:00 - 23/10/2022 21:00","CTA|SE","13620.00","13684.00"
"23/10/2022 21:00 - 23/10/2022 22:00","CTA|SE","13089.00","13159.00"
"23/10/2022 22:00 - 23/10/2022 23:00","CTA|SE","12558.00","12851.00"
"23/10/2022 23:00 - 24/10/2022 00:00","CTA|SE","12387.00","12664.00"
"24/10/2022 00:00 - 24/10/2022 01:00","CTA|SE","12232.00","12614.00"
"24/10/2022 01:00 - 24/10/2022 02:00","CTA|SE","12077.00","12621.00"
"24/10/2022 02:00 - 24/10/2022 03:00","CTA|SE","12116.00","12808.00"
"24/10/2022 03:00 - 24/10/2022 04:00","CTA|SE","12794.00","13427.00"
"24/10/2022 04:00 - 24/10/2022 05:00","CTA|SE","14376.00","14844.00"
"24/10/2022 05:00 - 24/10/2022 06:00","CTA|SE","15818.00","15992.00"
"24/10/2022 06:00 - 24/10/2022 07:00","CTA|SE","16117.00","16232.00"
"24/10/2022 07:00 - 24/10/2022 08:00","CTA|SE","16176.00","16235.00"
"24/10/2022 08:00 - 24/10/2022 09:00","CTA|SE","16502.00","16254.00"
"24/10/2022 09:00 - 24/10/2022 10:00","CTA|SE","16273.00","16168.00"
"24/10/2022 10:00 - 24/10/2022 11:00","CTA|SE","16048.00","16016.00"
"24/10/2022 11:00 - 24/10/2022 12:00","CTA|SE","15992.00","15887.00"
"24/10/2022 12:00 - 24/10/2022 13:00","CTA|SE","15992.00","15774.00"
"24/10/2022 13:00 - 24/10/2022 14:00","CTA|SE","15817.00","15686.00"
"24/10/2022 14:00 - 24/10/2022 15:00","CTA|SE","15856.00","15631.00"
"24/10/2022 15:00 - 24/10/2022 16:00","CTA|SE","16241.00","15946.00"
"24/10/2022 16:00 - 24/10/2022 17:00","CTA|SE","15995.00","16134.00"
"24/10/2022 17:00 - 24/10/2022 18:00","CTA|SE","15242.00","15863.00"
"24/10/2022 18:00 - 24/10/2022 19:00","CTA|SE","14958.00","15354.00"
"24/10/2022 19:00 - 24/10/2022 20:00","CTA|SE","14371.00","14724.00"
"24/10/2022 20:00 - 24/10/2022 21:00","CTA|SE","13522.00","13941.00"
"24/10/2022 21:00 - 24/10/2022 22:00","CTA|SE","13035.00","13223.00"
"24/10/2022 22:00 - 24/10/2022 23:00","CTA|SE","12553.00","12613.00"
"24/10/2022 23:00 - 25/10/2022 00:00","CTA|SE","12301.00","12344.00"
"25/10/2022 00:00 - 25/10/2022 01:00","CTA|SE","11800.00","12220.00"
"25/10/2022 01:00 - 25/10/2022 02:00","CTA|SE","11628.00","12212.00"
"25/10/2022 02:00 - 25/10/2022 03:00","CTA|SE","11600.00","12340.00"
"25/10/2022 03:00 - 25/10/2022 04:00","CTA|SE","12333.00","12934.00"
"25/10/2022 04:00 - 25/10/2022 05:00","CTA|SE","13735.00","14382.00"
"25/10/2022 05:00 - 25/10/2022 06:00","CTA|SE","15036.00","15562.00"
"25/10/2022 06:00 - 25/10/2022 07:00","CTA|SE","15105.00","15778.00"
"25/10/2022 07:00 - 25/10/2022 08:00","CTA|SE","15300.00","15779.00"
"25/10/2022 08:00 - 25/10/2022 09:00","CTA|SE","15501.00","15808.00"
"25/10/2022 09:00 - 25/10/2022 10:00","CTA|SE","15490.00","15774.00"
"25/10/2022 10:00 - 25/10/2022 11:00","CTA|SE","15435.00","15680.00"
"25/10/2022 11:00 - 25/10/2022 12:00","CTA|SE","15150.00","15534.00"
"25/10/2022 12:00 - 25/10/2022 13:00","CTA|SE","15203.00","15428.00"
"25/10/2022 13:00 - 25/10/2022 14:00","CTA|SE","15348.00","15383.00"
"25/10/2022 14:00 - 25/10/2022 15:00","CTA|SE","15357.00","15345.00"
"25/10/2022 15:00 - 25/10/2022 16:00","CTA|SE","15621.00","15674.00"
"25/10/2022 16:00 - 25/10/2022 17:00","CTA|SE","15936.00","15850.00"
"25/10/2022 17:00 - 25/10/2022 18:00","CTA|SE","15708.00","15588.00"
"25/10/2022 18:00 - 25/10/2022 19:00","CTA|SE","15199.00","15069.00"
"25/10/2022 19:00 - 25/10/2022 20:00","CTA|SE","14555.00","14406.00"
"25/10/2022 20:00 - 25/10/2022 21:00","CTA|SE","13540.00","13636.00"
"25/10/2022 21:00 - 25/10/2022 22:00","CTA|SE","12677.00","12931.00"
"25/10/2022 22:00 - 25/10/2022 23:00","CTA|SE","12183.00","12466.00"
"25/10/2022 23:00 - 26/10/2022 00:00","CTA|SE","11977.00","12208.00"
"26/10/2022 00:00 - 26/10/2022 01:00","CTA|SE","11965.00","12103.00"
"26/10/2022 01:00 - 26/10/2022 02:00","CTA|SE","11914.00","12123.00"
"26/10/2022 02:00 - 26/10/2022 03:00","CTA|SE","12052.00","12301.00"
"26/10/2022 03:00 - 26/10/2022 04:00","CTA|SE","12740.00","12960.00"
"26/10/2022 04:00 - 26/10/2022 05:00","CTA|SE","14435.00","14535.00"
"26/10/2022 05:00 - 26/10/2022 06:00","CTA|SE","15741.00","15828.00"
"26/10/2022 06:00 - 26/10/2022 07:00","CTA|SE","16004.00","16081.00"
"26/10/2022 07:00 - 26/10/2022 08:00","CTA|SE","16085.00","16089.00"
"26/10/2022 08:00 - 26/10/2022 09:00","CTA|SE","16035.00","16083.00"
"26/10/2022 09:00 - 26/10/2022 10:00","CTA|SE","15866.00","15960.00"
"26/10/2022 10:00 - 26/10/2022 11:00","CTA|SE","15776.00","15805.00"
"26/10/2022 11:00 - 26/10/2022 12:00","CTA|SE","15846.00","15614.00"
"26/10/2022 12:00 - 26/10/2022 13:00","CTA|SE","15857.00","15484.00"
"26/10/2022 13:00 - 26/10/2022 14:00","CTA|SE","15794.00","15440.00"
"26/10/2022 14:00 - 26/10/2022 15:00","CTA|SE","15666.00","15488.00"
"26/10/2022 15:00 - 26/10/2022 16:00","CTA|SE","16125.00","15937.00"
"26/10/2022 16:00 - 26/10/2022 17:00","CTA|SE","16299.00","16194.00"
"26/10/2022 17:00 - 26/10/2022 18:00","CTA|SE","16145.00","15946.00"
"26/10/2022 18:00 - 26/10/2022 19:00","CTA|SE","15613.00","15409.00"
"26/10/2022 19:00 - 26/10/2022 20:00","CTA|SE","14764.00","14726.00"
"26/10/2022 20:00 - 26/10/2022 21:00","CTA|SE","13967.00","13929.00"
"26/10/2022 21:00 - 26/10/2022 22:00","CTA|SE","13172.00","13190.00"
"26/10/2022 22:00 - 26/10/2022 23:00","CTA|SE","12795.00","12603.00"
"26/10/2022 23:00 - 27/10/2022 00:00","CTA|SE","12339.00","12347.00"
"27/10/2022 00:00 - 27/10/2022 01:00","CTA|SE","12014.00","12222.00"
"27/10/2022 01:00 - 27/10/2022 02:00","CTA|SE","11579.00","12216.00"
"27/10/2022 02:00 - 27/10/2022 03:00","CTA|SE","11851.00","12349.00"
"27/10/2022 03:00 - 27/10/2022 04:00","CTA|SE","12370.00","12945.00"
"27/10/2022 04:00 - 27/10/2022 05:00","CTA|SE","13739.00","14408.00"
"27/10/2022 05:00 - 27/10/2022 06:00","CTA|SE","15128.00","15597.00"
"27/10/2022 06:00 - 27/10/2022 07:00","CTA|SE","15182.00","15780.00"
"27/10/2022 07:00 - 27/10/2022 08:00","CTA|SE","15295.00","15754.00"
"27/10/2022 08:00 - 27/10/2022 09:00","CTA|SE","15668.00","15725.00"
"27/10/2022 09:00 - 27/10/2022 10:00","CTA|SE","15539.00","15623.00"
"27/10/2022 10:00 - 27/10/2022 11:00","CTA|SE","15405.00","15459.00"
"27/10/2022 11:00 - 27/10/2022 12:00","CTA|SE","15182.00","15247.00"
"27/10/2022 12:00 - 27/10/2022 13:00","CTA|SE","15235.00","15105.00"
"27/10/2022 13:00 - 27/10/2022 14:00","CTA|SE","15159.00","15045.00"
"27/10/2022 14:00 - 27/10/2022 15:00","CTA|SE","15071.00","15054.00"
"27/10/2022 15:00 - 27/10/2022 16:00","CTA|SE","15564.00","15469.00"
"27/10/2022 16:00 - 27/10/2022 17:00","CTA|SE","15232.00","15715.00"
"27/10/2022 17:00 - 27/10/2022 18:00","CTA|SE","14925.00","15445.00"
"27/10/2022 18:00 - 27/10/2022 19:00","CTA|SE","13789.00","14927.00"
"27/10/2022 19:00 - 27/10/2022 20:00","CTA|SE","13463.00","14253.00"
"27/10/2022 20:00 - 27/10/2022 21:00","CTA|SE","13239.00","13464.00"
"27/10/2022 21:00 - 27/10/2022 22:00","CTA|SE","12358.00","12732.00"
"27/10/2022 22:00 - 27/10/2022 23:00","CTA|SE","12061.00","12067.00"
"27/10/2022 23:00 - 28/10/2022 00:00","CTA|SE","12108.00","11748.00"
"28/10/2022 00:00 - 28/10/2022 01:00","CTA|SE","11876.00","11620.00"
"28/10/2022 01:00 - 28/10/2022 02:00","CTA|SE","11458.00","11586.00"
"28/10/2022 02:00 - 28/10/2022 03:00","CTA|SE","11617.00","11722.00"
"28/10/2022 03:00 - 28/10/2022 04:00","CTA|SE","12505.00","12377.00"
"28/10/2022 04:00 - 28/10/2022 05:00","CTA|SE","14153.00","13925.00"
"28/10/2022 05:00 - 28/10/2022 06:00","CTA|SE","14979.00","15211.00"
"28/10/2022 06:00 - 28/10/2022 07:00","CTA|SE","15274.00","15470.00"
"28/10/2022 07:00 - 28/10/2022 08:00","CTA|SE","15600.00","15495.00"
"28/10/2022 08:00 - 28/10/2022 09:00","CTA|SE","15528.00","15433.00"
"28/10/2022 09:00 - 28/10/2022 10:00","CTA|SE","15282.00","15329.00"
"28/10/2022 10:00 - 28/10/2022 11:00","CTA|SE","15179.00","15123.00"
"28/10/2022 11:00 - 28/10/2022 12:00","CTA|SE","14782.00","14791.00"
"28/10/2022 12:00 - 28/10/2022 13:00","CTA|SE","14568.00","14551.00"
"28/10/2022 13:00 - 28/10/2022 14:00","CTA|SE","14273.00","14366.00"
"28/10/2022 14:00 - 28/10/2022 15:00","CTA|SE","14555.00","14338.00"
"28/10/2022 15:00 - 28/10/2022 16:00","CTA|SE","14768.00","14733.00"
"28/10/2022 16:00 - 28/10/2022 17:00","CTA|SE","14553.00","14931.00"
"28/10/2022 17:00 - 28/10/2022 18:00","CTA|SE","14141.00","14469.00"
"28/10/2022 18:00 - 28/10/2022 19:00","CTA|SE","13599.00","13796.00"
"28/10/2022 19:00 - 28/10/2022 20:00","CTA|SE","13033.00","13173.00"
"28/10/2022 20:00 - 28/10/2022 21:00","CTA|SE","12357.00","12583.00"
"28/10/2022 21:00 - 28/10/2022 22:00","CTA|SE","12186.00","12044.00"
"28/10/2022 22:00 - 28/10/2022 23:00","CTA|SE","12248.00","11567.00"
"28/10/2022 23:00 - 29/10/2022 00:00","CTA|SE","11609.00","11270.00"
"29/10/2022 00:00 - 29/10/2022 01:00","CTA|SE","11011.00","11078.00"
"29/10/2022 01:00 - 29/10/2022 02:00","CTA|SE","10533.00","10939.00"
"29/10/2022 02:00 - 29/10/2022 03:00","CTA|SE","10329.00","10919.00"
"29/10/2022 03:00 - 29/10/2022 04:00","CTA|SE","10882.00","11094.00"
"29/10/2022 04:00 - 29/10/2022 05:00","CTA|SE","11148.00","11548.00"
"29/10/2022 05:00 - 29/10/2022 06:00","CTA|SE","11985.00","12089.00"
"29/10/2022 06:00 - 29/10/2022 07:00","CTA|SE","12708.00","12661.00"
"29/10/2022 07:00 - 29/10/2022 08:00","CTA|SE","13276.00","13231.00"
"29/10/2022 08:00 - 29/10/2022 09:00","CTA|SE","13465.00","13461.00"
"29/10/2022 09:00 - 29/10/2022 10:00","CTA|SE","13661.00","13426.00"
"29/10/2022 10:00 - 29/10/2022 11:00","CTA|SE","13309.00","13304.00"
"29/10/2022 11:00 - 29/10/2022 12:00","CTA|SE","13240.00","13179.00"
"29/10/2022 12:00 - 29/10/2022 13:00","CTA|SE","13222.00","13056.00"
"29/10/2022 13:00 - 29/10/2022 14:00","CTA|SE","13286.00","13077.00"
"29/10/2022 14:00 - 29/10/2022 15:00","CTA|SE","13783.00","13377.00"
"29/10/2022 15:00 - 29/10/2022 16:00","CTA|SE","14249.00","13970.00"
"29/10/2022 16:00 - 29/10/2022 17:00","CTA|SE","14647.00","14288.00"
"29/10/2022 17:00 - 29/10/2022 18:00","CTA|SE","14212.00","13973.00"
"29/10/2022 18:00 - 29/10/2022 19:00","CTA|SE","13881.00","13510.00"
"29/10/2022 19:00 - 29/10/2022 20:00","CTA|SE","13438.00","12995.00"
"29/10/2022 20:00 - 29/10/2022 21:00","CTA|SE","12778.00","12532.00"
"29/10/2022 21:00 - 29/10/2022 22:00","CTA|SE","12359.00","12099.00"
"29/10/2022 22:00 - 29/10/2022 23:00","CTA|SE","12025.00","11654.00"
"29/10/2022 23:00 - 30/10/2022 00:00","CTA|SE","11691.00","11461.00"
"30/10/2022 00:00 - 30/10/2022 01:00","CTA|SE","11145.00","11383.00"
"30/10/2022 01:00 - 30/10/2022 02:00","CTA|SE","10917.00","11370.00"
"30/10/2022 02:00 - 30/10/2022 03:00","CTA|SE","11258.00","11387.00"
"30/10/2022 03:00 - 30/10/2022 04:00","CTA|SE","11816.00","11486.00"
"30/10/2022 04:00 - 30/10/2022 05:00","CTA|SE","12044.00","11716.00"
"30/10/2022 05:00 - 30/10/2022 06:00","CTA|SE","12186.00","12141.00"
"30/10/2022 06:00 - 30/10/2022 07:00","CTA|SE","12397.00","12528.00"
"30/10/2022 07:00 - 30/10/2022 08:00","CTA|SE","13133.00","13038.00"
"30/10/2022 08:00 - 30/10/2022 09:00","CTA|SE","13791.00","13558.00"
"30/10/2022 09:00 - 30/10/2022 10:00","CTA|SE","13579.00","13867.00"
"30/10/2022 10:00 - 30/10/2022 11:00","CTA|SE","13722.00","14005.00"
"30/10/2022 11:00 - 30/10/2022 12:00","CTA|SE","13813.00","13983.00"
"30/10/2022 12:00 - 30/10/2022 13:00","CTA|SE","13536.00","13989.00"
"30/10/2022 13:00 - 30/10/2022 14:00","CTA|SE","13784.00","14082.00"
"30/10/2022 14:00 - 30/10/2022 15:00","CTA|SE","14045.00","14408.00"
"30/10/2022 15:00 - 30/10/2022 16:00","CTA|SE","14611.00","15228.00"
"30/10/2022 16:00 - 30/10/2022 17:00","CTA|SE","14970.00","15715.00"
"30/10/2022 17:00 - 30/10/2022 18:00","CTA|SE","14957.00","15509.00"
"30/10/2022 18:00 - 30/10/2022 19:00","CTA|SE","14909.00","15134.00"
"30/10/2022 19:00 - 30/10/2022 20:00","CTA|SE","14787.00","14630.00"
"30/10/2022 20:00 - 30/10/2022 21:00","CTA|SE","14113.00","14046.00"
"30/10/2022 21:00 - 30/10/2022 22:00","CTA|SE","13554.00","13348.00"
"30/10/2022 22:00 - 30/10/2022 23:00","CTA|SE","12987.00","12723.00"
"30/10/2022 23:00 - 31/10/2022 00:00","CTA|SE","12339.00","12510.00"
"31/10/2022 00:00 - 31/10/2022 01:00","CTA|SE","12173.00","12305.00"
"31/10/2022 01:00 - 31/10/2022 02:00","CTA|SE","11953.00","12239.00"
"31/10/2022 02:00 - 31/10/2022 03:00","CTA|SE","11955.00","12294.00"
"31/10/2022 03:00 - 31/10/2022 04:00","CTA|SE","11917.00","12484.00"
"31/10/2022 04:00 - 31/10/2022 05:00","CTA|SE","12154.00","13180.00"
"31/10/2022 05:00 - 31/10/2022 06:00","CTA|SE","13272.00","14751.00"
"31/10/2022 06:00 - 31/10/2022 07:00","CTA|SE","13872.00","15990.00"
"31/10/2022 07:00 - 31/10/2022 08:00","CTA|SE","14292.00","16304.00"
"31/10/2022 08:00 - 31/10/2022 09:00","CTA|SE","14975.00","16263.00"
"31/10/2022 09:00 - 31/10/2022 10:00","CTA|SE","14963.00","16301.00"
"31/10/2022 10:00 - 31/10/2022 11:00","CTA|SE","15179.00","16225.00"
"31/10/2022 11:00 - 31/10/2022 12:00","CTA|SE","15121.00","16122.00"
"31/10/2022 12:00 - 31/10/2022 13:00","CTA|SE","15064.00","16027.00"
"31/10/2022 13:00 - 31/10/2022 14:00","CTA|SE","15035.00","16069.00"
"31/10/2022 14:00 - 31/10/2022 15:00","CTA|SE","15422.00","16328.00"
"31/10/2022 15:00 - 31/10/2022 16:00","CTA|SE","15356.00","16710.00"
"31/10/2022 16:00 - 31/10/2022 17:00","CTA|SE","15471.00","16977.00"
"31/10/2022 17:00 - 31/10/2022 18:00","CTA|SE","15351.00","16566.00"
"31/10/2022 18:00 - 31/10/2022 19:00","CTA|SE","14868.00","16062.00"
"31/10/2022 19:00 - 31/10/2022 20:00","CTA|SE","14267.00","15447.00"
"31/10/2022 20:00 - 31/10/2022 21:00","CTA|SE","13584.00","14745.00"
"31/10/2022 21:00 - 31/10/2022 22:00","CTA|SE","13215.00","13920.00"
"31/10/2022 22:00 - 31/10/2022 23:00","CTA|SE","12943.00","13158.00"
"31/10/2022 23:00 - 01/11/2022 00:00","CTA|SE","12621.00","12694.00"
"01/11/2022 00:00 - 01/11/2022 01:00","CTA|SE","12446.00","12452.00"
"01/11/2022 01:00 - 01/11/2022 02:00","CTA|SE","11928.00","12377.00"
"01/11/2022 02:00 - 01/11/2022 03:00","CTA|SE","11834.00","12426.00"
"01/11/2022 03:00 - 01/11/2022 04:00","CTA|SE","12100.00","12631.00"
"01/11/2022 04:00 - 01/11/2022 05:00","CTA|SE","12960.00","13326.00"
"01/11/2022 05:00 - 01/11/2022 06:00","CTA|SE","14342.00","14837.00"
"01/11/2022 06:00 - 01/11/2022 07:00","CTA|SE","15466.00","16005.00"
"01/11/2022 07:00 - 01/11/2022 08:00","CTA|SE","15583.00","16234.00"
"01/11/2022 08:00 - 01/11/2022 09:00","CTA|SE","15445.00","16173.00"
"01/11/2022 09:00 - 01/11/2022 10:00","CTA|SE","15629.00","16161.00"
"01/11/2022 10:00 - 01/11/2022 11:00","CTA|SE","15743.00","16116.00"
"01/11/2022 11:00 - 01/11/2022 12:00","CTA|SE","15712.00","16048.00"
"01/11/2022 12:00 - 01/11/2022 13:00","CTA|SE","15838.00","15997.00"
"01/11/2022 13:00 - 01/11/2022 14:00","CTA|SE","15774.00","16070.00"
"01/11/2022 14:00 - 01/11/2022 15:00","CTA|SE","15774.00","16365.00"
"01/11/2022 15:00 - 01/11/2022 16:00","CTA|SE","16320.00","16749.00"
"01/11/2022 16:00 - 01/11/2022 17:00","CTA|SE","16512.00","16947.00"
"01/11/2022 17:00 - 01/11/2022 18:00","CTA|SE","16460.00","16514.00"
"01/11/2022 18:00 - 01/11/2022 19:00","CTA|SE","15889.00","16041.00"
"01/11/2022 19:00 - 01/11/2022 20:00","CTA|SE","14950.00","15469.00"
"01/11/2022 20:00 - 01/11/2022 21:00","CTA|SE","13949.00","14764.00"
"01/11/2022 21:00 - 01/11/2022 22:00","CTA|SE","13011.00","13937.00"
"01/11/2022 22:00 - 01/11/2022 23:00","CTA|SE","12166.00","13156.00"
"01/11/2022 23:00 - 02/11/2022 00:00","CTA|SE","11782.00","12570.00"
"02/11/2022 00:00 - 02/11/2022 01:00","CTA|SE","11609.00","12324.00"
"02/11/2022 01:00 - 02/11/2022 02:00","CTA|SE","11610.00","12235.00"
"02/11/2022 02:00 - 02/11/2022 03:00","CTA|SE","11533.00","12269.00"
"02/11/2022 03:00 - 02/11/2022 04:00","CTA|SE","11690.00","12453.00"
"02/11/2022 04:00 - 02/11/2022 05:00","CTA|SE","12581.00","13081.00"
"02/11/2022 05:00 - 02/11/2022 06:00","CTA|SE","13938.00","14452.00"
"02/11/2022 06:00 - 02/11/2022 07:00","CTA|SE","14916.00","15514.00"
"02/11/2022 07:00 - 02/11/2022 08:00","CTA|SE","15487.00","15703.00"
"02/11/2022 08:00 - 02/11/2022 09:00","CTA|SE","15800.00","15636.00"
"02/11/2022 09:00 - 02/11/2022 10:00","CTA|SE","15917.00","15632.00"
"02/11/2022 10:00 - 02/11/2022 11:00","CTA|SE","16154.00","15625.00"
"02/11/2022 11:00 - 02/11/2022 12:00","CTA|SE","15816.00","15624.00"
"02/11/2022 12:00 - 02/11/2022 13:00","CTA|SE","15641.00","15621.00"
"02/11/2022 13:00 - 02/11/2022 14:00","CTA|SE","15559.00","15670.00"
"02/11/2022 14:00 - 02/11/2022 15:00","CTA|SE","15683.00","15907.00"
"02/11/2022 15:00 - 02/11/2022 16:00","CTA|SE","16132.00","16291.00"
"02/11/2022 16:00 - 02/11/2022 17:00","CTA|SE","16386.00","16508.00"
"02/11/2022 17:00 - 02/11/2022 18:00","CTA|SE","15883.00","16146.00"
"02/11/2022 18:00 - 02/11/2022 19:00","CTA|SE","15354.00","15745.00"
"02/11/2022 19:00 - 02/11/2022 20:00","CTA|SE","14827.00","15247.00"
"02/11/2022 20:00 - 02/11/2022 21:00","CTA|SE","14198.00","14627.00"
"02/11/2022 21:00 - 02/11/2022 22:00","CTA|SE","13482.00","13897.00"
"02/11/2022 22:00 - 02/11/2022 23:00","CTA|SE","12921.00","13200.00"
"02/11/2022 23:00 - 03/11/2022 00:00","CTA|SE","12441.00","12600.00"
"03/11/2022 00:00 - 03/11/2022 01:00","CTA|SE","12247.00","12364.00"
"03/11/2022 01:00 - 03/11/2022 02:00","CTA|SE","12193.00","12290.00"
"03/11/2022 02:00 - 03/11/2022 03:00","CTA|SE","12301.00","12342.00"
"03/11/2022 03:00 - 03/11/2022 04:00","CTA|SE","12412.00","12558.00"
"03/11/2022 04:00 - 03/11/2022 05:00","CTA|SE","13101.00","13239.00"
"03/11/2022 05:00 - 03/11/2022 06:00","CTA|SE","14373.00","14667.00"
"03/11/2022 06:00 - 03/11/2022 07:00","CTA|SE","15173.00","15786.00"
"03/11/2022 07:00 - 03/11/2022 08:00","CTA|SE","15452.00","15995.00"
"03/11/2022 08:00 - 03/11/2022 09:00","CTA|SE","15402.00","15909.00"
"03/11/2022 09:00 - 03/11/2022 10:00","CTA|SE","15650.00","15852.00"
"03/11/2022 10:00 - 03/11/2022 11:00","CTA|SE","15698.00","15805.00"
"03/11/2022 11:00 - 03/11/2022 12:00","CTA|SE","15731.00","15772.00"
"03/11/2022 12:00 - 03/11/2022 13:00","CTA|SE","15305.00","15780.00"
"03/11/2022 13:00 - 03/11/2022 14:00","CTA|SE","15049.00","15841.00"
"03/11/2022 14:00 - 03/11/2022 15:00","CTA|SE","15549.00","16130.00"
"03/11/2022 15:00 - 03/11/2022 16:00","CTA|SE","15873.00","16485.00"
"03/11/2022 16:00 - 03/11/2022 17:00","CTA|SE","15988.00","16673.00"
"03/11/2022 17:00 - 03/11/2022 18:00","CTA|SE","15757.00","16298.00"
"03/11/2022 18:00 - 03/11/2022 19:00","CTA|SE","15389.00","15875.00"
"03/11/2022 19:00 - 03/11/2022 20:00","CTA|SE","14777.00","15365.00"
"03/11/2022 20:00 - 03/11/2022 21:00","CTA|SE","14227.00","14730.00"
"03/11/2022 21:00 - 03/11/2022 22:00","CTA|SE","13471.00","13970.00"
"03/11/2022 22:00 - 03/11/2022 23:00","CTA|SE","12660.00","13253.00"
"03/11/2022 23:00 - 04/11/2022 00:00","CTA|SE","12526.00","12943.00"
"04/11/2022 00:00 - 04/11/2022 01:00","CTA|SE","12569.00","12718.00"
"04/11/2022 01:00 - 04/11/2022 02:00","CTA|SE","12285.00","12626.00"
"04/11/2022 02:00 - 04/11/2022 03:00","CTA|SE","11974.00","12619.00"
"04/11/2022 03:00 - 04/11/2022 04:00","CTA|SE","12052.00","12805.00"
"04/11/2022 04:00 - 04/11/2022 05:00","CTA|SE","12750.00","13431.00"
"04/11/2022 05:00 - 04/11/2022 06:00","CTA|SE","13974.00","14747.00"
"04/11/2022 06:00 - 04/11/2022 07:00","CTA|SE","14774.00","15786.00"
"04/11/2022 07:00 - 04/11/2022 08:00","CTA|SE","15056.00","16176.00"
"04/11/2022 08:00 - 04/11/2022 09:00","CTA|SE","15342.00","16249.00"
"04/11/2022 09:00 - 04/11/2022 10:00","CTA|SE","15347.00","16273.00"
"04/11/2022 10:00 - 04/11/2022 11:00","CTA|SE","15415.00","16161.00"
"04/11/2022 11:00 - 04/11/2022 12:00","CTA|SE","15451.00","15989.00"
"04/11/2022 12:00 - 04/11/2022 13:00","CTA|SE","15287.00","15788.00"
"04/11/2022 13:00 - 04/11/2022 14:00","CTA|SE","15090.00","15592.00"
"04/11/2022 14:00 - 04/11/2022 15:00","CTA|SE","14927.00","15583.00"
"04/11/2022 15:00 - 04/11/2022 16:00","CTA|SE","15345.00","16021.00"
"04/11/2022 16:00 - 04/11/2022 17:00","CTA|SE","15530.00","16251.00"
"04/11/2022 17:00 - 04/11/2022 18:00","CTA|SE","14969.00","15800.00"
"04/11/2022 18:00 - 04/11/2022 19:00","CTA|SE","14585.00","15230.00"
"04/11/2022 19:00 - 04/11/2022 20:00","CTA|SE","13962.00","14640.00"
"04/11/2022 20:00 - 04/11/2022 21:00","CTA|SE","13340.00","14070.00"
"04/11/2022 21:00 - 04/11/2022 22:00","CTA|SE","12615.00","13497.00"
"04/11/2022 22:00 - 04/11/2022 23:00","CTA|SE","11980.00","12993.00"
"04/11/2022 23:00 - 05/11/2022 00:00","CTA|SE","11881.00","12474.00"
"05/11/2022 00:00 - 05/11/2022 01:00","CTA|SE","11661.00","12211.00"
"05/11/2022 01:00 - 05/11/2022 02:00","CTA|SE","11351.00","12090.00"
"05/11/2022 02:00 - 05/11/2022 03:00","CTA|SE","11135.00","12022.00"
"05/11/2022 03:00 - 05/11/2022 04:00","CTA|SE","11303.00","12054.00"
"05/11/2022 04:00 - 05/11/2022 05:00","CTA|SE","11485.00","12217.00"
"05/11/2022 05:00 - 05/11/2022 06:00","CTA|SE","11833.00","12599.00"
"05/11/2022 06:00 - 05/11/2022 07:00","CTA|SE","12288.00","12912.00"
"05/11/2022 07:00 - 05/11/2022 08:00","CTA|SE","13006.00","13430.00"
"05/11/2022 08:00 - 05/11/2022 09:00","CTA|SE","13536.00","13903.00"
"05/11/2022 09:00 - 05/11/2022 10:00","CTA|SE","13813.00","14157.00"
"05/11/2022 10:00 - 05/11/2022 11:00","CTA|SE","14012.00","14224.00"
"05/11/2022 11:00 - 05/11/2022 12:00","CTA|SE","14074.00","14170.00"
"05/11/2022 12:00 - 05/11/2022 13:00","CTA|SE","13974.00","14133.00"
"05/11/2022 13:00 - 05/11/2022 14:00","CTA|SE","13934.00","14117.00"
"05/11/2022 14:00 - 05/11/2022 15:00","CTA|SE","13914.00","14308.00"
"05/11/2022 15:00 - 05/11/2022 16:00","CTA|SE","14547.00","14937.00"
"05/11/2022 16:00 - 05/11/2022 17:00","CTA|SE","14713.00","15147.00"
"05/11/2022 17:00 - 05/11/2022 18:00","CTA|SE","14431.00","14869.00"
"05/11/2022 18:00 - 05/11/2022 19:00","CTA|SE","13944.00","14443.00"
"05/11/2022 19:00 - 05/11/2022 20:00","CTA|SE","13692.00","13998.00"
"05/11/2022 20:00 - 05/11/2022 21:00","CTA|SE","13066.00","13556.00"
"05/11/2022 21:00 - 05/11/2022 22:00","CTA|SE","12677.00","13083.00"
"05/11/2022 22:00 - 05/11/2022 23:00","CTA|SE","12286.00","12647.00"
"05/11/2022 23:00 - 06/11/2022 00:00","CTA|SE","11937.00","12330.00"
"06/11/2022 00:00 - 06/11/2022 01:00","CTA|SE","11899.00","12105.00"
"06/11/2022 01:00 - 06/11/2022 02:00","CTA|SE","11836.00","11957.00"
"06/11/2022 02:00 - 06/11/2022 03:00","CTA|SE","11608.00","11906.00"
"06/11/2022 03:00 - 06/11/2022 04:00","CTA|SE","11490.00","11957.00"
"06/11/2022 04:00 - 06/11/2022 05:00","CTA|SE","11576.00","12112.00"
"06/11/2022 05:00 - 06/11/2022 06:00","CTA|SE","11862.00","12439.00"
"06/11/2022 06:00 - 06/11/2022 07:00","CTA|SE","12088.00","12774.00"
"06/11/2022 07:00 - 06/11/2022 08:00","CTA|SE","12669.00","13223.00"
"06/11/2022 08:00 - 06/11/2022 09:00","CTA|SE","13126.00","13756.00"
"06/11/2022 09:00 - 06/11/2022 10:00","CTA|SE","13394.00","14102.00"
"06/11/2022 10:00 - 06/11/2022 11:00","CTA|SE","13682.00","14323.00"
"06/11/2022 11:00 - 06/11/2022 12:00","CTA|SE","13883.00","14372.00"
"06/11/2022 12:00 - 06/11/2022 13:00","CTA|SE","13921.00","14370.00"
"06/11/2022 13:00 - 06/11/2022 14:00","CTA|SE","13882.00","14407.00"
"06/11/2022 14:00 - 06/11/2022 15:00","CTA|SE","14276.00","14670.00"
"06/11/2022 15:00 - 06/11/2022 16:00","CTA|SE","15173.00","15233.00"
"06/11/2022 16:00 - 06/11/2022 17:00","CTA|SE","15777.00","15550.00"
"06/11/2022 17:00 - 06/11/2022 18:00","CTA|SE","15361.00","15337.00"
"06/11/2022 18:00 - 06/11/2022 19:00","CTA|SE","14731.00","15001.00"
"06/11/2022 19:00 - 06/11/2022 20:00","CTA|SE","14048.00","14555.00"
"06/11/2022 20:00 - 06/11/2022 21:00","CTA|SE","13483.00","14016.00"
"06/11/2022 21:00 - 06/11/2022 22:00","CTA|SE","12899.00","13387.00"
"06/11/2022 22:00 - 06/11/2022 23:00","CTA|SE","12516.00","12830.00"
"06/11/2022 23:00 - 07/11/2022 00:00","CTA|SE","12507.00","12476.00"
"07/11/2022 00:00 - 07/11/2022 01:00","CTA|SE","12239.00","12288.00"
"07/11/2022 01:00 - 07/11/2022 02:00","CTA|SE","12178.00","12237.00"
"07/11/2022 02:00 - 07/11/2022 03:00","CTA|SE","12496.00","12305.00"
"07/11/2022 03:00 - 07/11/2022 04:00","CTA|SE","12148.00","12511.00"
"07/11/2022 04:00 - 07/11/2022 05:00","CTA|SE","12673.00","13158.00"
"07/11/2022 05:00 - 07/11/2022 06:00","CTA|SE","14495.00","14616.00"
"07/11/2022 06:00 - 07/11/2022 07:00","CTA|SE","15734.00","15805.00"
"07/11/2022 07:00 - 07/11/2022 08:00","CTA|SE","15565.00","16147.00"
"07/11/2022 08:00 - 07/11/2022 09:00","CTA|SE","15458.00","16191.00"
"07/11/2022 09:00 - 07/11/2022 10:00","CTA|SE","15759.00","16279.00"
"07/11/2022 10:00 - 07/11/2022 11:00","CTA|SE","15656.00","16273.00"
"07/11/2022 11:00 - 07/11/2022 12:00","CTA|SE","15951.00","16245.00"
"07/11/2022 12:00 - 07/11/2022 13:00","CTA|SE","15931.00","16196.00"
"07/11/2022 13:00 - 07/11/2022 14:00","CTA|SE","15810.00","16195.00"
"07/11/2022 14:00 - 07/11/2022 15:00","CTA|SE","15888.00","16418.00"
"07/11/2022 15:00 - 07/11/2022 16:00","CTA|SE","16156.00","16696.00"
"07/11/2022 16:00 - 07/11/2022 17:00","CTA|SE","16582.00","16864.00"
"07/11/2022 17:00 - 07/11/2022 18:00","CTA|SE","16271.00","16484.00"
"07/11/2022 18:00 - 07/11/2022 19:00","CTA|SE","15713.00","16035.00"
"07/11/2022 19:00 - 07/11/2022 20:00","CTA|SE","15091.00","15473.00"
"07/11/2022 20:00 - 07/11/2022 21:00","CTA|SE","14318.00","14838.00"
"07/11/2022 21:00 - 07/11/2022 22:00","CTA|SE","13692.00","14094.00"
"07/11/2022 22:00 - 07/11/2022 23:00","CTA|SE","12909.00","13389.00"
"07/11/2022 23:00 - 08/11/2022 00:00","CTA|SE","12840.00","12786.00"
"08/11/2022 00:00 - 08/11/2022 01:00","CTA|SE","12615.00","12519.00"
"08/11/2022 01:00 - 08/11/2022 02:00","CTA|SE","12363.00","12430.00"
"08/11/2022 02:00 - 08/11/2022 03:00","CTA|SE","12238.00","12453.00"
"08/11/2022 03:00 - 08/11/2022 04:00","CTA|SE","12497.00","12653.00"
"08/11/2022 04:00 - 08/11/2022 05:00","CTA|SE","13337.00","13336.00"
"08/11/2022 05:00 - 08/11/2022 06:00","CTA|SE","14834.00","14832.00"
"08/11/2022 06:00 - 08/11/2022 07:00","CTA|SE","15894.00","16026.00"
"08/11/2022 07:00 - 08/11/2022 08:00","CTA|SE","16270.00","16285.00"
"08/11/2022 08:00 - 08/11/2022 09:00","CTA|SE","16318.00","16262.00"
"08/11/2022 09:00 - 08/11/2022 10:00","CTA|SE","16331.00","16278.00"
"08/11/2022 10:00 - 08/11/2022 11:00","CTA|SE","16340.00","16256.00"
"08/11/2022 11:00 - 08/11/2022 12:00","CTA|SE","16299.00","16216.00"
"08/11/2022 12:00 - 08/11/2022 13:00","CTA|SE","16095.00","16147.00"
"08/11/2022 13:00 - 08/11/2022 14:00","CTA|SE","16136.00","16157.00"
"08/11/2022 14:00 - 08/11/2022 15:00","CTA|SE","16645.00","16425.00"
"08/11/2022 15:00 - 08/11/2022 16:00","CTA|SE","16951.00","16731.00"
"08/11/2022 16:00 - 08/11/2022 17:00","CTA|SE","16943.00","16893.00"
"08/11/2022 17:00 - 08/11/2022 18:00","CTA|SE","16479.00","16510.00"
"08/11/2022 18:00 - 08/11/2022 19:00","CTA|SE","15875.00","16048.00"
"08/11/2022 19:00 - 08/11/2022 20:00","CTA|SE","15516.00","15490.00"
"08/11/2022 20:00 - 08/11/2022 21:00","CTA|SE","14964.00","14795.00"
"08/11/2022 21:00 - 08/11/2022 22:00","CTA|SE","14323.00","13977.00"
"08/11/2022 22:00 - 08/11/2022 23:00","CTA|SE","13666.00","13200.00"
"08/11/2022 23:00 - 09/11/2022 00:00","CTA|SE","13296.00","12673.00"
"09/11/2022 00:00 - 09/11/2022 01:00","CTA|SE","12685.00","12414.00"
"09/11/2022 01:00 - 09/11/2022 02:00","CTA|SE","12602.00","12319.00"
"09/11/2022 02:00 - 09/11/2022 03:00","CTA|SE","12677.00","12331.00"
"09/11/2022 03:00 - 09/11/2022 04:00","CTA|SE","12669.00","12513.00"
"09/11/2022 04:00 - 09/11/2022 05:00","CTA|SE","13110.00","13137.00"
"09/11/2022 05:00 - 09/11/2022 06:00","CTA|SE","14775.00","14505.00"
"09/11/2022 06:00 - 09/11/2022 07:00","CTA|SE","15986.00","15617.00"
"09/11/2022 07:00 - 09/11/2022 08:00","CTA|SE","15960.00","15842.00"
"09/11/2022 08:00 - 09/11/2022 09:00","CTA|SE","15773.00","15810.00"
"09/11/2022 09:00 - 09/11/2022 10:00","CTA|SE","16645.00","15834.00"
"09/11/2022 10:00 - 09/11/2022 11:00","CTA|SE","17592.00","15817.00"
"09/11/2022 11:00 - 09/11/2022 12:00","CTA|SE","18103.00","15792.00"
"09/11/2022 12:00 - 09/11/2022 13:00","CTA|SE","16347.00","15733.00"
"09/11/2022 13:00 - 09/11/2022 14:00","CTA|SE","16233.00","15765.00"
"09/11/2022 14:00 - 09/11/2022 15:00","CTA|SE","16876.00","16028.00"
"09/11/2022 15:00 - 09/11/2022 16:00","CTA|SE","17205.00","16327.00"
"09/11/2022 16:00 - 09/11/2022 17:00","CTA|SE","17259.00","16485.00"
"09/11/2022 17:00 - 09/11/2022 18:00","CTA|SE","16687.00","16143.00"
"09/11/2022 18:00 - 09/11/2022 19:00","CTA|SE","15963.00","15745.00"
"09/11/2022 19:00 - 09/11/2022 20:00","CTA|SE","15574.00","15248.00"
"09/11/2022 20:00 - 09/11/2022 21:00","CTA|SE","14738.00","14622.00"
"09/11/2022 21:00 - 09/11/2022 22:00","CTA|SE","14069.00","13888.00"
"09/11/2022 22:00 - 09/11/2022 23:00","CTA|SE","13550.00","13176.00"
"09/11/2022 23:00 - 10/11/2022 00:00","CTA|SE","12933.00","12541.00"
"10/11/2022 00:00 - 10/11/2022 01:00","CTA|SE","12425.00","12278.00"
"10/11/2022 01:00 - 10/11/2022 02:00","CTA|SE","12295.00","12188.00"
"10/11/2022 02:00 - 10/11/2022 03:00","CTA|SE","12100.00","12209.00"
"10/11/2022 03:00 - 10/11/2022 04:00","CTA|SE","12144.00","12398.00"
"10/11/2022 04:00 - 10/11/2022 05:00","CTA|SE","12644.00","13054.00"
"10/11/2022 05:00 - 10/11/2022 06:00","CTA|SE","14446.00","14503.00"
"10/11/2022 06:00 - 10/11/2022 07:00","CTA|SE","15723.00","15692.00"
"10/11/2022 07:00 - 10/11/2022 08:00","CTA|SE","15689.00","15967.00"
"10/11/2022 08:00 - 10/11/2022 09:00","CTA|SE","15748.00","15927.00"
"10/11/2022 09:00 - 10/11/2022 10:00","CTA|SE","15968.00","15921.00"
"10/11/2022 10:00 - 10/11/2022 11:00","CTA|SE","15675.00","15889.00"
"10/11/2022 11:00 - 10/11/2022 12:00","CTA|SE","15247.00","15816.00"
"10/11/2022 12:00 - 10/11/2022 13:00","CTA|SE","15150.00","15773.00"
"10/11/2022 13:00 - 10/11/2022 14:00","CTA|SE","15421.00","15876.00"
"10/11/2022 14:00 - 10/11/2022 15:00","CTA|SE","15598.00","16202.00"
"10/11/2022 15:00 - 10/11/2022 16:00","CTA|SE","15749.00","16539.00"
"10/11/2022 16:00 - 10/11/2022 17:00","CTA|SE","15857.00","16694.00"
"10/11/2022 17:00 - 10/11/2022 18:00","CTA|SE","15336.00","16304.00"
"10/11/2022 18:00 - 10/11/2022 19:00","CTA|SE","15251.00","15822.00"
"10/11/2022 19:00 - 10/11/2022 20:00","CTA|SE","14875.00","15232.00"
"10/11/2022 20:00 - 10/11/2022 21:00","CTA|SE","14219.00","14514.00"
"10/11/2022 21:00 - 10/11/2022 22:00","CTA|SE","13382.00","13671.00"
"10/11/2022 22:00 - 10/11/2022 23:00","CTA|SE","13112.00","12877.00"
"10/11/2022 23:00 - 11/11/2022 00:00","CTA|SE","12718.00","12428.00"
"11/11/2022 00:00 - 11/11/2022 01:00","CTA|SE","12186.00","12105.00"
"11/11/2022 01:00 - 11/11/2022 02:00","CTA|SE","12218.00","11930.00"
"11/11/2022 02:00 - 11/11/2022 03:00","CTA|SE","11963.00","11906.00"
"11/11/2022 03:00 - 11/11/2022 04:00","CTA|SE","11752.00","12068.00"
"11/11/2022 04:00 - 11/11/2022 05:00","CTA|SE","12196.00","12662.00"
"11/11/2022 05:00 - 11/11/2022 06:00","CTA|SE","13728.00","14071.00"
"11/11/2022 06:00 - 11/11/2022 07:00","CTA|SE","15303.00","15318.00"
"11/11/2022 07:00 - 11/11/2022 08:00","CTA|SE","15463.00","15556.00"
"11/11/2022 08:00 - 11/11/2022 09:00","CTA|SE","15553.00","15529.00"
"11/11/2022 09:00 - 11/11/2022 10:00","CTA|SE","15555.00","15510.00"
"11/11/2022 10:00 - 11/11/2022 11:00","CTA|SE","15359.00","15468.00"
"11/11/2022 11:00 - 11/11/2022 12:00","CTA|SE","15086.00","15367.00"
"11/11/2022 12:00 - 11/11/2022 13:00","CTA|SE","15049.00","15179.00"
"11/11/2022 13:00 - 11/11/2022 14:00","CTA|SE","15228.00","15105.00"
"11/11/2022 14:00 - 11/11/2022 15:00","CTA|SE","15419.00","15270.00"
"11/11/2022 15:00 - 11/11/2022 16:00","CTA|SE","15596.00","15548.00"
"11/11/2022 16:00 - 11/11/2022 17:00","CTA|SE","15273.00","15585.00"
"11/11/2022 17:00 - 11/11/2022 18:00","CTA|SE","15100.00","15131.00"
"11/11/2022 18:00 - 11/11/2022 19:00","CTA|SE","14490.00","14550.00"
"11/11/2022 19:00 - 11/11/2022 20:00","CTA|SE","13792.00","13934.00"
"11/11/2022 20:00 - 11/11/2022 21:00","CTA|SE","12908.00","13321.00"
"11/11/2022 21:00 - 11/11/2022 22:00","CTA|SE","12054.00","12715.00"
"11/11/2022 22:00 - 11/11/2022 23:00","CTA|SE","11640.00","12147.00"
"11/11/2022 23:00 - 12/11/2022 00:00","CTA|SE","11013.00","11612.00"
"12/11/2022 00:00 - 12/11/2022 01:00","CTA|SE","11106.00","11327.00"
"12/11/2022 01:00 - 12/11/2022 02:00","CTA|SE","11207.00","11144.00"
"12/11/2022 02:00 - 12/11/2022 03:00","CTA|SE","10912.00","11063.00"
"12/11/2022 03:00 - 12/11/2022 04:00","CTA|SE","10724.00","11096.00"
"12/11/2022 04:00 - 12/11/2022 05:00","CTA|SE","10523.00","11260.00"
"12/11/2022 05:00 - 12/11/2022 06:00","CTA|SE","11084.00","11675.00"
"12/11/2022 06:00 - 12/11/2022 07:00","CTA|SE","11600.00","12186.00"
"12/11/2022 07:00 - 12/11/2022 08:00","CTA|SE","11878.00","12723.00"
"12/11/2022 08:00 - 12/11/2022 09:00","CTA|SE","12582.00","13266.00"
"12/11/2022 09:00 - 12/11/2022 10:00","CTA|SE","13190.00","13569.00"
"12/11/2022 10:00 - 12/11/2022 11:00","CTA|SE","13154.00","13658.00"
"12/11/2022 11:00 - 12/11/2022 12:00","CTA|SE","13004.00","13640.00"
"12/11/2022 12:00 - 12/11/2022 13:00","CTA|SE","13237.00","13589.00"
"12/11/2022 13:00 - 12/11/2022 14:00","CTA|SE","12993.00","13657.00"
"12/11/2022 14:00 - 12/11/2022 15:00","CTA|SE","13392.00","14030.00"
"12/11/2022 15:00 - 12/11/2022 16:00","CTA|SE","14455.00","14589.00"
"12/11/2022 16:00 - 12/11/2022 17:00","CTA|SE","14733.00","14763.00"
"12/11/2022 17:00 - 12/11/2022 18:00","CTA|SE","14367.00","14455.00"
"12/11/2022 18:00 - 12/11/2022 19:00","CTA|SE","14059.00","14009.00"
"12/11/2022 19:00 - 12/11/2022 20:00","CTA|SE","13763.00","13549.00"
"12/11/2022 20:00 - 12/11/2022 21:00","CTA|SE","13581.00","13051.00"
"12/11/2022 21:00 - 12/11/2022 22:00","CTA|SE","13077.00","12598.00"
"12/11/2022 22:00 - 12/11/2022 23:00","CTA|SE","12786.00","12167.00"
"12/11/2022 23:00 - 13/11/2022 00:00","CTA|SE","12454.00","12115.00"
"13/11/2022 00:00 - 13/11/2022 01:00","CTA|SE","12284.00","11931.00"
"13/11/2022 01:00 - 13/11/2022 02:00","CTA|SE","12427.00","11829.00"
"13/11/2022 02:00 - 13/11/2022 03:00","CTA|SE","12275.00","11779.00"
"13/11/2022 03:00 - 13/11/2022 04:00","CTA|SE","12105.00","11820.00"
"13/11/2022 04:00 - 13/11/2022 05:00","CTA|SE","12151.00","11992.00"
"13/11/2022 05:00 - 13/11/2022 06:00","CTA|SE","12309.00","12349.00"
"13/11/2022 06:00 - 13/11/2022 07:00","CTA|SE","12608.00","12755.00"
"13/11/2022 07:00 - 13/11/2022 08:00","CTA|SE","13012.00","13250.00"
"13/11/2022 08:00 - 13/11/2022 09:00","CTA|SE","14028.00","13791.00"
"13/11/2022 09:00 - 13/11/2022 10:00","CTA|SE","14570.00","14114.00"
"13/11/2022 10:00 - 13/11/2022 11:00","CTA|SE","14778.00","14321.00"
"13/11/2022 11:00 - 13/11/2022 12:00","CTA|SE","14788.00","14367.00"
"13/11/2022 12:00 - 13/11/2022 13:00","CTA|SE","14575.00","14404.00"
"13/11/2022 13:00 - 13/11/2022 14:00","CTA|SE","14556.00","14491.00"
"13/11/2022 14:00 - 13/11/2022 15:00","CTA|SE","14672.00","14842.00"
"13/11/2022 15:00 - 13/11/2022 16:00","CTA|SE","15348.00","15462.00"
"13/11/2022 16:00 - 13/11/2022 17:00","CTA|SE","15584.00","15772.00"
"13/11/2022 17:00 - 13/11/2022 18:00","CTA|SE","15266.00","15590.00"
"13/11/2022 18:00 - 13/11/2022 19:00","CTA|SE","14896.00","15278.00"
"13/11/2022 19:00 - 13/11/2022 20:00","CTA|SE","14529.00","14851.00"
"13/11/2022 20:00 - 13/11/2022 21:00","CTA|SE","14186.00","14327.00"
"13/11/2022 21:00 - 13/11/2022 22:00","CTA|SE","13569.00","13731.00"
"13/11/2022 22:00 - 13/11/2022 23:00","CTA|SE","13020.00","13211.00"
"13/11/2022 23:00 - 14/11/2022 00:00","CTA|SE","12833.00","12708.00"
"14/11/2022 00:00 - 14/11/2022 01:00","CTA|SE","12634.00","12535.00"
"14/11/2022 01:00 - 14/11/2022 02:00","CTA|SE","12569.00","12492.00"
"14/11/2022 02:00 - 14/11/2022 03:00","CTA|SE","12503.00","12559.00"
"14/11/2022 03:00 - 14/11/2022 04:00","CTA|SE","12612.00","12768.00"
"14/11/2022 04:00 - 14/11/2022 05:00","CTA|SE","13421.00","13434.00"
"14/11/2022 05:00 - 14/11/2022 06:00","CTA|SE","14900.00","14916.00"
"14/11/2022 06:00 - 14/11/2022 07:00","CTA|SE","16286.00","16156.00"
"14/11/2022 07:00 - 14/11/2022 08:00","CTA|SE","16523.00","16485.00"
"14/11/2022 08:00 - 14/11/2022 09:00","CTA|SE","16130.00","16479.00"
"14/11/2022 09:00 - 14/11/2022 10:00","CTA|SE","15703.00","16527.00"
"14/11/2022 10:00 - 14/11/2022 11:00","CTA|SE","15546.00","16492.00"
"14/11/2022 11:00 - 14/11/2022 12:00","CTA|SE","15801.00","16449.00"
"14/11/2022 12:00 - 14/11/2022 13:00","CTA|SE","15881.00","16384.00"
"14/11/2022 13:00 - 14/11/2022 14:00","CTA|SE","16453.00","16443.00"
"14/11/2022 14:00 - 14/11/2022 15:00","CTA|SE","16615.00","16713.00"
"14/11/2022 15:00 - 14/11/2022 16:00","CTA|SE","16740.00","17016.00"
"14/11/2022 16:00 - 14/11/2022 17:00","CTA|SE","16588.00","17217.00"
"14/11/2022 17:00 - 14/11/2022 18:00","CTA|SE","16304.00","16863.00"
"14/11/2022 18:00 - 14/11/2022 19:00","CTA|SE","15688.00","16439.00"
"14/11/2022 19:00 - 14/11/2022 20:00","CTA|SE","15147.00","15909.00"
"14/11/2022 20:00 - 14/11/2022 21:00","CTA|SE","14937.00","15283.00"
"14/11/2022 21:00 - 14/11/2022 22:00","CTA|SE","14300.00","14546.00"
"14/11/2022 22:00 - 14/11/2022 23:00","CTA|SE","13479.00","13847.00"
"14/11/2022 23:00 - 15/11/2022 00:00","CTA|SE","13382.00","13631.00"
"15/11/2022 00:00 - 15/11/2022 01:00","CTA|SE","12708.00","13393.00"
"15/11/2022 01:00 - 15/11/2022 02:00","CTA|SE","12497.00","13328.00"
"15/11/2022 02:00 - 15/11/2022 03:00","CTA|SE","12753.00","13389.00"
"15/11/2022 03:00 - 15/11/2022 04:00","CTA|SE","12687.00","13597.00"
"15/11/2022 04:00 - 15/11/2022 05:00","CTA|SE","13157.00","14276.00"
"15/11/2022 05:00 - 15/11/2022 06:00","CTA|SE","14889.00","15742.00"
"15/11/2022 06:00 - 15/11/2022 07:00","CTA|SE","16317.00","16928.00"
"15/11/2022 07:00 - 15/11/2022 08:00","CTA|SE","16098.00","17221.00"
"15/11/2022 08:00 - 15/11/2022 09:00","CTA|SE","16074.00","17237.00"
"15/11/2022 09:00 - 15/11/2022 10:00","CTA|SE","16647.00","17316.00"
"15/11/2022 10:00 - 15/11/2022 11:00","CTA|SE","16783.00","17346.00"
"15/11/2022 11:00 - 15/11/2022 12:00","CTA|SE","16943.00","17352.00"
"15/11/2022 12:00 - 15/11/2022 13:00","CTA|SE","16837.00","17327.00"
"15/11/2022 13:00 - 15/11/2022 14:00","CTA|SE","16953.00","17435.00"
"15/11/2022 14:00 - 15/11/2022 15:00","CTA|SE","17500.00","17772.00"
"15/11/2022 15:00 - 15/11/2022 16:00","CTA|SE","18121.00","18059.00"
"15/11/2022 16:00 - 15/11/2022 17:00","CTA|SE","18290.00","18200.00"
"15/11/2022 17:00 - 15/11/2022 18:00","CTA|SE","17686.00","17844.00"
"15/11/2022 18:00 - 15/11/2022 19:00","CTA|SE","17024.00","17439.00"
"15/11/2022 19:00 - 15/11/2022 20:00","CTA|SE","16769.00","16935.00"
"15/11/2022 20:00 - 15/11/2022 21:00","CTA|SE","15985.00","16286.00"
"15/11/2022 21:00 - 15/11/2022 22:00","CTA|SE","15303.00","15527.00"
"15/11/2022 22:00 - 15/11/2022 23:00","CTA|SE","14525.00","14819.00"
"15/11/2022 23:00 - 16/11/2022 00:00","CTA|SE","13730.00","14155.00"
"16/11/2022 00:00 - 16/11/2022 01:00","CTA|SE","13435.00","13940.00"
"16/11/2022 01:00 - 16/11/2022 02:00","CTA|SE","13441.00","13884.00"
"16/11/2022 02:00 - 16/11/2022 03:00","CTA|SE","13339.00","13937.00"
"16/11/2022 03:00 - 16/11/2022 04:00","CTA|SE","13356.00","14146.00"
"16/11/2022 04:00 - 16/11/2022 05:00","CTA|SE","13810.00","14778.00"
"16/11/2022 05:00 - 16/11/2022 06:00","CTA|SE","15450.00","16104.00"
"16/11/2022 06:00 - 16/11/2022 07:00","CTA|SE","16802.00","17214.00"
"16/11/2022 07:00 - 16/11/2022 08:00","CTA|SE","17295.00","17475.00"
"16/11/2022 08:00 - 16/11/2022 09:00","CTA|SE","17703.00","17477.00"
"16/11/2022 09:00 - 16/11/2022 10:00","CTA|SE","17718.00","17537.00"
"16/11/2022 10:00 - 16/11/2022 11:00","CTA|SE","17833.00","17559.00"
"16/11/2022 11:00 - 16/11/2022 12:00","CTA|SE","17668.00","17554.00"
"16/11/2022 12:00 - 16/11/2022 13:00","CTA|SE","17401.00","17522.00"
"16/11/2022 13:00 - 16/11/2022 14:00","CTA|SE","17470.00","17601.00"
"16/11/2022 14:00 - 16/11/2022 15:00","CTA|SE","17802.00","17904.00"
"16/11/2022 15:00 - 16/11/2022 16:00","CTA|SE","18248.00","18161.00"
"16/11/2022 16:00 - 16/11/2022 17:00","CTA|SE","18523.00","18282.00"
"16/11/2022 17:00 - 16/11/2022 18:00","CTA|SE","18072.00","17961.00"
"16/11/2022 18:00 - 16/11/2022 19:00","CTA|SE","17539.00","17602.00"
"16/11/2022 19:00 - 16/11/2022 20:00","CTA|SE","17267.00","17150.00"
"16/11/2022 20:00 - 16/11/2022 21:00","CTA|SE","16545.00","16582.00"
"16/11/2022 21:00 - 16/11/2022 22:00","CTA|SE","15642.00","15898.00"
"16/11/2022 22:00 - 16/11/2022 23:00","CTA|SE","15241.00","15250.00"
"16/11/2022 23:00 - 17/11/2022 00:00","CTA|SE","14630.00","14666.00"
"17/11/2022 00:00 - 17/11/2022 01:00","CTA|SE","14098.00","14439.00"
"17/11/2022 01:00 - 17/11/2022 02:00","CTA|SE","14286.00","14365.00"
"17/11/2022 02:00 - 17/11/2022 03:00","CTA|SE","14229.00","14392.00"
"17/11/2022 03:00 - 17/11/2022 04:00","CTA|SE","14271.00","14587.00"
"17/11/2022 04:00 - 17/11/2022 05:00","CTA|SE","14948.00","15207.00"
"17/11/2022 05:00 - 17/11/2022 06:00","CTA|SE","16764.00","16560.00"
"17/11/2022 06:00 - 17/11/2022 07:00","CTA|SE","18137.00","17680.00"
"17/11/2022 07:00 - 17/11/2022 08:00","CTA|SE","18198.00","17932.00"
"17/11/2022 08:00 - 17/11/2022 09:00","CTA|SE","18197.00","17942.00"
"17/11/2022 09:00 - 17/11/2022 10:00","CTA|SE","18208.00","18013.00"
"17/11/2022 10:00 - 17/11/2022 11:00","CTA|SE","18401.00","18032.00"
"17/11/2022 11:00 - 17/11/2022 12:00","CTA|SE","18223.00","18011.00"
"17/11/2022 12:00 - 17/11/2022 13:00","CTA|SE","17871.00","17934.00"
"17/11/2022 13:00 - 17/11/2022 14:00","CTA|SE","17939.00","17977.00"
"17/11/2022 14:00 - 17/11/2022 15:00","CTA|SE","18408.00","18287.00"
"17/11/2022 15:00 - 17/11/2022 16:00","CTA|SE","18817.00","18557.00"
"17/11/2022 16:00 - 17/11/2022 17:00","CTA|SE","19085.00","18678.00"
"17/11/2022 17:00 - 17/11/2022 18:00","CTA|SE","18633.00","18353.00"
"17/11/2022 18:00 - 17/11/2022 19:00","CTA|SE","18282.00","17992.00"
"17/11/2022 19:00 - 17/11/2022 20:00","CTA|SE","17793.00","17530.00"
"17/11/2022 20:00 - 17/11/2022 21:00","CTA|SE","17331.00","16946.00"
"17/11/2022 21:00 - 17/11/2022 22:00","CTA|SE","16455.00","16247.00"
"17/11/2022 22:00 - 17/11/2022 23:00","CTA|SE","15855.00","15580.00"
"17/11/2022 23:00 - 18/11/2022 00:00","CTA|SE","15000.00","15073.00"
"18/11/2022 00:00 - 18/11/2022 01:00","CTA|SE","14662.00","14776.00"
"18/11/2022 01:00 - 18/11/2022 02:00","CTA|SE","14547.00","14643.00"
"18/11/2022 02:00 - 18/11/2022 03:00","CTA|SE","14605.00","14651.00"
"18/11/2022 03:00 - 18/11/2022 04:00","CTA|SE","14929.00","14835.00"
"18/11/2022 04:00 - 18/11/2022 05:00","CTA|SE","15366.00","15463.00"
"18/11/2022 05:00 - 18/11/2022 06:00","CTA|SE","17139.00","16933.00"
"18/11/2022 06:00 - 18/11/2022 07:00","CTA|SE","18610.00","18245.00"
"18/11/2022 07:00 - 18/11/2022 08:00","CTA|SE","18513.00","18543.00"
"18/11/2022 08:00 - 18/11/2022 09:00","CTA|SE","18588.00","18558.00"
"18/11/2022 09:00 - 18/11/2022 10:00","CTA|SE","18581.00","18544.00"
"18/11/2022 10:00 - 18/11/2022 11:00","CTA|SE","18380.00","18472.00"
"18/11/2022 11:00 - 18/11/2022 12:00","CTA|SE","18362.00","18356.00"
"18/11/2022 12:00 - 18/11/2022 13:00","CTA|SE","18132.00","18149.00"
"18/11/2022 13:00 - 18/11/2022 14:00","CTA|SE","18325.00","18119.00"
"18/11/2022 14:00 - 18/11/2022 15:00","CTA|SE","18434.00","18374.00"
"18/11/2022 15:00 - 18/11/2022 16:00","CTA|SE","18996.00","18730.00"
"18/11/2022 16:00 - 18/11/2022 17:00","CTA|SE","18905.00","18830.00"
"18/11/2022 17:00 - 18/11/2022 18:00","CTA|SE","18550.00","18441.00"
"18/11/2022 18:00 - 18/11/2022 19:00","CTA|SE","18103.00","17924.00"
"18/11/2022 19:00 - 18/11/2022 20:00","CTA|SE","17458.00","17337.00"
"18/11/2022 20:00 - 18/11/2022 21:00","CTA|SE","16788.00","16765.00"
"18/11/2022 21:00 - 18/11/2022 22:00","CTA|SE","16342.00","16202.00"
"18/11/2022 22:00 - 18/11/2022 23:00","CTA|SE","15832.00","15665.00"
"18/11/2022 23:00 - 19/11/2022 00:00","CTA|SE","15424.00","15186.00"
"19/11/2022 00:00 - 19/11/2022 01:00","CTA|SE","15021.00","14912.00"
"19/11/2022 01:00 - 19/11/2022 02:00","CTA|SE","14735.00","14792.00"
"19/11/2022 02:00 - 19/11/2022 03:00","CTA|SE","14619.00","14746.00"
"19/11/2022 03:00 - 19/11/2022 04:00","CTA|SE","14534.00","14816.00"
"19/11/2022 04:00 - 19/11/2022 05:00","CTA|SE","14793.00","15022.00"
"19/11/2022 05:00 - 19/11/2022 06:00","CTA|SE","15199.00","15490.00"
"19/11/2022 06:00 - 19/11/2022 07:00","CTA|SE","15834.00","16040.00"
"19/11/2022 07:00 - 19/11/2022 08:00","CTA|SE","16328.00","16590.00"
"19/11/2022 08:00 - 19/11/2022 09:00","CTA|SE","17014.00","17148.00"
"19/11/2022 09:00 - 19/11/2022 10:00","CTA|SE","17466.00","17505.00"
"19/11/2022 10:00 - 19/11/2022 11:00","CTA|SE","17542.00","17654.00"
"19/11/2022 11:00 - 19/11/2022 12:00","CTA|SE","17596.00","17695.00"
"19/11/2022 12:00 - 19/11/2022 13:00","CTA|SE","17554.00","17647.00"
"19/11/2022 13:00 - 19/11/2022 14:00","CTA|SE","17711.00","17668.00"
"19/11/2022 14:00 - 19/11/2022 15:00","CTA|SE","17894.00","17941.00"
"19/11/2022 15:00 - 19/11/2022 16:00","CTA|SE","18258.00","18355.00"
"19/11/2022 16:00 - 19/11/2022 17:00","CTA|SE","18384.00","18433.00"
"19/11/2022 17:00 - 19/11/2022 18:00","CTA|SE","18080.00","18085.00"
"19/11/2022 18:00 - 19/11/2022 19:00","CTA|SE","17816.00","17621.00"
"19/11/2022 19:00 - 19/11/2022 20:00","CTA|SE","17399.00","17108.00"
"19/11/2022 20:00 - 19/11/2022 21:00","CTA|SE","16819.00","16570.00"
"19/11/2022 21:00 - 19/11/2022 22:00","CTA|SE","16396.00","16061.00"
"19/11/2022 22:00 - 19/11/2022 23:00","CTA|SE","16031.00","15572.00"
"19/11/2022 23:00 - 20/11/2022 00:00","CTA|SE","15556.00","15035.00"
"20/11/2022 00:00 - 20/11/2022 01:00","CTA|SE","15384.00","14778.00"
"20/11/2022 01:00 - 20/11/2022 02:00","CTA|SE","15401.00","14646.00"
"20/11/2022 02:00 - 20/11/2022 03:00","CTA|SE","15243.00","14557.00"
"20/11/2022 03:00 - 20/11/2022 04:00","CTA|SE","15317.00","14575.00"
"20/11/2022 04:00 - 20/11/2022 05:00","CTA|SE","15523.00","14719.00"
"20/11/2022 05:00 - 20/11/2022 06:00","CTA|SE","16080.00","15063.00"
"20/11/2022 06:00 - 20/11/2022 07:00","CTA|SE","16507.00","15482.00"
"20/11/2022 07:00 - 20/11/2022 08:00","CTA|SE","16895.00","15976.00"
"20/11/2022 08:00 - 20/11/2022 09:00","CTA|SE","17548.00","16567.00"
"20/11/2022 09:00 - 20/11/2022 10:00","CTA|SE","17993.00","16989.00"
"20/11/2022 10:00 - 20/11/2022 11:00","CTA|SE","18215.00","17262.00"
"20/11/2022 11:00 - 20/11/2022 12:00","CTA|SE","18490.00","17340.00"
"20/11/2022 12:00 - 20/11/2022 13:00","CTA|SE","18285.00","17393.00"
"20/11/2022 13:00 - 20/11/2022 14:00","CTA|SE","18452.00","17463.00"
"20/11/2022 14:00 - 20/11/2022 15:00","CTA|SE","18867.00","17784.00"
"20/11/2022 15:00 - 20/11/2022 16:00","CTA|SE","19513.00","18285.00"
"20/11/2022 16:00 - 20/11/2022 17:00","CTA|SE","19771.00","18511.00"
"20/11/2022 17:00 - 20/11/2022 18:00","CTA|SE","19421.00","18318.00"
"20/11/2022 18:00 - 20/11/2022 19:00","CTA|SE","18968.00","17995.00"
"20/11/2022 19:00 - 20/11/2022 20:00","CTA|SE","18609.00","17562.00"
"20/11/2022 20:00 - 20/11/2022 21:00","CTA|SE","18124.00","16990.00"
"20/11/2022 21:00 - 20/11/2022 22:00","CTA|SE","17618.00","16248.00"
"20/11/2022 22:00 - 20/11/2022 23:00","CTA|SE","16931.00","15642.00"
"20/11/2022 23:00 - 21/11/2022 00:00","CTA|SE","16549.00","15170.00"
"21/11/2022 00:00 - 21/11/2022 01:00","CTA|SE","16277.00","14977.00"
"21/11/2022 01:00 - 21/11/2022 02:00","CTA|SE","16040.00","14918.00"
"21/11/2022 02:00 - 21/11/2022 03:00","CTA|SE","15856.00","14971.00"
"21/11/2022 03:00 - 21/11/2022 04:00","CTA|SE","16139.00","15205.00"
"21/11/2022 04:00 - 21/11/2022 05:00","CTA|SE","16782.00","15923.00"
"21/11/2022 05:00 - 21/11/2022 06:00","CTA|SE","18332.00","17460.00"
"21/11/2022 06:00 - 21/11/2022 07:00","CTA|SE","19751.00","18774.00"
"21/11/2022 07:00 - 21/11/2022 08:00","CTA|SE","19970.00","19098.00"
"21/11/2022 08:00 - 21/11/2022 09:00","CTA|SE","19992.00","19061.00"
"21/11/2022 09:00 - 21/11/2022 10:00","CTA|SE","20135.00","19092.00"
"21/11/2022 10:00 - 21/11/2022 11:00","CTA|SE","20001.00","19069.00"
"21/11/2022 11:00 - 21/11/2022 12:00","CTA|SE","20038.00","19053.00"
"21/11/2022 12:00 - 21/11/2022 13:00","CTA|SE","19875.00","18993.00"
"21/11/2022 13:00 - 21/11/2022 14:00","CTA|SE","19966.00","19047.00"
"21/11/2022 14:00 - 21/11/2022 15:00","CTA|SE","20296.00","19324.00"
"21/11/2022 15:00 - 21/11/2022 16:00","CTA|SE","20378.00","19578.00"
"21/11/2022 16:00 - 21/11/2022 17:00","CTA|SE","20635.00","19725.00"
"21/11/2022 17:00 - 21/11/2022 18:00","CTA|SE","20149.00","19328.00"
"21/11/2022 18:00 - 21/11/2022 19:00","CTA|SE","19722.00","18851.00"
"21/11/2022 19:00 - 21/11/2022 20:00","CTA|SE","19188.00","18262.00"
"21/11/2022 20:00 - 21/11/2022 21:00","CTA|SE","18455.00","17583.00"
"21/11/2022 21:00 - 21/11/2022 22:00","CTA|SE","17642.00","16774.00"
"21/11/2022 22:00 - 21/11/2022 23:00","CTA|SE","17040.00","15993.00"
"21/11/2022 23:00 - 22/11/2022 00:00","CTA|SE","16469.00","15470.00"
"22/11/2022 00:00 - 22/11/2022 01:00","CTA|SE","16064.00","15160.00"
"22/11/2022 01:00 - 22/11/2022 02:00","CTA|SE","15906.00","15026.00"
"22/11/2022 02:00 - 22/11/2022 03:00","CTA|SE","15958.00","15020.00"
"22/11/2022 03:00 - 22/11/2022 04:00","CTA|SE","16024.00","15200.00"
"22/11/2022 04:00 - 22/11/2022 05:00","CTA|SE","16555.00","15884.00"
"22/11/2022 05:00 - 22/11/2022 06:00","CTA|SE","18206.00","17417.00"
"22/11/2022 06:00 - 22/11/2022 07:00","CTA|SE","19465.00","18709.00"
"22/11/2022 07:00 - 22/11/2022 08:00","CTA|SE","19460.00","18986.00"
"22/11/2022 08:00 - 22/11/2022 09:00","CTA|SE","19617.00","18971.00"
"22/11/2022 09:00 - 22/11/2022 10:00","CTA|SE","19756.00","19028.00"
"22/11/2022 10:00 - 22/11/2022 11:00","CTA|SE","19660.00","18980.00"
"22/11/2022 11:00 - 22/11/2022 12:00","CTA|SE","19591.00","18892.00"
"22/11/2022 12:00 - 22/11/2022 13:00","CTA|SE","19298.00","18783.00"
"22/11/2022 13:00 - 22/11/2022 14:00","CTA|SE","19245.00","18843.00"
"22/11/2022 14:00 - 22/11/2022 15:00","CTA|SE","19745.00","19199.00"
"22/11/2022 15:00 - 22/11/2022 16:00","CTA|SE","19999.00","19428.00"
"22/11/2022 16:00 - 22/11/2022 17:00","CTA|SE","20055.00","19505.00"
"22/11/2022 17:00 - 22/11/2022 18:00","CTA|SE","19717.00","19097.00"
"22/11/2022 18:00 - 22/11/2022 19:00","CTA|SE","19472.00","18629.00"
"22/11/2022 19:00 - 22/11/2022 20:00","CTA|SE","18918.00","18054.00"
"22/11/2022 20:00 - 22/11/2022 21:00","CTA|SE","17948.00","17324.00"
"22/11/2022 21:00 - 22/11/2022 22:00","CTA|SE","16946.00","16470.00"
"22/11/2022 22:00 - 22/11/2022 23:00","CTA|SE","16275.00","15661.00"
"22/11/2022 23:00 - 23/11/2022 00:00","CTA|SE","15728.00","15165.00"
"23/11/2022 00:00 - 23/11/2022 01:00","CTA|SE","15389.00","14830.00"
"23/11/2022 01:00 - 23/11/2022 02:00","CTA|SE","15446.00","14699.00"
"23/11/2022 02:00 - 23/11/2022 03:00","CTA|SE","15567.00","14694.00"
"23/11/2022 03:00 - 23/11/2022 04:00","CTA|SE","15802.00","14872.00"
"23/11/2022 04:00 - 23/11/2022 05:00","CTA|SE","16430.00","15572.00"
"23/11/2022 05:00 - 23/11/2022 06:00","CTA|SE","18067.00","17183.00"
"23/11/2022 06:00 - 23/11/2022 07:00","CTA|SE","19465.00","18545.00"
"23/11/2022 07:00 - 23/11/2022 08:00","CTA|SE","19761.00","18824.00"
"23/11/2022 08:00 - 23/11/2022 09:00","CTA|SE","20015.00","18823.00"
"23/11/2022 09:00 - 23/11/2022 10:00","CTA|SE","19820.00","18945.00"
"23/11/2022 10:00 - 23/11/2022 11:00","CTA|SE","19764.00","19005.00"
"23/11/2022 11:00 - 23/11/2022 12:00","CTA|SE","19710.00","19003.00"
"23/11/2022 12:00 - 23/11/2022 13:00","CTA|SE","19599.00","18900.00"
"23/11/2022 13:00 - 23/11/2022 14:00","CTA|SE","19800.00","18934.00"
"23/11/2022 14:00 - 23/11/2022 15:00","CTA|SE","20111.00","19220.00"
"23/11/2022 15:00 - 23/11/2022 16:00","CTA|SE","20178.00","19420.00"
"23/11/2022 16:00 - 23/11/2022 17:00","CTA|SE","20380.00","19480.00"
"23/11/2022 17:00 - 23/11/2022 18:00","CTA|SE","19847.00","19045.00"
"23/11/2022 18:00 - 23/11/2022 19:00","CTA|SE","19465.00","18552.00"
"23/11/2022 19:00 - 23/11/2022 20:00","CTA|SE","18763.00","17956.00"
"23/11/2022 20:00 - 23/11/2022 21:00","CTA|SE","18058.00","17196.00"
"23/11/2022 21:00 - 23/11/2022 22:00","CTA|SE","17361.00","16297.00"
"23/11/2022 22:00 - 23/11/2022 23:00","CTA|SE","16833.00","15449.00"
"23/11/2022 23:00 - 24/11/2022 00:00","CTA|SE","15868.00","15127.00"
"24/11/2022 00:00 - 24/11/2022 01:00","CTA|SE","15351.00","14825.00"
"24/11/2022 01:00 - 24/11/2022 02:00","CTA|SE","15230.00","14703.00"
"24/11/2022 02:00 - 24/11/2022 03:00","CTA|SE","15293.00","14705.00"
"24/11/2022 03:00 - 24/11/2022 04:00","CTA|SE","15580.00","14883.00"
"24/11/2022 04:00 - 24/11/2022 05:00","CTA|SE","16311.00","15556.00"
"24/11/2022 05:00 - 24/11/2022 06:00","CTA|SE","17673.00","17071.00"
"24/11/2022 06:00 - 24/11/2022 07:00","CTA|SE","19103.00","18366.00"
"24/11/2022 07:00 - 24/11/2022 08:00","CTA|SE","19108.00","18621.00"
"24/11/2022 08:00 - 24/11/2022 09:00","CTA|SE","19266.00","18587.00"
"24/11/2022 09:00 - 24/11/2022 10:00","CTA|SE","19152.00","18681.00"
"24/11/2022 10:00 - 24/11/2022 11:00","CTA|SE","18982.00","18713.00"
"24/11/2022 11:00 - 24/11/2022 12:00","CTA|SE","18998.00","18699.00"
"24/11/2022 12:00 - 24/11/2022 13:00","CTA|SE","19117.00","18603.00"
"24/11/2022 13:00 - 24/11/2022 14:00","CTA|SE","19245.00","18635.00"
"24/11/2022 14:00 - 24/11/2022 15:00","CTA|SE","19504.00","18931.00"
"24/11/2022 15:00 - 24/11/2022 16:00","CTA|SE","19691.00","19131.00"
"24/11/2022 16:00 - 24/11/2022 17:00","CTA|SE","19630.00","19190.00"
"24/11/2022 17:00 - 24/11/2022 18:00","CTA|SE","19245.00","18795.00"
"24/11/2022 18:00 - 24/11/2022 19:00","CTA|SE","18793.00","18338.00"
"24/11/2022 19:00 - 24/11/2022 20:00","CTA|SE","18198.00","17786.00"
"24/11/2022 20:00 - 24/11/2022 21:00","CTA|SE","17369.00","17078.00"
"24/11/2022 21:00 - 24/11/2022 22:00","CTA|SE","16607.00","16240.00"
"24/11/2022 22:00 - 24/11/2022 23:00","CTA|SE","15796.00","15451.00"
"24/11/2022 23:00 - 25/11/2022 00:00","CTA|SE","15301.00","14985.00"
"25/11/2022 00:00 - 25/11/2022 01:00","CTA|SE","14936.00","14674.00"
"25/11/2022 01:00 - 25/11/2022 02:00","CTA|SE","14783.00","14561.00"
"25/11/2022 02:00 - 25/11/2022 03:00","CTA|SE","14771.00","14589.00"
"25/11/2022 03:00 - 25/11/2022 04:00","CTA|SE","14804.00","14796.00"
"25/11/2022 04:00 - 25/11/2022 05:00","CTA|SE","15366.00","15444.00"
"25/11/2022 05:00 - 25/11/2022 06:00","CTA|SE","16809.00","16968.00"
"25/11/2022 06:00 - 25/11/2022 07:00","CTA|SE","18324.00","18343.00"
"25/11/2022 07:00 - 25/11/2022 08:00","CTA|SE","18569.00","18657.00"
"25/11/2022 08:00 - 25/11/2022 09:00","CTA|SE","18611.00","18648.00"
"25/11/2022 09:00 - 25/11/2022 10:00","CTA|SE","18587.00","18648.00"
"25/11/2022 10:00 - 25/11/2022 11:00","CTA|SE","18377.00","18600.00"
"25/11/2022 11:00 - 25/11/2022 12:00","CTA|SE","18219.00","18482.00"
"25/11/2022 12:00 - 25/11/2022 13:00","CTA|SE","17969.00","18268.00"
"25/11/2022 13:00 - 25/11/2022 14:00","CTA|SE","17923.00","18227.00"
"25/11/2022 14:00 - 25/11/2022 15:00","CTA|SE","18204.00","18371.00"
"25/11/2022 15:00 - 25/11/2022 16:00","CTA|SE","18173.00","18567.00"
"25/11/2022 16:00 - 25/11/2022 17:00","CTA|SE","18334.00","18574.00"
"25/11/2022 17:00 - 25/11/2022 18:00","CTA|SE","17935.00","18119.00"
"25/11/2022 18:00 - 25/11/2022 19:00","CTA|SE","17354.00","17528.00"
"25/11/2022 19:00 - 25/11/2022 20:00","CTA|SE","16795.00","16870.00"
"25/11/2022 20:00 - 25/11/2022 21:00","CTA|SE","16262.00","16221.00"
"25/11/2022 21:00 - 25/11/2022 22:00","CTA|SE","15779.00","15596.00"
"25/11/2022 22:00 - 25/11/2022 23:00","CTA|SE","15242.00","15003.00"
"25/11/2022 23:00 - 26/11/2022 00:00","CTA|SE","15002.00","14548.00"
"26/11/2022 00:00 - 26/11/2022 01:00","CTA|SE","14589.00","14250.00"
"26/11/2022 01:00 - 26/11/2022 02:00","CTA|SE","14382.00","14089.00"
"26/11/2022 02:00 - 26/11/2022 03:00","CTA|SE","14166.00","14014.00"
"26/11/2022 03:00 - 26/11/2022 04:00","CTA|SE","14028.00","14045.00"
"26/11/2022 04:00 - 26/11/2022 05:00","CTA|SE","14248.00","14211.00"
"26/11/2022 05:00 - 26/11/2022 06:00","CTA|SE","14743.00","14657.00"
"26/11/2022 06:00 - 26/11/2022 07:00","CTA|SE","15183.00","15192.00"
"26/11/2022 07:00 - 26/11/2022 08:00","CTA|SE","15711.00","15738.00"
"26/11/2022 08:00 - 26/11/2022 09:00","CTA|SE","16503.00","16288.00"
"26/11/2022 09:00 - 26/11/2022 10:00","CTA|SE","16176.00","16649.00"
"26/11/2022 10:00 - 26/11/2022 11:00","CTA|SE","16512.00","16804.00"
"26/11/2022 11:00 - 26/11/2022 12:00","CTA|SE","16476.00","16808.00"
"26/11/2022 12:00 - 26/11/2022 13:00","CTA|SE","16396.00","16727.00"
"26/11/2022 13:00 - 26/11/2022 14:00","CTA|SE","16743.00","16730.00"
"26/11/2022 14:00 - 26/11/2022 15:00","CTA|SE","16951.00","16988.00"
"26/11/2022 15:00 - 26/11/2022 16:00","CTA|SE","17363.00","17364.00"
"26/11/2022 16:00 - 26/11/2022 17:00","CTA|SE","17603.00","17462.00"
"26/11/2022 17:00 - 26/11/2022 18:00","CTA|SE","17524.00","17152.00"
"26/11/2022 18:00 - 26/11/2022 19:00","CTA|SE","17095.00","16720.00"
"26/11/2022 19:00 - 26/11/2022 20:00","CTA|SE","16705.00","16215.00"
"26/11/2022 20:00 - 26/11/2022 21:00","CTA|SE","16187.00","15698.00"
"26/11/2022 21:00 - 26/11/2022 22:00","CTA|SE","15533.00","15208.00"
"26/11/2022 22:00 - 26/11/2022 23:00","CTA|SE","15217.00","14736.00"
"26/11/2022 23:00 - 27/11/2022 00:00","CTA|SE","14866.00","14179.00"
"27/11/2022 00:00 - 27/11/2022 01:00","CTA|SE","14356.00","13937.00"
"27/11/2022 01:00 - 27/11/2022 02:00","CTA|SE","14234.00","13807.00"
"27/11/2022 02:00 - 27/11/2022 03:00","CTA|SE","14281.00","13735.00"
"27/11/2022 03:00 - 27/11/2022 04:00","CTA|SE","14392.00","13764.00"
"27/11/2022 04:00 - 27/11/2022 05:00","CTA|SE","14566.00","13913.00"
"27/11/2022 05:00 - 27/11/2022 06:00","CTA|SE","14885.00","14256.00"
"27/11/2022 06:00 - 27/11/2022 07:00","CTA|SE","15627.00","14706.00"
"27/11/2022 07:00 - 27/11/2022 08:00","CTA|SE","16196.00","15202.00"
"27/11/2022 08:00 - 27/11/2022 09:00","CTA|SE","16609.00","15779.00"
"27/11/2022 09:00 - 27/11/2022 10:00","CTA|SE","16973.00","16210.00"
"27/11/2022 10:00 - 27/11/2022 11:00","CTA|SE","17265.00","16496.00"
"27/11/2022 11:00 - 27/11/2022 12:00","CTA|SE","17519.00","16583.00"
"27/11/2022 12:00 - 27/11/2022 13:00","CTA|SE","17574.00","16614.00"
"27/11/2022 13:00 - 27/11/2022 14:00","CTA|SE","17641.00","16698.00"
"27/11/2022 14:00 - 27/11/2022 15:00","CTA|SE","17930.00","17041.00"
"27/11/2022 15:00 - 27/11/2022 16:00","CTA|SE","18251.00","17468.00"
"27/11/2022 16:00 - 27/11/2022 17:00","CTA|SE","18297.00","17651.00"
"27/11/2022 17:00 - 27/11/2022 18:00","CTA|SE","17845.00","17442.00"
"27/11/2022 18:00 - 27/11/2022 19:00","CTA|SE","17554.00","17096.00"
"27/11/2022 19:00 - 27/11/2022 20:00","CTA|SE","17402.00","16648.00"
"27/11/2022 20:00 - 27/11/2022 21:00","CTA|SE","16881.00","16074.00"
"27/11/2022 21:00 - 27/11/2022 22:00","CTA|SE","16010.00","15430.00"
"27/11/2022 22:00 - 27/11/2022 23:00","CTA|SE","15538.00","14814.00"
"27/11/2022 23:00 - 28/11/2022 00:00","CTA|SE","14836.00","14573.00"
"28/11/2022 00:00 - 28/11/2022 01:00","CTA|SE","14547.00","14372.00"
"28/11/2022 01:00 - 28/11/2022 02:00","CTA|SE","14345.00","14297.00"
"28/11/2022 02:00 - 28/11/2022 03:00","CTA|SE","14234.00","14315.00"
"28/11/2022 03:00 - 28/11/2022 04:00","CTA|SE","14181.00","14513.00"
"28/11/2022 04:00 - 28/11/2022 05:00","CTA|SE","14936.00","15177.00"
"28/11/2022 05:00 - 28/11/2022 06:00","CTA|SE","16615.00","16659.00"
"28/11/2022 06:00 - 28/11/2022 07:00","CTA|SE","17911.00","17941.00"
"28/11/2022 07:00 - 28/11/2022 08:00","CTA|SE","18321.00","18266.00"
"28/11/2022 08:00 - 28/11/2022 09:00","CTA|SE","18502.00","18249.00"
"28/11/2022 09:00 - 28/11/2022 10:00","CTA|SE","18620.00","18312.00"
"28/11/2022 10:00 - 28/11/2022 11:00","CTA|SE","18509.00","18337.00"
"28/11/2022 11:00 - 28/11/2022 12:00","CTA|SE","18545.00","18366.00"
"28/11/2022 12:00 - 28/11/2022 13:00","CTA|SE","18555.00","18281.00"
"28/11/2022 13:00 - 28/11/2022 14:00","CTA|SE","18653.00","18307.00"
"28/11/2022 14:00 - 28/11/2022 15:00","CTA|SE","18811.00","18570.00"
"28/11/2022 15:00 - 28/11/2022 16:00","CTA|SE","18947.00","18722.00"
"28/11/2022 16:00 - 28/11/2022 17:00","CTA|SE","19035.00","18819.00"
"28/11/2022 17:00 - 28/11/2022 18:00","CTA|SE","18805.00","18444.00"
"28/11/2022 18:00 - 28/11/2022 19:00","CTA|SE","18590.00","17986.00"
"28/11/2022 19:00 - 28/11/2022 20:00","CTA|SE","17908.00","17439.00"
"28/11/2022 20:00 - 28/11/2022 21:00","CTA|SE","17459.00","16777.00"
"28/11/2022 21:00 - 28/11/2022 22:00","CTA|SE","16598.00","15999.00"
"28/11/2022 22:00 - 28/11/2022 23:00","CTA|SE","15702.00","15255.00"
"28/11/2022 23:00 - 29/11/2022 00:00","CTA|SE","15365.00","14735.00"
"29/11/2022 00:00 - 29/11/2022 01:00","CTA|SE","14964.00","14467.00"
"29/11/2022 01:00 - 29/11/2022 02:00","CTA|SE","14573.00","14376.00"
"29/11/2022 02:00 - 29/11/2022 03:00","CTA|SE","14454.00","14409.00"
"29/11/2022 03:00 - 29/11/2022 04:00","CTA|SE","14623.00","14605.00"
"29/11/2022 04:00 - 29/11/2022 05:00","CTA|SE","15369.00","15249.00"
"29/11/2022 05:00 - 29/11/2022 06:00","CTA|SE","16974.00","16685.00"
"29/11/2022 06:00 - 29/11/2022 07:00","CTA|SE","18244.00","17922.00"
"29/11/2022 07:00 - 29/11/2022 08:00","CTA|SE","18419.00","18184.00"
"29/11/2022 08:00 - 29/11/2022 09:00","CTA|SE","18328.00","18165.00"
"29/11/2022 09:00 - 29/11/2022 10:00","CTA|SE","18405.00","18283.00"
"29/11/2022 10:00 - 29/11/2022 11:00","CTA|SE","18213.00","18329.00"
"29/11/2022 11:00 - 29/11/2022 12:00","CTA|SE","18184.00","18333.00"
"29/11/2022 12:00 - 29/11/2022 13:00","CTA|SE","18215.00","18247.00"
"29/11/2022 13:00 - 29/11/2022 14:00","CTA|SE","18262.00","18305.00"
"29/11/2022 14:00 - 29/11/2022 15:00","CTA|SE","18747.00","18618.00"
"29/11/2022 15:00 - 29/11/2022 16:00","CTA|SE","18900.00","18776.00"
"29/11/2022 16:00 - 29/11/2022 17:00","CTA|SE","18865.00","18820.00"
"29/11/2022 17:00 - 29/11/2022 18:00","CTA|SE","18528.00","18460.00"
"29/11/2022 18:00 - 29/11/2022 19:00","CTA|SE","18194.00","18047.00"
"29/11/2022 19:00 - 29/11/2022 20:00","CTA|SE","17733.00","17535.00"
"29/11/2022 20:00 - 29/11/2022 21:00","CTA|SE","17093.00","16885.00"
"29/11/2022 21:00 - 29/11/2022 22:00","CTA|SE","16283.00","16112.00"
"29/11/2022 22:00 - 29/11/2022 23:00","CTA|SE","15564.00","15386.00"
"29/11/2022 23:00 - 30/11/2022 00:00","CTA|SE","14947.00","14969.00"
"30/11/2022 00:00 - 30/11/2022 01:00","CTA|SE","14607.00","14684.00"
"30/11/2022 01:00 - 30/11/2022 02:00","CTA|SE","14406.00","14585.00"
"30/11/2022 02:00 - 30/11/2022 03:00","CTA|SE","14432.00","14614.00"
"30/11/2022 03:00 - 30/11/2022 04:00","CTA|SE","14632.00","14822.00"
"30/11/2022 04:00 - 30/11/2022 05:00","CTA|SE","15414.00","15496.00"
"30/11/2022 05:00 - 30/11/2022 06:00","CTA|SE","17023.00","16996.00"
"30/11/2022 06:00 - 30/11/2022 07:00","CTA|SE","18241.00","18307.00"
"30/11/2022 07:00 - 30/11/2022 08:00","CTA|SE","18339.00","18600.00"
"30/11/2022 08:00 - 30/11/2022 09:00","CTA|SE","18254.00","18585.00"
"30/11/2022 09:00 - 30/11/2022 10:00","CTA|SE","18267.00","18695.00"
"30/11/2022 10:00 - 30/11/2022 11:00","CTA|SE","18296.00","18725.00"
"30/11/2022 11:00 - 30/11/2022 12:00","CTA|SE","18253.00","18717.00"
"30/11/2022 12:00 - 30/11/2022 13:00","CTA|SE","18285.00","18641.00"
"30/11/2022 13:00 - 30/11/2022 14:00","CTA|SE","18422.00","18697.00"
"30/11/2022 14:00 - 30/11/2022 15:00","CTA|SE","19019.00","19029.00"
"30/11/2022 15:00 - 30/11/2022 16:00","CTA|SE","18955.00","19184.00"
"30/11/2022 16:00 - 30/11/2022 17:00","CTA|SE","19068.00","19237.00"
"30/11/2022 17:00 - 30/11/2022 18:00","CTA|SE","18727.00","18873.00"
"30/11/2022 18:00 - 30/11/2022 19:00","CTA|SE","18357.00","18456.00"
"30/11/2022 19:00 - 30/11/2022 20:00","CTA|SE","17897.00","17936.00"
"30/11/2022 20:00 - 30/11/2022 21:00","CTA|SE","17235.00","17270.00"
"30/11/2022 21:00 - 30/11/2022 22:00","CTA|SE","16432.00","16465.00"
"30/11/2022 22:00 - 30/11/2022 23:00","CTA|SE","15849.00","15703.00"
"30/11/2022 23:00 - 01/12/2022 00:00","CTA|SE","15239.00","15000.00"
"01/12/2022 00:00 - 01/12/2022 01:00","CTA|SE","14854.00","14727.00"
"01/12/2022 01:00 - 01/12/2022 02:00","CTA|SE","14626.00","14633.00"
"01/12/2022 02:00 - 01/12/2022 03:00","CTA|SE","14601.00","14669.00"
"01/12/2022 03:00 - 01/12/2022 04:00","CTA|SE","14722.00","14879.00"
"01/12/2022 04:00 - 01/12/2022 05:00","CTA|SE","15469.00","15549.00"
"01/12/2022 05:00 - 01/12/2022 06:00","CTA|SE","16936.00","17028.00"
"01/12/2022 06:00 - 01/12/2022 07:00","CTA|SE","18147.00","18309.00"
"01/12/2022 07:00 - 01/12/2022 08:00","CTA|SE","18635.00","18600.00"
"01/12/2022 08:00 - 01/12/2022 09:00","CTA|SE","18630.00","18577.00"
"01/12/2022 09:00 - 01/12/2022 10:00","CTA|SE","18709.00","18686.00"
"01/12/2022 10:00 - 01/12/2022 11:00","CTA|SE","18876.00","18722.00"
"01/12/2022 11:00 - 01/12/2022 12:00","CTA|SE","18843.00","18733.00"
"01/12/2022 12:00 - 01/12/2022 13:00","CTA|SE","18743.00","18660.00"
"01/12/2022 13:00 - 01/12/2022 14:00","CTA|SE","18620.00","18701.00"
"01/12/2022 14:00 - 01/12/2022 15:00","CTA|SE","19064.00","19008.00"
"01/12/2022 15:00 - 01/12/2022 16:00","CTA|SE","19196.00","19139.00"
"01/12/2022 16:00 - 01/12/2022 17:00","CTA|SE","19024.00","19178.00"
"01/12/2022 17:00 - 01/12/2022 18:00","CTA|SE","18538.00","18812.00"
"01/12/2022 18:00 - 01/12/2022 19:00","CTA|SE","18139.00","18389.00"
"01/12/2022 19:00 - 01/12/2022 20:00","CTA|SE","17656.00","17871.00"
"01/12/2022 20:00 - 01/12/2022 21:00","CTA|SE","16977.00","17217.00"
"01/12/2022 21:00 - 01/12/2022 22:00","CTA|SE","16219.00","16430.00"
"01/12/2022 22:00 - 01/12/2022 23:00","CTA|SE","15559.00","15682.00"
"01/12/2022 23:00 - 02/12/2022 00:00","CTA|SE","15135.00","15050.00"
"02/12/2022 00:00 - 02/12/2022 01:00","CTA|SE","14800.00","14754.00"
"02/12/2022 01:00 - 02/12/2022 02:00","CTA|SE","14647.00","14640.00"
"02/12/2022 02:00 - 02/12/2022 03:00","CTA|SE","14536.00","14681.00"
"02/12/2022 03:00 - 02/12/2022 04:00","CTA|SE","14759.00","14891.00"
"02/12/2022 04:00 - 02/12/2022 05:00","CTA|SE","15476.00","15538.00"
"02/12/2022 05:00 - 02/12/2022 06:00","CTA|SE","17073.00","17053.00"
"02/12/2022 06:00 - 02/12/2022 07:00","CTA|SE","18561.00","18437.00"
"02/12/2022 07:00 - 02/12/2022 08:00","CTA|SE","18929.00","18802.00"
"02/12/2022 08:00 - 02/12/2022 09:00","CTA|SE","19034.00","18809.00"
"02/12/2022 09:00 - 02/12/2022 10:00","CTA|SE","19256.00","18894.00"
"02/12/2022 10:00 - 02/12/2022 11:00","CTA|SE","19075.00","18896.00"
"02/12/2022 11:00 - 02/12/2022 12:00","CTA|SE","18968.00","18829.00"
"02/12/2022 12:00 - 02/12/2022 13:00","CTA|SE","18709.00","18658.00"
"02/12/2022 13:00 - 02/12/2022 14:00","CTA|SE","18643.00","18605.00"
"02/12/2022 14:00 - 02/12/2022 15:00","CTA|SE","18903.00","18754.00"
"02/12/2022 15:00 - 02/12/2022 16:00","CTA|SE","19000.00","18898.00"
"02/12/2022 16:00 - 02/12/2022 17:00","CTA|SE","19031.00","18903.00"
"02/12/2022 17:00 - 02/12/2022 18:00","CTA|SE","18433.00","18480.00"
"02/12/2022 18:00 - 02/12/2022 19:00","CTA|SE","17814.00","17921.00"
"02/12/2022 19:00 - 02/12/2022 20:00","CTA|SE","17001.00","17313.00"
"02/12/2022 20:00 - 02/12/2022 21:00","CTA|SE","16527.00","16710.00"
"02/12/2022 21:00 - 02/12/2022 22:00","CTA|SE","16093.00","16129.00"
"02/12/2022 22:00 - 02/12/2022 23:00","CTA|SE","15560.00","15579.00"
"02/12/2022 23:00 - 03/12/2022 00:00","CTA|SE","15428.00","15224.00"
"03/12/2022 00:00 - 03/12/2022 01:00","CTA|SE","15128.00","14945.00"
"03/12/2022 01:00 - 03/12/2022 02:00","CTA|SE","14715.00","14799.00"
"03/12/2022 02:00 - 03/12/2022 03:00","CTA|SE","14577.00","14754.00"
"03/12/2022 03:00 - 03/12/2022 04:00","CTA|SE","14510.00","14831.00"
"03/12/2022 04:00 - 03/12/2022 05:00","CTA|SE","14572.00","15036.00"
"03/12/2022 05:00 - 03/12/2022 06:00","CTA|SE","15112.00","15529.00"
"03/12/2022 06:00 - 03/12/2022 07:00","CTA|SE","15793.00","16092.00"
"03/12/2022 07:00 - 03/12/2022 08:00","CTA|SE","16409.00","16677.00"
"03/12/2022 08:00 - 03/12/2022 09:00","CTA|SE","16899.00","17250.00"
"03/12/2022 09:00 - 03/12/2022 10:00","CTA|SE","17740.00","17623.00"
"03/12/2022 10:00 - 03/12/2022 11:00","CTA|SE","18161.00","17782.00"
"03/12/2022 11:00 - 03/12/2022 12:00","CTA|SE","18004.00","17792.00"
"03/12/2022 12:00 - 03/12/2022 13:00","CTA|SE","17964.00","17749.00"
"03/12/2022 13:00 - 03/12/2022 14:00","CTA|SE","17987.00","17820.00"
"03/12/2022 14:00 - 03/12/2022 15:00","CTA|SE","18294.00","18124.00"
"03/12/2022 15:00 - 03/12/2022 16:00","CTA|SE","18652.00","18482.00"
"03/12/2022 16:00 - 03/12/2022 17:00","CTA|SE","18731.00","18576.00"
"03/12/2022 17:00 - 03/12/2022 18:00","CTA|SE","18411.00","18306.00"
"03/12/2022 18:00 - 03/12/2022 19:00","CTA|SE","17759.00","17898.00"
"03/12/2022 19:00 - 03/12/2022 20:00","CTA|SE","17370.00","17411.00"
"03/12/2022 20:00 - 03/12/2022 21:00","CTA|SE","16873.00","16916.00"
"03/12/2022 21:00 - 03/12/2022 22:00","CTA|SE","16478.00","16442.00"
"03/12/2022 22:00 - 03/12/2022 23:00","CTA|SE","15872.00","15969.00"
"03/12/2022 23:00 - 04/12/2022 00:00","CTA|SE","15472.00","15632.00"
"04/12/2022 00:00 - 04/12/2022 01:00","CTA|SE","15244.00","15390.00"
"04/12/2022 01:00 - 04/12/2022 02:00","CTA|SE","15066.00","15275.00"
"04/12/2022 02:00 - 04/12/2022 03:00","CTA|SE","14993.00","15221.00"
"04/12/2022 03:00 - 04/12/2022 04:00","CTA|SE","15035.00","15263.00"
"04/12/2022 04:00 - 04/12/2022 05:00","CTA|SE","15143.00","15437.00"
"04/12/2022 05:00 - 04/12/2022 06:00","CTA|SE","15381.00","15805.00"
"04/12/2022 06:00 - 04/12/2022 07:00","CTA|SE","15888.00","16279.00"
"04/12/2022 07:00 - 04/12/2022 08:00","CTA|SE","16511.00","16806.00"
"04/12/2022 08:00 - 04/12/2022 09:00","CTA|SE","17132.00","17391.00"
"04/12/2022 09:00 - 04/12/2022 10:00","CTA|SE","17631.00","17884.00"
"04/12/2022 10:00 - 04/12/2022 11:00","CTA|SE","17821.00","18192.00"
"04/12/2022 11:00 - 04/12/2022 12:00","CTA|SE","18175.00","18303.00"
"04/12/2022 12:00 - 04/12/2022 13:00","CTA|SE","18199.00","18330.00"
"04/12/2022 13:00 - 04/12/2022 14:00","CTA|SE","18225.00","18405.00"
"04/12/2022 14:00 - 04/12/2022 15:00","CTA|SE","18410.00","18801.00"
"04/12/2022 15:00 - 04/12/2022 16:00","CTA|SE","18829.00","19148.00"
"04/12/2022 16:00 - 04/12/2022 17:00","CTA|SE","18936.00","19310.00"
"04/12/2022 17:00 - 04/12/2022 18:00","CTA|SE","18671.00","19135.00"
"04/12/2022 18:00 - 04/12/2022 19:00","CTA|SE","18184.00","18833.00"
"04/12/2022 19:00 - 04/12/2022 20:00","CTA|SE","17821.00","18418.00"
"04/12/2022 20:00 - 04/12/2022 21:00","CTA|SE","17194.00","17863.00"
"04/12/2022 21:00 - 04/12/2022 22:00","CTA|SE","16548.00","17247.00"
"04/12/2022 22:00 - 04/12/2022 23:00","CTA|SE","16059.00","16633.00"
"04/12/2022 23:00 - 05/12/2022 00:00","CTA|SE","15581.00","16103.00"
"05/12/2022 00:00 - 05/12/2022 01:00","CTA|SE","15284.00","15908.00"
"05/12/2022 01:00 - 05/12/2022 02:00","CTA|SE","15088.00","15849.00"
"05/12/2022 02:00 - 05/12/2022 03:00","CTA|SE","14970.00","15886.00"
"05/12/2022 03:00 - 05/12/2022 04:00","CTA|SE","15303.00","16132.00"
"05/12/2022 04:00 - 05/12/2022 05:00","CTA|SE","16150.00","16862.00"
"05/12/2022 05:00 - 05/12/2022 06:00","CTA|SE","17735.00","18455.00"
"05/12/2022 06:00 - 05/12/2022 07:00","CTA|SE","19429.00","19834.00"
"05/12/2022 07:00 - 05/12/2022 08:00","CTA|SE","19710.00","20202.00"
"05/12/2022 08:00 - 05/12/2022 09:00","CTA|SE","19773.00","20209.00"
"05/12/2022 09:00 - 05/12/2022 10:00","CTA|SE","20004.00","20289.00"
"05/12/2022 10:00 - 05/12/2022 11:00","CTA|SE","20348.00","20319.00"
"05/12/2022 11:00 - 05/12/2022 12:00","CTA|SE","20392.00","20325.00"
"05/12/2022 12:00 - 05/12/2022 13:00","CTA|SE","20209.00","20244.00"
"05/12/2022 13:00 - 05/12/2022 14:00","CTA|SE","20392.00","20296.00"
"05/12/2022 14:00 - 05/12/2022 15:00","CTA|SE","20648.00","20594.00"
"05/12/2022 15:00 - 05/12/2022 16:00","CTA|SE","20887.00","20721.00"
"05/12/2022 16:00 - 05/12/2022 17:00","CTA|SE","21239.00","20772.00"
"05/12/2022 17:00 - 05/12/2022 18:00","CTA|SE","20601.00","20392.00"
"05/12/2022 18:00 - 05/12/2022 19:00","CTA|SE","19979.00","19917.00"
"05/12/2022 19:00 - 05/12/2022 20:00","CTA|SE","19560.00","19346.00"
"05/12/2022 20:00 - 05/12/2022 21:00","CTA|SE","18763.00","18674.00"
"05/12/2022 21:00 - 05/12/2022 22:00","CTA|SE","18007.00","17859.00"
"05/12/2022 22:00 - 05/12/2022 23:00","CTA|SE","17435.00","17070.00"
"05/12/2022 23:00 - 06/12/2022 00:00","CTA|SE","16580.00","16623.00"
"06/12/2022 00:00 - 06/12/2022 01:00","CTA|SE","16376.00","16352.00"
"06/12/2022 01:00 - 06/12/2022 02:00","CTA|SE","16485.00","16256.00"
"06/12/2022 02:00 - 06/12/2022 03:00","CTA|SE","16612.00","16292.00"
"06/12/2022 03:00 - 06/12/2022 04:00","CTA|SE","16674.00","16535.00"
"06/12/2022 04:00 - 06/12/2022 05:00","CTA|SE","17314.00","17259.00"
"06/12/2022 05:00 - 06/12/2022 06:00","CTA|SE","18794.00","18825.00"
"06/12/2022 06:00 - 06/12/2022 07:00","CTA|SE","20117.00","20199.00"
"06/12/2022 07:00 - 06/12/2022 08:00","CTA|SE","20153.00","20510.00"
"06/12/2022 08:00 - 06/12/2022 09:00","CTA|SE","20201.00","20442.00"
"06/12/2022 09:00 - 06/12/2022 10:00","CTA|SE","20171.00","20474.00"
"06/12/2022 10:00 - 06/12/2022 11:00","CTA|SE","20249.00","20433.00"
"06/12/2022 11:00 - 06/12/2022 12:00","CTA|SE","20036.00","20360.00"
"06/12/2022 12:00 - 06/12/2022 13:00","CTA|SE","20015.00","20261.00"
"06/12/2022 13:00 - 06/12/2022 14:00","CTA|SE","19995.00","20334.00"
"06/12/2022 14:00 - 06/12/2022 15:00","CTA|SE","20394.00","20743.00"
"06/12/2022 15:00 - 06/12/2022 16:00","CTA|SE","20783.00","20919.00"
"06/12/2022 16:00 - 06/12/2022 17:00","CTA|SE","21145.00","20983.00"
"06/12/2022 17:00 - 06/12/2022 18:00","CTA|SE","20625.00","20622.00"
"06/12/2022 18:00 - 06/12/2022 19:00","CTA|SE","20322.00","20190.00"
"06/12/2022 19:00 - 06/12/2022 20:00","CTA|SE","19714.00","19661.00"
"06/12/2022 20:00 - 06/12/2022 21:00","CTA|SE","18989.00","18999.00"
"06/12/2022 21:00 - 06/12/2022 22:00","CTA|SE","18247.00","18189.00"
"06/12/2022 22:00 - 06/12/2022 23:00","CTA|SE","17740.00","17419.00"
"06/12/2022 23:00 - 07/12/2022 00:00","CTA|SE","17438.00","16806.00"
"07/12/2022 00:00 - 07/12/2022 01:00","CTA|SE","16951.00","16538.00"
"07/12/2022 01:00 - 07/12/2022 02:00","CTA|SE","16763.00","16439.00"
"07/12/2022 02:00 - 07/12/2022 03:00","CTA|SE","16770.00","16492.00"
"07/12/2022 03:00 - 07/12/2022 04:00","CTA|SE","16863.00","16754.00"
"07/12/2022 04:00 - 07/12/2022 05:00","CTA|SE","17699.00","17505.00"
"07/12/2022 05:00 - 07/12/2022 06:00","CTA|SE","19285.00","19120.00"
"07/12/2022 06:00 - 07/12/2022 07:00","CTA|SE","21152.00","20548.00"
"07/12/2022 07:00 - 07/12/2022 08:00","CTA|SE","21531.00","20914.00"
"07/12/2022 08:00 - 07/12/2022 09:00","CTA|SE","21418.00","20885.00"
"07/12/2022 09:00 - 07/12/2022 10:00","CTA|SE","21327.00","20959.00"
"07/12/2022 10:00 - 07/12/2022 11:00","CTA|SE","21317.00","20899.00"
"07/12/2022 11:00 - 07/12/2022 12:00","CTA|SE","21055.00","20760.00"
"07/12/2022 12:00 - 07/12/2022 13:00","CTA|SE","20738.00","20685.00"
"07/12/2022 13:00 - 07/12/2022 14:00","CTA|SE","20871.00","20869.00"
"07/12/2022 14:00 - 07/12/2022 15:00","CTA|SE","21349.00","21411.00"
"07/12/2022 15:00 - 07/12/2022 16:00","CTA|SE","21668.00","21697.00"
"07/12/2022 16:00 - 07/12/2022 17:00","CTA|SE","21980.00","21839.00"
"07/12/2022 17:00 - 07/12/2022 18:00","CTA|SE","21541.00","21523.00"
"07/12/2022 18:00 - 07/12/2022 19:00","CTA|SE","20985.00","21119.00"
"07/12/2022 19:00 - 07/12/2022 20:00","CTA|SE","20564.00","20610.00"
"07/12/2022 20:00 - 07/12/2022 21:00","CTA|SE","20119.00","19956.00"
"07/12/2022 21:00 - 07/12/2022 22:00","CTA|SE","19553.00","19155.00"
"07/12/2022 22:00 - 07/12/2022 23:00","CTA|SE","19016.00","18381.00"
"07/12/2022 23:00 - 08/12/2022 00:00","CTA|SE","18241.00","17764.00"
"08/12/2022 00:00 - 08/12/2022 01:00","CTA|SE","17722.00","17509.00"
"08/12/2022 01:00 - 08/12/2022 02:00","CTA|SE","17654.00","17416.00"
"08/12/2022 02:00 - 08/12/2022 03:00","CTA|SE","17629.00","17473.00"
"08/12/2022 03:00 - 08/12/2022 04:00","CTA|SE","18108.00","17722.00"
"08/12/2022 04:00 - 08/12/2022 05:00","CTA|SE","18809.00","18466.00"
"08/12/2022 05:00 - 08/12/2022 06:00","CTA|SE","20814.00","20043.00"
"08/12/2022 06:00 - 08/12/2022 07:00","CTA|SE","22370.00","21434.00"
"08/12/2022 07:00 - 08/12/2022 08:00","CTA|SE","22264.00","21779.00"
"08/12/2022 08:00 - 08/12/2022 09:00","CTA|SE","22006.00","21710.00"
"08/12/2022 09:00 - 08/12/2022 10:00","CTA|SE","21807.00","21724.00"
"08/12/2022 10:00 - 08/12/2022 11:00","CTA|SE","21609.00","21581.00"
"08/12/2022 11:00 - 08/12/2022 12:00","CTA|SE","21409.00","21386.00"
"08/12/2022 12:00 - 08/12/2022 13:00","CTA|SE","21108.00","21282.00"
"08/12/2022 13:00 - 08/12/2022 14:00","CTA|SE","21269.00","21443.00"
"08/12/2022 14:00 - 08/12/2022 15:00","CTA|SE","21653.00","21931.00"
"08/12/2022 15:00 - 08/12/2022 16:00","CTA|SE","21822.00","22145.00"
"08/12/2022 16:00 - 08/12/2022 17:00","CTA|SE","21775.00","22178.00"
"08/12/2022 17:00 - 08/12/2022 18:00","CTA|SE","21293.00","21773.00"
"08/12/2022 18:00 - 08/12/2022 19:00","CTA|SE","20786.00","21300.00"
"08/12/2022 19:00 - 08/12/2022 20:00","CTA|SE","20186.00","20726.00"
"08/12/2022 20:00 - 08/12/2022 21:00","CTA|SE","19415.00","20018.00"
"08/12/2022 21:00 - 08/12/2022 22:00","CTA|SE","18433.00","19158.00"
"08/12/2022 22:00 - 08/12/2022 23:00","CTA|SE","17808.00","18333.00"
"08/12/2022 23:00 - 09/12/2022 00:00","CTA|SE","17780.00","18179.00"
"09/12/2022 00:00 - 09/12/2022 01:00","CTA|SE","17481.00","17842.00"
"09/12/2022 01:00 - 09/12/2022 02:00","CTA|SE","17286.00","17668.00"
"09/12/2022 02:00 - 09/12/2022 03:00","CTA|SE","17386.00","17660.00"
"09/12/2022 03:00 - 09/12/2022 04:00","CTA|SE","17348.00","17856.00"
"09/12/2022 04:00 - 09/12/2022 05:00","CTA|SE","18084.00","18494.00"
"09/12/2022 05:00 - 09/12/2022 06:00","CTA|SE","19565.00","20035.00"
"09/12/2022 06:00 - 09/12/2022 07:00","CTA|SE","20908.00","21434.00"
"09/12/2022 07:00 - 09/12/2022 08:00","CTA|SE","21106.00","21783.00"
"09/12/2022 08:00 - 09/12/2022 09:00","CTA|SE","21016.00","21707.00"
"09/12/2022 09:00 - 09/12/2022 10:00","CTA|SE","20959.00","21692.00"
"09/12/2022 10:00 - 09/12/2022 11:00","CTA|SE","20835.00","21582.00"
"09/12/2022 11:00 - 09/12/2022 12:00","CTA|SE","20813.00","21435.00"
"09/12/2022 12:00 - 09/12/2022 13:00","CTA|SE","20779.00","21235.00"
"09/12/2022 13:00 - 09/12/2022 14:00","CTA|SE","20614.00","21162.00"
"09/12/2022 14:00 - 09/12/2022 15:00","CTA|SE","20735.00","21353.00"
"09/12/2022 15:00 - 09/12/2022 16:00","CTA|SE","21121.00","21483.00"
"09/12/2022 16:00 - 09/12/2022 17:00","CTA|SE","20864.00","21462.00"
"09/12/2022 17:00 - 09/12/2022 18:00","CTA|SE","20074.00","20997.00"
"09/12/2022 18:00 - 09/12/2022 19:00","CTA|SE","19680.00","20396.00"
"09/12/2022 19:00 - 09/12/2022 20:00","CTA|SE","19168.00","19728.00"
"09/12/2022 20:00 - 09/12/2022 21:00","CTA|SE","18563.00","19061.00"
"09/12/2022 21:00 - 09/12/2022 22:00","CTA|SE","18063.00","18436.00"
"09/12/2022 22:00 - 09/12/2022 23:00","CTA|SE","17558.00","17820.00"
"09/12/2022 23:00 - 10/12/2022 00:00","CTA|SE","16929.00","17542.00"
"10/12/2022 00:00 - 10/12/2022 01:00","CTA|SE","16912.00","17213.00"
"10/12/2022 01:00 - 10/12/2022 02:00","CTA|SE","17094.00","17013.00"
"10/12/2022 02:00 - 10/12/2022 03:00","CTA|SE","16885.00","16938.00"
"10/12/2022 03:00 - 10/12/2022 04:00","CTA|SE","16789.00","16973.00"
"10/12/2022 04:00 - 10/12/2022 05:00","CTA|SE","16942.00","17142.00"
"10/12/2022 05:00 - 10/12/2022 06:00","CTA|SE","17478.00","17582.00"
"10/12/2022 06:00 - 10/12/2022 07:00","CTA|SE","18109.00","18119.00"
"10/12/2022 07:00 - 10/12/2022 08:00","CTA|SE","18365.00","18667.00"
"10/12/2022 08:00 - 10/12/2022 09:00","CTA|SE","18739.00","19163.00"
"10/12/2022 09:00 - 10/12/2022 10:00","CTA|SE","19307.00","19513.00"
"10/12/2022 10:00 - 10/12/2022 11:00","CTA|SE","19357.00","19650.00"
"10/12/2022 11:00 - 10/12/2022 12:00","CTA|SE","19255.00","19654.00"
"10/12/2022 12:00 - 10/12/2022 13:00","CTA|SE","19050.00","19579.00"
"10/12/2022 13:00 - 10/12/2022 14:00","CTA|SE","19126.00","19611.00"
"10/12/2022 14:00 - 10/12/2022 15:00","CTA|SE","19714.00","19919.00"
"10/12/2022 15:00 - 10/12/2022 16:00","CTA|SE","20001.00","20261.00"
"10/12/2022 16:00 - 10/12/2022 17:00","CTA|SE","19918.00","20325.00"
"10/12/2022 17:00 - 10/12/2022 18:00","CTA|SE","19719.00","20041.00"
"10/12/2022 18:00 - 10/12/2022 19:00","CTA|SE","19314.00","19617.00"
"10/12/2022 19:00 - 10/12/2022 20:00","CTA|SE","18932.00","19121.00"
"10/12/2022 20:00 - 10/12/2022 21:00","CTA|SE","18560.00","18626.00"
"10/12/2022 21:00 - 10/12/2022 22:00","CTA|SE","18211.00","18171.00"
"10/12/2022 22:00 - 10/12/2022 23:00","CTA|SE","17969.00","17685.00"
"10/12/2022 23:00 - 11/12/2022 00:00","CTA|SE","17782.00","17299.00"
"11/12/2022 00:00 - 11/12/2022 01:00","CTA|SE","17534.00","17020.00"
"11/12/2022 01:00 - 11/12/2022 02:00","CTA|SE","17449.00","16892.00"
"11/12/2022 02:00 - 11/12/2022 03:00","CTA|SE","17296.00","16843.00"
"11/12/2022 03:00 - 11/12/2022 04:00","CTA|SE","17281.00","16894.00"
"11/12/2022 04:00 - 11/12/2022 05:00","CTA|SE","17349.00","17060.00"
"11/12/2022 05:00 - 11/12/2022 06:00","CTA|SE","17938.00","17419.00"
"11/12/2022 06:00 - 11/12/2022 07:00","CTA|SE","18205.00","17902.00"
"11/12/2022 07:00 - 11/12/2022 08:00","CTA|SE","18950.00","18436.00"
"11/12/2022 08:00 - 11/12/2022 09:00","CTA|SE","19534.00","18972.00"
"11/12/2022 09:00 - 11/12/2022 10:00","CTA|SE","19976.00","19411.00"
"11/12/2022 10:00 - 11/12/2022 11:00","CTA|SE","20033.00","19647.00"
"11/12/2022 11:00 - 11/12/2022 12:00","CTA|SE","20072.00","19683.00"
"11/12/2022 12:00 - 11/12/2022 13:00","CTA|SE","20164.00","19680.00"
"11/12/2022 13:00 - 11/12/2022 14:00","CTA|SE","20035.00","19821.00"
"11/12/2022 14:00 - 11/12/2022 15:00","CTA|SE","20623.00","20271.00"
"11/12/2022 15:00 - 11/12/2022 16:00","CTA|SE","20911.00","20618.00"
"11/12/2022 16:00 - 11/12/2022 17:00","CTA|SE","21115.00","20774.00"
"11/12/2022 17:00 - 11/12/2022 18:00","CTA|SE","20905.00","20629.00"
"11/12/2022 18:00 - 11/12/2022 19:00","CTA|SE","20582.00","20318.00"
"11/12/2022 19:00 - 11/12/2022 20:00","CTA|SE","20132.00","19908.00"
"11/12/2022 20:00 - 11/12/2022 21:00","CTA|SE","19755.00","19369.00"
"11/12/2022 21:00 - 11/12/2022 22:00","CTA|SE","19216.00","18781.00"
"11/12/2022 22:00 - 11/12/2022 23:00","CTA|SE","18798.00","18230.00"
"11/12/2022 23:00 - 12/12/2022 00:00","CTA|SE","18696.00","17878.00"
"12/12/2022 00:00 - 12/12/2022 01:00","CTA|SE","18874.00","17671.00"
"12/12/2022 01:00 - 12/12/2022 02:00","CTA|SE","18547.00","17604.00"
"12/12/2022 02:00 - 12/12/2022 03:00","CTA|SE","18312.00","17599.00"
"12/12/2022 03:00 - 12/12/2022 04:00","CTA|SE","18113.00","17810.00"
"12/12/2022 04:00 - 12/12/2022 05:00","CTA|SE","18634.00","18484.00"
"12/12/2022 05:00 - 12/12/2022 06:00","CTA|SE","20234.00","19993.00"
"12/12/2022 06:00 - 12/12/2022 07:00","CTA|SE","21937.00","21302.00"
"12/12/2022 07:00 - 12/12/2022 08:00","CTA|SE","22273.00","21665.00"
"12/12/2022 08:00 - 12/12/2022 09:00","CTA|SE","22326.00","21652.00"
"12/12/2022 09:00 - 12/12/2022 10:00","CTA|SE","22287.00","21743.00"
"12/12/2022 10:00 - 12/12/2022 11:00","CTA|SE","21904.00","21702.00"
"12/12/2022 11:00 - 12/12/2022 12:00","CTA|SE","21617.00","21650.00"
"12/12/2022 12:00 - 12/12/2022 13:00","CTA|SE","21744.00","21597.00"
"12/12/2022 13:00 - 12/12/2022 14:00","CTA|SE","21897.00","21646.00"
"12/12/2022 14:00 - 12/12/2022 15:00","CTA|SE","22211.00","21970.00"
"12/12/2022 15:00 - 12/12/2022 16:00","CTA|SE","22028.00","22106.00"
"12/12/2022 16:00 - 12/12/2022 17:00","CTA|SE","22046.00","22158.00"
"12/12/2022 17:00 - 12/12/2022 18:00","CTA|SE","21699.00","21837.00"
"12/12/2022 18:00 - 12/12/2022 19:00","CTA|SE","21006.00","21450.00"
"12/12/2022 19:00 - 12/12/2022 20:00","CTA|SE","20555.00","20935.00"
"12/12/2022 20:00 - 12/12/2022 21:00","CTA|SE","19982.00","20313.00"
"12/12/2022 21:00 - 12/12/2022 22:00","CTA|SE","19050.00","19562.00"
"12/12/2022 22:00 - 12/12/2022 23:00","CTA|SE","18288.00","18839.00"
"12/12/2022 23:00 - 13/12/2022 00:00","CTA|SE","17950.00","18633.00"
"13/12/2022 00:00 - 13/12/2022 01:00","CTA|SE","17875.00","18391.00"
"13/12/2022 01:00 - 13/12/2022 02:00","CTA|SE","17706.00","18324.00"
"13/12/2022 02:00 - 13/12/2022 03:00","CTA|SE","17909.00","18385.00"
"13/12/2022 03:00 - 13/12/2022 04:00","CTA|SE","18035.00","18627.00"
"13/12/2022 04:00 - 13/12/2022 05:00","CTA|SE","18868.00","19339.00"
"13/12/2022 05:00 - 13/12/2022 06:00","CTA|SE","20709.00","20818.00"
"13/12/2022 06:00 - 13/12/2022 07:00","CTA|SE","21877.00","22111.00"
"13/12/2022 07:00 - 13/12/2022 08:00","CTA|SE","21972.00","22471.00"
"13/12/2022 08:00 - 13/12/2022 09:00","CTA|SE","22120.00","22448.00"
"13/12/2022 09:00 - 13/12/2022 10:00","CTA|SE","22383.00","22535.00"
"13/12/2022 10:00 - 13/12/2022 11:00","CTA|SE","22340.00","22512.00"
"13/12/2022 11:00 - 13/12/2022 12:00","CTA|SE","22191.00","22456.00"
"13/12/2022 12:00 - 13/12/2022 13:00","CTA|SE","22163.00","22404.00"
"13/12/2022 13:00 - 13/12/2022 14:00","CTA|SE","22075.00","22525.00"
"13/12/2022 14:00 - 13/12/2022 15:00","CTA|SE","22574.00","22946.00"
"13/12/2022 15:00 - 13/12/2022 16:00","CTA|SE","23032.00","23133.00"
"13/12/2022 16:00 - 13/12/2022 17:00","CTA|SE","22933.00","23206.00"
"13/12/2022 17:00 - 13/12/2022 18:00","CTA|SE","22099.00","22902.00"
"13/12/2022 18:00 - 13/12/2022 19:00","CTA|SE","21580.00","22514.00"
"13/12/2022 19:00 - 13/12/2022 20:00","CTA|SE","20936.00","22024.00"
"13/12/2022 20:00 - 13/12/2022 21:00","CTA|SE","20277.00","21422.00"
"13/12/2022 21:00 - 13/12/2022 22:00","CTA|SE","19469.00","20676.00"
"13/12/2022 22:00 - 13/12/2022 23:00","CTA|SE","18475.00","19950.00"
"13/12/2022 23:00 - 14/12/2022 00:00","CTA|SE","17924.00","19307.00"
"14/12/2022 00:00 - 14/12/2022 01:00","CTA|SE","17687.00","18996.00"
"14/12/2022 01:00 - 14/12/2022 02:00","CTA|SE","17525.00","18841.00"
"14/12/2022 02:00 - 14/12/2022 03:00","CTA|SE","17552.00","18802.00"
"14/12/2022 03:00 - 14/12/2022 04:00","CTA|SE","17670.00","18931.00"
"14/12/2022 04:00 - 14/12/2022 05:00","CTA|SE","18234.00","19514.00"
"14/12/2022 05:00 - 14/12/2022 06:00","CTA|SE","19934.00","20854.00"
"14/12/2022 06:00 - 14/12/2022 07:00","CTA|SE","21177.00","22022.00"
"14/12/2022 07:00 - 14/12/2022 08:00","CTA|SE","21446.00","22285.00"
"14/12/2022 08:00 - 14/12/2022 09:00","CTA|SE","21517.00","22194.00"
"14/12/2022 09:00 - 14/12/2022 10:00","CTA|SE","21253.00","22219.00"
"14/12/2022 10:00 - 14/12/2022 11:00","CTA|SE","21026.00","22190.00"
"14/12/2022 11:00 - 14/12/2022 12:00","CTA|SE","21249.00","22150.00"
"14/12/2022 12:00 - 14/12/2022 13:00","CTA|SE","21310.00","22093.00"
"14/12/2022 13:00 - 14/12/2022 14:00","CTA|SE","21321.00","22214.00"
"14/12/2022 14:00 - 14/12/2022 15:00","CTA|SE","21902.00","22590.00"
"14/12/2022 15:00 - 14/12/2022 16:00","CTA|SE","21854.00","22707.00"
"14/12/2022 16:00 - 14/12/2022 17:00","CTA|SE","22070.00","22749.00"
"14/12/2022 17:00 - 14/12/2022 18:00","CTA|SE","21614.00","22456.00"
"14/12/2022 18:00 - 14/12/2022 19:00","CTA|SE","21182.00","22099.00"
"14/12/2022 19:00 - 14/12/2022 20:00","CTA|SE","20596.00","21652.00"
"14/12/2022 20:00 - 14/12/2022 21:00","CTA|SE","20167.00","21084.00"
"14/12/2022 21:00 - 14/12/2022 22:00","CTA|SE","19416.00","20374.00"
"14/12/2022 22:00 - 14/12/2022 23:00","CTA|SE","18704.00","19689.00"
"14/12/2022 23:00 - 15/12/2022 00:00","CTA|SE","18504.00","19026.00"
"15/12/2022 00:00 - 15/12/2022 01:00","CTA|SE","18277.00","18810.00"
"15/12/2022 01:00 - 15/12/2022 02:00","CTA|SE","17819.00","18715.00"
"15/12/2022 02:00 - 15/12/2022 03:00","CTA|SE","18082.00","18730.00"
"15/12/2022 03:00 - 15/12/2022 04:00","CTA|SE","18397.00","18901.00"
"15/12/2022 04:00 - 15/12/2022 05:00","CTA|SE","18996.00","19499.00"
"15/12/2022 05:00 - 15/12/2022 06:00","CTA|SE","20058.00","20816.00"
"15/12/2022 06:00 - 15/12/2022 07:00","CTA|SE","21249.00","21961.00"
"15/12/2022 07:00 - 15/12/2022 08:00","CTA|SE","21626.00","22259.00"
"15/12/2022 08:00 - 15/12/2022 09:00","CTA|SE","22222.00","22211.00"
"15/12/2022 09:00 - 15/12/2022 10:00","CTA|SE","22281.00","22247.00"
"15/12/2022 10:00 - 15/12/2022 11:00","CTA|SE","22186.00","22199.00"
"15/12/2022 11:00 - 15/12/2022 12:00","CTA|SE","22841.00","22125.00"
"15/12/2022 12:00 - 15/12/2022 13:00","CTA|SE","22450.00","22048.00"
"15/12/2022 13:00 - 15/12/2022 14:00","CTA|SE","22291.00","22151.00"
"15/12/2022 14:00 - 15/12/2022 15:00","CTA|SE","22902.00","22524.00"
"15/12/2022 15:00 - 15/12/2022 16:00","CTA|SE","23335.00","22676.00"
"15/12/2022 16:00 - 15/12/2022 17:00","CTA|SE","23364.00","22749.00"
"15/12/2022 17:00 - 15/12/2022 18:00","CTA|SE","22809.00","22482.00"
"15/12/2022 18:00 - 15/12/2022 19:00","CTA|SE","22812.00","22119.00"
"15/12/2022 19:00 - 15/12/2022 20:00","CTA|SE","22614.00","21681.00"
"15/12/2022 20:00 - 15/12/2022 21:00","CTA|SE","22027.00","21136.00"
"15/12/2022 21:00 - 15/12/2022 22:00","CTA|SE","20928.00","20464.00"
"15/12/2022 22:00 - 15/12/2022 23:00","CTA|SE","20296.00","19804.00"
"15/12/2022 23:00 - 16/12/2022 00:00","CTA|SE","20396.00","18797.00"
"16/12/2022 00:00 - 16/12/2022 01:00","CTA|SE","19957.00","18522.00"
"16/12/2022 01:00 - 16/12/2022 02:00","CTA|SE","19552.00","18433.00"
"16/12/2022 02:00 - 16/12/2022 03:00","CTA|SE","19662.00","18455.00"
"16/12/2022 03:00 - 16/12/2022 04:00","CTA|SE","20015.00","18672.00"
"16/12/2022 04:00 - 16/12/2022 05:00","CTA|SE","20948.00","19334.00"
"16/12/2022 05:00 - 16/12/2022 06:00","CTA|SE","22407.00","20798.00"
"16/12/2022 06:00 - 16/12/2022 07:00","CTA|SE","23632.00","22147.00"
"16/12/2022 07:00 - 16/12/2022 08:00","CTA|SE","24187.00","22561.00"
"16/12/2022 08:00 - 16/12/2022 09:00","CTA|SE","24250.00","22536.00"
"16/12/2022 09:00 - 16/12/2022 10:00","CTA|SE","23658.00","22534.00"
"16/12/2022 10:00 - 16/12/2022 11:00","CTA|SE","22926.00","22378.00"
"16/12/2022 11:00 - 16/12/2022 12:00","CTA|SE","22214.00","22171.00"
"16/12/2022 12:00 - 16/12/2022 13:00","CTA|SE","22015.00","21948.00"
"16/12/2022 13:00 - 16/12/2022 14:00","CTA|SE","22228.00","21954.00"
"16/12/2022 14:00 - 16/12/2022 15:00","CTA|SE","22840.00","22257.00"
"16/12/2022 15:00 - 16/12/2022 16:00","CTA|SE","23209.00","22462.00"
"16/12/2022 16:00 - 16/12/2022 17:00","CTA|SE","23148.00","22489.00"
"16/12/2022 17:00 - 16/12/2022 18:00","CTA|SE","22209.00","22077.00"
"16/12/2022 18:00 - 16/12/2022 19:00","CTA|SE","21787.00","21543.00"
"16/12/2022 19:00 - 16/12/2022 20:00","CTA|SE","21220.00","20940.00"
"16/12/2022 20:00 - 16/12/2022 21:00","CTA|SE","20501.00","20338.00"
"16/12/2022 21:00 - 16/12/2022 22:00","CTA|SE","19995.00","19752.00"
"16/12/2022 22:00 - 16/12/2022 23:00","CTA|SE","19775.00","19183.00"
"16/12/2022 23:00 - 17/12/2022 00:00","CTA|SE","19314.00","18531.00"
"17/12/2022 00:00 - 17/12/2022 01:00","CTA|SE","19025.00","18219.00"
"17/12/2022 01:00 - 17/12/2022 02:00","CTA|SE","18610.00","18033.00"
"17/12/2022 02:00 - 17/12/2022 03:00","CTA|SE","18014.00","17951.00"
"17/12/2022 03:00 - 17/12/2022 04:00","CTA|SE","17869.00","17994.00"
"17/12/2022 04:00 - 17/12/2022 05:00","CTA|SE","17875.00","18132.00"
"17/12/2022 05:00 - 17/12/2022 06:00","CTA|SE","18422.00","18505.00"
"17/12/2022 06:00 - 17/12/2022 07:00","CTA|SE","19063.00","18967.00"
"17/12/2022 07:00 - 17/12/2022 08:00","CTA|SE","19862.00","19472.00"
"17/12/2022 08:00 - 17/12/2022 09:00","CTA|SE","20443.00","19870.00"
"17/12/2022 09:00 - 17/12/2022 10:00","CTA|SE","20858.00","20159.00"
"17/12/2022 10:00 - 17/12/2022 11:00","CTA|SE","20789.00","20162.00"
"17/12/2022 11:00 - 17/12/2022 12:00","CTA|SE","20360.00","19995.00"
"17/12/2022 12:00 - 17/12/2022 13:00","CTA|SE","20181.00","19824.00"
"17/12/2022 13:00 - 17/12/2022 14:00","CTA|SE","19913.00","19790.00"
"17/12/2022 14:00 - 17/12/2022 15:00","CTA|SE","20129.00","20124.00"
"17/12/2022 15:00 - 17/12/2022 16:00","CTA|SE","20120.00","20464.00"
"17/12/2022 16:00 - 17/12/2022 17:00","CTA|SE","20099.00","20521.00"
"17/12/2022 17:00 - 17/12/2022 18:00","CTA|SE","20143.00","20206.00"
"17/12/2022 18:00 - 17/12/2022 19:00","CTA|SE","19723.00","19746.00"
"17/12/2022 19:00 - 17/12/2022 20:00","CTA|SE","19362.00","19198.00"
"17/12/2022 20:00 - 17/12/2022 21:00","CTA|SE","18758.00","18630.00"
"17/12/2022 21:00 - 17/12/2022 22:00","CTA|SE","18196.00","18084.00"
"17/12/2022 22:00 - 17/12/2022 23:00","CTA|SE","17517.00","17506.00"
"17/12/2022 23:00 - 18/12/2022 00:00","CTA|SE","17396.00","17339.00"
"18/12/2022 00:00 - 18/12/2022 01:00","CTA|SE","17506.00","17033.00"
"18/12/2022 01:00 - 18/12/2022 02:00","CTA|SE","17130.00","16877.00"
"18/12/2022 02:00 - 18/12/2022 03:00","CTA|SE","16743.00","16770.00"
"18/12/2022 03:00 - 18/12/2022 04:00","CTA|SE","16498.00","16764.00"
"18/12/2022 04:00 - 18/12/2022 05:00","CTA|SE","16589.00","16862.00"
"18/12/2022 05:00 - 18/12/2022 06:00","CTA|SE","16757.00","17142.00"
"18/12/2022 06:00 - 18/12/2022 07:00","CTA|SE","16714.00","17513.00"
"18/12/2022 07:00 - 18/12/2022 08:00","CTA|SE","17345.00","17993.00"
"18/12/2022 08:00 - 18/12/2022 09:00","CTA|SE","17820.00","18456.00"
"18/12/2022 09:00 - 18/12/2022 10:00","CTA|SE","18420.00","18891.00"
"18/12/2022 10:00 - 18/12/2022 11:00","CTA|SE","18713.00","19128.00"
"18/12/2022 11:00 - 18/12/2022 12:00","CTA|SE","18665.00","19202.00"
"18/12/2022 12:00 - 18/12/2022 13:00","CTA|SE","18685.00","19181.00"
"18/12/2022 13:00 - 18/12/2022 14:00","CTA|SE","18464.00","19227.00"
"18/12/2022 14:00 - 18/12/2022 15:00","CTA|SE","18794.00","19587.00"
"18/12/2022 15:00 - 18/12/2022 16:00","CTA|SE","19151.00","19878.00"
"18/12/2022 16:00 - 18/12/2022 17:00","CTA|SE","18899.00","19977.00"
"18/12/2022 17:00 - 18/12/2022 18:00","CTA|SE","18460.00","19784.00"
"18/12/2022 18:00 - 18/12/2022 19:00","CTA|SE","18695.00","19478.00"
"18/12/2022 19:00 - 18/12/2022 20:00","CTA|SE","18901.00","19064.00"
"18/12/2022 20:00 - 18/12/2022 21:00","CTA|SE","18219.00","18543.00"
"18/12/2022 21:00 - 18/12/2022 22:00","CTA|SE","17832.00","17956.00"
"18/12/2022 22:00 - 18/12/2022 23:00","CTA|SE","17417.00","17392.00"
"18/12/2022 23:00 - 19/12/2022 00:00","CTA|SE","16731.00","17081.00"
"19/12/2022 00:00 - 19/12/2022 01:00","CTA|SE","16802.00","16868.00"
"19/12/2022 01:00 - 19/12/2022 02:00","CTA|SE","17002.00","16789.00"
"19/12/2022 02:00 - 19/12/2022 03:00","CTA|SE","16814.00","16865.00"
"19/12/2022 03:00 - 19/12/2022 04:00","CTA|SE","16886.00","17175.00"
"19/12/2022 04:00 - 19/12/2022 05:00","CTA|SE","17415.00","17909.00"
"19/12/2022 05:00 - 19/12/2022 06:00","CTA|SE","18436.00","19524.00"
"19/12/2022 06:00 - 19/12/2022 07:00","CTA|SE","19831.00","20953.00"
"19/12/2022 07:00 - 19/12/2022 08:00","CTA|SE","20306.00","21400.00"
"19/12/2022 08:00 - 19/12/2022 09:00","CTA|SE","20238.00","21379.00"
"19/12/2022 09:00 - 19/12/2022 10:00","CTA|SE","20499.00","21425.00"
"19/12/2022 10:00 - 19/12/2022 11:00","CTA|SE","20606.00","21348.00"
"19/12/2022 11:00 - 19/12/2022 12:00","CTA|SE","20840.00","21261.00"
"19/12/2022 12:00 - 19/12/2022 13:00","CTA|SE","20865.00","21162.00"
"19/12/2022 13:00 - 19/12/2022 14:00","CTA|SE","20754.00","21228.00"
"19/12/2022 14:00 - 19/12/2022 15:00","CTA|SE","21081.00","21556.00"
"19/12/2022 15:00 - 19/12/2022 16:00","CTA|SE","20972.00","21624.00"
"19/12/2022 16:00 - 19/12/2022 17:00","CTA|SE","20925.00","21590.00"
"19/12/2022 17:00 - 19/12/2022 18:00","CTA|SE","20583.00","21182.00"
"19/12/2022 18:00 - 19/12/2022 19:00","CTA|SE","20058.00","20644.00"
"19/12/2022 19:00 - 19/12/2022 20:00","CTA|SE","19385.00","20049.00"
"19/12/2022 20:00 - 19/12/2022 21:00","CTA|SE","18674.00","19321.00"
"19/12/2022 21:00 - 19/12/2022 22:00","CTA|SE","17829.00","18426.00"
"19/12/2022 22:00 - 19/12/2022 23:00","CTA|SE","17039.00","17589.00"
"19/12/2022 23:00 - 20/12/2022 00:00","CTA|SE","16100.00","16658.00"
"20/12/2022 00:00 - 20/12/2022 01:00","CTA|SE","15545.00","16307.00"
"20/12/2022 01:00 - 20/12/2022 02:00","CTA|SE","15424.00","16121.00"
"20/12/2022 02:00 - 20/12/2022 03:00","CTA|SE","15356.00","16081.00"
"20/12/2022 03:00 - 20/12/2022 04:00","CTA|SE","15342.00","16216.00"
"20/12/2022 04:00 - 20/12/2022 05:00","CTA|SE","15707.00","16873.00"
"20/12/2022 05:00 - 20/12/2022 06:00","CTA|SE","17115.00","18392.00"
"20/12/2022 06:00 - 20/12/2022 07:00","CTA|SE","18441.00","19720.00"
"20/12/2022 07:00 - 20/12/2022 08:00","CTA|SE","18955.00","20038.00"
"20/12/2022 08:00 - 20/12/2022 09:00","CTA|SE","19154.00","19939.00"
"20/12/2022 09:00 - 20/12/2022 10:00","CTA|SE","19294.00","19982.00"
"20/12/2022 10:00 - 20/12/2022 11:00","CTA|SE","19281.00","19955.00"
"20/12/2022 11:00 - 20/12/2022 12:00","CTA|SE","19207.00","19913.00"
"20/12/2022 12:00 - 20/12/2022 13:00","CTA|SE","18884.00","19821.00"
"20/12/2022 13:00 - 20/12/2022 14:00","CTA|SE","18870.00","19864.00"
"20/12/2022 14:00 - 20/12/2022 15:00","CTA|SE","19468.00","20224.00"
"20/12/2022 15:00 - 20/12/2022 16:00","CTA|SE","19407.00","20310.00"
"20/12/2022 16:00 - 20/12/2022 17:00","CTA|SE","19173.00","20314.00"
"20/12/2022 17:00 - 20/12/2022 18:00","CTA|SE","18697.00","19905.00"
"20/12/2022 18:00 - 20/12/2022 19:00","CTA|SE","18251.00","19404.00"
"20/12/2022 19:00 - 20/12/2022 20:00","CTA|SE","17533.00","18823.00"
"20/12/2022 20:00 - 20/12/2022 21:00","CTA|SE","16686.00","18103.00"
"20/12/2022 21:00 - 20/12/2022 22:00","CTA|SE","16007.00","17229.00"
"20/12/2022 22:00 - 20/12/2022 23:00","CTA|SE","15343.00","16351.00"
"20/12/2022 23:00 - 21/12/2022 00:00","CTA|SE","14817.00","15837.00"
"21/12/2022 00:00 - 21/12/2022 01:00","CTA|SE","14606.00","15544.00"
"21/12/2022 01:00 - 21/12/2022 02:00","CTA|SE","14432.00","15419.00"
"21/12/2022 02:00 - 21/12/2022 03:00","CTA|SE","14367.00","15442.00"
"21/12/2022 03:00 - 21/12/2022 04:00","CTA|SE","14575.00","15640.00"
"21/12/2022 04:00 - 21/12/2022 05:00","CTA|SE","15146.00","16293.00"
"21/12/2022 05:00 - 21/12/2022 06:00","CTA|SE","16924.00","17680.00"
"21/12/2022 06:00 - 21/12/2022 07:00","CTA|SE","18247.00","18892.00"
"21/12/2022 07:00 - 21/12/2022 08:00","CTA|SE","18679.00","19261.00"
"21/12/2022 08:00 - 21/12/2022 09:00","CTA|SE","18493.00","19235.00"
"21/12/2022 09:00 - 21/12/2022 10:00","CTA|SE","18671.00","19296.00"
"21/12/2022 10:00 - 21/12/2022 11:00","CTA|SE","18572.00","19306.00"
"21/12/2022 11:00 - 21/12/2022 12:00","CTA|SE","18507.00","19277.00"
"21/12/2022 12:00 - 21/12/2022 13:00","CTA|SE","18497.00","19234.00"
"21/12/2022 13:00 - 21/12/2022 14:00","CTA|SE","18635.00","19352.00"
"21/12/2022 14:00 - 21/12/2022 15:00","CTA|SE","18969.00","19740.00"
"21/12/2022 15:00 - 21/12/2022 16:00","CTA|SE","19211.00","19869.00"
"21/12/2022 16:00 - 21/12/2022 17:00","CTA|SE","19080.00","19910.00"
"21/12/2022 17:00 - 21/12/2022 18:00","CTA|SE","18643.00","19582.00"
"21/12/2022 18:00 - 21/12/2022 19:00","CTA|SE","18189.00","19159.00"
"21/12/2022 19:00 - 21/12/2022 20:00","CTA|SE","17744.00","18672.00"
"21/12/2022 20:00 - 21/12/2022 21:00","CTA|SE","17032.00","18085.00"
"21/12/2022 21:00 - 21/12/2022 22:00","CTA|SE","16291.00","17363.00"
"21/12/2022 22:00 - 21/12/2022 23:00","CTA|SE","15466.00","16637.00"
"21/12/2022 23:00 - 22/12/2022 00:00","CTA|SE","14836.00","15572.00"
"22/12/2022 00:00 - 22/12/2022 01:00","CTA|SE","14486.00","15291.00"
"22/12/2022 01:00 - 22/12/2022 02:00","CTA|SE","14243.00","15179.00"
"22/12/2022 02:00 - 22/12/2022 03:00","CTA|SE","14134.00","15183.00"
"22/12/2022 03:00 - 22/12/2022 04:00","CTA|SE","14558.00","15388.00"
"22/12/2022 04:00 - 22/12/2022 05:00","CTA|SE","15283.00","16077.00"
"22/12/2022 05:00 - 22/12/2022 06:00","CTA|SE","16721.00","17531.00"
"22/12/2022 06:00 - 22/12/2022 07:00","CTA|SE","17915.00","18806.00"
"22/12/2022 07:00 - 22/12/2022 08:00","CTA|SE","18743.00","19126.00"
"22/12/2022 08:00 - 22/12/2022 09:00","CTA|SE","18641.00","19068.00"
"22/12/2022 09:00 - 22/12/2022 10:00","CTA|SE","18723.00","19113.00"
"22/12/2022 10:00 - 22/12/2022 11:00","CTA|SE","18430.00","19105.00"
"22/12/2022 11:00 - 22/12/2022 12:00","CTA|SE","18167.00","19070.00"
"22/12/2022 12:00 - 22/12/2022 13:00","CTA|SE","17874.00","18997.00"
"22/12/2022 13:00 - 22/12/2022 14:00","CTA|SE","17979.00","19071.00"
"22/12/2022 14:00 - 22/12/2022 15:00","CTA|SE","18477.00","19425.00"
"22/12/2022 15:00 - 22/12/2022 16:00","CTA|SE","18251.00","19513.00"
"22/12/2022 16:00 - 22/12/2022 17:00","CTA|SE","18267.00","19514.00"
"22/12/2022 17:00 - 22/12/2022 18:00","CTA|SE","17679.00","19158.00"
"22/12/2022 18:00 - 22/12/2022 19:00","CTA|SE","17140.00","18723.00"
"22/12/2022 19:00 - 22/12/2022 20:00","CTA|SE","17036.00","18196.00"
"22/12/2022 20:00 - 22/12/2022 21:00","CTA|SE","16412.00","17557.00"
"22/12/2022 21:00 - 22/12/2022 22:00","CTA|SE","15593.00","16794.00"
"22/12/2022 22:00 - 22/12/2022 23:00","CTA|SE","15013.00","16067.00"
"22/12/2022 23:00 - 23/12/2022 00:00","CTA|SE","14383.00","15448.00"
"23/12/2022 00:00 - 23/12/2022 01:00","CTA|SE","14214.00","15078.00"
"23/12/2022 01:00 - 23/12/2022 02:00","CTA|SE","14336.00","14942.00"
"23/12/2022 02:00 - 23/12/2022 03:00","CTA|SE","14510.00","14890.00"
"23/12/2022 03:00 - 23/12/2022 04:00","CTA|SE","14955.00","15085.00"
"23/12/2022 04:00 - 23/12/2022 05:00","CTA|SE","15203.00","15557.00"
"23/12/2022 05:00 - 23/12/2022 06:00","CTA|SE","16268.00","16703.00"
"23/12/2022 06:00 - 23/12/2022 07:00","CTA|SE","17228.00","17938.00"
"23/12/2022 07:00 - 23/12/2022 08:00","CTA|SE","18279.00","18730.00"
"23/12/2022 08:00 - 23/12/2022 09:00","CTA|SE","18161.00","19065.00"
"23/12/2022 09:00 - 23/12/2022 10:00","CTA|SE","18542.00","19237.00"
"23/12/2022 10:00 - 23/12/2022 11:00","CTA|SE","18758.00","19290.00"
"23/12/2022 11:00 - 23/12/2022 12:00","CTA|SE","18675.00","19271.00"
"23/12/2022 12:00 - 23/12/2022 13:00","CTA|SE","18626.00","19236.00"
"23/12/2022 13:00 - 23/12/2022 14:00","CTA|SE","18914.00","19323.00"
"23/12/2022 14:00 - 23/12/2022 15:00","CTA|SE","19701.00","19796.00"
"23/12/2022 15:00 - 23/12/2022 16:00","CTA|SE","19859.00","20089.00"
"23/12/2022 16:00 - 23/12/2022 17:00","CTA|SE","19633.00","20146.00"
"23/12/2022 17:00 - 23/12/2022 18:00","CTA|SE","19082.00","19720.00"
"23/12/2022 18:00 - 23/12/2022 19:00","CTA|SE","18589.00","19151.00"
"23/12/2022 19:00 - 23/12/2022 20:00","CTA|SE","18323.00","18479.00"
"23/12/2022 20:00 - 23/12/2022 21:00","CTA|SE","17634.00","17939.00"
"23/12/2022 21:00 - 23/12/2022 22:00","CTA|SE","16951.00","17496.00"
"23/12/2022 22:00 - 23/12/2022 23:00","CTA|SE","16606.00","17092.00"
"23/12/2022 23:00 - 24/12/2022 00:00","CTA|SE","16641.00","16294.00"
"24/12/2022 00:00 - 24/12/2022 01:00","CTA|SE","16547.00","15910.00"
"24/12/2022 01:00 - 24/12/2022 02:00","CTA|SE","16418.00","15720.00"
"24/12/2022 02:00 - 24/12/2022 03:00","CTA|SE","16247.00","15703.00"
"24/12/2022 03:00 - 24/12/2022 04:00","CTA|SE","16309.00","15839.00"
"24/12/2022 04:00 - 24/12/2022 05:00","CTA|SE","16455.00","16118.00"
"24/12/2022 05:00 - 24/12/2022 06:00","CTA|SE","16907.00","16669.00"
"24/12/2022 06:00 - 24/12/2022 07:00","CTA|SE","17687.00","17325.00"
"24/12/2022 07:00 - 24/12/2022 08:00","CTA|SE","18452.00","18153.00"
"24/12/2022 08:00 - 24/12/2022 09:00","CTA|SE","18654.00","18679.00"
"24/12/2022 09:00 - 24/12/2022 10:00","CTA|SE","18774.00","18961.00"
"24/12/2022 10:00 - 24/12/2022 11:00","CTA|SE","18903.00","18990.00"
"24/12/2022 11:00 - 24/12/2022 12:00","CTA|SE","18812.00","18816.00"
"24/12/2022 12:00 - 24/12/2022 13:00","CTA|SE","18382.00","18553.00"
"24/12/2022 13:00 - 24/12/2022 14:00","CTA|SE","18581.00","18479.00"
"24/12/2022 14:00 - 24/12/2022 15:00","CTA|SE","18773.00","18756.00"
"24/12/2022 15:00 - 24/12/2022 16:00","CTA|SE","18862.00","18946.00"
"24/12/2022 16:00 - 24/12/2022 17:00","CTA|SE","18688.00","18736.00"
"24/12/2022 17:00 - 24/12/2022 18:00","CTA|SE","18467.00","18365.00"
"24/12/2022 18:00 - 24/12/2022 19:00","CTA|SE","18351.00","18089.00"
"24/12/2022 19:00 - 24/12/2022 20:00","CTA|SE","18192.00","17899.00"
"24/12/2022 20:00 - 24/12/2022 21:00","CTA|SE","17860.00","17705.00"
"24/12/2022 21:00 - 24/12/2022 22:00","CTA|SE","17770.00","17450.00"
"24/12/2022 22:00 - 24/12/2022 23:00","CTA|SE","17259.00","17154.00"
"24/12/2022 23:00 - 25/12/2022 00:00","CTA|SE","16685.00","16884.00"
"25/12/2022 00:00 - 25/12/2022 01:00","CTA|SE","16410.00","16626.00"
"25/12/2022 01:00 - 25/12/2022 02:00","CTA|SE","16423.00","16485.00"
"25/12/2022 02:00 - 25/12/2022 03:00","CTA|SE","16244.00","16380.00"
"25/12/2022 03:00 - 25/12/2022 04:00","CTA|SE","16117.00","16398.00"
"25/12/2022 04:00 - 25/12/2022 05:00","CTA|SE","16070.00","16631.00"
"25/12/2022 05:00 - 25/12/2022 06:00","CTA|SE","16248.00","17010.00"
"25/12/2022 06:00 - 25/12/2022 07:00","CTA|SE","16636.00","17450.00"
"25/12/2022 07:00 - 25/12/2022 08:00","CTA|SE","16995.00","17875.00"
"25/12/2022 08:00 - 25/12/2022 09:00","CTA|SE","17669.00","18180.00"
"25/12/2022 09:00 - 25/12/2022 10:00","CTA|SE","17858.00","18412.00"
"25/12/2022 10:00 - 25/12/2022 11:00","CTA|SE","17828.00","18428.00"
"25/12/2022 11:00 - 25/12/2022 12:00","CTA|SE","17807.00","18417.00"
"25/12/2022 12:00 - 25/12/2022 13:00","CTA|SE","17810.00","18336.00"
"25/12/2022 13:00 - 25/12/2022 14:00","CTA|SE","17842.00","18391.00"
"25/12/2022 14:00 - 25/12/2022 15:00","CTA|SE","17525.00","18771.00"
"25/12/2022 15:00 - 25/12/2022 16:00","CTA|SE","17742.00","19015.00"
"25/12/2022 16:00 - 25/12/2022 17:00","CTA|SE","17685.00","18970.00"
"25/12/2022 17:00 - 25/12/2022 18:00","CTA|SE","17327.00","18629.00"
"25/12/2022 18:00 - 25/12/2022 19:00","CTA|SE","16949.00","18187.00"
"25/12/2022 19:00 - 25/12/2022 20:00","CTA|SE","16514.00","17731.00"
"25/12/2022 20:00 - 25/12/2022 21:00","CTA|SE","16109.00","17219.00"
"25/12/2022 21:00 - 25/12/2022 22:00","CTA|SE","15776.00","16672.00"
"25/12/2022 22:00 - 25/12/2022 23:00","CTA|SE","15094.00","16129.00"
"25/12/2022 23:00 - 26/12/2022 00:00","CTA|SE","14476.00","15590.00"
"26/12/2022 00:00 - 26/12/2022 01:00","CTA|SE","14198.00","15306.00"
"26/12/2022 01:00 - 26/12/2022 02:00","CTA|SE","13784.00","15104.00"
"26/12/2022 02:00 - 26/12/2022 03:00","CTA|SE","13797.00","14984.00"
"26/12/2022 03:00 - 26/12/2022 04:00","CTA|SE","13901.00","14992.00"
"26/12/2022 04:00 - 26/12/2022 05:00","CTA|SE","14566.00","15153.00"
"26/12/2022 05:00 - 26/12/2022 06:00","CTA|SE","14705.00","15508.00"
"26/12/2022 06:00 - 26/12/2022 07:00","CTA|SE","15176.00","15949.00"
"26/12/2022 07:00 - 26/12/2022 08:00","CTA|SE","15823.00","16392.00"
"26/12/2022 08:00 - 26/12/2022 09:00","CTA|SE","16391.00","16789.00"
"26/12/2022 09:00 - 26/12/2022 10:00","CTA|SE","16834.00","17176.00"
"26/12/2022 10:00 - 26/12/2022 11:00","CTA|SE","17292.00","17386.00"
"26/12/2022 11:00 - 26/12/2022 12:00","CTA|SE","17396.00","17437.00"
"26/12/2022 12:00 - 26/12/2022 13:00","CTA|SE","17233.00","17437.00"
"26/12/2022 13:00 - 26/12/2022 14:00","CTA|SE","17194.00","17509.00"
"26/12/2022 14:00 - 26/12/2022 15:00","CTA|SE","17602.00","17908.00"
"26/12/2022 15:00 - 26/12/2022 16:00","CTA|SE","18014.00","18205.00"
"26/12/2022 16:00 - 26/12/2022 17:00","CTA|SE","18327.00","18241.00"
"26/12/2022 17:00 - 26/12/2022 18:00","CTA|SE","18289.00","18036.00"
"26/12/2022 18:00 - 26/12/2022 19:00","CTA|SE","17989.00","17653.00"
"26/12/2022 19:00 - 26/12/2022 20:00","CTA|SE","17811.00","17159.00"
"26/12/2022 20:00 - 26/12/2022 21:00","CTA|SE","16966.00","16672.00"
"26/12/2022 21:00 - 26/12/2022 22:00","CTA|SE","16441.00","16148.00"
"26/12/2022 22:00 - 26/12/2022 23:00","CTA|SE","15852.00","15607.00"
"26/12/2022 23:00 - 27/12/2022 00:00","CTA|SE","15783.00","15646.00"
"27/12/2022 00:00 - 27/12/2022 01:00","CTA|SE","15581.00","15417.00"
"27/12/2022 01:00 - 27/12/2022 02:00","CTA|SE","15679.00","15308.00"
"27/12/2022 02:00 - 27/12/2022 03:00","CTA|SE","15609.00","15287.00"
"27/12/2022 03:00 - 27/12/2022 04:00","CTA|SE","15618.00","15479.00"
"27/12/2022 04:00 - 27/12/2022 05:00","CTA|SE","15964.00","15978.00"
"27/12/2022 05:00 - 27/12/2022 06:00","CTA|SE","16936.00","16943.00"
"27/12/2022 06:00 - 27/12/2022 07:00","CTA|SE","17997.00","17886.00"
"27/12/2022 07:00 - 27/12/2022 08:00","CTA|SE","18376.00","18481.00"
"27/12/2022 08:00 - 27/12/2022 09:00","CTA|SE","18322.00","18714.00"
"27/12/2022 09:00 - 27/12/2022 10:00","CTA|SE","18434.00","18943.00"
"27/12/2022 10:00 - 27/12/2022 11:00","CTA|SE","18344.00","19003.00"
"27/12/2022 11:00 - 27/12/2022 12:00","CTA|SE","18071.00","18979.00"
"27/12/2022 12:00 - 27/12/2022 13:00","CTA|SE","18252.00","18935.00"
"27/12/2022 13:00 - 27/12/2022 14:00","CTA|SE","18427.00","18992.00"
"27/12/2022 14:00 - 27/12/2022 15:00","CTA|SE","18601.00","19372.00"
"27/12/2022 15:00 - 27/12/2022 16:00","CTA|SE","19087.00","19615.00"
"27/12/2022 16:00 - 27/12/2022 17:00","CTA|SE","19442.00","19691.00"
"27/12/2022 17:00 - 27/12/2022 18:00","CTA|SE","19216.00","19399.00"
"27/12/2022 18:00 - 27/12/2022 19:00","CTA|SE","18605.00","19002.00"
"27/12/2022 19:00 - 27/12/2022 20:00","CTA|SE","17851.00","18473.00"
"27/12/2022 20:00 - 27/12/2022 21:00","CTA|SE","17401.00","17901.00"
"27/12/2022 21:00 - 27/12/2022 22:00","CTA|SE","16673.00","17299.00"
"27/12/2022 22:00 - 27/12/2022 23:00","CTA|SE","16263.00","16740.00"
"27/12/2022 23:00 - 28/12/2022 00:00","CTA|SE","15901.00","16166.00"
"28/12/2022 00:00 - 28/12/2022 01:00","CTA|SE","15785.00","15911.00"
"28/12/2022 01:00 - 28/12/2022 02:00","CTA|SE","15719.00","15815.00"
"28/12/2022 02:00 - 28/12/2022 03:00","CTA|SE","15859.00","15818.00"
"28/12/2022 03:00 - 28/12/2022 04:00","CTA|SE","15986.00","16019.00"
"28/12/2022 04:00 - 28/12/2022 05:00","CTA|SE","16349.00","16509.00"
"28/12/2022 05:00 - 28/12/2022 06:00","CTA|SE","17463.00","17466.00"
"28/12/2022 06:00 - 28/12/2022 07:00","CTA|SE","18663.00","18396.00"
"28/12/2022 07:00 - 28/12/2022 08:00","CTA|SE","19358.00","18992.00"
"28/12/2022 08:00 - 28/12/2022 09:00","CTA|SE","19573.00","19207.00"
"28/12/2022 09:00 - 28/12/2022 10:00","CTA|SE","19788.00","19421.00"
"28/12/2022 10:00 - 28/12/2022 11:00","CTA|SE","19762.00","19508.00"
"28/12/2022 11:00 - 28/12/2022 12:00","CTA|SE","20014.00","19546.00"
"28/12/2022 12:00 - 28/12/2022 13:00","CTA|SE","19970.00","19540.00"
"28/12/2022 13:00 - 28/12/2022 14:00","CTA|SE","19933.00","19577.00"
"28/12/2022 14:00 - 28/12/2022 15:00","CTA|SE","19781.00","19871.00"
"28/12/2022 15:00 - 28/12/2022 16:00","CTA|SE","19897.00","19987.00"
"28/12/2022 16:00 - 28/12/2022 17:00","CTA|SE","19704.00","19980.00"
"28/12/2022 17:00 - 28/12/2022 18:00","CTA|SE","19386.00","19639.00"
"28/12/2022 18:00 - 28/12/2022 19:00","CTA|SE","18767.00","19179.00"
"28/12/2022 19:00 - 28/12/2022 20:00","CTA|SE","17916.00","18617.00"
"28/12/2022 20:00 - 28/12/2022 21:00","CTA|SE","17226.00","17997.00"
"28/12/2022 21:00 - 28/12/2022 22:00","CTA|SE","16381.00","17357.00"
"28/12/2022 22:00 - 28/12/2022 23:00","CTA|SE","15716.00","16734.00"
"28/12/2022 23:00 - 29/12/2022 00:00","CTA|SE","15330.00","15830.00"
"29/12/2022 00:00 - 29/12/2022 01:00","CTA|SE","15109.00","15547.00"
"29/12/2022 01:00 - 29/12/2022 02:00","CTA|SE","14830.00","15390.00"
"29/12/2022 02:00 - 29/12/2022 03:00","CTA|SE","14689.00","15323.00"
"29/12/2022 03:00 - 29/12/2022 04:00","CTA|SE","14788.00","15443.00"
"29/12/2022 04:00 - 29/12/2022 05:00","CTA|SE","15309.00","15825.00"
"29/12/2022 05:00 - 29/12/2022 06:00","CTA|SE","16134.00","16657.00"
"29/12/2022 06:00 - 29/12/2022 07:00","CTA|SE","16765.00","17463.00"
"29/12/2022 07:00 - 29/12/2022 08:00","CTA|SE","17289.00","17932.00"
"29/12/2022 08:00 - 29/12/2022 09:00","CTA|SE","17307.00","18077.00"
"29/12/2022 09:00 - 29/12/2022 10:00","CTA|SE","17340.00","18239.00"
"29/12/2022 10:00 - 29/12/2022 11:00","CTA|SE","17977.00","18272.00"
"29/12/2022 11:00 - 29/12/2022 12:00","CTA|SE","17978.00","18241.00"
"29/12/2022 12:00 - 29/12/2022 13:00","CTA|SE","17702.00","18163.00"
"29/12/2022 13:00 - 29/12/2022 14:00","CTA|SE","17714.00","18121.00"
"29/12/2022 14:00 - 29/12/2022 15:00","CTA|SE","17798.00","18353.00"
"29/12/2022 15:00 - 29/12/2022 16:00","CTA|SE","18025.00","18422.00"
"29/12/2022 16:00 - 29/12/2022 17:00","CTA|SE","17987.00","18367.00"
"29/12/2022 17:00 - 29/12/2022 18:00","CTA|SE","17898.00","18006.00"
"29/12/2022 18:00 - 29/12/2022 19:00","CTA|SE","17363.00","17556.00"
"29/12/2022 19:00 - 29/12/2022 20:00","CTA|SE","16684.00","17013.00"
"29/12/2022 20:00 - 29/12/2022 21:00","CTA|SE","16125.00","16491.00"
"29/12/2022 21:00 - 29/12/2022 22:00","CTA|SE","15506.00","15928.00"
"29/12/2022 22:00 - 29/12/2022 23:00","CTA|SE","14742.00","15402.00"
"29/12/2022 23:00 - 30/12/2022 00:00","CTA|SE","14324.00","14717.00"
"30/12/2022 00:00 - 30/12/2022 01:00","CTA|SE","14098.00","14425.00"
"30/12/2022 01:00 - 30/12/2022 02:00","CTA|SE","13957.00","14287.00"
"30/12/2022 02:00 - 30/12/2022 03:00","CTA|SE","13923.00","14257.00"
"30/12/2022 03:00 - 30/12/2022 04:00","CTA|SE","14058.00","14434.00"
"30/12/2022 04:00 - 30/12/2022 05:00","CTA|SE","14404.00","14916.00"
"30/12/2022 05:00 - 30/12/2022 06:00","CTA|SE","15519.00","15900.00"
"30/12/2022 06:00 - 30/12/2022 07:00","CTA|SE","16474.00","16881.00"
"30/12/2022 07:00 - 30/12/2022 08:00","CTA|SE","17112.00","17489.00"
"30/12/2022 08:00 - 30/12/2022 09:00","CTA|SE","17408.00","17744.00"
"30/12/2022 09:00 - 30/12/2022 10:00","CTA|SE","17632.00","17946.00"
"30/12/2022 10:00 - 30/12/2022 11:00","CTA|SE","17331.00","18008.00"
"30/12/2022 11:00 - 30/12/2022 12:00","CTA|SE","16963.00","18042.00"
"30/12/2022 12:00 - 30/12/2022 13:00","CTA|SE","17025.00","18046.00"
"30/12/2022 13:00 - 30/12/2022 14:00","CTA|SE","17069.00","18148.00"
"30/12/2022 14:00 - 30/12/2022 15:00","CTA|SE","17399.00","18562.00"
"30/12/2022 15:00 - 30/12/2022 16:00","CTA|SE","17961.00","18792.00"
"30/12/2022 16:00 - 30/12/2022 17:00","CTA|SE","17537.00","18822.00"
"30/12/2022 17:00 - 30/12/2022 18:00","CTA|SE","16995.00","18475.00"
"30/12/2022 18:00 - 30/12/2022 19:00","CTA|SE","16643.00","18006.00"
"30/12/2022 19:00 - 30/12/2022 20:00","CTA|SE","16068.00","17422.00"
"30/12/2022 20:00 - 30/12/2022 21:00","CTA|SE","15176.00","16834.00"
"30/12/2022 21:00 - 30/12/2022 22:00","CTA|SE","14708.00","16158.00"
"30/12/2022 22:00 - 30/12/2022 23:00","CTA|SE","14606.00","15510.00"
"30/12/2022 23:00 - 31/12/2022 00:00","CTA|SE","13945.00","14617.00"
"31/12/2022 00:00 - 31/12/2022 01:00","CTA|SE","13631.00","14179.00"
"31/12/2022 01:00 - 31/12/2022 02:00","CTA|SE","13385.00","13915.00"
"31/12/2022 02:00 - 31/12/2022 03:00","CTA|SE","13608.00","13733.00"
"31/12/2022 03:00 - 31/12/2022 04:00","CTA|SE","13595.00","13631.00"
"31/12/2022 04:00 - 31/12/2022 05:00","CTA|SE","13558.00","13711.00"
"31/12/2022 05:00 - 31/12/2022 06:00","CTA|SE","13630.00","14100.00"
"31/12/2022 06:00 - 31/12/2022 07:00","CTA|SE","13912.00","14524.00"
"31/12/2022 07:00 - 31/12/2022 08:00","CTA|SE","14266.00","15026.00"
"31/12/2022 08:00 - 31/12/2022 09:00","CTA|SE","14634.00","15492.00"
"31/12/2022 09:00 - 31/12/2022 10:00","CTA|SE","14695.00","15937.00"
"31/12/2022 10:00 - 31/12/2022 11:00","CTA|SE","14860.00","16157.00"
"31/12/2022 11:00 - 31/12/2022 12:00","CTA|SE","15080.00","16255.00"
"31/12/2022 12:00 - 31/12/2022 13:00","CTA|SE","15264.00","16282.00"
"31/12/2022 13:00 - 31/12/2022 14:00","CTA|SE","15451.00","16505.00"
"31/12/2022 14:00 - 31/12/2022 15:00","CTA|SE","15895.00","17005.00"
"31/12/2022 15:00 - 31/12/2022 16:00","CTA|SE","16258.00","17366.00"
"31/12/2022 16:00 - 31/12/2022 17:00","CTA|SE","16104.00","17341.00"
"31/12/2022 17:00 - 31/12/2022 18:00","CTA|SE","16101.00","16868.00"
"31/12/2022 18:00 - 31/12/2022 19:00","CTA|SE","15825.00","16247.00"
"31/12/2022 19:00 - 31/12/2022 20:00","CTA|SE","15250.00","15603.00"
"31/12/2022 20:00 - 31/12/2022 21:00","CTA|SE","14440.00","15202.00"
"31/12/2022 21:00 - 31/12/2022 22:00","CTA|SE","14201.00","14914.00"
"31/12/2022 22:00 - 31/12/2022 23:00","CTA|SE","13713.00","14599.00"
"31/12/2022 23:00 - 01/01/2023 00:00","CTA|SE","13772.00","14336.00"
