"MTU (UTC)","Area","Actual Total Load (MW)","Day-ahead Total Load Forecast (MW)"
"01/01/2023 00:00 - 01/01/2023 01:00","CTA|SE","13595.00","14178.00"
"01/01/2023 01:00 - 01/01/2023 02:00","CTA|SE","13802.00","14073.00"
"01/01/2023 02:00 - 01/01/2023 03:00","CTA|SE","13819.00","13969.00"
"01/01/2023 03:00 - 01/01/2023 04:00","CTA|SE","13890.00","13997.00"
"01/01/2023 04:00 - 01/01/2023 05:00","CTA|SE","13441.00","14199.00"
"01/01/2023 05:00 - 01/01/2023 06:00","CTA|SE","13488.00","14535.00"
"01/01/2023 06:00 - 01/01/2023 07:00","CTA|SE","13904.00","14896.00"
"01/01/2023 07:00 - 01/01/2023 08:00","CTA|SE","14255.00","15193.00"
"01/01/2023 08:00 - 01/01/2023 09:00","CTA|SE","14338.00","15453.00"
"01/01/2023 09:00 - 01/01/2023 10:00","CTA|SE","14623.00","15827.00"
"01/01/2023 10:00 - 01/01/2023 11:00","CTA|SE","14895.00","16135.00"
"01/01/2023 11:00 - 01/01/2023 12:00","CTA|SE","15275.00","16331.00"
"01/01/2023 12:00 - 01/01/2023 13:00","CTA|SE","15431.00","16478.00"
"01/01/2023 13:00 - 01/01/2023 14:00","CTA|SE","15729.00","16722.00"
"01/01/2023 14:00 - 01/01/2023 15:00","CTA|SE","16421.00","17153.00"
"01/01/2023 15:00 - 01/01/2023 16:00","CTA|SE","17173.00","17471.00"
"01/01/2023 16:00 - 01/01/2023 17:00","CTA|SE","17502.00","17562.00"
"01/01/2023 17:00 - 01/01/2023 18:00","CTA|SE","17565.00","17417.00"
"01/01/2023 18:00 - 01/01/2023 19:00","CTA|SE","17047.00","17125.00"
"01/01/2023 19:00 - 01/01/2023 20:00","CTA|SE","16587.00","16699.00"
"01/01/2023 20:00 - 01/01/2023 21:00","CTA|SE","16145.00","16245.00"
"01/01/2023 21:00 - 01/01/2023 22:00","CTA|SE","15869.00","15774.00"
"01/01/2023 22:00 - 01/01/2023 23:00","CTA|SE","15143.00","15321.00"
"01/01/2023 23:00 - 02/01/2023 00:00","CTA|SE","14697.00","15085.00"
"02/01/2023 00:00 - 02/01/2023 01:00","CTA|SE","14783.00","14786.00"
"02/01/2023 01:00 - 02/01/2023 02:00","CTA|SE","14677.00","14654.00"
"02/01/2023 02:00 - 02/01/2023 03:00","CTA|SE","14495.00","14583.00"
"02/01/2023 03:00 - 02/01/2023 04:00","CTA|SE","14784.00","14725.00"
"02/01/2023 04:00 - 02/01/2023 05:00","CTA|SE","15267.00","15210.00"
"02/01/2023 05:00 - 02/01/2023 06:00","CTA|SE","16163.00","16360.00"
"02/01/2023 06:00 - 02/01/2023 07:00","CTA|SE","17608.00","17500.00"
"02/01/2023 07:00 - 02/01/2023 08:00","CTA|SE","18126.00","18108.00"
"02/01/2023 08:00 - 02/01/2023 09:00","CTA|SE","18348.00","18250.00"
"02/01/2023 09:00 - 02/01/2023 10:00","CTA|SE","18434.00","18484.00"
"02/01/2023 10:00 - 02/01/2023 11:00","CTA|SE","18415.00","18591.00"
"02/01/2023 11:00 - 02/01/2023 12:00","CTA|SE","18854.00","18658.00"
"02/01/2023 12:00 - 02/01/2023 13:00","CTA|SE","18827.00","18671.00"
"02/01/2023 13:00 - 02/01/2023 14:00","CTA|SE","18905.00","18735.00"
"02/01/2023 14:00 - 02/01/2023 15:00","CTA|SE","19178.00","19052.00"
"02/01/2023 15:00 - 02/01/2023 16:00","CTA|SE","19256.00","19270.00"
"02/01/2023 16:00 - 02/01/2023 17:00","CTA|SE","19194.00","19294.00"
"02/01/2023 17:00 - 02/01/2023 18:00","CTA|SE","18906.00","18966.00"
"02/01/2023 18:00 - 02/01/2023 19:00","CTA|SE","18100.00","18548.00"
"02/01/2023 19:00 - 02/01/2023 20:00","CTA|SE","17590.00","18058.00"
"02/01/2023 20:00 - 02/01/2023 21:00","CTA|SE","16984.00","17478.00"
"02/01/2023 21:00 - 02/01/2023 22:00","CTA|SE","16325.00","16858.00"
"02/01/2023 22:00 - 02/01/2023 23:00","CTA|SE","16252.00","16235.00"
"02/01/2023 23:00 - 03/01/2023 00:00","CTA|SE","15914.00","15398.00"
"03/01/2023 00:00 - 03/01/2023 01:00","CTA|SE","15388.00","15197.00"
"03/01/2023 01:00 - 03/01/2023 02:00","CTA|SE","15230.00","15179.00"
"03/01/2023 02:00 - 03/01/2023 03:00","CTA|SE","15189.00","15209.00"
"03/01/2023 03:00 - 03/01/2023 04:00","CTA|SE","15487.00","15451.00"
"03/01/2023 04:00 - 03/01/2023 05:00","CTA|SE","16115.00","16031.00"
"03/01/2023 05:00 - 03/01/2023 06:00","CTA|SE","17264.00","17266.00"
"03/01/2023 06:00 - 03/01/2023 07:00","CTA|SE","18274.00","18491.00"
"03/01/2023 07:00 - 03/01/2023 08:00","CTA|SE","18802.00","19197.00"
"03/01/2023 08:00 - 03/01/2023 09:00","CTA|SE","19102.00","19413.00"
"03/01/2023 09:00 - 03/01/2023 10:00","CTA|SE","19455.00","19654.00"
"03/01/2023 10:00 - 03/01/2023 11:00","CTA|SE","19517.00","19725.00"
"03/01/2023 11:00 - 03/01/2023 12:00","CTA|SE","19432.00","19765.00"
"03/01/2023 12:00 - 03/01/2023 13:00","CTA|SE","19684.00","19795.00"
"03/01/2023 13:00 - 03/01/2023 14:00","CTA|SE","20295.00","19912.00"
"03/01/2023 14:00 - 03/01/2023 15:00","CTA|SE","20618.00","20325.00"
"03/01/2023 15:00 - 03/01/2023 16:00","CTA|SE","21119.00","20640.00"
"03/01/2023 16:00 - 03/01/2023 17:00","CTA|SE","21184.00","20741.00"
"03/01/2023 17:00 - 03/01/2023 18:00","CTA|SE","20797.00","20465.00"
"03/01/2023 18:00 - 03/01/2023 19:00","CTA|SE","20221.00","20071.00"
"03/01/2023 19:00 - 03/01/2023 20:00","CTA|SE","19423.00","19595.00"
"03/01/2023 20:00 - 03/01/2023 21:00","CTA|SE","18905.00","19020.00"
"03/01/2023 21:00 - 03/01/2023 22:00","CTA|SE","18316.00","18388.00"
"03/01/2023 22:00 - 03/01/2023 23:00","CTA|SE","17617.00","17735.00"
"03/01/2023 23:00 - 04/01/2023 00:00","CTA|SE","17265.00","16782.00"
"04/01/2023 00:00 - 04/01/2023 01:00","CTA|SE","17089.00","16553.00"
"04/01/2023 01:00 - 04/01/2023 02:00","CTA|SE","16889.00","16462.00"
"04/01/2023 02:00 - 04/01/2023 03:00","CTA|SE","16884.00","16408.00"
"04/01/2023 03:00 - 04/01/2023 04:00","CTA|SE","16873.00","16547.00"
"04/01/2023 04:00 - 04/01/2023 05:00","CTA|SE","17514.00","17052.00"
"04/01/2023 05:00 - 04/01/2023 06:00","CTA|SE","19001.00","18199.00"
"04/01/2023 06:00 - 04/01/2023 07:00","CTA|SE","20325.00","19313.00"
"04/01/2023 07:00 - 04/01/2023 08:00","CTA|SE","20733.00","19880.00"
"04/01/2023 08:00 - 04/01/2023 09:00","CTA|SE","20977.00","19975.00"
"04/01/2023 09:00 - 04/01/2023 10:00","CTA|SE","21416.00","20143.00"
"04/01/2023 10:00 - 04/01/2023 11:00","CTA|SE","21515.00","20211.00"
"04/01/2023 11:00 - 04/01/2023 12:00","CTA|SE","21546.00","20212.00"
"04/01/2023 12:00 - 04/01/2023 13:00","CTA|SE","21393.00","20151.00"
"04/01/2023 13:00 - 04/01/2023 14:00","CTA|SE","21475.00","20130.00"
"04/01/2023 14:00 - 04/01/2023 15:00","CTA|SE","21677.00","20321.00"
"04/01/2023 15:00 - 04/01/2023 16:00","CTA|SE","21702.00","20408.00"
"04/01/2023 16:00 - 04/01/2023 17:00","CTA|SE","21667.00","20358.00"
"04/01/2023 17:00 - 04/01/2023 18:00","CTA|SE","21104.00","19961.00"
"04/01/2023 18:00 - 04/01/2023 19:00","CTA|SE","20786.00","19446.00"
"04/01/2023 19:00 - 04/01/2023 20:00","CTA|SE","20150.00","18881.00"
"04/01/2023 20:00 - 04/01/2023 21:00","CTA|SE","19336.00","18218.00"
"04/01/2023 21:00 - 04/01/2023 22:00","CTA|SE","18543.00","17522.00"
"04/01/2023 22:00 - 04/01/2023 23:00","CTA|SE","17980.00","16888.00"
"04/01/2023 23:00 - 05/01/2023 00:00","CTA|SE","17595.00","16417.00"
"05/01/2023 00:00 - 05/01/2023 01:00","CTA|SE","17188.00","16130.00"
"05/01/2023 01:00 - 05/01/2023 02:00","CTA|SE","17031.00","16046.00"
"05/01/2023 02:00 - 05/01/2023 03:00","CTA|SE","17216.00","16101.00"
"05/01/2023 03:00 - 05/01/2023 04:00","CTA|SE","17004.00","16343.00"
"05/01/2023 04:00 - 05/01/2023 05:00","CTA|SE","17428.00","16946.00"
"05/01/2023 05:00 - 05/01/2023 06:00","CTA|SE","18454.00","18245.00"
"05/01/2023 06:00 - 05/01/2023 07:00","CTA|SE","19934.00","19429.00"
"05/01/2023 07:00 - 05/01/2023 08:00","CTA|SE","20598.00","20013.00"
"05/01/2023 08:00 - 05/01/2023 09:00","CTA|SE","20863.00","20261.00"
"05/01/2023 09:00 - 05/01/2023 10:00","CTA|SE","20694.00","20547.00"
"05/01/2023 10:00 - 05/01/2023 11:00","CTA|SE","20536.00","20681.00"
"05/01/2023 11:00 - 05/01/2023 12:00","CTA|SE","20690.00","20693.00"
"05/01/2023 12:00 - 05/01/2023 13:00","CTA|SE","20584.00","20675.00"
"05/01/2023 13:00 - 05/01/2023 14:00","CTA|SE","20609.00","20694.00"
"05/01/2023 14:00 - 05/01/2023 15:00","CTA|SE","21022.00","21049.00"
"05/01/2023 15:00 - 05/01/2023 16:00","CTA|SE","21279.00","21349.00"
"05/01/2023 16:00 - 05/01/2023 17:00","CTA|SE","21206.00","21404.00"
"05/01/2023 17:00 - 05/01/2023 18:00","CTA|SE","20757.00","21082.00"
"05/01/2023 18:00 - 05/01/2023 19:00","CTA|SE","20000.00","20671.00"
"05/01/2023 19:00 - 05/01/2023 20:00","CTA|SE","19278.00","20215.00"
"05/01/2023 20:00 - 05/01/2023 21:00","CTA|SE","18733.00","19664.00"
"05/01/2023 21:00 - 05/01/2023 22:00","CTA|SE","18076.00","19101.00"
"05/01/2023 22:00 - 05/01/2023 23:00","CTA|SE","17568.00","18577.00"
"05/01/2023 23:00 - 06/01/2023 00:00","CTA|SE","17350.00","17918.00"
"06/01/2023 00:00 - 06/01/2023 01:00","CTA|SE","17102.00","17638.00"
"06/01/2023 01:00 - 06/01/2023 02:00","CTA|SE","16827.00","17499.00"
"06/01/2023 02:00 - 06/01/2023 03:00","CTA|SE","16693.00","17454.00"
"06/01/2023 03:00 - 06/01/2023 04:00","CTA|SE","16731.00","17565.00"
"06/01/2023 04:00 - 06/01/2023 05:00","CTA|SE","16731.00","17695.00"
"06/01/2023 05:00 - 06/01/2023 06:00","CTA|SE","17127.00","18105.00"
"06/01/2023 06:00 - 06/01/2023 07:00","CTA|SE","17681.00","18524.00"
"06/01/2023 07:00 - 06/01/2023 08:00","CTA|SE","18206.00","18976.00"
"06/01/2023 08:00 - 06/01/2023 09:00","CTA|SE","18409.00","19334.00"
"06/01/2023 09:00 - 06/01/2023 10:00","CTA|SE","18922.00","19715.00"
"06/01/2023 10:00 - 06/01/2023 11:00","CTA|SE","19335.00","19921.00"
"06/01/2023 11:00 - 06/01/2023 12:00","CTA|SE","19702.00","19984.00"
"06/01/2023 12:00 - 06/01/2023 13:00","CTA|SE","19552.00","19885.00"
"06/01/2023 13:00 - 06/01/2023 14:00","CTA|SE","19716.00","19864.00"
"06/01/2023 14:00 - 06/01/2023 15:00","CTA|SE","20133.00","20197.00"
"06/01/2023 15:00 - 06/01/2023 16:00","CTA|SE","20105.00","20560.00"
"06/01/2023 16:00 - 06/01/2023 17:00","CTA|SE","19834.00","20613.00"
"06/01/2023 17:00 - 06/01/2023 18:00","CTA|SE","19741.00","20292.00"
"06/01/2023 18:00 - 06/01/2023 19:00","CTA|SE","18995.00","19845.00"
"06/01/2023 19:00 - 06/01/2023 20:00","CTA|SE","18301.00","19367.00"
"06/01/2023 20:00 - 06/01/2023 21:00","CTA|SE","17646.00","18748.00"
"06/01/2023 21:00 - 06/01/2023 22:00","CTA|SE","17328.00","18049.00"
"06/01/2023 22:00 - 06/01/2023 23:00","CTA|SE","16889.00","17421.00"
"06/01/2023 23:00 - 07/01/2023 00:00","CTA|SE","16714.00","16845.00"
"07/01/2023 00:00 - 07/01/2023 01:00","CTA|SE","16251.00","16458.00"
"07/01/2023 01:00 - 07/01/2023 02:00","CTA|SE","15907.00","16256.00"
"07/01/2023 02:00 - 07/01/2023 03:00","CTA|SE","15745.00","16144.00"
"07/01/2023 03:00 - 07/01/2023 04:00","CTA|SE","15727.00","16147.00"
"07/01/2023 04:00 - 07/01/2023 05:00","CTA|SE","15630.00","16237.00"
"07/01/2023 05:00 - 07/01/2023 06:00","CTA|SE","15815.00","16560.00"
"07/01/2023 06:00 - 07/01/2023 07:00","CTA|SE","16471.00","17029.00"
"07/01/2023 07:00 - 07/01/2023 08:00","CTA|SE","16870.00","17585.00"
"07/01/2023 08:00 - 07/01/2023 09:00","CTA|SE","17410.00","18072.00"
"07/01/2023 09:00 - 07/01/2023 10:00","CTA|SE","17785.00","18449.00"
"07/01/2023 10:00 - 07/01/2023 11:00","CTA|SE","18074.00","18622.00"
"07/01/2023 11:00 - 07/01/2023 12:00","CTA|SE","17963.00","18600.00"
"07/01/2023 12:00 - 07/01/2023 13:00","CTA|SE","17831.00","18519.00"
"07/01/2023 13:00 - 07/01/2023 14:00","CTA|SE","17783.00","18492.00"
"07/01/2023 14:00 - 07/01/2023 15:00","CTA|SE","18220.00","18680.00"
"07/01/2023 15:00 - 07/01/2023 16:00","CTA|SE","18783.00","19042.00"
"07/01/2023 16:00 - 07/01/2023 17:00","CTA|SE","19024.00","19091.00"
"07/01/2023 17:00 - 07/01/2023 18:00","CTA|SE","18836.00","18735.00"
"07/01/2023 18:00 - 07/01/2023 19:00","CTA|SE","18087.00","18176.00"
"07/01/2023 19:00 - 07/01/2023 20:00","CTA|SE","17654.00","17536.00"
"07/01/2023 20:00 - 07/01/2023 21:00","CTA|SE","17121.00","16921.00"
"07/01/2023 21:00 - 07/01/2023 22:00","CTA|SE","16652.00","16318.00"
"07/01/2023 22:00 - 07/01/2023 23:00","CTA|SE","16208.00","15750.00"
"07/01/2023 23:00 - 08/01/2023 00:00","CTA|SE","15850.00","15288.00"
"08/01/2023 00:00 - 08/01/2023 01:00","CTA|SE","15715.00","14987.00"
"08/01/2023 01:00 - 08/01/2023 02:00","CTA|SE","15714.00","14795.00"
"08/01/2023 02:00 - 08/01/2023 03:00","CTA|SE","15495.00","14690.00"
"08/01/2023 03:00 - 08/01/2023 04:00","CTA|SE","15482.00","14704.00"
"08/01/2023 04:00 - 08/01/2023 05:00","CTA|SE","15447.00","14800.00"
"08/01/2023 05:00 - 08/01/2023 06:00","CTA|SE","15374.00","15108.00"
"08/01/2023 06:00 - 08/01/2023 07:00","CTA|SE","15405.00","15510.00"
"08/01/2023 07:00 - 08/01/2023 08:00","CTA|SE","15731.00","15979.00"
"08/01/2023 08:00 - 08/01/2023 09:00","CTA|SE","16412.00","16477.00"
"08/01/2023 09:00 - 08/01/2023 10:00","CTA|SE","17258.00","16950.00"
"08/01/2023 10:00 - 08/01/2023 11:00","CTA|SE","17328.00","17290.00"
"08/01/2023 11:00 - 08/01/2023 12:00","CTA|SE","17523.00","17443.00"
"08/01/2023 12:00 - 08/01/2023 13:00","CTA|SE","17643.00","17456.00"
"08/01/2023 13:00 - 08/01/2023 14:00","CTA|SE","17619.00","17504.00"
"08/01/2023 14:00 - 08/01/2023 15:00","CTA|SE","17673.00","17763.00"
"08/01/2023 15:00 - 08/01/2023 16:00","CTA|SE","18357.00","18194.00"
"08/01/2023 16:00 - 08/01/2023 17:00","CTA|SE","18653.00","18365.00"
"08/01/2023 17:00 - 08/01/2023 18:00","CTA|SE","18211.00","18122.00"
"08/01/2023 18:00 - 08/01/2023 19:00","CTA|SE","17940.00","17786.00"
"08/01/2023 19:00 - 08/01/2023 20:00","CTA|SE","17683.00","17314.00"
"08/01/2023 20:00 - 08/01/2023 21:00","CTA|SE","17145.00","16685.00"
"08/01/2023 21:00 - 08/01/2023 22:00","CTA|SE","16547.00","16059.00"
"08/01/2023 22:00 - 08/01/2023 23:00","CTA|SE","16028.00","15474.00"
"08/01/2023 23:00 - 09/01/2023 00:00","CTA|SE","15594.00","15086.00"
"09/01/2023 00:00 - 09/01/2023 01:00","CTA|SE","15217.00","14886.00"
"09/01/2023 01:00 - 09/01/2023 02:00","CTA|SE","15093.00","14848.00"
"09/01/2023 02:00 - 09/01/2023 03:00","CTA|SE","15167.00","14875.00"
"09/01/2023 03:00 - 09/01/2023 04:00","CTA|SE","15275.00","15155.00"
"09/01/2023 04:00 - 09/01/2023 05:00","CTA|SE","15801.00","15842.00"
"09/01/2023 05:00 - 09/01/2023 06:00","CTA|SE","17222.00","17417.00"
"09/01/2023 06:00 - 09/01/2023 07:00","CTA|SE","18487.00","18871.00"
"09/01/2023 07:00 - 09/01/2023 08:00","CTA|SE","18720.00","19283.00"
"09/01/2023 08:00 - 09/01/2023 09:00","CTA|SE","18803.00","19222.00"
"09/01/2023 09:00 - 09/01/2023 10:00","CTA|SE","19059.00","19270.00"
"09/01/2023 10:00 - 09/01/2023 11:00","CTA|SE","19002.00","19287.00"
"09/01/2023 11:00 - 09/01/2023 12:00","CTA|SE","19131.00","19285.00"
"09/01/2023 12:00 - 09/01/2023 13:00","CTA|SE","19302.00","19194.00"
"09/01/2023 13:00 - 09/01/2023 14:00","CTA|SE","19322.00","19220.00"
"09/01/2023 14:00 - 09/01/2023 15:00","CTA|SE","19621.00","19403.00"
"09/01/2023 15:00 - 09/01/2023 16:00","CTA|SE","19623.00","19536.00"
"09/01/2023 16:00 - 09/01/2023 17:00","CTA|SE","19688.00","19621.00"
"09/01/2023 17:00 - 09/01/2023 18:00","CTA|SE","19233.00","19205.00"
"09/01/2023 18:00 - 09/01/2023 19:00","CTA|SE","18788.00","18738.00"
"09/01/2023 19:00 - 09/01/2023 20:00","CTA|SE","18279.00","18179.00"
"09/01/2023 20:00 - 09/01/2023 21:00","CTA|SE","17654.00","17477.00"
"09/01/2023 21:00 - 09/01/2023 22:00","CTA|SE","16849.00","16657.00"
"09/01/2023 22:00 - 09/01/2023 23:00","CTA|SE","16168.00","15858.00"
"09/01/2023 23:00 - 10/01/2023 00:00","CTA|SE","15812.00","15459.00"
"10/01/2023 00:00 - 10/01/2023 01:00","CTA|SE","15339.00","15215.00"
"10/01/2023 01:00 - 10/01/2023 02:00","CTA|SE","15246.00","15132.00"
"10/01/2023 02:00 - 10/01/2023 03:00","CTA|SE","15133.00","15153.00"
"10/01/2023 03:00 - 10/01/2023 04:00","CTA|SE","15284.00","15381.00"
"10/01/2023 04:00 - 10/01/2023 05:00","CTA|SE","15698.00","16081.00"
"10/01/2023 05:00 - 10/01/2023 06:00","CTA|SE","17257.00","17618.00"
"10/01/2023 06:00 - 10/01/2023 07:00","CTA|SE","18493.00","19017.00"
"10/01/2023 07:00 - 10/01/2023 08:00","CTA|SE","18833.00","19350.00"
"10/01/2023 08:00 - 10/01/2023 09:00","CTA|SE","18607.00","19259.00"
"10/01/2023 09:00 - 10/01/2023 10:00","CTA|SE","18848.00","19296.00"
"10/01/2023 10:00 - 10/01/2023 11:00","CTA|SE","18576.00","19309.00"
"10/01/2023 11:00 - 10/01/2023 12:00","CTA|SE","18517.00","19254.00"
"10/01/2023 12:00 - 10/01/2023 13:00","CTA|SE","18374.00","19184.00"
"10/01/2023 13:00 - 10/01/2023 14:00","CTA|SE","18554.00","19188.00"
"10/01/2023 14:00 - 10/01/2023 15:00","CTA|SE","18752.00","19393.00"
"10/01/2023 15:00 - 10/01/2023 16:00","CTA|SE","18949.00","19600.00"
"10/01/2023 16:00 - 10/01/2023 17:00","CTA|SE","19123.00","19728.00"
"10/01/2023 17:00 - 10/01/2023 18:00","CTA|SE","18591.00","19378.00"
"10/01/2023 18:00 - 10/01/2023 19:00","CTA|SE","18199.00","18938.00"
"10/01/2023 19:00 - 10/01/2023 20:00","CTA|SE","17609.00","18359.00"
"10/01/2023 20:00 - 10/01/2023 21:00","CTA|SE","16761.00","17661.00"
"10/01/2023 21:00 - 10/01/2023 22:00","CTA|SE","15875.00","16857.00"
"10/01/2023 22:00 - 10/01/2023 23:00","CTA|SE","15151.00","16081.00"
"10/01/2023 23:00 - 11/01/2023 00:00","CTA|SE","14844.00","15497.00"
"11/01/2023 00:00 - 11/01/2023 01:00","CTA|SE","14708.00","15193.00"
"11/01/2023 01:00 - 11/01/2023 02:00","CTA|SE","14802.00","15075.00"
"11/01/2023 02:00 - 11/01/2023 03:00","CTA|SE","14773.00","15072.00"
"11/01/2023 03:00 - 11/01/2023 04:00","CTA|SE","14769.00","15265.00"
"11/01/2023 04:00 - 11/01/2023 05:00","CTA|SE","15329.00","15927.00"
"11/01/2023 05:00 - 11/01/2023 06:00","CTA|SE","16997.00","17410.00"
"11/01/2023 06:00 - 11/01/2023 07:00","CTA|SE","18609.00","18765.00"
"11/01/2023 07:00 - 11/01/2023 08:00","CTA|SE","19182.00","19063.00"
"11/01/2023 08:00 - 11/01/2023 09:00","CTA|SE","19085.00","18975.00"
"11/01/2023 09:00 - 11/01/2023 10:00","CTA|SE","18857.00","19015.00"
"11/01/2023 10:00 - 11/01/2023 11:00","CTA|SE","18858.00","19024.00"
"11/01/2023 11:00 - 11/01/2023 12:00","CTA|SE","18720.00","18970.00"
"11/01/2023 12:00 - 11/01/2023 13:00","CTA|SE","18532.00","18866.00"
"11/01/2023 13:00 - 11/01/2023 14:00","CTA|SE","18287.00","18840.00"
"11/01/2023 14:00 - 11/01/2023 15:00","CTA|SE","18403.00","19014.00"
"11/01/2023 15:00 - 11/01/2023 16:00","CTA|SE","18548.00","19215.00"
"11/01/2023 16:00 - 11/01/2023 17:00","CTA|SE","18599.00","19368.00"
"11/01/2023 17:00 - 11/01/2023 18:00","CTA|SE","18183.00","18989.00"
"11/01/2023 18:00 - 11/01/2023 19:00","CTA|SE","17474.00","18571.00"
"11/01/2023 19:00 - 11/01/2023 20:00","CTA|SE","17075.00","18029.00"
"11/01/2023 20:00 - 11/01/2023 21:00","CTA|SE","16262.00","17350.00"
"11/01/2023 21:00 - 11/01/2023 22:00","CTA|SE","15395.00","16559.00"
"11/01/2023 22:00 - 11/01/2023 23:00","CTA|SE","14650.00","15800.00"
"11/01/2023 23:00 - 12/01/2023 00:00","CTA|SE","14638.00","15203.00"
"12/01/2023 00:00 - 12/01/2023 01:00","CTA|SE","14309.00","14975.00"
"12/01/2023 01:00 - 12/01/2023 02:00","CTA|SE","14100.00","14896.00"
"12/01/2023 02:00 - 12/01/2023 03:00","CTA|SE","13776.00","14924.00"
"12/01/2023 03:00 - 12/01/2023 04:00","CTA|SE","13944.00","15152.00"
"12/01/2023 04:00 - 12/01/2023 05:00","CTA|SE","14509.00","15828.00"
"12/01/2023 05:00 - 12/01/2023 06:00","CTA|SE","16545.00","17327.00"
"12/01/2023 06:00 - 12/01/2023 07:00","CTA|SE","17941.00","18702.00"
"12/01/2023 07:00 - 12/01/2023 08:00","CTA|SE","18256.00","19003.00"
"12/01/2023 08:00 - 12/01/2023 09:00","CTA|SE","17852.00","18941.00"
"12/01/2023 09:00 - 12/01/2023 10:00","CTA|SE","18228.00","18988.00"
"12/01/2023 10:00 - 12/01/2023 11:00","CTA|SE","18314.00","19012.00"
"12/01/2023 11:00 - 12/01/2023 12:00","CTA|SE","18141.00","18986.00"
"12/01/2023 12:00 - 12/01/2023 13:00","CTA|SE","18387.00","18922.00"
"12/01/2023 13:00 - 12/01/2023 14:00","CTA|SE","18353.00","18938.00"
"12/01/2023 14:00 - 12/01/2023 15:00","CTA|SE","18434.00","19144.00"
"12/01/2023 15:00 - 12/01/2023 16:00","CTA|SE","18640.00","19374.00"
"12/01/2023 16:00 - 12/01/2023 17:00","CTA|SE","18778.00","19560.00"
"12/01/2023 17:00 - 12/01/2023 18:00","CTA|SE","18345.00","19207.00"
"12/01/2023 18:00 - 12/01/2023 19:00","CTA|SE","17955.00","18766.00"
"12/01/2023 19:00 - 12/01/2023 20:00","CTA|SE","17249.00","18197.00"
"12/01/2023 20:00 - 12/01/2023 21:00","CTA|SE","16748.00","17502.00"
"12/01/2023 21:00 - 12/01/2023 22:00","CTA|SE","15935.00","16724.00"
"12/01/2023 22:00 - 12/01/2023 23:00","CTA|SE","15303.00","15988.00"
"12/01/2023 23:00 - 13/01/2023 00:00","CTA|SE","14856.00","15307.00"
"13/01/2023 00:00 - 13/01/2023 01:00","CTA|SE","14494.00","15047.00"
"13/01/2023 01:00 - 13/01/2023 02:00","CTA|SE","14392.00","14952.00"
"13/01/2023 02:00 - 13/01/2023 03:00","CTA|SE","14305.00","14951.00"
"13/01/2023 03:00 - 13/01/2023 04:00","CTA|SE","14449.00","15140.00"
"13/01/2023 04:00 - 13/01/2023 05:00","CTA|SE","15072.00","15770.00"
"13/01/2023 05:00 - 13/01/2023 06:00","CTA|SE","16836.00","17211.00"
"13/01/2023 06:00 - 13/01/2023 07:00","CTA|SE","18297.00","18589.00"
"13/01/2023 07:00 - 13/01/2023 08:00","CTA|SE","18572.00","18925.00"
"13/01/2023 08:00 - 13/01/2023 09:00","CTA|SE","18460.00","18897.00"
"13/01/2023 09:00 - 13/01/2023 10:00","CTA|SE","18396.00","18879.00"
"13/01/2023 10:00 - 13/01/2023 11:00","CTA|SE","18298.00","18787.00"
"13/01/2023 11:00 - 13/01/2023 12:00","CTA|SE","18169.00","18616.00"
"13/01/2023 12:00 - 13/01/2023 13:00","CTA|SE","17937.00","18324.00"
"13/01/2023 13:00 - 13/01/2023 14:00","CTA|SE","17942.00","18220.00"
"13/01/2023 14:00 - 13/01/2023 15:00","CTA|SE","18100.00","18292.00"
"13/01/2023 15:00 - 13/01/2023 16:00","CTA|SE","18469.00","18663.00"
"13/01/2023 16:00 - 13/01/2023 17:00","CTA|SE","18578.00","18834.00"
"13/01/2023 17:00 - 13/01/2023 18:00","CTA|SE","18208.00","18421.00"
"13/01/2023 18:00 - 13/01/2023 19:00","CTA|SE","17560.00","17808.00"
"13/01/2023 19:00 - 13/01/2023 20:00","CTA|SE","16627.00","17136.00"
"13/01/2023 20:00 - 13/01/2023 21:00","CTA|SE","15900.00","16480.00"
"13/01/2023 21:00 - 13/01/2023 22:00","CTA|SE","15475.00","15845.00"
"13/01/2023 22:00 - 13/01/2023 23:00","CTA|SE","14919.00","15258.00"
"13/01/2023 23:00 - 14/01/2023 00:00","CTA|SE","14471.00","14575.00"
"14/01/2023 00:00 - 14/01/2023 01:00","CTA|SE","14289.00","14263.00"
"14/01/2023 01:00 - 14/01/2023 02:00","CTA|SE","14189.00","14111.00"
"14/01/2023 02:00 - 14/01/2023 03:00","CTA|SE","14118.00","14064.00"
"14/01/2023 03:00 - 14/01/2023 04:00","CTA|SE","13896.00","14127.00"
"14/01/2023 04:00 - 14/01/2023 05:00","CTA|SE","13750.00","14298.00"
"14/01/2023 05:00 - 14/01/2023 06:00","CTA|SE","14051.00","14714.00"
"14/01/2023 06:00 - 14/01/2023 07:00","CTA|SE","14747.00","15271.00"
"14/01/2023 07:00 - 14/01/2023 08:00","CTA|SE","15502.00","15885.00"
"14/01/2023 08:00 - 14/01/2023 09:00","CTA|SE","16050.00","16466.00"
"14/01/2023 09:00 - 14/01/2023 10:00","CTA|SE","16362.00","16888.00"
"14/01/2023 10:00 - 14/01/2023 11:00","CTA|SE","16040.00","17098.00"
"14/01/2023 11:00 - 14/01/2023 12:00","CTA|SE","15916.00","17124.00"
"14/01/2023 12:00 - 14/01/2023 13:00","CTA|SE","15847.00","17078.00"
"14/01/2023 13:00 - 14/01/2023 14:00","CTA|SE","15820.00","17100.00"
"14/01/2023 14:00 - 14/01/2023 15:00","CTA|SE","15988.00","17384.00"
"14/01/2023 15:00 - 14/01/2023 16:00","CTA|SE","16750.00","17966.00"
"14/01/2023 16:00 - 14/01/2023 17:00","CTA|SE","17124.00","18225.00"
"14/01/2023 17:00 - 14/01/2023 18:00","CTA|SE","16781.00","17993.00"
"14/01/2023 18:00 - 14/01/2023 19:00","CTA|SE","16343.00","17509.00"
"14/01/2023 19:00 - 14/01/2023 20:00","CTA|SE","16288.00","16930.00"
"14/01/2023 20:00 - 14/01/2023 21:00","CTA|SE","15926.00","16406.00"
"14/01/2023 21:00 - 14/01/2023 22:00","CTA|SE","15439.00","15866.00"
"14/01/2023 22:00 - 14/01/2023 23:00","CTA|SE","15072.00","15375.00"
"14/01/2023 23:00 - 15/01/2023 00:00","CTA|SE","15014.00","14923.00"
"15/01/2023 00:00 - 15/01/2023 01:00","CTA|SE","15051.00","14659.00"
"15/01/2023 01:00 - 15/01/2023 02:00","CTA|SE","15301.00","14465.00"
"15/01/2023 02:00 - 15/01/2023 03:00","CTA|SE","15185.00","14354.00"
"15/01/2023 03:00 - 15/01/2023 04:00","CTA|SE","15291.00","14365.00"
"15/01/2023 04:00 - 15/01/2023 05:00","CTA|SE","15424.00","14525.00"
"15/01/2023 05:00 - 15/01/2023 06:00","CTA|SE","15759.00","14901.00"
"15/01/2023 06:00 - 15/01/2023 07:00","CTA|SE","16329.00","15362.00"
"15/01/2023 07:00 - 15/01/2023 08:00","CTA|SE","16816.00","15863.00"
"15/01/2023 08:00 - 15/01/2023 09:00","CTA|SE","17172.00","16384.00"
"15/01/2023 09:00 - 15/01/2023 10:00","CTA|SE","17521.00","16801.00"
"15/01/2023 10:00 - 15/01/2023 11:00","CTA|SE","17535.00","17008.00"
"15/01/2023 11:00 - 15/01/2023 12:00","CTA|SE","17573.00","17008.00"
"15/01/2023 12:00 - 15/01/2023 13:00","CTA|SE","17378.00","17027.00"
"15/01/2023 13:00 - 15/01/2023 14:00","CTA|SE","17562.00","17094.00"
"15/01/2023 14:00 - 15/01/2023 15:00","CTA|SE","17643.00","17414.00"
"15/01/2023 15:00 - 15/01/2023 16:00","CTA|SE","18330.00","18070.00"
"15/01/2023 16:00 - 15/01/2023 17:00","CTA|SE","18508.00","18423.00"
"15/01/2023 17:00 - 15/01/2023 18:00","CTA|SE","18541.00","18206.00"
"15/01/2023 18:00 - 15/01/2023 19:00","CTA|SE","18128.00","17873.00"
"15/01/2023 19:00 - 15/01/2023 20:00","CTA|SE","17558.00","17385.00"
"15/01/2023 20:00 - 15/01/2023 21:00","CTA|SE","16956.00","16766.00"
"15/01/2023 21:00 - 15/01/2023 22:00","CTA|SE","16140.00","16116.00"
"15/01/2023 22:00 - 15/01/2023 23:00","CTA|SE","15686.00","15521.00"
"15/01/2023 23:00 - 16/01/2023 00:00","CTA|SE","15364.00","15115.00"
"16/01/2023 00:00 - 16/01/2023 01:00","CTA|SE","15136.00","14869.00"
"16/01/2023 01:00 - 16/01/2023 02:00","CTA|SE","15136.00","14841.00"
"16/01/2023 02:00 - 16/01/2023 03:00","CTA|SE","15069.00","14900.00"
"16/01/2023 03:00 - 16/01/2023 04:00","CTA|SE","15035.00","15190.00"
"16/01/2023 04:00 - 16/01/2023 05:00","CTA|SE","15996.00","15917.00"
"16/01/2023 05:00 - 16/01/2023 06:00","CTA|SE","17743.00","17562.00"
"16/01/2023 06:00 - 16/01/2023 07:00","CTA|SE","19310.00","19040.00"
"16/01/2023 07:00 - 16/01/2023 08:00","CTA|SE","19572.00","19476.00"
"16/01/2023 08:00 - 16/01/2023 09:00","CTA|SE","19450.00","19489.00"
"16/01/2023 09:00 - 16/01/2023 10:00","CTA|SE","19586.00","19552.00"
"16/01/2023 10:00 - 16/01/2023 11:00","CTA|SE","19366.00","19488.00"
"16/01/2023 11:00 - 16/01/2023 12:00","CTA|SE","18959.00","19340.00"
"16/01/2023 12:00 - 16/01/2023 13:00","CTA|SE","18997.00","19210.00"
"16/01/2023 13:00 - 16/01/2023 14:00","CTA|SE","19194.00","19316.00"
"16/01/2023 14:00 - 16/01/2023 15:00","CTA|SE","19356.00","19665.00"
"16/01/2023 15:00 - 16/01/2023 16:00","CTA|SE","19451.00","20017.00"
"16/01/2023 16:00 - 16/01/2023 17:00","CTA|SE","19497.00","20345.00"
"16/01/2023 17:00 - 16/01/2023 18:00","CTA|SE","19252.00","20005.00"
"16/01/2023 18:00 - 16/01/2023 19:00","CTA|SE","18436.00","19561.00"
"16/01/2023 19:00 - 16/01/2023 20:00","CTA|SE","18123.00","19036.00"
"16/01/2023 20:00 - 16/01/2023 21:00","CTA|SE","17574.00","18328.00"
"16/01/2023 21:00 - 16/01/2023 22:00","CTA|SE","16443.00","17485.00"
"16/01/2023 22:00 - 16/01/2023 23:00","CTA|SE","15811.00","16659.00"
"16/01/2023 23:00 - 17/01/2023 00:00","CTA|SE","15301.00","16021.00"
"17/01/2023 00:00 - 17/01/2023 01:00","CTA|SE","14936.00","15700.00"
"17/01/2023 01:00 - 17/01/2023 02:00","CTA|SE","14891.00","15594.00"
"17/01/2023 02:00 - 17/01/2023 03:00","CTA|SE","14784.00","15620.00"
"17/01/2023 03:00 - 17/01/2023 04:00","CTA|SE","14653.00","15823.00"
"17/01/2023 04:00 - 17/01/2023 05:00","CTA|SE","15028.00","16508.00"
"17/01/2023 05:00 - 17/01/2023 06:00","CTA|SE","17029.00","18052.00"
"17/01/2023 06:00 - 17/01/2023 07:00","CTA|SE","18591.00","19459.00"
"17/01/2023 07:00 - 17/01/2023 08:00","CTA|SE","19122.00","19764.00"
"17/01/2023 08:00 - 17/01/2023 09:00","CTA|SE","19062.00","19737.00"
"17/01/2023 09:00 - 17/01/2023 10:00","CTA|SE","19689.00","19803.00"
"17/01/2023 10:00 - 17/01/2023 11:00","CTA|SE","20037.00","19861.00"
"17/01/2023 11:00 - 17/01/2023 12:00","CTA|SE","19969.00","19878.00"
"17/01/2023 12:00 - 17/01/2023 13:00","CTA|SE","19312.00","19840.00"
"17/01/2023 13:00 - 17/01/2023 14:00","CTA|SE","19380.00","19851.00"
"17/01/2023 14:00 - 17/01/2023 15:00","CTA|SE","19700.00","20018.00"
"17/01/2023 15:00 - 17/01/2023 16:00","CTA|SE","19738.00","20207.00"
"17/01/2023 16:00 - 17/01/2023 17:00","CTA|SE","19690.00","20349.00"
"17/01/2023 17:00 - 17/01/2023 18:00","CTA|SE","19172.00","19936.00"
"17/01/2023 18:00 - 17/01/2023 19:00","CTA|SE","18942.00","19438.00"
"17/01/2023 19:00 - 17/01/2023 20:00","CTA|SE","18519.00","18831.00"
"17/01/2023 20:00 - 17/01/2023 21:00","CTA|SE","17968.00","18093.00"
"17/01/2023 21:00 - 17/01/2023 22:00","CTA|SE","17380.00","17254.00"
"17/01/2023 22:00 - 17/01/2023 23:00","CTA|SE","16375.00","16454.00"
"17/01/2023 23:00 - 18/01/2023 00:00","CTA|SE","16103.00","15905.00"
"18/01/2023 00:00 - 18/01/2023 01:00","CTA|SE","15775.00","15632.00"
"18/01/2023 01:00 - 18/01/2023 02:00","CTA|SE","15531.00","15548.00"
"18/01/2023 02:00 - 18/01/2023 03:00","CTA|SE","15495.00","15599.00"
"18/01/2023 03:00 - 18/01/2023 04:00","CTA|SE","15681.00","15863.00"
"18/01/2023 04:00 - 18/01/2023 05:00","CTA|SE","16173.00","16585.00"
"18/01/2023 05:00 - 18/01/2023 06:00","CTA|SE","17786.00","18174.00"
"18/01/2023 06:00 - 18/01/2023 07:00","CTA|SE","19508.00","19582.00"
"18/01/2023 07:00 - 18/01/2023 08:00","CTA|SE","19775.00","19921.00"
"18/01/2023 08:00 - 18/01/2023 09:00","CTA|SE","19607.00","19884.00"
"18/01/2023 09:00 - 18/01/2023 10:00","CTA|SE","19807.00","19866.00"
"18/01/2023 10:00 - 18/01/2023 11:00","CTA|SE","19763.00","19749.00"
"18/01/2023 11:00 - 18/01/2023 12:00","CTA|SE","19704.00","19585.00"
"18/01/2023 12:00 - 18/01/2023 13:00","CTA|SE","19510.00","19417.00"
"18/01/2023 13:00 - 18/01/2023 14:00","CTA|SE","19440.00","19394.00"
"18/01/2023 14:00 - 18/01/2023 15:00","CTA|SE","19536.00","19676.00"
"18/01/2023 15:00 - 18/01/2023 16:00","CTA|SE","19892.00","20059.00"
"18/01/2023 16:00 - 18/01/2023 17:00","CTA|SE","20238.00","20416.00"
"18/01/2023 17:00 - 18/01/2023 18:00","CTA|SE","20004.00","20104.00"
"18/01/2023 18:00 - 18/01/2023 19:00","CTA|SE","19566.00","19678.00"
"18/01/2023 19:00 - 18/01/2023 20:00","CTA|SE","18847.00","19124.00"
"18/01/2023 20:00 - 18/01/2023 21:00","CTA|SE","18080.00","18441.00"
"18/01/2023 21:00 - 18/01/2023 22:00","CTA|SE","17697.00","17657.00"
"18/01/2023 22:00 - 18/01/2023 23:00","CTA|SE","16953.00","16917.00"
"18/01/2023 23:00 - 19/01/2023 00:00","CTA|SE","16252.00","16423.00"
"19/01/2023 00:00 - 19/01/2023 01:00","CTA|SE","15946.00","16173.00"
"19/01/2023 01:00 - 19/01/2023 02:00","CTA|SE","15864.00","16112.00"
"19/01/2023 02:00 - 19/01/2023 03:00","CTA|SE","15677.00","16181.00"
"19/01/2023 03:00 - 19/01/2023 04:00","CTA|SE","15762.00","16422.00"
"19/01/2023 04:00 - 19/01/2023 05:00","CTA|SE","16417.00","17151.00"
"19/01/2023 05:00 - 19/01/2023 06:00","CTA|SE","18365.00","18748.00"
"19/01/2023 06:00 - 19/01/2023 07:00","CTA|SE","19640.00","20180.00"
"19/01/2023 07:00 - 19/01/2023 08:00","CTA|SE","20008.00","20528.00"
"19/01/2023 08:00 - 19/01/2023 09:00","CTA|SE","19920.00","20468.00"
"19/01/2023 09:00 - 19/01/2023 10:00","CTA|SE","19753.00","20432.00"
"19/01/2023 10:00 - 19/01/2023 11:00","CTA|SE","19624.00","20315.00"
"19/01/2023 11:00 - 19/01/2023 12:00","CTA|SE","19396.00","20104.00"
"19/01/2023 12:00 - 19/01/2023 13:00","CTA|SE","19273.00","19959.00"
"19/01/2023 13:00 - 19/01/2023 14:00","CTA|SE","19480.00","20019.00"
"19/01/2023 14:00 - 19/01/2023 15:00","CTA|SE","19754.00","20310.00"
"19/01/2023 15:00 - 19/01/2023 16:00","CTA|SE","20177.00","20665.00"
"19/01/2023 16:00 - 19/01/2023 17:00","CTA|SE","20487.00","21044.00"
"19/01/2023 17:00 - 19/01/2023 18:00","CTA|SE","20032.00","20731.00"
"19/01/2023 18:00 - 19/01/2023 19:00","CTA|SE","19680.00","20302.00"
"19/01/2023 19:00 - 19/01/2023 20:00","CTA|SE","19219.00","19733.00"
"19/01/2023 20:00 - 19/01/2023 21:00","CTA|SE","18585.00","19022.00"
"19/01/2023 21:00 - 19/01/2023 22:00","CTA|SE","17782.00","18188.00"
"19/01/2023 22:00 - 19/01/2023 23:00","CTA|SE","16878.00","17412.00"
"19/01/2023 23:00 - 20/01/2023 00:00","CTA|SE","16583.00","16573.00"
"20/01/2023 00:00 - 20/01/2023 01:00","CTA|SE","16108.00","16305.00"
"20/01/2023 01:00 - 20/01/2023 02:00","CTA|SE","15795.00","16221.00"
"20/01/2023 02:00 - 20/01/2023 03:00","CTA|SE","15695.00","16234.00"
"20/01/2023 03:00 - 20/01/2023 04:00","CTA|SE","16064.00","16436.00"
"20/01/2023 04:00 - 20/01/2023 05:00","CTA|SE","16689.00","17098.00"
"20/01/2023 05:00 - 20/01/2023 06:00","CTA|SE","18311.00","18575.00"
"20/01/2023 06:00 - 20/01/2023 07:00","CTA|SE","19724.00","19925.00"
"20/01/2023 07:00 - 20/01/2023 08:00","CTA|SE","19970.00","20246.00"
"20/01/2023 08:00 - 20/01/2023 09:00","CTA|SE","19598.00","20217.00"
"20/01/2023 09:00 - 20/01/2023 10:00","CTA|SE","19628.00","20180.00"
"20/01/2023 10:00 - 20/01/2023 11:00","CTA|SE","19438.00","20059.00"
"20/01/2023 11:00 - 20/01/2023 12:00","CTA|SE","19373.00","19871.00"
"20/01/2023 12:00 - 20/01/2023 13:00","CTA|SE","19251.00","19555.00"
"20/01/2023 13:00 - 20/01/2023 14:00","CTA|SE","19267.00","19419.00"
"20/01/2023 14:00 - 20/01/2023 15:00","CTA|SE","19267.00","19516.00"
"20/01/2023 15:00 - 20/01/2023 16:00","CTA|SE","19822.00","19845.00"
"20/01/2023 16:00 - 20/01/2023 17:00","CTA|SE","19846.00","20088.00"
"20/01/2023 17:00 - 20/01/2023 18:00","CTA|SE","19086.00","19720.00"
"20/01/2023 18:00 - 20/01/2023 19:00","CTA|SE","19111.00","19141.00"
"20/01/2023 19:00 - 20/01/2023 20:00","CTA|SE","18717.00","18481.00"
"20/01/2023 20:00 - 20/01/2023 21:00","CTA|SE","17544.00","17864.00"
"20/01/2023 21:00 - 20/01/2023 22:00","CTA|SE","16697.00","17265.00"
"20/01/2023 22:00 - 20/01/2023 23:00","CTA|SE","16381.00","16741.00"
"20/01/2023 23:00 - 21/01/2023 00:00","CTA|SE","16233.00","15974.00"
"21/01/2023 00:00 - 21/01/2023 01:00","CTA|SE","16080.00","15732.00"
"21/01/2023 01:00 - 21/01/2023 02:00","CTA|SE","15937.00","15626.00"
"21/01/2023 02:00 - 21/01/2023 03:00","CTA|SE","15707.00","15612.00"
"21/01/2023 03:00 - 21/01/2023 04:00","CTA|SE","15743.00","15727.00"
"21/01/2023 04:00 - 21/01/2023 05:00","CTA|SE","15598.00","15943.00"
"21/01/2023 05:00 - 21/01/2023 06:00","CTA|SE","16048.00","16388.00"
"21/01/2023 06:00 - 21/01/2023 07:00","CTA|SE","16943.00","16976.00"
"21/01/2023 07:00 - 21/01/2023 08:00","CTA|SE","17388.00","17567.00"
"21/01/2023 08:00 - 21/01/2023 09:00","CTA|SE","18294.00","18092.00"
"21/01/2023 09:00 - 21/01/2023 10:00","CTA|SE","18950.00","18425.00"
"21/01/2023 10:00 - 21/01/2023 11:00","CTA|SE","19029.00","18453.00"
"21/01/2023 11:00 - 21/01/2023 12:00","CTA|SE","18706.00","18327.00"
"21/01/2023 12:00 - 21/01/2023 13:00","CTA|SE","18231.00","18155.00"
"21/01/2023 13:00 - 21/01/2023 14:00","CTA|SE","18108.00","18139.00"
"21/01/2023 14:00 - 21/01/2023 15:00","CTA|SE","18422.00","18495.00"
"21/01/2023 15:00 - 21/01/2023 16:00","CTA|SE","18982.00","19193.00"
"21/01/2023 16:00 - 21/01/2023 17:00","CTA|SE","18950.00","19659.00"
"21/01/2023 17:00 - 21/01/2023 18:00","CTA|SE","18654.00","19512.00"
"21/01/2023 18:00 - 21/01/2023 19:00","CTA|SE","18229.00","19103.00"
"21/01/2023 19:00 - 21/01/2023 20:00","CTA|SE","17981.00","18643.00"
"21/01/2023 20:00 - 21/01/2023 21:00","CTA|SE","17479.00","18198.00"
"21/01/2023 21:00 - 21/01/2023 22:00","CTA|SE","17169.00","17755.00"
"21/01/2023 22:00 - 21/01/2023 23:00","CTA|SE","16935.00","17345.00"
"21/01/2023 23:00 - 22/01/2023 00:00","CTA|SE","16960.00","17168.00"
"22/01/2023 00:00 - 22/01/2023 01:00","CTA|SE","16855.00","16981.00"
"22/01/2023 01:00 - 22/01/2023 02:00","CTA|SE","16897.00","16889.00"
"22/01/2023 02:00 - 22/01/2023 03:00","CTA|SE","16775.00","16875.00"
"22/01/2023 03:00 - 22/01/2023 04:00","CTA|SE","16679.00","16942.00"
"22/01/2023 04:00 - 22/01/2023 05:00","CTA|SE","16966.00","17125.00"
"22/01/2023 05:00 - 22/01/2023 06:00","CTA|SE","17233.00","17508.00"
"22/01/2023 06:00 - 22/01/2023 07:00","CTA|SE","17436.00","17948.00"
"22/01/2023 07:00 - 22/01/2023 08:00","CTA|SE","17799.00","18419.00"
"22/01/2023 08:00 - 22/01/2023 09:00","CTA|SE","18504.00","18932.00"
"22/01/2023 09:00 - 22/01/2023 10:00","CTA|SE","18835.00","19293.00"
"22/01/2023 10:00 - 22/01/2023 11:00","CTA|SE","18594.00","19372.00"
"22/01/2023 11:00 - 22/01/2023 12:00","CTA|SE","18014.00","19291.00"
"22/01/2023 12:00 - 22/01/2023 13:00","CTA|SE","17823.00","19179.00"
"22/01/2023 13:00 - 22/01/2023 14:00","CTA|SE","18173.00","19216.00"
"22/01/2023 14:00 - 22/01/2023 15:00","CTA|SE","18503.00","19538.00"
"22/01/2023 15:00 - 22/01/2023 16:00","CTA|SE","19273.00","20120.00"
"22/01/2023 16:00 - 22/01/2023 17:00","CTA|SE","19522.00","20577.00"
"22/01/2023 17:00 - 22/01/2023 18:00","CTA|SE","19442.00","20447.00"
"22/01/2023 18:00 - 22/01/2023 19:00","CTA|SE","19050.00","20135.00"
"22/01/2023 19:00 - 22/01/2023 20:00","CTA|SE","18682.00","19678.00"
"22/01/2023 20:00 - 22/01/2023 21:00","CTA|SE","18101.00","19105.00"
"22/01/2023 21:00 - 22/01/2023 22:00","CTA|SE","17550.00","18492.00"
"22/01/2023 22:00 - 22/01/2023 23:00","CTA|SE","17061.00","17965.00"
"22/01/2023 23:00 - 23/01/2023 00:00","CTA|SE","16878.00","17315.00"
"23/01/2023 00:00 - 23/01/2023 01:00","CTA|SE","16738.00","17111.00"
"23/01/2023 01:00 - 23/01/2023 02:00","CTA|SE","17131.00","17092.00"
"23/01/2023 02:00 - 23/01/2023 03:00","CTA|SE","17392.00","17159.00"
"23/01/2023 03:00 - 23/01/2023 04:00","CTA|SE","17570.00","17444.00"
"23/01/2023 04:00 - 23/01/2023 05:00","CTA|SE","17946.00","18186.00"
"23/01/2023 05:00 - 23/01/2023 06:00","CTA|SE","19659.00","19776.00"
"23/01/2023 06:00 - 23/01/2023 07:00","CTA|SE","21144.00","21175.00"
"23/01/2023 07:00 - 23/01/2023 08:00","CTA|SE","21522.00","21540.00"
"23/01/2023 08:00 - 23/01/2023 09:00","CTA|SE","21323.00","21494.00"
"23/01/2023 09:00 - 23/01/2023 10:00","CTA|SE","21113.00","21474.00"
"23/01/2023 10:00 - 23/01/2023 11:00","CTA|SE","20876.00","21350.00"
"23/01/2023 11:00 - 23/01/2023 12:00","CTA|SE","20968.00","21193.00"
"23/01/2023 12:00 - 23/01/2023 13:00","CTA|SE","20789.00","20992.00"
"23/01/2023 13:00 - 23/01/2023 14:00","CTA|SE","20270.00","20961.00"
"23/01/2023 14:00 - 23/01/2023 15:00","CTA|SE","20741.00","21155.00"
"23/01/2023 15:00 - 23/01/2023 16:00","CTA|SE","21284.00","21414.00"
"23/01/2023 16:00 - 23/01/2023 17:00","CTA|SE","21264.00","21749.00"
"23/01/2023 17:00 - 23/01/2023 18:00","CTA|SE","20605.00","21382.00"
"23/01/2023 18:00 - 23/01/2023 19:00","CTA|SE","19983.00","20906.00"
"23/01/2023 19:00 - 23/01/2023 20:00","CTA|SE","19383.00","20338.00"
"23/01/2023 20:00 - 23/01/2023 21:00","CTA|SE","18834.00","19617.00"
"23/01/2023 21:00 - 23/01/2023 22:00","CTA|SE","18054.00","18776.00"
"23/01/2023 22:00 - 23/01/2023 23:00","CTA|SE","17443.00","17958.00"
"23/01/2023 23:00 - 24/01/2023 00:00","CTA|SE","16768.00","17328.00"
"24/01/2023 00:00 - 24/01/2023 01:00","CTA|SE","16393.00","17002.00"
"24/01/2023 01:00 - 24/01/2023 02:00","CTA|SE","16221.00","16829.00"
"24/01/2023 02:00 - 24/01/2023 03:00","CTA|SE","16153.00","16784.00"
"24/01/2023 03:00 - 24/01/2023 04:00","CTA|SE","16148.00","16916.00"
"24/01/2023 04:00 - 24/01/2023 05:00","CTA|SE","16562.00","17509.00"
"24/01/2023 05:00 - 24/01/2023 06:00","CTA|SE","17864.00","18931.00"
"24/01/2023 06:00 - 24/01/2023 07:00","CTA|SE","19290.00","20187.00"
"24/01/2023 07:00 - 24/01/2023 08:00","CTA|SE","19672.00","20379.00"
"24/01/2023 08:00 - 24/01/2023 09:00","CTA|SE","19370.00","20263.00"
"24/01/2023 09:00 - 24/01/2023 10:00","CTA|SE","19387.00","20198.00"
"24/01/2023 10:00 - 24/01/2023 11:00","CTA|SE","19185.00","20081.00"
"24/01/2023 11:00 - 24/01/2023 12:00","CTA|SE","18892.00","19930.00"
"24/01/2023 12:00 - 24/01/2023 13:00","CTA|SE","18729.00","19772.00"
"24/01/2023 13:00 - 24/01/2023 14:00","CTA|SE","18839.00","19720.00"
"24/01/2023 14:00 - 24/01/2023 15:00","CTA|SE","19136.00","19874.00"
"24/01/2023 15:00 - 24/01/2023 16:00","CTA|SE","19224.00","20090.00"
"24/01/2023 16:00 - 24/01/2023 17:00","CTA|SE","18842.00","20322.00"
"24/01/2023 17:00 - 24/01/2023 18:00","CTA|SE","18538.00","19926.00"
"24/01/2023 18:00 - 24/01/2023 19:00","CTA|SE","18092.00","19419.00"
"24/01/2023 19:00 - 24/01/2023 20:00","CTA|SE","18113.00","18792.00"
"24/01/2023 20:00 - 24/01/2023 21:00","CTA|SE","17518.00","18037.00"
"24/01/2023 21:00 - 24/01/2023 22:00","CTA|SE","16775.00","17173.00"
"24/01/2023 22:00 - 24/01/2023 23:00","CTA|SE","15523.00","16356.00"
"24/01/2023 23:00 - 25/01/2023 00:00","CTA|SE","15158.00","15608.00"
"25/01/2023 00:00 - 25/01/2023 01:00","CTA|SE","14933.00","15290.00"
"25/01/2023 01:00 - 25/01/2023 02:00","CTA|SE","15104.00","15140.00"
"25/01/2023 02:00 - 25/01/2023 03:00","CTA|SE","14992.00","15109.00"
"25/01/2023 03:00 - 25/01/2023 04:00","CTA|SE","15007.00","15277.00"
"25/01/2023 04:00 - 25/01/2023 05:00","CTA|SE","15526.00","15936.00"
"25/01/2023 05:00 - 25/01/2023 06:00","CTA|SE","17034.00","17452.00"
"25/01/2023 06:00 - 25/01/2023 07:00","CTA|SE","18633.00","18792.00"
"25/01/2023 07:00 - 25/01/2023 08:00","CTA|SE","18858.00","19044.00"
"25/01/2023 08:00 - 25/01/2023 09:00","CTA|SE","19023.00","18991.00"
"25/01/2023 09:00 - 25/01/2023 10:00","CTA|SE","19156.00","18995.00"
"25/01/2023 10:00 - 25/01/2023 11:00","CTA|SE","19301.00","18975.00"
"25/01/2023 11:00 - 25/01/2023 12:00","CTA|SE","19256.00","18916.00"
"25/01/2023 12:00 - 25/01/2023 13:00","CTA|SE","19058.00","18823.00"
"25/01/2023 13:00 - 25/01/2023 14:00","CTA|SE","19131.00","18807.00"
"25/01/2023 14:00 - 25/01/2023 15:00","CTA|SE","19432.00","18970.00"
"25/01/2023 15:00 - 25/01/2023 16:00","CTA|SE","19794.00","19215.00"
"25/01/2023 16:00 - 25/01/2023 17:00","CTA|SE","19857.00","19497.00"
"25/01/2023 17:00 - 25/01/2023 18:00","CTA|SE","19532.00","19144.00"
"25/01/2023 18:00 - 25/01/2023 19:00","CTA|SE","19385.00","18691.00"
"25/01/2023 19:00 - 25/01/2023 20:00","CTA|SE","18815.00","18119.00"
"25/01/2023 20:00 - 25/01/2023 21:00","CTA|SE","17887.00","17424.00"
"25/01/2023 21:00 - 25/01/2023 22:00","CTA|SE","17089.00","16615.00"
"25/01/2023 22:00 - 25/01/2023 23:00","CTA|SE","16571.00","15862.00"
"25/01/2023 23:00 - 26/01/2023 00:00","CTA|SE","16010.00","15438.00"
"26/01/2023 00:00 - 26/01/2023 01:00","CTA|SE","15449.00","15180.00"
"26/01/2023 01:00 - 26/01/2023 02:00","CTA|SE","14945.00","15092.00"
"26/01/2023 02:00 - 26/01/2023 03:00","CTA|SE","15060.00","15115.00"
"26/01/2023 03:00 - 26/01/2023 04:00","CTA|SE","14947.00","15325.00"
"26/01/2023 04:00 - 26/01/2023 05:00","CTA|SE","15217.00","16001.00"
"26/01/2023 05:00 - 26/01/2023 06:00","CTA|SE","17065.00","17514.00"
"26/01/2023 06:00 - 26/01/2023 07:00","CTA|SE","18957.00","18869.00"
"26/01/2023 07:00 - 26/01/2023 08:00","CTA|SE","18760.00","19168.00"
"26/01/2023 08:00 - 26/01/2023 09:00","CTA|SE","18709.00","19171.00"
"26/01/2023 09:00 - 26/01/2023 10:00","CTA|SE","19014.00","19202.00"
"26/01/2023 10:00 - 26/01/2023 11:00","CTA|SE","18729.00","19134.00"
"26/01/2023 11:00 - 26/01/2023 12:00","CTA|SE","18851.00","18990.00"
"26/01/2023 12:00 - 26/01/2023 13:00","CTA|SE","18512.00","18882.00"
"26/01/2023 13:00 - 26/01/2023 14:00","CTA|SE","18755.00","18935.00"
"26/01/2023 14:00 - 26/01/2023 15:00","CTA|SE","19072.00","19218.00"
"26/01/2023 15:00 - 26/01/2023 16:00","CTA|SE","19153.00","19620.00"
"26/01/2023 16:00 - 26/01/2023 17:00","CTA|SE","19222.00","20050.00"
"26/01/2023 17:00 - 26/01/2023 18:00","CTA|SE","18849.00","19805.00"
"26/01/2023 18:00 - 26/01/2023 19:00","CTA|SE","19166.00","19421.00"
"26/01/2023 19:00 - 26/01/2023 20:00","CTA|SE","18411.00","18926.00"
"26/01/2023 20:00 - 26/01/2023 21:00","CTA|SE","17963.00","18300.00"
"26/01/2023 21:00 - 26/01/2023 22:00","CTA|SE","17359.00","17573.00"
"26/01/2023 22:00 - 26/01/2023 23:00","CTA|SE","16591.00","16900.00"
"26/01/2023 23:00 - 27/01/2023 00:00","CTA|SE","16197.00","16611.00"
"27/01/2023 00:00 - 27/01/2023 01:00","CTA|SE","16002.00","16388.00"
"27/01/2023 01:00 - 27/01/2023 02:00","CTA|SE","15869.00","16344.00"
"27/01/2023 02:00 - 27/01/2023 03:00","CTA|SE","16142.00","16405.00"
"27/01/2023 03:00 - 27/01/2023 04:00","CTA|SE","16412.00","16670.00"
"27/01/2023 04:00 - 27/01/2023 05:00","CTA|SE","17192.00","17409.00"
"27/01/2023 05:00 - 27/01/2023 06:00","CTA|SE","18887.00","18963.00"
"27/01/2023 06:00 - 27/01/2023 07:00","CTA|SE","20456.00","20358.00"
"27/01/2023 07:00 - 27/01/2023 08:00","CTA|SE","20925.00","20681.00"
"27/01/2023 08:00 - 27/01/2023 09:00","CTA|SE","20540.00","20626.00"
"27/01/2023 09:00 - 27/01/2023 10:00","CTA|SE","19718.00","20442.00"
"27/01/2023 10:00 - 27/01/2023 11:00","CTA|SE","19029.00","20161.00"
"27/01/2023 11:00 - 27/01/2023 12:00","CTA|SE","18699.00","19823.00"
"27/01/2023 12:00 - 27/01/2023 13:00","CTA|SE","18750.00","19400.00"
"27/01/2023 13:00 - 27/01/2023 14:00","CTA|SE","18667.00","19250.00"
"27/01/2023 14:00 - 27/01/2023 15:00","CTA|SE","18781.00","19383.00"
"27/01/2023 15:00 - 27/01/2023 16:00","CTA|SE","19254.00","19894.00"
"27/01/2023 16:00 - 27/01/2023 17:00","CTA|SE","19694.00","20338.00"
"27/01/2023 17:00 - 27/01/2023 18:00","CTA|SE","19478.00","20064.00"
"27/01/2023 18:00 - 27/01/2023 19:00","CTA|SE","19111.00","19487.00"
"27/01/2023 19:00 - 27/01/2023 20:00","CTA|SE","17974.00","18833.00"
"27/01/2023 20:00 - 27/01/2023 21:00","CTA|SE","17310.00","18222.00"
"27/01/2023 21:00 - 27/01/2023 22:00","CTA|SE","16962.00","17619.00"
"27/01/2023 22:00 - 27/01/2023 23:00","CTA|SE","16331.00","17096.00"
"27/01/2023 23:00 - 28/01/2023 00:00","CTA|SE","16109.00","16722.00"
"28/01/2023 00:00 - 28/01/2023 01:00","CTA|SE","16089.00","16434.00"
"28/01/2023 01:00 - 28/01/2023 02:00","CTA|SE","15942.00","16276.00"
"28/01/2023 02:00 - 28/01/2023 03:00","CTA|SE","15735.00","16211.00"
"28/01/2023 03:00 - 28/01/2023 04:00","CTA|SE","15531.00","16249.00"
"28/01/2023 04:00 - 28/01/2023 05:00","CTA|SE","15780.00","16370.00"
"28/01/2023 05:00 - 28/01/2023 06:00","CTA|SE","15751.00","16726.00"
"28/01/2023 06:00 - 28/01/2023 07:00","CTA|SE","16263.00","17183.00"
"28/01/2023 07:00 - 28/01/2023 08:00","CTA|SE","16507.00","17659.00"
"28/01/2023 08:00 - 28/01/2023 09:00","CTA|SE","16905.00","18103.00"
"28/01/2023 09:00 - 28/01/2023 10:00","CTA|SE","17353.00","18327.00"
"28/01/2023 10:00 - 28/01/2023 11:00","CTA|SE","17483.00","18310.00"
"28/01/2023 11:00 - 28/01/2023 12:00","CTA|SE","17221.00","18154.00"
"28/01/2023 12:00 - 28/01/2023 13:00","CTA|SE","16916.00","17962.00"
"28/01/2023 13:00 - 28/01/2023 14:00","CTA|SE","16905.00","17845.00"
"28/01/2023 14:00 - 28/01/2023 15:00","CTA|SE","17143.00","17970.00"
"28/01/2023 15:00 - 28/01/2023 16:00","CTA|SE","17902.00","18497.00"
"28/01/2023 16:00 - 28/01/2023 17:00","CTA|SE","18255.00","18857.00"
"28/01/2023 17:00 - 28/01/2023 18:00","CTA|SE","17826.00","18646.00"
"28/01/2023 18:00 - 28/01/2023 19:00","CTA|SE","17549.00","18176.00"
"28/01/2023 19:00 - 28/01/2023 20:00","CTA|SE","16931.00","17662.00"
"28/01/2023 20:00 - 28/01/2023 21:00","CTA|SE","16380.00","17171.00"
"28/01/2023 21:00 - 28/01/2023 22:00","CTA|SE","16261.00","16669.00"
"28/01/2023 22:00 - 28/01/2023 23:00","CTA|SE","15414.00","16210.00"
"28/01/2023 23:00 - 29/01/2023 00:00","CTA|SE","15019.00","15880.00"
"29/01/2023 00:00 - 29/01/2023 01:00","CTA|SE","15086.00","15659.00"
"29/01/2023 01:00 - 29/01/2023 02:00","CTA|SE","14804.00","15500.00"
"29/01/2023 02:00 - 29/01/2023 03:00","CTA|SE","14543.00","15421.00"
"29/01/2023 03:00 - 29/01/2023 04:00","CTA|SE","14782.00","15433.00"
"29/01/2023 04:00 - 29/01/2023 05:00","CTA|SE","14595.00","15550.00"
"29/01/2023 05:00 - 29/01/2023 06:00","CTA|SE","14826.00","15873.00"
"29/01/2023 06:00 - 29/01/2023 07:00","CTA|SE","15346.00","16254.00"
"29/01/2023 07:00 - 29/01/2023 08:00","CTA|SE","15708.00","16675.00"
"29/01/2023 08:00 - 29/01/2023 09:00","CTA|SE","15734.00","17156.00"
"29/01/2023 09:00 - 29/01/2023 10:00","CTA|SE","15886.00","17466.00"
"29/01/2023 10:00 - 29/01/2023 11:00","CTA|SE","16467.00","17584.00"
"29/01/2023 11:00 - 29/01/2023 12:00","CTA|SE","16612.00","17556.00"
"29/01/2023 12:00 - 29/01/2023 13:00","CTA|SE","16339.00","17423.00"
"29/01/2023 13:00 - 29/01/2023 14:00","CTA|SE","16570.00","17379.00"
"29/01/2023 14:00 - 29/01/2023 15:00","CTA|SE","16780.00","17542.00"
"29/01/2023 15:00 - 29/01/2023 16:00","CTA|SE","17265.00","18068.00"
"29/01/2023 16:00 - 29/01/2023 17:00","CTA|SE","17763.00","18504.00"
"29/01/2023 17:00 - 29/01/2023 18:00","CTA|SE","17754.00","18340.00"
"29/01/2023 18:00 - 29/01/2023 19:00","CTA|SE","17465.00","17968.00"
"29/01/2023 19:00 - 29/01/2023 20:00","CTA|SE","17037.00","17454.00"
"29/01/2023 20:00 - 29/01/2023 21:00","CTA|SE","16377.00","16851.00"
"29/01/2023 21:00 - 29/01/2023 22:00","CTA|SE","15633.00","16201.00"
"29/01/2023 22:00 - 29/01/2023 23:00","CTA|SE","15067.00","15636.00"
"29/01/2023 23:00 - 30/01/2023 00:00","CTA|SE","14911.00","14934.00"
"30/01/2023 00:00 - 30/01/2023 01:00","CTA|SE","14508.00","14729.00"
"30/01/2023 01:00 - 30/01/2023 02:00","CTA|SE","14330.00","14701.00"
"30/01/2023 02:00 - 30/01/2023 03:00","CTA|SE","14479.00","14781.00"
"30/01/2023 03:00 - 30/01/2023 04:00","CTA|SE","14853.00","15094.00"
"30/01/2023 04:00 - 30/01/2023 05:00","CTA|SE","15953.00","15889.00"
"30/01/2023 05:00 - 30/01/2023 06:00","CTA|SE","17813.00","17492.00"
"30/01/2023 06:00 - 30/01/2023 07:00","CTA|SE","19250.00","18883.00"
"30/01/2023 07:00 - 30/01/2023 08:00","CTA|SE","19046.00","19244.00"
"30/01/2023 08:00 - 30/01/2023 09:00","CTA|SE","19040.00","19239.00"
"30/01/2023 09:00 - 30/01/2023 10:00","CTA|SE","18897.00","19230.00"
"30/01/2023 10:00 - 30/01/2023 11:00","CTA|SE","18734.00","19144.00"
"30/01/2023 11:00 - 30/01/2023 12:00","CTA|SE","18472.00","18980.00"
"30/01/2023 12:00 - 30/01/2023 13:00","CTA|SE","18128.00","18802.00"
"30/01/2023 13:00 - 30/01/2023 14:00","CTA|SE","18166.00","18809.00"
"30/01/2023 14:00 - 30/01/2023 15:00","CTA|SE","18301.00","19029.00"
"30/01/2023 15:00 - 30/01/2023 16:00","CTA|SE","18707.00","19314.00"
"30/01/2023 16:00 - 30/01/2023 17:00","CTA|SE","19225.00","19747.00"
"30/01/2023 17:00 - 30/01/2023 18:00","CTA|SE","18790.00","19486.00"
"30/01/2023 18:00 - 30/01/2023 19:00","CTA|SE","18452.00","19084.00"
"30/01/2023 19:00 - 30/01/2023 20:00","CTA|SE","17956.00","18602.00"
"30/01/2023 20:00 - 30/01/2023 21:00","CTA|SE","17437.00","17983.00"
"30/01/2023 21:00 - 30/01/2023 22:00","CTA|SE","16929.00","17232.00"
"30/01/2023 22:00 - 30/01/2023 23:00","CTA|SE","16371.00","16512.00"
"30/01/2023 23:00 - 31/01/2023 00:00","CTA|SE","15652.00","15852.00"
"31/01/2023 00:00 - 31/01/2023 01:00","CTA|SE","15462.00","15639.00"
"31/01/2023 01:00 - 31/01/2023 02:00","CTA|SE","15363.00","15600.00"
"31/01/2023 02:00 - 31/01/2023 03:00","CTA|SE","15429.00","15688.00"
"31/01/2023 03:00 - 31/01/2023 04:00","CTA|SE","15798.00","15976.00"
"31/01/2023 04:00 - 31/01/2023 05:00","CTA|SE","16386.00","16742.00"
"31/01/2023 05:00 - 31/01/2023 06:00","CTA|SE","17844.00","18384.00"
"31/01/2023 06:00 - 31/01/2023 07:00","CTA|SE","19279.00","19813.00"
"31/01/2023 07:00 - 31/01/2023 08:00","CTA|SE","19591.00","20098.00"
"31/01/2023 08:00 - 31/01/2023 09:00","CTA|SE","19838.00","20018.00"
"31/01/2023 09:00 - 31/01/2023 10:00","CTA|SE","19807.00","19949.00"
"31/01/2023 10:00 - 31/01/2023 11:00","CTA|SE","19738.00","19785.00"
"31/01/2023 11:00 - 31/01/2023 12:00","CTA|SE","19368.00","19604.00"
"31/01/2023 12:00 - 31/01/2023 13:00","CTA|SE","19422.00","19448.00"
"31/01/2023 13:00 - 31/01/2023 14:00","CTA|SE","19350.00","19408.00"
"31/01/2023 14:00 - 31/01/2023 15:00","CTA|SE","19444.00","19616.00"
"31/01/2023 15:00 - 31/01/2023 16:00","CTA|SE","19860.00","19937.00"
"31/01/2023 16:00 - 31/01/2023 17:00","CTA|SE","20717.00","20356.00"
"31/01/2023 17:00 - 31/01/2023 18:00","CTA|SE","20523.00","20045.00"
"31/01/2023 18:00 - 31/01/2023 19:00","CTA|SE","20132.00","19577.00"
"31/01/2023 19:00 - 31/01/2023 20:00","CTA|SE","19363.00","18998.00"
"31/01/2023 20:00 - 31/01/2023 21:00","CTA|SE","18536.00","18287.00"
"31/01/2023 21:00 - 31/01/2023 22:00","CTA|SE","17446.00","17467.00"
"31/01/2023 22:00 - 31/01/2023 23:00","CTA|SE","16782.00","16705.00"
"31/01/2023 23:00 - 01/02/2023 00:00","CTA|SE","16411.00","16112.00"
"01/02/2023 00:00 - 01/02/2023 01:00","CTA|SE","16023.00","15830.00"
"01/02/2023 01:00 - 01/02/2023 02:00","CTA|SE","15848.00","15744.00"
"01/02/2023 02:00 - 01/02/2023 03:00","CTA|SE","15717.00","15807.00"
"01/02/2023 03:00 - 01/02/2023 04:00","CTA|SE","15785.00","16058.00"
"01/02/2023 04:00 - 01/02/2023 05:00","CTA|SE","16521.00","16768.00"
"01/02/2023 05:00 - 01/02/2023 06:00","CTA|SE","18278.00","18355.00"
"01/02/2023 06:00 - 01/02/2023 07:00","CTA|SE","19839.00","19721.00"
"01/02/2023 07:00 - 01/02/2023 08:00","CTA|SE","19929.00","19983.00"
"01/02/2023 08:00 - 01/02/2023 09:00","CTA|SE","19818.00","19928.00"
"01/02/2023 09:00 - 01/02/2023 10:00","CTA|SE","19583.00","19886.00"
"01/02/2023 10:00 - 01/02/2023 11:00","CTA|SE","19280.00","19769.00"
"01/02/2023 11:00 - 01/02/2023 12:00","CTA|SE","19131.00","19609.00"
"01/02/2023 12:00 - 01/02/2023 13:00","CTA|SE","19065.00","19440.00"
"01/02/2023 13:00 - 01/02/2023 14:00","CTA|SE","19101.00","19384.00"
"01/02/2023 14:00 - 01/02/2023 15:00","CTA|SE","19108.00","19610.00"
"01/02/2023 15:00 - 01/02/2023 16:00","CTA|SE","19274.00","19955.00"
"01/02/2023 16:00 - 01/02/2023 17:00","CTA|SE","19717.00","20429.00"
"01/02/2023 17:00 - 01/02/2023 18:00","CTA|SE","19872.00","20182.00"
"01/02/2023 18:00 - 01/02/2023 19:00","CTA|SE","19605.00","19763.00"
"01/02/2023 19:00 - 01/02/2023 20:00","CTA|SE","18952.00","19209.00"
"01/02/2023 20:00 - 01/02/2023 21:00","CTA|SE","18454.00","18536.00"
"01/02/2023 21:00 - 01/02/2023 22:00","CTA|SE","17917.00","17741.00"
"01/02/2023 22:00 - 01/02/2023 23:00","CTA|SE","17283.00","17018.00"
"01/02/2023 23:00 - 02/02/2023 00:00","CTA|SE","16194.00","16474.00"
"02/02/2023 00:00 - 02/02/2023 01:00","CTA|SE","16088.00","16255.00"
"02/02/2023 01:00 - 02/02/2023 02:00","CTA|SE","15861.00","16222.00"
"02/02/2023 02:00 - 02/02/2023 03:00","CTA|SE","15740.00","16331.00"
"02/02/2023 03:00 - 02/02/2023 04:00","CTA|SE","16192.00","16637.00"
"02/02/2023 04:00 - 02/02/2023 05:00","CTA|SE","17168.00","17428.00"
"02/02/2023 05:00 - 02/02/2023 06:00","CTA|SE","19014.00","19105.00"
"02/02/2023 06:00 - 02/02/2023 07:00","CTA|SE","20498.00","20556.00"
"02/02/2023 07:00 - 02/02/2023 08:00","CTA|SE","20791.00","20882.00"
"02/02/2023 08:00 - 02/02/2023 09:00","CTA|SE","20460.00","20861.00"
"02/02/2023 09:00 - 02/02/2023 10:00","CTA|SE","20408.00","20793.00"
"02/02/2023 10:00 - 02/02/2023 11:00","CTA|SE","19923.00","20577.00"
"02/02/2023 11:00 - 02/02/2023 12:00","CTA|SE","19404.00","20300.00"
"02/02/2023 12:00 - 02/02/2023 13:00","CTA|SE","19352.00","20053.00"
"02/02/2023 13:00 - 02/02/2023 14:00","CTA|SE","19625.00","19998.00"
"02/02/2023 14:00 - 02/02/2023 15:00","CTA|SE","20144.00","20270.00"
"02/02/2023 15:00 - 02/02/2023 16:00","CTA|SE","20483.00","20745.00"
"02/02/2023 16:00 - 02/02/2023 17:00","CTA|SE","21105.00","21349.00"
"02/02/2023 17:00 - 02/02/2023 18:00","CTA|SE","21306.00","21168.00"
"02/02/2023 18:00 - 02/02/2023 19:00","CTA|SE","21071.00","20773.00"
"02/02/2023 19:00 - 02/02/2023 20:00","CTA|SE","20954.00","20254.00"
"02/02/2023 20:00 - 02/02/2023 21:00","CTA|SE","20230.00","19600.00"
"02/02/2023 21:00 - 02/02/2023 22:00","CTA|SE","19325.00","18818.00"
"02/02/2023 22:00 - 02/02/2023 23:00","CTA|SE","18294.00","18099.00"
"02/02/2023 23:00 - 03/02/2023 00:00","CTA|SE","17609.00","17778.00"
"03/02/2023 00:00 - 03/02/2023 01:00","CTA|SE","17198.00","17514.00"
"03/02/2023 01:00 - 03/02/2023 02:00","CTA|SE","17238.00","17400.00"
"03/02/2023 02:00 - 03/02/2023 03:00","CTA|SE","17355.00","17404.00"
"03/02/2023 03:00 - 03/02/2023 04:00","CTA|SE","17592.00","17603.00"
"03/02/2023 04:00 - 03/02/2023 05:00","CTA|SE","18254.00","18284.00"
"03/02/2023 05:00 - 03/02/2023 06:00","CTA|SE","19990.00","19768.00"
"03/02/2023 06:00 - 03/02/2023 07:00","CTA|SE","21320.00","21051.00"
"03/02/2023 07:00 - 03/02/2023 08:00","CTA|SE","21440.00","21294.00"
"03/02/2023 08:00 - 03/02/2023 09:00","CTA|SE","21465.00","21199.00"
"03/02/2023 09:00 - 03/02/2023 10:00","CTA|SE","21288.00","21037.00"
"03/02/2023 10:00 - 03/02/2023 11:00","CTA|SE","20608.00","20808.00"
"03/02/2023 11:00 - 03/02/2023 12:00","CTA|SE","20309.00","20529.00"
"03/02/2023 12:00 - 03/02/2023 13:00","CTA|SE","19878.00","20143.00"
"03/02/2023 13:00 - 03/02/2023 14:00","CTA|SE","19924.00","19951.00"
"03/02/2023 14:00 - 03/02/2023 15:00","CTA|SE","19954.00","19989.00"
"03/02/2023 15:00 - 03/02/2023 16:00","CTA|SE","20292.00","20368.00"
"03/02/2023 16:00 - 03/02/2023 17:00","CTA|SE","20778.00","20821.00"
"03/02/2023 17:00 - 03/02/2023 18:00","CTA|SE","20246.00","20568.00"
"03/02/2023 18:00 - 03/02/2023 19:00","CTA|SE","19466.00","20015.00"
"03/02/2023 19:00 - 03/02/2023 20:00","CTA|SE","18869.00","19344.00"
"03/02/2023 20:00 - 03/02/2023 21:00","CTA|SE","18227.00","18725.00"
"03/02/2023 21:00 - 03/02/2023 22:00","CTA|SE","17778.00","18129.00"
"03/02/2023 22:00 - 03/02/2023 23:00","CTA|SE","17211.00","17591.00"
"03/02/2023 23:00 - 04/02/2023 00:00","CTA|SE","17255.00","17427.00"
"04/02/2023 00:00 - 04/02/2023 01:00","CTA|SE","17066.00","17224.00"
"04/02/2023 01:00 - 04/02/2023 02:00","CTA|SE","16738.00","17197.00"
"04/02/2023 02:00 - 04/02/2023 03:00","CTA|SE","16621.00","17247.00"
"04/02/2023 03:00 - 04/02/2023 04:00","CTA|SE","16837.00","17392.00"
"04/02/2023 04:00 - 04/02/2023 05:00","CTA|SE","17265.00","17635.00"
"04/02/2023 05:00 - 04/02/2023 06:00","CTA|SE","17827.00","18114.00"
"04/02/2023 06:00 - 04/02/2023 07:00","CTA|SE","18678.00","18690.00"
"04/02/2023 07:00 - 04/02/2023 08:00","CTA|SE","19741.00","19278.00"
"04/02/2023 08:00 - 04/02/2023 09:00","CTA|SE","19927.00","19764.00"
"04/02/2023 09:00 - 04/02/2023 10:00","CTA|SE","19470.00","19883.00"
"04/02/2023 10:00 - 04/02/2023 11:00","CTA|SE","18754.00","19676.00"
"04/02/2023 11:00 - 04/02/2023 12:00","CTA|SE","17869.00","19375.00"
"04/02/2023 12:00 - 04/02/2023 13:00","CTA|SE","17003.00","19079.00"
"04/02/2023 13:00 - 04/02/2023 14:00","CTA|SE","16989.00","18963.00"
"04/02/2023 14:00 - 04/02/2023 15:00","CTA|SE","17487.00","19204.00"
"04/02/2023 15:00 - 04/02/2023 16:00","CTA|SE","18372.00","19949.00"
"04/02/2023 16:00 - 04/02/2023 17:00","CTA|SE","19568.00","20630.00"
"04/02/2023 17:00 - 04/02/2023 18:00","CTA|SE","19569.00","20600.00"
"04/02/2023 18:00 - 04/02/2023 19:00","CTA|SE","19517.00","20185.00"
"04/02/2023 19:00 - 04/02/2023 20:00","CTA|SE","19294.00","19675.00"
"04/02/2023 20:00 - 04/02/2023 21:00","CTA|SE","19024.00","19169.00"
"04/02/2023 21:00 - 04/02/2023 22:00","CTA|SE","18399.00","18673.00"
"04/02/2023 22:00 - 04/02/2023 23:00","CTA|SE","18187.00","18173.00"
"04/02/2023 23:00 - 05/02/2023 00:00","CTA|SE","17863.00","17725.00"
"05/02/2023 00:00 - 05/02/2023 01:00","CTA|SE","17529.00","17456.00"
"05/02/2023 01:00 - 05/02/2023 02:00","CTA|SE","17330.00","17259.00"
"05/02/2023 02:00 - 05/02/2023 03:00","CTA|SE","17075.00","17142.00"
"05/02/2023 03:00 - 05/02/2023 04:00","CTA|SE","16658.00","17119.00"
"05/02/2023 04:00 - 05/02/2023 05:00","CTA|SE","16614.00","17188.00"
"05/02/2023 05:00 - 05/02/2023 06:00","CTA|SE","16500.00","17468.00"
"05/02/2023 06:00 - 05/02/2023 07:00","CTA|SE","16812.00","17778.00"
"05/02/2023 07:00 - 05/02/2023 08:00","CTA|SE","17468.00","18153.00"
"05/02/2023 08:00 - 05/02/2023 09:00","CTA|SE","17925.00","18613.00"
"05/02/2023 09:00 - 05/02/2023 10:00","CTA|SE","18242.00","18902.00"
"05/02/2023 10:00 - 05/02/2023 11:00","CTA|SE","18619.00","19026.00"
"05/02/2023 11:00 - 05/02/2023 12:00","CTA|SE","18601.00","18956.00"
"05/02/2023 12:00 - 05/02/2023 13:00","CTA|SE","18338.00","18775.00"
"05/02/2023 13:00 - 05/02/2023 14:00","CTA|SE","18358.00","18659.00"
"05/02/2023 14:00 - 05/02/2023 15:00","CTA|SE","18554.00","18726.00"
"05/02/2023 15:00 - 05/02/2023 16:00","CTA|SE","18790.00","19235.00"
"05/02/2023 16:00 - 05/02/2023 17:00","CTA|SE","19495.00","19792.00"
"05/02/2023 17:00 - 05/02/2023 18:00","CTA|SE","19380.00","19730.00"
"05/02/2023 18:00 - 05/02/2023 19:00","CTA|SE","19245.00","19403.00"
"05/02/2023 19:00 - 05/02/2023 20:00","CTA|SE","18917.00","18933.00"
"05/02/2023 20:00 - 05/02/2023 21:00","CTA|SE","18329.00","18377.00"
"05/02/2023 21:00 - 05/02/2023 22:00","CTA|SE","17789.00","17778.00"
"05/02/2023 22:00 - 05/02/2023 23:00","CTA|SE","17503.00","17259.00"
"05/02/2023 23:00 - 06/02/2023 00:00","CTA|SE","17071.00","16786.00"
"06/02/2023 00:00 - 06/02/2023 01:00","CTA|SE","17445.00","16630.00"
"06/02/2023 01:00 - 06/02/2023 02:00","CTA|SE","17262.00","16619.00"
"06/02/2023 02:00 - 06/02/2023 03:00","CTA|SE","17048.00","16707.00"
"06/02/2023 03:00 - 06/02/2023 04:00","CTA|SE","17232.00","17027.00"
"06/02/2023 04:00 - 06/02/2023 05:00","CTA|SE","17440.00","17828.00"
"06/02/2023 05:00 - 06/02/2023 06:00","CTA|SE","19167.00","19497.00"
"06/02/2023 06:00 - 06/02/2023 07:00","CTA|SE","20997.00","20870.00"
"06/02/2023 07:00 - 06/02/2023 08:00","CTA|SE","21514.00","21177.00"
"06/02/2023 08:00 - 06/02/2023 09:00","CTA|SE","21481.00","21037.00"
"06/02/2023 09:00 - 06/02/2023 10:00","CTA|SE","20918.00","20759.00"
"06/02/2023 10:00 - 06/02/2023 11:00","CTA|SE","20321.00","20344.00"
"06/02/2023 11:00 - 06/02/2023 12:00","CTA|SE","19440.00","19950.00"
"06/02/2023 12:00 - 06/02/2023 13:00","CTA|SE","18934.00","19622.00"
"06/02/2023 13:00 - 06/02/2023 14:00","CTA|SE","19121.00","19530.00"
"06/02/2023 14:00 - 06/02/2023 15:00","CTA|SE","19574.00","19746.00"
"06/02/2023 15:00 - 06/02/2023 16:00","CTA|SE","19927.00","20174.00"
"06/02/2023 16:00 - 06/02/2023 17:00","CTA|SE","20747.00","20845.00"
"06/02/2023 17:00 - 06/02/2023 18:00","CTA|SE","20233.00","20658.00"
"06/02/2023 18:00 - 06/02/2023 19:00","CTA|SE","19495.00","20181.00"
"06/02/2023 19:00 - 06/02/2023 20:00","CTA|SE","19200.00","19605.00"
"06/02/2023 20:00 - 06/02/2023 21:00","CTA|SE","18767.00","18888.00"
"06/02/2023 21:00 - 06/02/2023 22:00","CTA|SE","18072.00","18041.00"
"06/02/2023 22:00 - 06/02/2023 23:00","CTA|SE","17221.00","17228.00"
"06/02/2023 23:00 - 07/02/2023 00:00","CTA|SE","16554.00","16540.00"
"07/02/2023 00:00 - 07/02/2023 01:00","CTA|SE","15921.00","16244.00"
"07/02/2023 01:00 - 07/02/2023 02:00","CTA|SE","15838.00","16110.00"
"07/02/2023 02:00 - 07/02/2023 03:00","CTA|SE","15776.00","16099.00"
"07/02/2023 03:00 - 07/02/2023 04:00","CTA|SE","16052.00","16291.00"
"07/02/2023 04:00 - 07/02/2023 05:00","CTA|SE","16415.00","16946.00"
"07/02/2023 05:00 - 07/02/2023 06:00","CTA|SE","18301.00","18473.00"
"07/02/2023 06:00 - 07/02/2023 07:00","CTA|SE","19859.00","19748.00"
"07/02/2023 07:00 - 07/02/2023 08:00","CTA|SE","20141.00","19925.00"
"07/02/2023 08:00 - 07/02/2023 09:00","CTA|SE","20037.00","19839.00"
"07/02/2023 09:00 - 07/02/2023 10:00","CTA|SE","19582.00","19718.00"
"07/02/2023 10:00 - 07/02/2023 11:00","CTA|SE","19196.00","19533.00"
"07/02/2023 11:00 - 07/02/2023 12:00","CTA|SE","19053.00","19358.00"
"07/02/2023 12:00 - 07/02/2023 13:00","CTA|SE","18770.00","19145.00"
"07/02/2023 13:00 - 07/02/2023 14:00","CTA|SE","19439.00","19080.00"
"07/02/2023 14:00 - 07/02/2023 15:00","CTA|SE","19582.00","19244.00"
"07/02/2023 15:00 - 07/02/2023 16:00","CTA|SE","20078.00","19511.00"
"07/02/2023 16:00 - 07/02/2023 17:00","CTA|SE","20882.00","20005.00"
"07/02/2023 17:00 - 07/02/2023 18:00","CTA|SE","20616.00","19817.00"
"07/02/2023 18:00 - 07/02/2023 19:00","CTA|SE","19500.00","19371.00"
"07/02/2023 19:00 - 07/02/2023 20:00","CTA|SE","18629.00","18805.00"
"07/02/2023 20:00 - 07/02/2023 21:00","CTA|SE","17957.00","18115.00"
"07/02/2023 21:00 - 07/02/2023 22:00","CTA|SE","17137.00","17296.00"
"07/02/2023 22:00 - 07/02/2023 23:00","CTA|SE","16451.00","16539.00"
"07/02/2023 23:00 - 08/02/2023 00:00","CTA|SE","16236.00","16029.00"
"08/02/2023 00:00 - 08/02/2023 01:00","CTA|SE","15862.00","15753.00"
"08/02/2023 01:00 - 08/02/2023 02:00","CTA|SE","15655.00","15633.00"
"08/02/2023 02:00 - 08/02/2023 03:00","CTA|SE","15604.00","15648.00"
"08/02/2023 03:00 - 08/02/2023 04:00","CTA|SE","15845.00","15866.00"
"08/02/2023 04:00 - 08/02/2023 05:00","CTA|SE","16380.00","16546.00"
"08/02/2023 05:00 - 08/02/2023 06:00","CTA|SE","17796.00","18073.00"
"08/02/2023 06:00 - 08/02/2023 07:00","CTA|SE","19060.00","19327.00"
"08/02/2023 07:00 - 08/02/2023 08:00","CTA|SE","19364.00","19525.00"
"08/02/2023 08:00 - 08/02/2023 09:00","CTA|SE","19273.00","19457.00"
"08/02/2023 09:00 - 08/02/2023 10:00","CTA|SE","19101.00","19382.00"
"08/02/2023 10:00 - 08/02/2023 11:00","CTA|SE","18988.00","19226.00"
"08/02/2023 11:00 - 08/02/2023 12:00","CTA|SE","18862.00","19064.00"
"08/02/2023 12:00 - 08/02/2023 13:00","CTA|SE","18708.00","18904.00"
"08/02/2023 13:00 - 08/02/2023 14:00","CTA|SE","18830.00","18835.00"
"08/02/2023 14:00 - 08/02/2023 15:00","CTA|SE","18897.00","18969.00"
"08/02/2023 15:00 - 08/02/2023 16:00","CTA|SE","19334.00","19214.00"
"08/02/2023 16:00 - 08/02/2023 17:00","CTA|SE","19877.00","19694.00"
"08/02/2023 17:00 - 08/02/2023 18:00","CTA|SE","19478.00","19523.00"
"08/02/2023 18:00 - 08/02/2023 19:00","CTA|SE","18947.00","19122.00"
"08/02/2023 19:00 - 08/02/2023 20:00","CTA|SE","18642.00","18604.00"
"08/02/2023 20:00 - 08/02/2023 21:00","CTA|SE","18013.00","17969.00"
"08/02/2023 21:00 - 08/02/2023 22:00","CTA|SE","17052.00","17207.00"
"08/02/2023 22:00 - 08/02/2023 23:00","CTA|SE","16689.00","16513.00"
"08/02/2023 23:00 - 09/02/2023 00:00","CTA|SE","16100.00","16090.00"
"09/02/2023 00:00 - 09/02/2023 01:00","CTA|SE","15947.00","15854.00"
"09/02/2023 01:00 - 09/02/2023 02:00","CTA|SE","15831.00","15785.00"
"09/02/2023 02:00 - 09/02/2023 03:00","CTA|SE","15737.00","15829.00"
"09/02/2023 03:00 - 09/02/2023 04:00","CTA|SE","15776.00","16065.00"
"09/02/2023 04:00 - 09/02/2023 05:00","CTA|SE","16478.00","16746.00"
"09/02/2023 05:00 - 09/02/2023 06:00","CTA|SE","18164.00","18258.00"
"09/02/2023 06:00 - 09/02/2023 07:00","CTA|SE","19986.00","19494.00"
"09/02/2023 07:00 - 09/02/2023 08:00","CTA|SE","19925.00","19700.00"
"09/02/2023 08:00 - 09/02/2023 09:00","CTA|SE","19812.00","19641.00"
"09/02/2023 09:00 - 09/02/2023 10:00","CTA|SE","19556.00","19585.00"
"09/02/2023 10:00 - 09/02/2023 11:00","CTA|SE","19494.00","19481.00"
"09/02/2023 11:00 - 09/02/2023 12:00","CTA|SE","19164.00","19334.00"
"09/02/2023 12:00 - 09/02/2023 13:00","CTA|SE","19066.00","19170.00"
"09/02/2023 13:00 - 09/02/2023 14:00","CTA|SE","19025.00","19077.00"
"09/02/2023 14:00 - 09/02/2023 15:00","CTA|SE","19094.00","19144.00"
"09/02/2023 15:00 - 09/02/2023 16:00","CTA|SE","19434.00","19325.00"
"09/02/2023 16:00 - 09/02/2023 17:00","CTA|SE","20236.00","19797.00"
"09/02/2023 17:00 - 09/02/2023 18:00","CTA|SE","19482.00","19590.00"
"09/02/2023 18:00 - 09/02/2023 19:00","CTA|SE","18935.00","19114.00"
"09/02/2023 19:00 - 09/02/2023 20:00","CTA|SE","18437.00","18549.00"
"09/02/2023 20:00 - 09/02/2023 21:00","CTA|SE","17961.00","17858.00"
"09/02/2023 21:00 - 09/02/2023 22:00","CTA|SE","16789.00","17067.00"
"09/02/2023 22:00 - 09/02/2023 23:00","CTA|SE","16184.00","16371.00"
"09/02/2023 23:00 - 10/02/2023 00:00","CTA|SE","15776.00","16019.00"
"10/02/2023 00:00 - 10/02/2023 01:00","CTA|SE","15735.00","15837.00"
"10/02/2023 01:00 - 10/02/2023 02:00","CTA|SE","15579.00","15809.00"
"10/02/2023 02:00 - 10/02/2023 03:00","CTA|SE","15185.00","15891.00"
"10/02/2023 03:00 - 10/02/2023 04:00","CTA|SE","15428.00","16167.00"
"10/02/2023 04:00 - 10/02/2023 05:00","CTA|SE","16343.00","16901.00"
"10/02/2023 05:00 - 10/02/2023 06:00","CTA|SE","18102.00","18461.00"
"10/02/2023 06:00 - 10/02/2023 07:00","CTA|SE","19391.00","19744.00"
"10/02/2023 07:00 - 10/02/2023 08:00","CTA|SE","19432.00","20054.00"
"10/02/2023 08:00 - 10/02/2023 09:00","CTA|SE","19242.00","20001.00"
"10/02/2023 09:00 - 10/02/2023 10:00","CTA|SE","18585.00","19805.00"
"10/02/2023 10:00 - 10/02/2023 11:00","CTA|SE","17850.00","19485.00"
"10/02/2023 11:00 - 10/02/2023 12:00","CTA|SE","17558.00","19150.00"
"10/02/2023 12:00 - 10/02/2023 13:00","CTA|SE","18207.00","18808.00"
"10/02/2023 13:00 - 10/02/2023 14:00","CTA|SE","18653.00","18685.00"
"10/02/2023 14:00 - 10/02/2023 15:00","CTA|SE","19059.00","18776.00"
"10/02/2023 15:00 - 10/02/2023 16:00","CTA|SE","19324.00","19165.00"
"10/02/2023 16:00 - 10/02/2023 17:00","CTA|SE","19277.00","19708.00"
"10/02/2023 17:00 - 10/02/2023 18:00","CTA|SE","18855.00","19457.00"
"10/02/2023 18:00 - 10/02/2023 19:00","CTA|SE","18466.00","18862.00"
"10/02/2023 19:00 - 10/02/2023 20:00","CTA|SE","17569.00","18137.00"
"10/02/2023 20:00 - 10/02/2023 21:00","CTA|SE","16749.00","17401.00"
"10/02/2023 21:00 - 10/02/2023 22:00","CTA|SE","15944.00","16706.00"
"10/02/2023 22:00 - 10/02/2023 23:00","CTA|SE","15453.00","16078.00"
"10/02/2023 23:00 - 11/02/2023 00:00","CTA|SE","14990.00","15577.00"
"11/02/2023 00:00 - 11/02/2023 01:00","CTA|SE","14550.00","15241.00"
"11/02/2023 01:00 - 11/02/2023 02:00","CTA|SE","14144.00","15042.00"
"11/02/2023 02:00 - 11/02/2023 03:00","CTA|SE","13747.00","14966.00"
"11/02/2023 03:00 - 11/02/2023 04:00","CTA|SE","13514.00","15027.00"
"11/02/2023 04:00 - 11/02/2023 05:00","CTA|SE","14049.00","15250.00"
"11/02/2023 05:00 - 11/02/2023 06:00","CTA|SE","14715.00","15730.00"
"11/02/2023 06:00 - 11/02/2023 07:00","CTA|SE","15230.00","16275.00"
"11/02/2023 07:00 - 11/02/2023 08:00","CTA|SE","15962.00","16883.00"
"11/02/2023 08:00 - 11/02/2023 09:00","CTA|SE","16509.00","17363.00"
"11/02/2023 09:00 - 11/02/2023 10:00","CTA|SE","17205.00","17535.00"
"11/02/2023 10:00 - 11/02/2023 11:00","CTA|SE","17164.00","17392.00"
"11/02/2023 11:00 - 11/02/2023 12:00","CTA|SE","17046.00","17122.00"
"11/02/2023 12:00 - 11/02/2023 13:00","CTA|SE","16899.00","16876.00"
"11/02/2023 13:00 - 11/02/2023 14:00","CTA|SE","16703.00","16763.00"
"11/02/2023 14:00 - 11/02/2023 15:00","CTA|SE","16798.00","16942.00"
"11/02/2023 15:00 - 11/02/2023 16:00","CTA|SE","17399.00","17617.00"
"11/02/2023 16:00 - 11/02/2023 17:00","CTA|SE","17885.00","18373.00"
"11/02/2023 17:00 - 11/02/2023 18:00","CTA|SE","18005.00","18431.00"
"11/02/2023 18:00 - 11/02/2023 19:00","CTA|SE","17832.00","18015.00"
"11/02/2023 19:00 - 11/02/2023 20:00","CTA|SE","17502.00","17504.00"
"11/02/2023 20:00 - 11/02/2023 21:00","CTA|SE","17188.00","16986.00"
"11/02/2023 21:00 - 11/02/2023 22:00","CTA|SE","16524.00","16480.00"
"11/02/2023 22:00 - 11/02/2023 23:00","CTA|SE","16068.00","16009.00"
"11/02/2023 23:00 - 12/02/2023 00:00","CTA|SE","15325.00","15838.00"
"12/02/2023 00:00 - 12/02/2023 01:00","CTA|SE","15042.00","15602.00"
"12/02/2023 01:00 - 12/02/2023 02:00","CTA|SE","15021.00","15457.00"
"12/02/2023 02:00 - 12/02/2023 03:00","CTA|SE","15128.00","15383.00"
"12/02/2023 03:00 - 12/02/2023 04:00","CTA|SE","15267.00","15353.00"
"12/02/2023 04:00 - 12/02/2023 05:00","CTA|SE","15633.00","15420.00"
"12/02/2023 05:00 - 12/02/2023 06:00","CTA|SE","15761.00","15700.00"
"12/02/2023 06:00 - 12/02/2023 07:00","CTA|SE","16163.00","16010.00"
"12/02/2023 07:00 - 12/02/2023 08:00","CTA|SE","16396.00","16372.00"
"12/02/2023 08:00 - 12/02/2023 09:00","CTA|SE","16698.00","16765.00"
"12/02/2023 09:00 - 12/02/2023 10:00","CTA|SE","16858.00","16943.00"
"12/02/2023 10:00 - 12/02/2023 11:00","CTA|SE","16846.00","16942.00"
"12/02/2023 11:00 - 12/02/2023 12:00","CTA|SE","16660.00","16762.00"
"12/02/2023 12:00 - 12/02/2023 13:00","CTA|SE","16730.00","16536.00"
"12/02/2023 13:00 - 12/02/2023 14:00","CTA|SE","16469.00","16444.00"
"12/02/2023 14:00 - 12/02/2023 15:00","CTA|SE","16657.00","16567.00"
"12/02/2023 15:00 - 12/02/2023 16:00","CTA|SE","16928.00","17101.00"
"12/02/2023 16:00 - 12/02/2023 17:00","CTA|SE","17664.00","17860.00"
"12/02/2023 17:00 - 12/02/2023 18:00","CTA|SE","17492.00","17973.00"
"12/02/2023 18:00 - 12/02/2023 19:00","CTA|SE","17139.00","17652.00"
"12/02/2023 19:00 - 12/02/2023 20:00","CTA|SE","16811.00","17178.00"
"12/02/2023 20:00 - 12/02/2023 21:00","CTA|SE","16507.00","16608.00"
"12/02/2023 21:00 - 12/02/2023 22:00","CTA|SE","15864.00","16000.00"
"12/02/2023 22:00 - 12/02/2023 23:00","CTA|SE","15178.00","15460.00"
"12/02/2023 23:00 - 13/02/2023 00:00","CTA|SE","14716.00","15048.00"
"13/02/2023 00:00 - 13/02/2023 01:00","CTA|SE","14588.00","14864.00"
"13/02/2023 01:00 - 13/02/2023 02:00","CTA|SE","14615.00","14828.00"
"13/02/2023 02:00 - 13/02/2023 03:00","CTA|SE","14503.00","14889.00"
"13/02/2023 03:00 - 13/02/2023 04:00","CTA|SE","14512.00","15146.00"
"13/02/2023 04:00 - 13/02/2023 05:00","CTA|SE","15271.00","15906.00"
"13/02/2023 05:00 - 13/02/2023 06:00","CTA|SE","17058.00","17544.00"
"13/02/2023 06:00 - 13/02/2023 07:00","CTA|SE","18294.00","18871.00"
"13/02/2023 07:00 - 13/02/2023 08:00","CTA|SE","18524.00","19193.00"
"13/02/2023 08:00 - 13/02/2023 09:00","CTA|SE","18305.00","19107.00"
"13/02/2023 09:00 - 13/02/2023 10:00","CTA|SE","18053.00","18913.00"
"13/02/2023 10:00 - 13/02/2023 11:00","CTA|SE","17467.00","18646.00"
"13/02/2023 11:00 - 13/02/2023 12:00","CTA|SE","17243.00","18335.00"
"13/02/2023 12:00 - 13/02/2023 13:00","CTA|SE","16987.00","18061.00"
"13/02/2023 13:00 - 13/02/2023 14:00","CTA|SE","16946.00","17975.00"
"13/02/2023 14:00 - 13/02/2023 15:00","CTA|SE","17235.00","18119.00"
"13/02/2023 15:00 - 13/02/2023 16:00","CTA|SE","17667.00","18441.00"
"13/02/2023 16:00 - 13/02/2023 17:00","CTA|SE","18215.00","19180.00"
"13/02/2023 17:00 - 13/02/2023 18:00","CTA|SE","17798.00","19173.00"
"13/02/2023 18:00 - 13/02/2023 19:00","CTA|SE","17652.00","18776.00"
"13/02/2023 19:00 - 13/02/2023 20:00","CTA|SE","17475.00","18253.00"
"13/02/2023 20:00 - 13/02/2023 21:00","CTA|SE","16946.00","17589.00"
"13/02/2023 21:00 - 13/02/2023 22:00","CTA|SE","16065.00","16789.00"
"13/02/2023 22:00 - 13/02/2023 23:00","CTA|SE","14806.00","16061.00"
"13/02/2023 23:00 - 14/02/2023 00:00","CTA|SE","14556.00","15491.00"
"14/02/2023 00:00 - 14/02/2023 01:00","CTA|SE","14291.00","15275.00"
"14/02/2023 01:00 - 14/02/2023 02:00","CTA|SE","14220.00","15233.00"
"14/02/2023 02:00 - 14/02/2023 03:00","CTA|SE","14114.00","15300.00"
"14/02/2023 03:00 - 14/02/2023 04:00","CTA|SE","14692.00","15571.00"
"14/02/2023 04:00 - 14/02/2023 05:00","CTA|SE","15413.00","16285.00"
"14/02/2023 05:00 - 14/02/2023 06:00","CTA|SE","17409.00","17840.00"
"14/02/2023 06:00 - 14/02/2023 07:00","CTA|SE","18662.00","19062.00"
"14/02/2023 07:00 - 14/02/2023 08:00","CTA|SE","18864.00","19278.00"
"14/02/2023 08:00 - 14/02/2023 09:00","CTA|SE","18870.00","19195.00"
"14/02/2023 09:00 - 14/02/2023 10:00","CTA|SE","18882.00","19081.00"
"14/02/2023 10:00 - 14/02/2023 11:00","CTA|SE","18752.00","18843.00"
"14/02/2023 11:00 - 14/02/2023 12:00","CTA|SE","18621.00","18588.00"
"14/02/2023 12:00 - 14/02/2023 13:00","CTA|SE","18220.00","18344.00"
"14/02/2023 13:00 - 14/02/2023 14:00","CTA|SE","17937.00","18265.00"
"14/02/2023 14:00 - 14/02/2023 15:00","CTA|SE","18001.00","18430.00"
"14/02/2023 15:00 - 14/02/2023 16:00","CTA|SE","18058.00","18713.00"
"14/02/2023 16:00 - 14/02/2023 17:00","CTA|SE","18443.00","19355.00"
"14/02/2023 17:00 - 14/02/2023 18:00","CTA|SE","18460.00","19317.00"
"14/02/2023 18:00 - 14/02/2023 19:00","CTA|SE","18143.00","18928.00"
"14/02/2023 19:00 - 14/02/2023 20:00","CTA|SE","17979.00","18415.00"
"14/02/2023 20:00 - 14/02/2023 21:00","CTA|SE","17435.00","17766.00"
"14/02/2023 21:00 - 14/02/2023 22:00","CTA|SE","16639.00","16991.00"
"14/02/2023 22:00 - 14/02/2023 23:00","CTA|SE","15797.00","16275.00"
"14/02/2023 23:00 - 15/02/2023 00:00","CTA|SE","15454.00","15729.00"
"15/02/2023 00:00 - 15/02/2023 01:00","CTA|SE","15156.00","15506.00"
"15/02/2023 01:00 - 15/02/2023 02:00","CTA|SE","15090.00","15449.00"
"15/02/2023 02:00 - 15/02/2023 03:00","CTA|SE","14867.00","15501.00"
"15/02/2023 03:00 - 15/02/2023 04:00","CTA|SE","14957.00","15751.00"
"15/02/2023 04:00 - 15/02/2023 05:00","CTA|SE","15714.00","16439.00"
"15/02/2023 05:00 - 15/02/2023 06:00","CTA|SE","17311.00","17942.00"
"15/02/2023 06:00 - 15/02/2023 07:00","CTA|SE","18553.00","19136.00"
"15/02/2023 07:00 - 15/02/2023 08:00","CTA|SE","18839.00","19351.00"
"15/02/2023 08:00 - 15/02/2023 09:00","CTA|SE","18849.00","19299.00"
"15/02/2023 09:00 - 15/02/2023 10:00","CTA|SE","18643.00","19223.00"
"15/02/2023 10:00 - 15/02/2023 11:00","CTA|SE","18841.00","19051.00"
"15/02/2023 11:00 - 15/02/2023 12:00","CTA|SE","18970.00","18845.00"
"15/02/2023 12:00 - 15/02/2023 13:00","CTA|SE","18778.00","18652.00"
"15/02/2023 13:00 - 15/02/2023 14:00","CTA|SE","18606.00","18577.00"
"15/02/2023 14:00 - 15/02/2023 15:00","CTA|SE","18737.00","18689.00"
"15/02/2023 15:00 - 15/02/2023 16:00","CTA|SE","18831.00","18881.00"
"15/02/2023 16:00 - 15/02/2023 17:00","CTA|SE","19526.00","19449.00"
"15/02/2023 17:00 - 15/02/2023 18:00","CTA|SE","19466.00","19371.00"
"15/02/2023 18:00 - 15/02/2023 19:00","CTA|SE","19100.00","18972.00"
"15/02/2023 19:00 - 15/02/2023 20:00","CTA|SE","18674.00","18458.00"
"15/02/2023 20:00 - 15/02/2023 21:00","CTA|SE","17857.00","17803.00"
"15/02/2023 21:00 - 15/02/2023 22:00","CTA|SE","16967.00","17026.00"
"15/02/2023 22:00 - 15/02/2023 23:00","CTA|SE","16126.00","16303.00"
"15/02/2023 23:00 - 16/02/2023 00:00","CTA|SE","16032.00","15702.00"
"16/02/2023 00:00 - 16/02/2023 01:00","CTA|SE","16213.00","15459.00"
"16/02/2023 01:00 - 16/02/2023 02:00","CTA|SE","16334.00","15375.00"
"16/02/2023 02:00 - 16/02/2023 03:00","CTA|SE","15938.00","15402.00"
"16/02/2023 03:00 - 16/02/2023 04:00","CTA|SE","16124.00","15635.00"
"16/02/2023 04:00 - 16/02/2023 05:00","CTA|SE","16796.00","16315.00"
"16/02/2023 05:00 - 16/02/2023 06:00","CTA|SE","18087.00","17821.00"
"16/02/2023 06:00 - 16/02/2023 07:00","CTA|SE","19143.00","18989.00"
"16/02/2023 07:00 - 16/02/2023 08:00","CTA|SE","19528.00","19179.00"
"16/02/2023 08:00 - 16/02/2023 09:00","CTA|SE","19512.00","19112.00"
"16/02/2023 09:00 - 16/02/2023 10:00","CTA|SE","19163.00","19056.00"
"16/02/2023 10:00 - 16/02/2023 11:00","CTA|SE","18839.00","18936.00"
"16/02/2023 11:00 - 16/02/2023 12:00","CTA|SE","18624.00","18757.00"
"16/02/2023 12:00 - 16/02/2023 13:00","CTA|SE","18658.00","18524.00"
"16/02/2023 13:00 - 16/02/2023 14:00","CTA|SE","18689.00","18400.00"
"16/02/2023 14:00 - 16/02/2023 15:00","CTA|SE","18566.00","18441.00"
"16/02/2023 15:00 - 16/02/2023 16:00","CTA|SE","18751.00","18561.00"
"16/02/2023 16:00 - 16/02/2023 17:00","CTA|SE","19191.00","19123.00"
"16/02/2023 17:00 - 16/02/2023 18:00","CTA|SE","19207.00","19058.00"
"16/02/2023 18:00 - 16/02/2023 19:00","CTA|SE","18501.00","18638.00"
"16/02/2023 19:00 - 16/02/2023 20:00","CTA|SE","17924.00","18104.00"
"16/02/2023 20:00 - 16/02/2023 21:00","CTA|SE","17424.00","17441.00"
"16/02/2023 21:00 - 16/02/2023 22:00","CTA|SE","16786.00","16680.00"
"16/02/2023 22:00 - 16/02/2023 23:00","CTA|SE","16048.00","15993.00"
"16/02/2023 23:00 - 17/02/2023 00:00","CTA|SE","15453.00","15495.00"
"17/02/2023 00:00 - 17/02/2023 01:00","CTA|SE","15293.00","15234.00"
"17/02/2023 01:00 - 17/02/2023 02:00","CTA|SE","15253.00","15132.00"
"17/02/2023 02:00 - 17/02/2023 03:00","CTA|SE","15267.00","15168.00"
"17/02/2023 03:00 - 17/02/2023 04:00","CTA|SE","15178.00","15402.00"
"17/02/2023 04:00 - 17/02/2023 05:00","CTA|SE","15473.00","16100.00"
"17/02/2023 05:00 - 17/02/2023 06:00","CTA|SE","16868.00","17600.00"
"17/02/2023 06:00 - 17/02/2023 07:00","CTA|SE","18141.00","18775.00"
"17/02/2023 07:00 - 17/02/2023 08:00","CTA|SE","18045.00","19038.00"
"17/02/2023 08:00 - 17/02/2023 09:00","CTA|SE","18269.00","18998.00"
"17/02/2023 09:00 - 17/02/2023 10:00","CTA|SE","18718.00","18888.00"
"17/02/2023 10:00 - 17/02/2023 11:00","CTA|SE","18832.00","18754.00"
"17/02/2023 11:00 - 17/02/2023 12:00","CTA|SE","18584.00","18603.00"
"17/02/2023 12:00 - 17/02/2023 13:00","CTA|SE","18305.00","18397.00"
"17/02/2023 13:00 - 17/02/2023 14:00","CTA|SE","17612.00","18214.00"
"17/02/2023 14:00 - 17/02/2023 15:00","CTA|SE","17665.00","18078.00"
"17/02/2023 15:00 - 17/02/2023 16:00","CTA|SE","17990.00","18097.00"
"17/02/2023 16:00 - 17/02/2023 17:00","CTA|SE","18957.00","18451.00"
"17/02/2023 17:00 - 17/02/2023 18:00","CTA|SE","19107.00","18232.00"
"17/02/2023 18:00 - 17/02/2023 19:00","CTA|SE","18295.00","17635.00"
"17/02/2023 19:00 - 17/02/2023 20:00","CTA|SE","17413.00","16967.00"
"17/02/2023 20:00 - 17/02/2023 21:00","CTA|SE","16746.00","16345.00"
"17/02/2023 21:00 - 17/02/2023 22:00","CTA|SE","15805.00","15750.00"
"17/02/2023 22:00 - 17/02/2023 23:00","CTA|SE","15003.00","15214.00"
"17/02/2023 23:00 - 18/02/2023 00:00","CTA|SE","14698.00","14976.00"
"18/02/2023 00:00 - 18/02/2023 01:00","CTA|SE","14416.00","14769.00"
"18/02/2023 01:00 - 18/02/2023 02:00","CTA|SE","14274.00","14644.00"
"18/02/2023 02:00 - 18/02/2023 03:00","CTA|SE","14224.00","14630.00"
"18/02/2023 03:00 - 18/02/2023 04:00","CTA|SE","14399.00","14729.00"
"18/02/2023 04:00 - 18/02/2023 05:00","CTA|SE","14330.00","14969.00"
"18/02/2023 05:00 - 18/02/2023 06:00","CTA|SE","14924.00","15450.00"
"18/02/2023 06:00 - 18/02/2023 07:00","CTA|SE","15332.00","15950.00"
"18/02/2023 07:00 - 18/02/2023 08:00","CTA|SE","15767.00","16481.00"
"18/02/2023 08:00 - 18/02/2023 09:00","CTA|SE","16156.00","16871.00"
"18/02/2023 09:00 - 18/02/2023 10:00","CTA|SE","16498.00","16882.00"
"18/02/2023 10:00 - 18/02/2023 11:00","CTA|SE","16640.00","16691.00"
"18/02/2023 11:00 - 18/02/2023 12:00","CTA|SE","16242.00","16361.00"
"18/02/2023 12:00 - 18/02/2023 13:00","CTA|SE","15949.00","16159.00"
"18/02/2023 13:00 - 18/02/2023 14:00","CTA|SE","15482.00","16076.00"
"18/02/2023 14:00 - 18/02/2023 15:00","CTA|SE","15978.00","16291.00"
"18/02/2023 15:00 - 18/02/2023 16:00","CTA|SE","16748.00","16992.00"
"18/02/2023 16:00 - 18/02/2023 17:00","CTA|SE","17412.00","17829.00"
"18/02/2023 17:00 - 18/02/2023 18:00","CTA|SE","17565.00","18003.00"
"18/02/2023 18:00 - 18/02/2023 19:00","CTA|SE","17199.00","17743.00"
"18/02/2023 19:00 - 18/02/2023 20:00","CTA|SE","16836.00","17266.00"
"18/02/2023 20:00 - 18/02/2023 21:00","CTA|SE","16402.00","16825.00"
"18/02/2023 21:00 - 18/02/2023 22:00","CTA|SE","15995.00","16415.00"
"18/02/2023 22:00 - 18/02/2023 23:00","CTA|SE","15572.00","16026.00"
"18/02/2023 23:00 - 19/02/2023 00:00","CTA|SE","15366.00","15749.00"
"19/02/2023 00:00 - 19/02/2023 01:00","CTA|SE","15357.00","15566.00"
"19/02/2023 01:00 - 19/02/2023 02:00","CTA|SE","15149.00","15476.00"
"19/02/2023 02:00 - 19/02/2023 03:00","CTA|SE","15166.00","15475.00"
"19/02/2023 03:00 - 19/02/2023 04:00","CTA|SE","15294.00","15553.00"
"19/02/2023 04:00 - 19/02/2023 05:00","CTA|SE","15432.00","15744.00"
"19/02/2023 05:00 - 19/02/2023 06:00","CTA|SE","16019.00","16129.00"
"19/02/2023 06:00 - 19/02/2023 07:00","CTA|SE","15935.00","16522.00"
"19/02/2023 07:00 - 19/02/2023 08:00","CTA|SE","16359.00","16934.00"
"19/02/2023 08:00 - 19/02/2023 09:00","CTA|SE","16837.00","17334.00"
"19/02/2023 09:00 - 19/02/2023 10:00","CTA|SE","16721.00","17330.00"
"19/02/2023 10:00 - 19/02/2023 11:00","CTA|SE","16163.00","17163.00"
"19/02/2023 11:00 - 19/02/2023 12:00","CTA|SE","15772.00","16966.00"
"19/02/2023 12:00 - 19/02/2023 13:00","CTA|SE","15789.00","16828.00"
"19/02/2023 13:00 - 19/02/2023 14:00","CTA|SE","16100.00","16815.00"
"19/02/2023 14:00 - 19/02/2023 15:00","CTA|SE","16320.00","17114.00"
"19/02/2023 15:00 - 19/02/2023 16:00","CTA|SE","17040.00","17795.00"
"19/02/2023 16:00 - 19/02/2023 17:00","CTA|SE","18057.00","18739.00"
"19/02/2023 17:00 - 19/02/2023 18:00","CTA|SE","18236.00","19081.00"
"19/02/2023 18:00 - 19/02/2023 19:00","CTA|SE","17561.00","18856.00"
"19/02/2023 19:00 - 19/02/2023 20:00","CTA|SE","17334.00","18430.00"
"19/02/2023 20:00 - 19/02/2023 21:00","CTA|SE","17257.00","17898.00"
"19/02/2023 21:00 - 19/02/2023 22:00","CTA|SE","16988.00","17335.00"
"19/02/2023 22:00 - 19/02/2023 23:00","CTA|SE","16640.00","16840.00"
"19/02/2023 23:00 - 20/02/2023 00:00","CTA|SE","16041.00","16440.00"
"20/02/2023 00:00 - 20/02/2023 01:00","CTA|SE","15737.00","16241.00"
"20/02/2023 01:00 - 20/02/2023 02:00","CTA|SE","15654.00","16153.00"
"20/02/2023 02:00 - 20/02/2023 03:00","CTA|SE","15262.00","16115.00"
"20/02/2023 03:00 - 20/02/2023 04:00","CTA|SE","14864.00","16247.00"
"20/02/2023 04:00 - 20/02/2023 05:00","CTA|SE","15614.00","16927.00"
"20/02/2023 05:00 - 20/02/2023 06:00","CTA|SE","17436.00","18508.00"
"20/02/2023 06:00 - 20/02/2023 07:00","CTA|SE","18701.00","19813.00"
"20/02/2023 07:00 - 20/02/2023 08:00","CTA|SE","18952.00","20071.00"
"20/02/2023 08:00 - 20/02/2023 09:00","CTA|SE","19406.00","19999.00"
"20/02/2023 09:00 - 20/02/2023 10:00","CTA|SE","19367.00","19866.00"
"20/02/2023 10:00 - 20/02/2023 11:00","CTA|SE","19289.00","19711.00"
"20/02/2023 11:00 - 20/02/2023 12:00","CTA|SE","18806.00","19476.00"
"20/02/2023 12:00 - 20/02/2023 13:00","CTA|SE","18181.00","19095.00"
"20/02/2023 13:00 - 20/02/2023 14:00","CTA|SE","18024.00","18835.00"
"20/02/2023 14:00 - 20/02/2023 15:00","CTA|SE","18294.00","18840.00"
"20/02/2023 15:00 - 20/02/2023 16:00","CTA|SE","18532.00","18953.00"
"20/02/2023 16:00 - 20/02/2023 17:00","CTA|SE","19405.00","19544.00"
"20/02/2023 17:00 - 20/02/2023 18:00","CTA|SE","19125.00","19548.00"
"20/02/2023 18:00 - 20/02/2023 19:00","CTA|SE","18783.00","19179.00"
"20/02/2023 19:00 - 20/02/2023 20:00","CTA|SE","18239.00","18649.00"
"20/02/2023 20:00 - 20/02/2023 21:00","CTA|SE","17534.00","17980.00"
"20/02/2023 21:00 - 20/02/2023 22:00","CTA|SE","16614.00","17195.00"
"20/02/2023 22:00 - 20/02/2023 23:00","CTA|SE","16000.00","16448.00"
"20/02/2023 23:00 - 21/02/2023 00:00","CTA|SE","15576.00","15816.00"
"21/02/2023 00:00 - 21/02/2023 01:00","CTA|SE","15457.00","15577.00"
"21/02/2023 01:00 - 21/02/2023 02:00","CTA|SE","15164.00","15485.00"
"21/02/2023 02:00 - 21/02/2023 03:00","CTA|SE","14664.00","15482.00"
"21/02/2023 03:00 - 21/02/2023 04:00","CTA|SE","14939.00","15717.00"
"21/02/2023 04:00 - 21/02/2023 05:00","CTA|SE","15881.00","16442.00"
"21/02/2023 05:00 - 21/02/2023 06:00","CTA|SE","17369.00","18098.00"
"21/02/2023 06:00 - 21/02/2023 07:00","CTA|SE","18099.00","19405.00"
"21/02/2023 07:00 - 21/02/2023 08:00","CTA|SE","18307.00","19628.00"
"21/02/2023 08:00 - 21/02/2023 09:00","CTA|SE","18428.00","19526.00"
"21/02/2023 09:00 - 21/02/2023 10:00","CTA|SE","17988.00","19346.00"
"21/02/2023 10:00 - 21/02/2023 11:00","CTA|SE","17746.00","19111.00"
"21/02/2023 11:00 - 21/02/2023 12:00","CTA|SE","17666.00","18890.00"
"21/02/2023 12:00 - 21/02/2023 13:00","CTA|SE","17786.00","18758.00"
"21/02/2023 13:00 - 21/02/2023 14:00","CTA|SE","17827.00","18753.00"
"21/02/2023 14:00 - 21/02/2023 15:00","CTA|SE","18107.00","18906.00"
"21/02/2023 15:00 - 21/02/2023 16:00","CTA|SE","18894.00","19201.00"
"21/02/2023 16:00 - 21/02/2023 17:00","CTA|SE","19568.00","19916.00"
"21/02/2023 17:00 - 21/02/2023 18:00","CTA|SE","19669.00","19977.00"
"21/02/2023 18:00 - 21/02/2023 19:00","CTA|SE","19618.00","19646.00"
"21/02/2023 19:00 - 21/02/2023 20:00","CTA|SE","19126.00","19136.00"
"21/02/2023 20:00 - 21/02/2023 21:00","CTA|SE","18570.00","18489.00"
"21/02/2023 21:00 - 21/02/2023 22:00","CTA|SE","17825.00","17716.00"
"21/02/2023 22:00 - 21/02/2023 23:00","CTA|SE","17344.00","16977.00"
"21/02/2023 23:00 - 22/02/2023 00:00","CTA|SE","16790.00","16690.00"
"22/02/2023 00:00 - 22/02/2023 01:00","CTA|SE","16651.00","16514.00"
"22/02/2023 01:00 - 22/02/2023 02:00","CTA|SE","16528.00","16474.00"
"22/02/2023 02:00 - 22/02/2023 03:00","CTA|SE","16533.00","16520.00"
"22/02/2023 03:00 - 22/02/2023 04:00","CTA|SE","16828.00","16772.00"
"22/02/2023 04:00 - 22/02/2023 05:00","CTA|SE","17441.00","17490.00"
"22/02/2023 05:00 - 22/02/2023 06:00","CTA|SE","19007.00","19104.00"
"22/02/2023 06:00 - 22/02/2023 07:00","CTA|SE","20328.00","20371.00"
"22/02/2023 07:00 - 22/02/2023 08:00","CTA|SE","20777.00","20579.00"
"22/02/2023 08:00 - 22/02/2023 09:00","CTA|SE","20730.00","20460.00"
"22/02/2023 09:00 - 22/02/2023 10:00","CTA|SE","20294.00","20287.00"
"22/02/2023 10:00 - 22/02/2023 11:00","CTA|SE","20130.00","20099.00"
"22/02/2023 11:00 - 22/02/2023 12:00","CTA|SE","19566.00","19927.00"
"22/02/2023 12:00 - 22/02/2023 13:00","CTA|SE","19328.00","19743.00"
"22/02/2023 13:00 - 22/02/2023 14:00","CTA|SE","18879.00","19665.00"
"22/02/2023 14:00 - 22/02/2023 15:00","CTA|SE","19146.00","19757.00"
"22/02/2023 15:00 - 22/02/2023 16:00","CTA|SE","19413.00","19971.00"
"22/02/2023 16:00 - 22/02/2023 17:00","CTA|SE","20145.00","20538.00"
"22/02/2023 17:00 - 22/02/2023 18:00","CTA|SE","19938.00","20502.00"
"22/02/2023 18:00 - 22/02/2023 19:00","CTA|SE","19473.00","20109.00"
"22/02/2023 19:00 - 22/02/2023 20:00","CTA|SE","18914.00","19545.00"
"22/02/2023 20:00 - 22/02/2023 21:00","CTA|SE","18145.00","18844.00"
"22/02/2023 21:00 - 22/02/2023 22:00","CTA|SE","17759.00","17972.00"
"22/02/2023 22:00 - 22/02/2023 23:00","CTA|SE","17149.00","17175.00"
"22/02/2023 23:00 - 23/02/2023 00:00","CTA|SE","16599.00","16499.00"
"23/02/2023 00:00 - 23/02/2023 01:00","CTA|SE","16227.00","16247.00"
"23/02/2023 01:00 - 23/02/2023 02:00","CTA|SE","16083.00","16129.00"
"23/02/2023 02:00 - 23/02/2023 03:00","CTA|SE","16072.00","16095.00"
"23/02/2023 03:00 - 23/02/2023 04:00","CTA|SE","16075.00","16264.00"
"23/02/2023 04:00 - 23/02/2023 05:00","CTA|SE","16868.00","16890.00"
"23/02/2023 05:00 - 23/02/2023 06:00","CTA|SE","18255.00","18406.00"
"23/02/2023 06:00 - 23/02/2023 07:00","CTA|SE","19213.00","19573.00"
"23/02/2023 07:00 - 23/02/2023 08:00","CTA|SE","19510.00","19775.00"
"23/02/2023 08:00 - 23/02/2023 09:00","CTA|SE","19530.00","19715.00"
"23/02/2023 09:00 - 23/02/2023 10:00","CTA|SE","19569.00","19660.00"
"23/02/2023 10:00 - 23/02/2023 11:00","CTA|SE","19567.00","19619.00"
"23/02/2023 11:00 - 23/02/2023 12:00","CTA|SE","19411.00","19513.00"
"23/02/2023 12:00 - 23/02/2023 13:00","CTA|SE","19183.00","19327.00"
"23/02/2023 13:00 - 23/02/2023 14:00","CTA|SE","19291.00","19279.00"
"23/02/2023 14:00 - 23/02/2023 15:00","CTA|SE","19179.00","19337.00"
"23/02/2023 15:00 - 23/02/2023 16:00","CTA|SE","19156.00","19464.00"
"23/02/2023 16:00 - 23/02/2023 17:00","CTA|SE","19686.00","19970.00"
"23/02/2023 17:00 - 23/02/2023 18:00","CTA|SE","19700.00","19924.00"
"23/02/2023 18:00 - 23/02/2023 19:00","CTA|SE","19237.00","19561.00"
"23/02/2023 19:00 - 23/02/2023 20:00","CTA|SE","18439.00","19061.00"
"23/02/2023 20:00 - 23/02/2023 21:00","CTA|SE","17797.00","18394.00"
"23/02/2023 21:00 - 23/02/2023 22:00","CTA|SE","16801.00","17629.00"
"23/02/2023 22:00 - 23/02/2023 23:00","CTA|SE","15962.00","16912.00"
"23/02/2023 23:00 - 24/02/2023 00:00","CTA|SE","15575.00","16431.00"
"24/02/2023 00:00 - 24/02/2023 01:00","CTA|SE","15694.00","16159.00"
"24/02/2023 01:00 - 24/02/2023 02:00","CTA|SE","15280.00","16066.00"
"24/02/2023 02:00 - 24/02/2023 03:00","CTA|SE","15765.00","16073.00"
"24/02/2023 03:00 - 24/02/2023 04:00","CTA|SE","15706.00","16281.00"
"24/02/2023 04:00 - 24/02/2023 05:00","CTA|SE","16197.00","16942.00"
"24/02/2023 05:00 - 24/02/2023 06:00","CTA|SE","17735.00","18442.00"
"24/02/2023 06:00 - 24/02/2023 07:00","CTA|SE","18809.00","19628.00"
"24/02/2023 07:00 - 24/02/2023 08:00","CTA|SE","19359.00","19892.00"
"24/02/2023 08:00 - 24/02/2023 09:00","CTA|SE","19418.00","19839.00"
"24/02/2023 09:00 - 24/02/2023 10:00","CTA|SE","19391.00","19704.00"
"24/02/2023 10:00 - 24/02/2023 11:00","CTA|SE","19393.00","19500.00"
"24/02/2023 11:00 - 24/02/2023 12:00","CTA|SE","19231.00","19301.00"
"24/02/2023 12:00 - 24/02/2023 13:00","CTA|SE","18847.00","19060.00"
"24/02/2023 13:00 - 24/02/2023 14:00","CTA|SE","18318.00","18924.00"
"24/02/2023 14:00 - 24/02/2023 15:00","CTA|SE","18002.00","18903.00"
"24/02/2023 15:00 - 24/02/2023 16:00","CTA|SE","18097.00","19025.00"
"24/02/2023 16:00 - 24/02/2023 17:00","CTA|SE","18665.00","19529.00"
"24/02/2023 17:00 - 24/02/2023 18:00","CTA|SE","18789.00","19467.00"
"24/02/2023 18:00 - 24/02/2023 19:00","CTA|SE","18340.00","18952.00"
"24/02/2023 19:00 - 24/02/2023 20:00","CTA|SE","17624.00","18285.00"
"24/02/2023 20:00 - 24/02/2023 21:00","CTA|SE","16949.00","17668.00"
"24/02/2023 21:00 - 24/02/2023 22:00","CTA|SE","16486.00","17060.00"
"24/02/2023 22:00 - 24/02/2023 23:00","CTA|SE","16087.00","16558.00"
"24/02/2023 23:00 - 25/02/2023 00:00","CTA|SE","15909.00","16152.00"
"25/02/2023 00:00 - 25/02/2023 01:00","CTA|SE","15410.00","16001.00"
"25/02/2023 01:00 - 25/02/2023 02:00","CTA|SE","15272.00","15873.00"
"25/02/2023 02:00 - 25/02/2023 03:00","CTA|SE","15417.00","15895.00"
"25/02/2023 03:00 - 25/02/2023 04:00","CTA|SE","15612.00","16017.00"
"25/02/2023 04:00 - 25/02/2023 05:00","CTA|SE","15647.00","16288.00"
"25/02/2023 05:00 - 25/02/2023 06:00","CTA|SE","16074.00","16750.00"
"25/02/2023 06:00 - 25/02/2023 07:00","CTA|SE","16677.00","17227.00"
"25/02/2023 07:00 - 25/02/2023 08:00","CTA|SE","17383.00","17800.00"
"25/02/2023 08:00 - 25/02/2023 09:00","CTA|SE","18130.00","18153.00"
"25/02/2023 09:00 - 25/02/2023 10:00","CTA|SE","18560.00","18134.00"
"25/02/2023 10:00 - 25/02/2023 11:00","CTA|SE","18456.00","17957.00"
"25/02/2023 11:00 - 25/02/2023 12:00","CTA|SE","17755.00","17621.00"
"25/02/2023 12:00 - 25/02/2023 13:00","CTA|SE","17438.00","17324.00"
"25/02/2023 13:00 - 25/02/2023 14:00","CTA|SE","17239.00","17240.00"
"25/02/2023 14:00 - 25/02/2023 15:00","CTA|SE","17163.00","17383.00"
"25/02/2023 15:00 - 25/02/2023 16:00","CTA|SE","17591.00","17962.00"
"25/02/2023 16:00 - 25/02/2023 17:00","CTA|SE","18588.00","18792.00"
"25/02/2023 17:00 - 25/02/2023 18:00","CTA|SE","18910.00","19053.00"
"25/02/2023 18:00 - 25/02/2023 19:00","CTA|SE","18491.00","18808.00"
"25/02/2023 19:00 - 25/02/2023 20:00","CTA|SE","17988.00","18309.00"
"25/02/2023 20:00 - 25/02/2023 21:00","CTA|SE","17263.00","17839.00"
"25/02/2023 21:00 - 25/02/2023 22:00","CTA|SE","16712.00","17408.00"
"25/02/2023 22:00 - 25/02/2023 23:00","CTA|SE","16255.00","16993.00"
"25/02/2023 23:00 - 26/02/2023 00:00","CTA|SE","16095.00","16731.00"
"26/02/2023 00:00 - 26/02/2023 01:00","CTA|SE","15832.00","16550.00"
"26/02/2023 01:00 - 26/02/2023 02:00","CTA|SE","15787.00","16462.00"
"26/02/2023 02:00 - 26/02/2023 03:00","CTA|SE","15820.00","16444.00"
"26/02/2023 03:00 - 26/02/2023 04:00","CTA|SE","15627.00","16513.00"
"26/02/2023 04:00 - 26/02/2023 05:00","CTA|SE","15854.00","16637.00"
"26/02/2023 05:00 - 26/02/2023 06:00","CTA|SE","16413.00","16967.00"
"26/02/2023 06:00 - 26/02/2023 07:00","CTA|SE","16277.00","17246.00"
"26/02/2023 07:00 - 26/02/2023 08:00","CTA|SE","16452.00","17603.00"
"26/02/2023 08:00 - 26/02/2023 09:00","CTA|SE","16903.00","17850.00"
"26/02/2023 09:00 - 26/02/2023 10:00","CTA|SE","17209.00","17725.00"
"26/02/2023 10:00 - 26/02/2023 11:00","CTA|SE","16975.00","17534.00"
"26/02/2023 11:00 - 26/02/2023 12:00","CTA|SE","16291.00","17279.00"
"26/02/2023 12:00 - 26/02/2023 13:00","CTA|SE","15832.00","17062.00"
"26/02/2023 13:00 - 26/02/2023 14:00","CTA|SE","15714.00","17038.00"
"26/02/2023 14:00 - 26/02/2023 15:00","CTA|SE","15876.00","17203.00"
"26/02/2023 15:00 - 26/02/2023 16:00","CTA|SE","16518.00","17689.00"
"26/02/2023 16:00 - 26/02/2023 17:00","CTA|SE","17578.00","18628.00"
"26/02/2023 17:00 - 26/02/2023 18:00","CTA|SE","18038.00","18985.00"
"26/02/2023 18:00 - 26/02/2023 19:00","CTA|SE","17653.00","18781.00"
"26/02/2023 19:00 - 26/02/2023 20:00","CTA|SE","17468.00","18313.00"
"26/02/2023 20:00 - 26/02/2023 21:00","CTA|SE","16822.00","17772.00"
"26/02/2023 21:00 - 26/02/2023 22:00","CTA|SE","16391.00","17182.00"
"26/02/2023 22:00 - 26/02/2023 23:00","CTA|SE","16267.00","16660.00"
"26/02/2023 23:00 - 27/02/2023 00:00","CTA|SE","16003.00","16295.00"
"27/02/2023 00:00 - 27/02/2023 01:00","CTA|SE","15565.00","16084.00"
"27/02/2023 01:00 - 27/02/2023 02:00","CTA|SE","15413.00","15977.00"
"27/02/2023 02:00 - 27/02/2023 03:00","CTA|SE","15242.00","15949.00"
"27/02/2023 03:00 - 27/02/2023 04:00","CTA|SE","15510.00","16065.00"
"27/02/2023 04:00 - 27/02/2023 05:00","CTA|SE","16270.00","16761.00"
"27/02/2023 05:00 - 27/02/2023 06:00","CTA|SE","17718.00","18217.00"
"27/02/2023 06:00 - 27/02/2023 07:00","CTA|SE","18686.00","19385.00"
"27/02/2023 07:00 - 27/02/2023 08:00","CTA|SE","18779.00","19588.00"
"27/02/2023 08:00 - 27/02/2023 09:00","CTA|SE","19121.00","19447.00"
"27/02/2023 09:00 - 27/02/2023 10:00","CTA|SE","18737.00","19163.00"
"27/02/2023 10:00 - 27/02/2023 11:00","CTA|SE","18146.00","18943.00"
"27/02/2023 11:00 - 27/02/2023 12:00","CTA|SE","17823.00","18629.00"
"27/02/2023 12:00 - 27/02/2023 13:00","CTA|SE","17501.00","18364.00"
"27/02/2023 13:00 - 27/02/2023 14:00","CTA|SE","16997.00","18217.00"
"27/02/2023 14:00 - 27/02/2023 15:00","CTA|SE","17433.00","18249.00"
"27/02/2023 15:00 - 27/02/2023 16:00","CTA|SE","17619.00","18407.00"
"27/02/2023 16:00 - 27/02/2023 17:00","CTA|SE","18285.00","19067.00"
"27/02/2023 17:00 - 27/02/2023 18:00","CTA|SE","18465.00","19141.00"
"27/02/2023 18:00 - 27/02/2023 19:00","CTA|SE","18035.00","18880.00"
"27/02/2023 19:00 - 27/02/2023 20:00","CTA|SE","17692.00","18374.00"
"27/02/2023 20:00 - 27/02/2023 21:00","CTA|SE","17075.00","17736.00"
"27/02/2023 21:00 - 27/02/2023 22:00","CTA|SE","16701.00","17009.00"
"27/02/2023 22:00 - 27/02/2023 23:00","CTA|SE","16254.00","16306.00"
"27/02/2023 23:00 - 28/02/2023 00:00","CTA|SE","15554.00","15874.00"
"28/02/2023 00:00 - 28/02/2023 01:00","CTA|SE","15383.00","15676.00"
"28/02/2023 01:00 - 28/02/2023 02:00","CTA|SE","15057.00","15605.00"
"28/02/2023 02:00 - 28/02/2023 03:00","CTA|SE","15163.00","15623.00"
"28/02/2023 03:00 - 28/02/2023 04:00","CTA|SE","15500.00","15850.00"
"28/02/2023 04:00 - 28/02/2023 05:00","CTA|SE","16125.00","16503.00"
"28/02/2023 05:00 - 28/02/2023 06:00","CTA|SE","17915.00","18035.00"
"28/02/2023 06:00 - 28/02/2023 07:00","CTA|SE","18819.00","19158.00"
"28/02/2023 07:00 - 28/02/2023 08:00","CTA|SE","18668.00","19291.00"
"28/02/2023 08:00 - 28/02/2023 09:00","CTA|SE","18153.00","18994.00"
"28/02/2023 09:00 - 28/02/2023 10:00","CTA|SE","17635.00","18596.00"
"28/02/2023 10:00 - 28/02/2023 11:00","CTA|SE","17289.00","18202.00"
"28/02/2023 11:00 - 28/02/2023 12:00","CTA|SE","16752.00","17862.00"
"28/02/2023 12:00 - 28/02/2023 13:00","CTA|SE","16274.00","17615.00"
"28/02/2023 13:00 - 28/02/2023 14:00","CTA|SE","16376.00","17515.00"
"28/02/2023 14:00 - 28/02/2023 15:00","CTA|SE","16635.00","17621.00"
"28/02/2023 15:00 - 28/02/2023 16:00","CTA|SE","17226.00","17867.00"
"28/02/2023 16:00 - 28/02/2023 17:00","CTA|SE","17947.00","18647.00"
"28/02/2023 17:00 - 28/02/2023 18:00","CTA|SE","18131.00","18895.00"
"28/02/2023 18:00 - 28/02/2023 19:00","CTA|SE","17482.00","18689.00"
"28/02/2023 19:00 - 28/02/2023 20:00","CTA|SE","16851.00","18211.00"
"28/02/2023 20:00 - 28/02/2023 21:00","CTA|SE","16306.00","17573.00"
"28/02/2023 21:00 - 28/02/2023 22:00","CTA|SE","15835.00","16835.00"
"28/02/2023 22:00 - 28/02/2023 23:00","CTA|SE","15335.00","16123.00"
"28/02/2023 23:00 - 01/03/2023 00:00","CTA|SE","14726.00","15687.00"
"01/03/2023 00:00 - 01/03/2023 01:00","CTA|SE","14713.00","15496.00"
"01/03/2023 01:00 - 01/03/2023 02:00","CTA|SE","14682.00","15438.00"
"01/03/2023 02:00 - 01/03/2023 03:00","CTA|SE","14583.00","15472.00"
"01/03/2023 03:00 - 01/03/2023 04:00","CTA|SE","14870.00","15679.00"
"01/03/2023 04:00 - 01/03/2023 05:00","CTA|SE","15663.00","16332.00"
"01/03/2023 05:00 - 01/03/2023 06:00","CTA|SE","17078.00","17848.00"
"01/03/2023 06:00 - 01/03/2023 07:00","CTA|SE","18181.00","19012.00"
"01/03/2023 07:00 - 01/03/2023 08:00","CTA|SE","18790.00","19132.00"
"01/03/2023 08:00 - 01/03/2023 09:00","CTA|SE","18637.00","18894.00"
"01/03/2023 09:00 - 01/03/2023 10:00","CTA|SE","17818.00","18577.00"
"01/03/2023 10:00 - 01/03/2023 11:00","CTA|SE","16734.00","18250.00"
"01/03/2023 11:00 - 01/03/2023 12:00","CTA|SE","16487.00","17875.00"
"01/03/2023 12:00 - 01/03/2023 13:00","CTA|SE","16228.00","17573.00"
"01/03/2023 13:00 - 01/03/2023 14:00","CTA|SE","16240.00","17458.00"
"01/03/2023 14:00 - 01/03/2023 15:00","CTA|SE","16584.00","17563.00"
"01/03/2023 15:00 - 01/03/2023 16:00","CTA|SE","17202.00","17815.00"
"01/03/2023 16:00 - 01/03/2023 17:00","CTA|SE","17991.00","18556.00"
"01/03/2023 17:00 - 01/03/2023 18:00","CTA|SE","18030.00","18820.00"
"01/03/2023 18:00 - 01/03/2023 19:00","CTA|SE","17682.00","18626.00"
"01/03/2023 19:00 - 01/03/2023 20:00","CTA|SE","17191.00","18154.00"
"01/03/2023 20:00 - 01/03/2023 21:00","CTA|SE","16620.00","17540.00"
"01/03/2023 21:00 - 01/03/2023 22:00","CTA|SE","15629.00","16808.00"
"01/03/2023 22:00 - 01/03/2023 23:00","CTA|SE","15294.00","16101.00"
"01/03/2023 23:00 - 02/03/2023 00:00","CTA|SE","14947.00","15709.00"
"02/03/2023 00:00 - 02/03/2023 01:00","CTA|SE","14759.00","15518.00"
"02/03/2023 01:00 - 02/03/2023 02:00","CTA|SE","14950.00","15459.00"
"02/03/2023 02:00 - 02/03/2023 03:00","CTA|SE","15117.00","15489.00"
"02/03/2023 03:00 - 02/03/2023 04:00","CTA|SE","15427.00","15709.00"
"02/03/2023 04:00 - 02/03/2023 05:00","CTA|SE","16191.00","16400.00"
"02/03/2023 05:00 - 02/03/2023 06:00","CTA|SE","17631.00","17912.00"
"02/03/2023 06:00 - 02/03/2023 07:00","CTA|SE","18604.00","19094.00"
"02/03/2023 07:00 - 02/03/2023 08:00","CTA|SE","18665.00","19154.00"
"02/03/2023 08:00 - 02/03/2023 09:00","CTA|SE","18272.00","18811.00"
"02/03/2023 09:00 - 02/03/2023 10:00","CTA|SE","17322.00","18393.00"
"02/03/2023 10:00 - 02/03/2023 11:00","CTA|SE","16828.00","18008.00"
"02/03/2023 11:00 - 02/03/2023 12:00","CTA|SE","16516.00","17685.00"
"02/03/2023 12:00 - 02/03/2023 13:00","CTA|SE","16514.00","17331.00"
"02/03/2023 13:00 - 02/03/2023 14:00","CTA|SE","16133.00","17249.00"
"02/03/2023 14:00 - 02/03/2023 15:00","CTA|SE","16269.00","17469.00"
"02/03/2023 15:00 - 02/03/2023 16:00","CTA|SE","16747.00","17760.00"
"02/03/2023 16:00 - 02/03/2023 17:00","CTA|SE","17756.00","18558.00"
"02/03/2023 17:00 - 02/03/2023 18:00","CTA|SE","18149.00","18873.00"
"02/03/2023 18:00 - 02/03/2023 19:00","CTA|SE","18042.00","18741.00"
"02/03/2023 19:00 - 02/03/2023 20:00","CTA|SE","17848.00","18297.00"
"02/03/2023 20:00 - 02/03/2023 21:00","CTA|SE","17419.00","17717.00"
"02/03/2023 21:00 - 02/03/2023 22:00","CTA|SE","16523.00","17029.00"
"02/03/2023 22:00 - 02/03/2023 23:00","CTA|SE","15713.00","16385.00"
"02/03/2023 23:00 - 03/03/2023 00:00","CTA|SE","15215.00","15819.00"
"03/03/2023 00:00 - 03/03/2023 01:00","CTA|SE","15019.00","15616.00"
"03/03/2023 01:00 - 03/03/2023 02:00","CTA|SE","14744.00","15578.00"
"03/03/2023 02:00 - 03/03/2023 03:00","CTA|SE","14897.00","15613.00"
"03/03/2023 03:00 - 03/03/2023 04:00","CTA|SE","14838.00","15871.00"
"03/03/2023 04:00 - 03/03/2023 05:00","CTA|SE","15618.00","16526.00"
"03/03/2023 05:00 - 03/03/2023 06:00","CTA|SE","17249.00","17988.00"
"03/03/2023 06:00 - 03/03/2023 07:00","CTA|SE","18556.00","19085.00"
"03/03/2023 07:00 - 03/03/2023 08:00","CTA|SE","18846.00","19244.00"
"03/03/2023 08:00 - 03/03/2023 09:00","CTA|SE","18558.00","18988.00"
"03/03/2023 09:00 - 03/03/2023 10:00","CTA|SE","18013.00","18691.00"
"03/03/2023 10:00 - 03/03/2023 11:00","CTA|SE","18119.00","18359.00"
"03/03/2023 11:00 - 03/03/2023 12:00","CTA|SE","18054.00","18069.00"
"03/03/2023 12:00 - 03/03/2023 13:00","CTA|SE","17519.00","17705.00"
"03/03/2023 13:00 - 03/03/2023 14:00","CTA|SE","17129.00","17412.00"
"03/03/2023 14:00 - 03/03/2023 15:00","CTA|SE","16990.00","17334.00"
"03/03/2023 15:00 - 03/03/2023 16:00","CTA|SE","17176.00","17484.00"
"03/03/2023 16:00 - 03/03/2023 17:00","CTA|SE","17945.00","18106.00"
"03/03/2023 17:00 - 03/03/2023 18:00","CTA|SE","17927.00","18317.00"
"03/03/2023 18:00 - 03/03/2023 19:00","CTA|SE","17126.00","17992.00"
"03/03/2023 19:00 - 03/03/2023 20:00","CTA|SE","16908.00","17394.00"
"03/03/2023 20:00 - 03/03/2023 21:00","CTA|SE","16364.00","16821.00"
"03/03/2023 21:00 - 03/03/2023 22:00","CTA|SE","15913.00","16292.00"
"03/03/2023 22:00 - 03/03/2023 23:00","CTA|SE","15744.00","15889.00"
"03/03/2023 23:00 - 04/03/2023 00:00","CTA|SE","15242.00","15518.00"
"04/03/2023 00:00 - 04/03/2023 01:00","CTA|SE","15090.00","15399.00"
"04/03/2023 01:00 - 04/03/2023 02:00","CTA|SE","15049.00","15355.00"
"04/03/2023 02:00 - 04/03/2023 03:00","CTA|SE","14911.00","15403.00"
"04/03/2023 03:00 - 04/03/2023 04:00","CTA|SE","14986.00","15573.00"
"04/03/2023 04:00 - 04/03/2023 05:00","CTA|SE","15385.00","15901.00"
"04/03/2023 05:00 - 04/03/2023 06:00","CTA|SE","16045.00","16368.00"
"04/03/2023 06:00 - 04/03/2023 07:00","CTA|SE","16361.00","16840.00"
"04/03/2023 07:00 - 04/03/2023 08:00","CTA|SE","16732.00","17381.00"
"04/03/2023 08:00 - 04/03/2023 09:00","CTA|SE","16874.00","17640.00"
"04/03/2023 09:00 - 04/03/2023 10:00","CTA|SE","16453.00","17519.00"
"04/03/2023 10:00 - 04/03/2023 11:00","CTA|SE","16184.00","17269.00"
"04/03/2023 11:00 - 04/03/2023 12:00","CTA|SE","15971.00","17033.00"
"04/03/2023 12:00 - 04/03/2023 13:00","CTA|SE","15892.00","16802.00"
"04/03/2023 13:00 - 04/03/2023 14:00","CTA|SE","15895.00","16654.00"
"04/03/2023 14:00 - 04/03/2023 15:00","CTA|SE","15875.00","16778.00"
"04/03/2023 15:00 - 04/03/2023 16:00","CTA|SE","16208.00","17254.00"
"04/03/2023 16:00 - 04/03/2023 17:00","CTA|SE","17573.00","18155.00"
"04/03/2023 17:00 - 04/03/2023 18:00","CTA|SE","18114.00","18511.00"
"04/03/2023 18:00 - 04/03/2023 19:00","CTA|SE","17999.00","18336.00"
"04/03/2023 19:00 - 04/03/2023 20:00","CTA|SE","17384.00","17880.00"
"04/03/2023 20:00 - 04/03/2023 21:00","CTA|SE","16553.00","17428.00"
"04/03/2023 21:00 - 04/03/2023 22:00","CTA|SE","16153.00","17023.00"
"04/03/2023 22:00 - 04/03/2023 23:00","CTA|SE","16147.00","16621.00"
"04/03/2023 23:00 - 05/03/2023 00:00","CTA|SE","15975.00","16466.00"
"05/03/2023 00:00 - 05/03/2023 01:00","CTA|SE","15614.00","16296.00"
"05/03/2023 01:00 - 05/03/2023 02:00","CTA|SE","15507.00","16234.00"
"05/03/2023 02:00 - 05/03/2023 03:00","CTA|SE","15597.00","16263.00"
"05/03/2023 03:00 - 05/03/2023 04:00","CTA|SE","15713.00","16343.00"
"05/03/2023 04:00 - 05/03/2023 05:00","CTA|SE","15752.00","16488.00"
"05/03/2023 05:00 - 05/03/2023 06:00","CTA|SE","15971.00","16801.00"
"05/03/2023 06:00 - 05/03/2023 07:00","CTA|SE","16137.00","17019.00"
"05/03/2023 07:00 - 05/03/2023 08:00","CTA|SE","16241.00","17347.00"
"05/03/2023 08:00 - 05/03/2023 09:00","CTA|SE","15936.00","17626.00"
"05/03/2023 09:00 - 05/03/2023 10:00","CTA|SE","16097.00","17560.00"
"05/03/2023 10:00 - 05/03/2023 11:00","CTA|SE","15910.00","17523.00"
"05/03/2023 11:00 - 05/03/2023 12:00","CTA|SE","15938.00","17396.00"
"05/03/2023 12:00 - 05/03/2023 13:00","CTA|SE","15950.00","17296.00"
"05/03/2023 13:00 - 05/03/2023 14:00","CTA|SE","16140.00","17311.00"
"05/03/2023 14:00 - 05/03/2023 15:00","CTA|SE","16020.00","17461.00"
"05/03/2023 15:00 - 05/03/2023 16:00","CTA|SE","16407.00","18065.00"
"05/03/2023 16:00 - 05/03/2023 17:00","CTA|SE","17433.00","18961.00"
"05/03/2023 17:00 - 05/03/2023 18:00","CTA|SE","18396.00","19390.00"
"05/03/2023 18:00 - 05/03/2023 19:00","CTA|SE","18138.00","19241.00"
"05/03/2023 19:00 - 05/03/2023 20:00","CTA|SE","17696.00","18837.00"
"05/03/2023 20:00 - 05/03/2023 21:00","CTA|SE","17486.00","18371.00"
"05/03/2023 21:00 - 05/03/2023 22:00","CTA|SE","17040.00","17840.00"
"05/03/2023 22:00 - 05/03/2023 23:00","CTA|SE","16632.00","17388.00"
"05/03/2023 23:00 - 06/03/2023 00:00","CTA|SE","16645.00","16971.00"
"06/03/2023 00:00 - 06/03/2023 01:00","CTA|SE","16726.00","16853.00"
"06/03/2023 01:00 - 06/03/2023 02:00","CTA|SE","16454.00","16862.00"
"06/03/2023 02:00 - 06/03/2023 03:00","CTA|SE","16755.00","16947.00"
"06/03/2023 03:00 - 06/03/2023 04:00","CTA|SE","16909.00","17197.00"
"06/03/2023 04:00 - 06/03/2023 05:00","CTA|SE","17801.00","17968.00"
"06/03/2023 05:00 - 06/03/2023 06:00","CTA|SE","19294.00","19465.00"
"06/03/2023 06:00 - 06/03/2023 07:00","CTA|SE","20376.00","20581.00"
"06/03/2023 07:00 - 06/03/2023 08:00","CTA|SE","20394.00","20740.00"
"06/03/2023 08:00 - 06/03/2023 09:00","CTA|SE","19944.00","20470.00"
"06/03/2023 09:00 - 06/03/2023 10:00","CTA|SE","19389.00","20118.00"
"06/03/2023 10:00 - 06/03/2023 11:00","CTA|SE","19040.00","19790.00"
"06/03/2023 11:00 - 06/03/2023 12:00","CTA|SE","18711.00","19451.00"
"06/03/2023 12:00 - 06/03/2023 13:00","CTA|SE","18569.00","19200.00"
"06/03/2023 13:00 - 06/03/2023 14:00","CTA|SE","18578.00","19179.00"
"06/03/2023 14:00 - 06/03/2023 15:00","CTA|SE","18684.00","19311.00"
"06/03/2023 15:00 - 06/03/2023 16:00","CTA|SE","18993.00","19465.00"
"06/03/2023 16:00 - 06/03/2023 17:00","CTA|SE","19830.00","20203.00"
"06/03/2023 17:00 - 06/03/2023 18:00","CTA|SE","20160.00","20461.00"
"06/03/2023 18:00 - 06/03/2023 19:00","CTA|SE","20119.00","20242.00"
"06/03/2023 19:00 - 06/03/2023 20:00","CTA|SE","19812.00","19815.00"
"06/03/2023 20:00 - 06/03/2023 21:00","CTA|SE","19209.00","19240.00"
"06/03/2023 21:00 - 06/03/2023 22:00","CTA|SE","18522.00","18586.00"
"06/03/2023 22:00 - 06/03/2023 23:00","CTA|SE","18045.00","17986.00"
"06/03/2023 23:00 - 07/03/2023 00:00","CTA|SE","17545.00","17535.00"
"07/03/2023 00:00 - 07/03/2023 01:00","CTA|SE","17411.00","17341.00"
"07/03/2023 01:00 - 07/03/2023 02:00","CTA|SE","17365.00","17298.00"
"07/03/2023 02:00 - 07/03/2023 03:00","CTA|SE","17342.00","17371.00"
"07/03/2023 03:00 - 07/03/2023 04:00","CTA|SE","17530.00","17583.00"
"07/03/2023 04:00 - 07/03/2023 05:00","CTA|SE","18427.00","18221.00"
"07/03/2023 05:00 - 07/03/2023 06:00","CTA|SE","20136.00","19641.00"
"07/03/2023 06:00 - 07/03/2023 07:00","CTA|SE","21299.00","20666.00"
"07/03/2023 07:00 - 07/03/2023 08:00","CTA|SE","21281.00","20865.00"
"07/03/2023 08:00 - 07/03/2023 09:00","CTA|SE","20959.00","20718.00"
"07/03/2023 09:00 - 07/03/2023 10:00","CTA|SE","20486.00","20625.00"
"07/03/2023 10:00 - 07/03/2023 11:00","CTA|SE","20155.00","20545.00"
"07/03/2023 11:00 - 07/03/2023 12:00","CTA|SE","19922.00","20454.00"
"07/03/2023 12:00 - 07/03/2023 13:00","CTA|SE","19736.00","20364.00"
"07/03/2023 13:00 - 07/03/2023 14:00","CTA|SE","19649.00","20365.00"
"07/03/2023 14:00 - 07/03/2023 15:00","CTA|SE","19763.00","20433.00"
"07/03/2023 15:00 - 07/03/2023 16:00","CTA|SE","20134.00","20486.00"
"07/03/2023 16:00 - 07/03/2023 17:00","CTA|SE","20329.00","20977.00"
"07/03/2023 17:00 - 07/03/2023 18:00","CTA|SE","20347.00","21052.00"
"07/03/2023 18:00 - 07/03/2023 19:00","CTA|SE","20323.00","20763.00"
"07/03/2023 19:00 - 07/03/2023 20:00","CTA|SE","19901.00","20265.00"
"07/03/2023 20:00 - 07/03/2023 21:00","CTA|SE","19172.00","19638.00"
"07/03/2023 21:00 - 07/03/2023 22:00","CTA|SE","18491.00","18883.00"
"07/03/2023 22:00 - 07/03/2023 23:00","CTA|SE","17894.00","18209.00"
"07/03/2023 23:00 - 08/03/2023 00:00","CTA|SE","17529.00","17928.00"
"08/03/2023 00:00 - 08/03/2023 01:00","CTA|SE","17442.00","17722.00"
"08/03/2023 01:00 - 08/03/2023 02:00","CTA|SE","17407.00","17676.00"
"08/03/2023 02:00 - 08/03/2023 03:00","CTA|SE","17362.00","17757.00"
"08/03/2023 03:00 - 08/03/2023 04:00","CTA|SE","17569.00","17980.00"
"08/03/2023 04:00 - 08/03/2023 05:00","CTA|SE","18104.00","18610.00"
"08/03/2023 05:00 - 08/03/2023 06:00","CTA|SE","19495.00","20045.00"
"08/03/2023 06:00 - 08/03/2023 07:00","CTA|SE","20476.00","21121.00"
"08/03/2023 07:00 - 08/03/2023 08:00","CTA|SE","20727.00","21282.00"
"08/03/2023 08:00 - 08/03/2023 09:00","CTA|SE","20761.00","21062.00"
"08/03/2023 09:00 - 08/03/2023 10:00","CTA|SE","20490.00","20853.00"
"08/03/2023 10:00 - 08/03/2023 11:00","CTA|SE","19909.00","20590.00"
"08/03/2023 11:00 - 08/03/2023 12:00","CTA|SE","19408.00","20313.00"
"08/03/2023 12:00 - 08/03/2023 13:00","CTA|SE","19005.00","20083.00"
"08/03/2023 13:00 - 08/03/2023 14:00","CTA|SE","18832.00","19902.00"
"08/03/2023 14:00 - 08/03/2023 15:00","CTA|SE","18821.00","20031.00"
"08/03/2023 15:00 - 08/03/2023 16:00","CTA|SE","19114.00","20228.00"
"08/03/2023 16:00 - 08/03/2023 17:00","CTA|SE","19907.00","20898.00"
"08/03/2023 17:00 - 08/03/2023 18:00","CTA|SE","20214.00","21241.00"
"08/03/2023 18:00 - 08/03/2023 19:00","CTA|SE","19699.00","21154.00"
"08/03/2023 19:00 - 08/03/2023 20:00","CTA|SE","19207.00","20709.00"
"08/03/2023 20:00 - 08/03/2023 21:00","CTA|SE","18989.00","20149.00"
"08/03/2023 21:00 - 08/03/2023 22:00","CTA|SE","18416.00","19485.00"
"08/03/2023 22:00 - 08/03/2023 23:00","CTA|SE","17893.00","18859.00"
"08/03/2023 23:00 - 09/03/2023 00:00","CTA|SE","17637.00","18503.00"
"09/03/2023 00:00 - 09/03/2023 01:00","CTA|SE","17895.00","18327.00"
"09/03/2023 01:00 - 09/03/2023 02:00","CTA|SE","18042.00","18300.00"
"09/03/2023 02:00 - 09/03/2023 03:00","CTA|SE","18217.00","18387.00"
"09/03/2023 03:00 - 09/03/2023 04:00","CTA|SE","18604.00","18617.00"
"09/03/2023 04:00 - 09/03/2023 05:00","CTA|SE","19424.00","19244.00"
"09/03/2023 05:00 - 09/03/2023 06:00","CTA|SE","20589.00","20659.00"
"09/03/2023 06:00 - 09/03/2023 07:00","CTA|SE","21152.00","21690.00"
"09/03/2023 07:00 - 09/03/2023 08:00","CTA|SE","21066.00","21690.00"
"09/03/2023 08:00 - 09/03/2023 09:00","CTA|SE","20828.00","21328.00"
"09/03/2023 09:00 - 09/03/2023 10:00","CTA|SE","20563.00","20908.00"
"09/03/2023 10:00 - 09/03/2023 11:00","CTA|SE","20433.00","20559.00"
"09/03/2023 11:00 - 09/03/2023 12:00","CTA|SE","20141.00","20268.00"
"09/03/2023 12:00 - 09/03/2023 13:00","CTA|SE","19911.00","19984.00"
"09/03/2023 13:00 - 09/03/2023 14:00","CTA|SE","19470.00","19932.00"
"09/03/2023 14:00 - 09/03/2023 15:00","CTA|SE","19951.00","20057.00"
"09/03/2023 15:00 - 09/03/2023 16:00","CTA|SE","20202.00","20227.00"
"09/03/2023 16:00 - 09/03/2023 17:00","CTA|SE","20648.00","20792.00"
"09/03/2023 17:00 - 09/03/2023 18:00","CTA|SE","20737.00","21014.00"
"09/03/2023 18:00 - 09/03/2023 19:00","CTA|SE","20556.00","20807.00"
"09/03/2023 19:00 - 09/03/2023 20:00","CTA|SE","20083.00","20276.00"
"09/03/2023 20:00 - 09/03/2023 21:00","CTA|SE","19441.00","19636.00"
"09/03/2023 21:00 - 09/03/2023 22:00","CTA|SE","18939.00","18900.00"
"09/03/2023 22:00 - 09/03/2023 23:00","CTA|SE","18136.00","18212.00"
"09/03/2023 23:00 - 10/03/2023 00:00","CTA|SE","17754.00","17815.00"
"10/03/2023 00:00 - 10/03/2023 01:00","CTA|SE","17601.00","17629.00"
"10/03/2023 01:00 - 10/03/2023 02:00","CTA|SE","17786.00","17565.00"
"10/03/2023 02:00 - 10/03/2023 03:00","CTA|SE","18013.00","17598.00"
"10/03/2023 03:00 - 10/03/2023 04:00","CTA|SE","18091.00","17816.00"
"10/03/2023 04:00 - 10/03/2023 05:00","CTA|SE","18682.00","18463.00"
"10/03/2023 05:00 - 10/03/2023 06:00","CTA|SE","20295.00","19836.00"
"10/03/2023 06:00 - 10/03/2023 07:00","CTA|SE","21277.00","20812.00"
"10/03/2023 07:00 - 10/03/2023 08:00","CTA|SE","21486.00","20991.00"
"10/03/2023 08:00 - 10/03/2023 09:00","CTA|SE","21219.00","20686.00"
"10/03/2023 09:00 - 10/03/2023 10:00","CTA|SE","20834.00","20370.00"
"10/03/2023 10:00 - 10/03/2023 11:00","CTA|SE","20213.00","20086.00"
"10/03/2023 11:00 - 10/03/2023 12:00","CTA|SE","19792.00","19798.00"
"10/03/2023 12:00 - 10/03/2023 13:00","CTA|SE","19353.00","19466.00"
"10/03/2023 13:00 - 10/03/2023 14:00","CTA|SE","18938.00","19205.00"
"10/03/2023 14:00 - 10/03/2023 15:00","CTA|SE","18767.00","19071.00"
"10/03/2023 15:00 - 10/03/2023 16:00","CTA|SE","18907.00","19209.00"
"10/03/2023 16:00 - 10/03/2023 17:00","CTA|SE","19590.00","19834.00"
"10/03/2023 17:00 - 10/03/2023 18:00","CTA|SE","19797.00","20075.00"
"10/03/2023 18:00 - 10/03/2023 19:00","CTA|SE","19255.00","19711.00"
"10/03/2023 19:00 - 10/03/2023 20:00","CTA|SE","18616.00","19168.00"
"10/03/2023 20:00 - 10/03/2023 21:00","CTA|SE","18080.00","18611.00"
"10/03/2023 21:00 - 10/03/2023 22:00","CTA|SE","17585.00","18125.00"
"10/03/2023 22:00 - 10/03/2023 23:00","CTA|SE","17394.00","17634.00"
"10/03/2023 23:00 - 11/03/2023 00:00","CTA|SE","17524.00","17229.00"
"11/03/2023 00:00 - 11/03/2023 01:00","CTA|SE","16880.00","17035.00"
"11/03/2023 01:00 - 11/03/2023 02:00","CTA|SE","16911.00","16937.00"
"11/03/2023 02:00 - 11/03/2023 03:00","CTA|SE","16910.00","16931.00"
"11/03/2023 03:00 - 11/03/2023 04:00","CTA|SE","17352.00","17003.00"
"11/03/2023 04:00 - 11/03/2023 05:00","CTA|SE","17641.00","17173.00"
"11/03/2023 05:00 - 11/03/2023 06:00","CTA|SE","17960.00","17513.00"
"11/03/2023 06:00 - 11/03/2023 07:00","CTA|SE","18535.00","17862.00"
"11/03/2023 07:00 - 11/03/2023 08:00","CTA|SE","18797.00","18326.00"
"11/03/2023 08:00 - 11/03/2023 09:00","CTA|SE","18757.00","18404.00"
"11/03/2023 09:00 - 11/03/2023 10:00","CTA|SE","18610.00","18250.00"
"11/03/2023 10:00 - 11/03/2023 11:00","CTA|SE","17897.00","18019.00"
"11/03/2023 11:00 - 11/03/2023 12:00","CTA|SE","17224.00","17757.00"
"11/03/2023 12:00 - 11/03/2023 13:00","CTA|SE","16889.00","17479.00"
"11/03/2023 13:00 - 11/03/2023 14:00","CTA|SE","16463.00","17339.00"
"11/03/2023 14:00 - 11/03/2023 15:00","CTA|SE","16853.00","17354.00"
"11/03/2023 15:00 - 11/03/2023 16:00","CTA|SE","17413.00","17755.00"
"11/03/2023 16:00 - 11/03/2023 17:00","CTA|SE","18317.00","18538.00"
"11/03/2023 17:00 - 11/03/2023 18:00","CTA|SE","18803.00","19056.00"
"11/03/2023 18:00 - 11/03/2023 19:00","CTA|SE","18497.00","18913.00"
"11/03/2023 19:00 - 11/03/2023 20:00","CTA|SE","17997.00","18494.00"
"11/03/2023 20:00 - 11/03/2023 21:00","CTA|SE","17416.00","18089.00"
"11/03/2023 21:00 - 11/03/2023 22:00","CTA|SE","17156.00","17778.00"
"11/03/2023 22:00 - 11/03/2023 23:00","CTA|SE","17075.00","17446.00"
"11/03/2023 23:00 - 12/03/2023 00:00","CTA|SE","17225.00","16996.00"
"12/03/2023 00:00 - 12/03/2023 01:00","CTA|SE","17070.00","16870.00"
"12/03/2023 01:00 - 12/03/2023 02:00","CTA|SE","17103.00","16860.00"
"12/03/2023 02:00 - 12/03/2023 03:00","CTA|SE","17202.00","16910.00"
"12/03/2023 03:00 - 12/03/2023 04:00","CTA|SE","17376.00","17030.00"
"12/03/2023 04:00 - 12/03/2023 05:00","CTA|SE","17720.00","17221.00"
"12/03/2023 05:00 - 12/03/2023 06:00","CTA|SE","17861.00","17511.00"
"12/03/2023 06:00 - 12/03/2023 07:00","CTA|SE","18216.00","17680.00"
"12/03/2023 07:00 - 12/03/2023 08:00","CTA|SE","18322.00","17940.00"
"12/03/2023 08:00 - 12/03/2023 09:00","CTA|SE","18328.00","17953.00"
"12/03/2023 09:00 - 12/03/2023 10:00","CTA|SE","17721.00","17824.00"
"12/03/2023 10:00 - 12/03/2023 11:00","CTA|SE","17081.00","17670.00"
"12/03/2023 11:00 - 12/03/2023 12:00","CTA|SE","16757.00","17470.00"
"12/03/2023 12:00 - 12/03/2023 13:00","CTA|SE","16051.00","17282.00"
"12/03/2023 13:00 - 12/03/2023 14:00","CTA|SE","15929.00","17336.00"
"12/03/2023 14:00 - 12/03/2023 15:00","CTA|SE","16600.00","17388.00"
"12/03/2023 15:00 - 12/03/2023 16:00","CTA|SE","17857.00","17888.00"
"12/03/2023 16:00 - 12/03/2023 17:00","CTA|SE","18933.00","18846.00"
"12/03/2023 17:00 - 12/03/2023 18:00","CTA|SE","19353.00","19545.00"
"12/03/2023 18:00 - 12/03/2023 19:00","CTA|SE","18756.00","19510.00"
"12/03/2023 19:00 - 12/03/2023 20:00","CTA|SE","18287.00","19086.00"
"12/03/2023 20:00 - 12/03/2023 21:00","CTA|SE","17860.00","18590.00"
"12/03/2023 21:00 - 12/03/2023 22:00","CTA|SE","17644.00","18080.00"
"12/03/2023 22:00 - 12/03/2023 23:00","CTA|SE","17292.00","17623.00"
"12/03/2023 23:00 - 13/03/2023 00:00","CTA|SE","17192.00","17197.00"
"13/03/2023 00:00 - 13/03/2023 01:00","CTA|SE","16748.00","17066.00"
"13/03/2023 01:00 - 13/03/2023 02:00","CTA|SE","16395.00","17003.00"
"13/03/2023 02:00 - 13/03/2023 03:00","CTA|SE","16282.00","17005.00"
"13/03/2023 03:00 - 13/03/2023 04:00","CTA|SE","16342.00","17206.00"
"13/03/2023 04:00 - 13/03/2023 05:00","CTA|SE","17046.00","17860.00"
"13/03/2023 05:00 - 13/03/2023 06:00","CTA|SE","18483.00","19237.00"
"13/03/2023 06:00 - 13/03/2023 07:00","CTA|SE","19769.00","20295.00"
"13/03/2023 07:00 - 13/03/2023 08:00","CTA|SE","19660.00","20412.00"
"13/03/2023 08:00 - 13/03/2023 09:00","CTA|SE","19693.00","20168.00"
"13/03/2023 09:00 - 13/03/2023 10:00","CTA|SE","19626.00","19937.00"
"13/03/2023 10:00 - 13/03/2023 11:00","CTA|SE","19399.00","19805.00"
"13/03/2023 11:00 - 13/03/2023 12:00","CTA|SE","19199.00","19696.00"
"13/03/2023 12:00 - 13/03/2023 13:00","CTA|SE","18929.00","19598.00"
"13/03/2023 13:00 - 13/03/2023 14:00","CTA|SE","19204.00","19462.00"
"13/03/2023 14:00 - 13/03/2023 15:00","CTA|SE","18650.00","19421.00"
"13/03/2023 15:00 - 13/03/2023 16:00","CTA|SE","18242.00","19358.00"
"13/03/2023 16:00 - 13/03/2023 17:00","CTA|SE","18539.00","19747.00"
"13/03/2023 17:00 - 13/03/2023 18:00","CTA|SE","18884.00","19772.00"
"13/03/2023 18:00 - 13/03/2023 19:00","CTA|SE","18305.00","19380.00"
"13/03/2023 19:00 - 13/03/2023 20:00","CTA|SE","17492.00","18783.00"
"13/03/2023 20:00 - 13/03/2023 21:00","CTA|SE","16951.00","18060.00"
"13/03/2023 21:00 - 13/03/2023 22:00","CTA|SE","16199.00","17267.00"
"13/03/2023 22:00 - 13/03/2023 23:00","CTA|SE","15626.00","16535.00"
"13/03/2023 23:00 - 14/03/2023 00:00","CTA|SE","15607.00","15735.00"
"14/03/2023 00:00 - 14/03/2023 01:00","CTA|SE","15515.00","15462.00"
"14/03/2023 01:00 - 14/03/2023 02:00","CTA|SE","15165.00","15351.00"
"14/03/2023 02:00 - 14/03/2023 03:00","CTA|SE","15294.00","15379.00"
"14/03/2023 03:00 - 14/03/2023 04:00","CTA|SE","15303.00","15576.00"
"14/03/2023 04:00 - 14/03/2023 05:00","CTA|SE","15969.00","16220.00"
"14/03/2023 05:00 - 14/03/2023 06:00","CTA|SE","17529.00","17623.00"
"14/03/2023 06:00 - 14/03/2023 07:00","CTA|SE","18949.00","18688.00"
"14/03/2023 07:00 - 14/03/2023 08:00","CTA|SE","18616.00","18857.00"
"14/03/2023 08:00 - 14/03/2023 09:00","CTA|SE","18339.00","18773.00"
"14/03/2023 09:00 - 14/03/2023 10:00","CTA|SE","18101.00","18657.00"
"14/03/2023 10:00 - 14/03/2023 11:00","CTA|SE","17867.00","18571.00"
"14/03/2023 11:00 - 14/03/2023 12:00","CTA|SE","18027.00","18540.00"
"14/03/2023 12:00 - 14/03/2023 13:00","CTA|SE","17814.00","18429.00"
"14/03/2023 13:00 - 14/03/2023 14:00","CTA|SE","17605.00","18399.00"
"14/03/2023 14:00 - 14/03/2023 15:00","CTA|SE","17560.00","18545.00"
"14/03/2023 15:00 - 14/03/2023 16:00","CTA|SE","17886.00","18621.00"
"14/03/2023 16:00 - 14/03/2023 17:00","CTA|SE","18676.00","19109.00"
"14/03/2023 17:00 - 14/03/2023 18:00","CTA|SE","18961.00","19294.00"
"14/03/2023 18:00 - 14/03/2023 19:00","CTA|SE","18600.00","19095.00"
"14/03/2023 19:00 - 14/03/2023 20:00","CTA|SE","18413.00","18632.00"
"14/03/2023 20:00 - 14/03/2023 21:00","CTA|SE","18074.00","18038.00"
"14/03/2023 21:00 - 14/03/2023 22:00","CTA|SE","17712.00","17324.00"
"14/03/2023 22:00 - 14/03/2023 23:00","CTA|SE","17278.00","16693.00"
"14/03/2023 23:00 - 15/03/2023 00:00","CTA|SE","16463.00","16239.00"
"15/03/2023 00:00 - 15/03/2023 01:00","CTA|SE","16172.00","16069.00"
"15/03/2023 01:00 - 15/03/2023 02:00","CTA|SE","15940.00","16052.00"
"15/03/2023 02:00 - 15/03/2023 03:00","CTA|SE","15966.00","16122.00"
"15/03/2023 03:00 - 15/03/2023 04:00","CTA|SE","16384.00","16374.00"
"15/03/2023 04:00 - 15/03/2023 05:00","CTA|SE","17342.00","17081.00"
"15/03/2023 05:00 - 15/03/2023 06:00","CTA|SE","17881.00","18490.00"
"15/03/2023 06:00 - 15/03/2023 07:00","CTA|SE","18887.00","19514.00"
"15/03/2023 07:00 - 15/03/2023 08:00","CTA|SE","18989.00","19549.00"
"15/03/2023 08:00 - 15/03/2023 09:00","CTA|SE","18457.00","19212.00"
"15/03/2023 09:00 - 15/03/2023 10:00","CTA|SE","17535.00","18871.00"
"15/03/2023 10:00 - 15/03/2023 11:00","CTA|SE","17446.00","18589.00"
"15/03/2023 11:00 - 15/03/2023 12:00","CTA|SE","17082.00","18343.00"
"15/03/2023 12:00 - 15/03/2023 13:00","CTA|SE","16593.00","18098.00"
"15/03/2023 13:00 - 15/03/2023 14:00","CTA|SE","16533.00","18012.00"
"15/03/2023 14:00 - 15/03/2023 15:00","CTA|SE","16342.00","18114.00"
"15/03/2023 15:00 - 15/03/2023 16:00","CTA|SE","17138.00","18285.00"
"15/03/2023 16:00 - 15/03/2023 17:00","CTA|SE","18313.00","18920.00"
"15/03/2023 17:00 - 15/03/2023 18:00","CTA|SE","18325.00","19300.00"
"15/03/2023 18:00 - 15/03/2023 19:00","CTA|SE","18528.00","19202.00"
"15/03/2023 19:00 - 15/03/2023 20:00","CTA|SE","18598.00","18757.00"
"15/03/2023 20:00 - 15/03/2023 21:00","CTA|SE","17834.00","18158.00"
"15/03/2023 21:00 - 15/03/2023 22:00","CTA|SE","17044.00","17432.00"
"15/03/2023 22:00 - 15/03/2023 23:00","CTA|SE","16783.00","16813.00"
"15/03/2023 23:00 - 16/03/2023 00:00","CTA|SE","16695.00","16474.00"
"16/03/2023 00:00 - 16/03/2023 01:00","CTA|SE","16428.00","16279.00"
"16/03/2023 01:00 - 16/03/2023 02:00","CTA|SE","16591.00","16267.00"
"16/03/2023 02:00 - 16/03/2023 03:00","CTA|SE","16855.00","16325.00"
"16/03/2023 03:00 - 16/03/2023 04:00","CTA|SE","16770.00","16608.00"
"16/03/2023 04:00 - 16/03/2023 05:00","CTA|SE","17542.00","17320.00"
"16/03/2023 05:00 - 16/03/2023 06:00","CTA|SE","19350.00","18742.00"
"16/03/2023 06:00 - 16/03/2023 07:00","CTA|SE","20497.00","19747.00"
"16/03/2023 07:00 - 16/03/2023 08:00","CTA|SE","20012.00","19761.00"
"16/03/2023 08:00 - 16/03/2023 09:00","CTA|SE","19115.00","19350.00"
"16/03/2023 09:00 - 16/03/2023 10:00","CTA|SE","17984.00","18964.00"
"16/03/2023 10:00 - 16/03/2023 11:00","CTA|SE","17432.00","18648.00"
"16/03/2023 11:00 - 16/03/2023 12:00","CTA|SE","17128.00","18308.00"
"16/03/2023 12:00 - 16/03/2023 13:00","CTA|SE","16841.00","18017.00"
"16/03/2023 13:00 - 16/03/2023 14:00","CTA|SE","16968.00","17914.00"
"16/03/2023 14:00 - 16/03/2023 15:00","CTA|SE","17151.00","18076.00"
"16/03/2023 15:00 - 16/03/2023 16:00","CTA|SE","17807.00","18275.00"
"16/03/2023 16:00 - 16/03/2023 17:00","CTA|SE","18735.00","18982.00"
"16/03/2023 17:00 - 16/03/2023 18:00","CTA|SE","19110.00","19415.00"
"16/03/2023 18:00 - 16/03/2023 19:00","CTA|SE","18857.00","19323.00"
"16/03/2023 19:00 - 16/03/2023 20:00","CTA|SE","18240.00","18837.00"
"16/03/2023 20:00 - 16/03/2023 21:00","CTA|SE","17541.00","18202.00"
"16/03/2023 21:00 - 16/03/2023 22:00","CTA|SE","16562.00","17512.00"
"16/03/2023 22:00 - 16/03/2023 23:00","CTA|SE","15786.00","16849.00"
"16/03/2023 23:00 - 17/03/2023 00:00","CTA|SE","15509.00","16266.00"
"17/03/2023 00:00 - 17/03/2023 01:00","CTA|SE","15190.00","16034.00"
"17/03/2023 01:00 - 17/03/2023 02:00","CTA|SE","15338.00","15963.00"
"17/03/2023 02:00 - 17/03/2023 03:00","CTA|SE","15083.00","15986.00"
"17/03/2023 03:00 - 17/03/2023 04:00","CTA|SE","15265.00","16157.00"
"17/03/2023 04:00 - 17/03/2023 05:00","CTA|SE","16024.00","16791.00"
"17/03/2023 05:00 - 17/03/2023 06:00","CTA|SE","17546.00","18121.00"
"17/03/2023 06:00 - 17/03/2023 07:00","CTA|SE","18801.00","19192.00"
"17/03/2023 07:00 - 17/03/2023 08:00","CTA|SE","19101.00","19433.00"
"17/03/2023 08:00 - 17/03/2023 09:00","CTA|SE","19163.00","19295.00"
"17/03/2023 09:00 - 17/03/2023 10:00","CTA|SE","19136.00","19243.00"
"17/03/2023 10:00 - 17/03/2023 11:00","CTA|SE","18719.00","19212.00"
"17/03/2023 11:00 - 17/03/2023 12:00","CTA|SE","18304.00","19060.00"
"17/03/2023 12:00 - 17/03/2023 13:00","CTA|SE","17927.00","18750.00"
"17/03/2023 13:00 - 17/03/2023 14:00","CTA|SE","17614.00","18459.00"
"17/03/2023 14:00 - 17/03/2023 15:00","CTA|SE","17739.00","18278.00"
"17/03/2023 15:00 - 17/03/2023 16:00","CTA|SE","17542.00","18251.00"
"17/03/2023 16:00 - 17/03/2023 17:00","CTA|SE","17961.00","18665.00"
"17/03/2023 17:00 - 17/03/2023 18:00","CTA|SE","18105.00","18791.00"
"17/03/2023 18:00 - 17/03/2023 19:00","CTA|SE","17594.00","18293.00"
"17/03/2023 19:00 - 17/03/2023 20:00","CTA|SE","16625.00","17647.00"
"17/03/2023 20:00 - 17/03/2023 21:00","CTA|SE","16057.00","16969.00"
"17/03/2023 21:00 - 17/03/2023 22:00","CTA|SE","15547.00","16369.00"
"17/03/2023 22:00 - 17/03/2023 23:00","CTA|SE","15444.00","15809.00"
"17/03/2023 23:00 - 18/03/2023 00:00","CTA|SE","15463.00","15449.00"
"18/03/2023 00:00 - 18/03/2023 01:00","CTA|SE","15319.00","15152.00"
"18/03/2023 01:00 - 18/03/2023 02:00","CTA|SE","15182.00","14993.00"
"18/03/2023 02:00 - 18/03/2023 03:00","CTA|SE","14984.00","14938.00"
"18/03/2023 03:00 - 18/03/2023 04:00","CTA|SE","14818.00","14962.00"
"18/03/2023 04:00 - 18/03/2023 05:00","CTA|SE","14956.00","15133.00"
"18/03/2023 05:00 - 18/03/2023 06:00","CTA|SE","14994.00","15458.00"
"18/03/2023 06:00 - 18/03/2023 07:00","CTA|SE","15673.00","15829.00"
"18/03/2023 07:00 - 18/03/2023 08:00","CTA|SE","16054.00","16267.00"
"18/03/2023 08:00 - 18/03/2023 09:00","CTA|SE","16421.00","16547.00"
"18/03/2023 09:00 - 18/03/2023 10:00","CTA|SE","16694.00","16627.00"
"18/03/2023 10:00 - 18/03/2023 11:00","CTA|SE","16599.00","16563.00"
"18/03/2023 11:00 - 18/03/2023 12:00","CTA|SE","16514.00","16376.00"
"18/03/2023 12:00 - 18/03/2023 13:00","CTA|SE","16388.00","16189.00"
"18/03/2023 13:00 - 18/03/2023 14:00","CTA|SE","16190.00","15976.00"
"18/03/2023 14:00 - 18/03/2023 15:00","CTA|SE","16332.00","15954.00"
"18/03/2023 15:00 - 18/03/2023 16:00","CTA|SE","16686.00","16139.00"
"18/03/2023 16:00 - 18/03/2023 17:00","CTA|SE","17103.00","16694.00"
"18/03/2023 17:00 - 18/03/2023 18:00","CTA|SE","17262.00","17019.00"
"18/03/2023 18:00 - 18/03/2023 19:00","CTA|SE","16826.00","16737.00"
"18/03/2023 19:00 - 18/03/2023 20:00","CTA|SE","16531.00","16250.00"
"18/03/2023 20:00 - 18/03/2023 21:00","CTA|SE","15933.00","15759.00"
"18/03/2023 21:00 - 18/03/2023 22:00","CTA|SE","15469.00","15325.00"
"18/03/2023 22:00 - 18/03/2023 23:00","CTA|SE","14791.00","14937.00"
"18/03/2023 23:00 - 19/03/2023 00:00","CTA|SE","14601.00","14616.00"
"19/03/2023 00:00 - 19/03/2023 01:00","CTA|SE","14422.00","14433.00"
"19/03/2023 01:00 - 19/03/2023 02:00","CTA|SE","14342.00","14372.00"
"19/03/2023 02:00 - 19/03/2023 03:00","CTA|SE","14301.00","14374.00"
"19/03/2023 03:00 - 19/03/2023 04:00","CTA|SE","14253.00","14474.00"
"19/03/2023 04:00 - 19/03/2023 05:00","CTA|SE","14177.00","14639.00"
"19/03/2023 05:00 - 19/03/2023 06:00","CTA|SE","14211.00","14877.00"
"19/03/2023 06:00 - 19/03/2023 07:00","CTA|SE","14569.00","15182.00"
"19/03/2023 07:00 - 19/03/2023 08:00","CTA|SE","14960.00","15459.00"
"19/03/2023 08:00 - 19/03/2023 09:00","CTA|SE","15225.00","15608.00"
"19/03/2023 09:00 - 19/03/2023 10:00","CTA|SE","15373.00","15598.00"
"19/03/2023 10:00 - 19/03/2023 11:00","CTA|SE","15471.00","15533.00"
"19/03/2023 11:00 - 19/03/2023 12:00","CTA|SE","15421.00","15397.00"
"19/03/2023 12:00 - 19/03/2023 13:00","CTA|SE","15328.00","15200.00"
"19/03/2023 13:00 - 19/03/2023 14:00","CTA|SE","15377.00","15161.00"
"19/03/2023 14:00 - 19/03/2023 15:00","CTA|SE","15375.00","15225.00"
"19/03/2023 15:00 - 19/03/2023 16:00","CTA|SE","15604.00","15594.00"
"19/03/2023 16:00 - 19/03/2023 17:00","CTA|SE","16057.00","16354.00"
"19/03/2023 17:00 - 19/03/2023 18:00","CTA|SE","16621.00","16858.00"
"19/03/2023 18:00 - 19/03/2023 19:00","CTA|SE","16795.00","16657.00"
"19/03/2023 19:00 - 19/03/2023 20:00","CTA|SE","16476.00","16179.00"
"19/03/2023 20:00 - 19/03/2023 21:00","CTA|SE","16192.00","15621.00"
"19/03/2023 21:00 - 19/03/2023 22:00","CTA|SE","15822.00","15006.00"
"19/03/2023 22:00 - 19/03/2023 23:00","CTA|SE","15415.00","14507.00"
"19/03/2023 23:00 - 20/03/2023 00:00","CTA|SE","14498.00","14367.00"
"20/03/2023 00:00 - 20/03/2023 01:00","CTA|SE","14133.00","14200.00"
"20/03/2023 01:00 - 20/03/2023 02:00","CTA|SE","13791.00","14159.00"
"20/03/2023 02:00 - 20/03/2023 03:00","CTA|SE","13826.00","14197.00"
"20/03/2023 03:00 - 20/03/2023 04:00","CTA|SE","14005.00","14414.00"
"20/03/2023 04:00 - 20/03/2023 05:00","CTA|SE","14787.00","15108.00"
"20/03/2023 05:00 - 20/03/2023 06:00","CTA|SE","16115.00","16539.00"
"20/03/2023 06:00 - 20/03/2023 07:00","CTA|SE","17462.00","17660.00"
"20/03/2023 07:00 - 20/03/2023 08:00","CTA|SE","17388.00","17792.00"
"20/03/2023 08:00 - 20/03/2023 09:00","CTA|SE","17408.00","17666.00"
"20/03/2023 09:00 - 20/03/2023 10:00","CTA|SE","17556.00","17546.00"
"20/03/2023 10:00 - 20/03/2023 11:00","CTA|SE","17331.00","17472.00"
"20/03/2023 11:00 - 20/03/2023 12:00","CTA|SE","17411.00","17415.00"
"20/03/2023 12:00 - 20/03/2023 13:00","CTA|SE","17564.00","17320.00"
"20/03/2023 13:00 - 20/03/2023 14:00","CTA|SE","17615.00","17272.00"
"20/03/2023 14:00 - 20/03/2023 15:00","CTA|SE","17693.00","17313.00"
"20/03/2023 15:00 - 20/03/2023 16:00","CTA|SE","17696.00","17375.00"
"20/03/2023 16:00 - 20/03/2023 17:00","CTA|SE","18231.00","17946.00"
"20/03/2023 17:00 - 20/03/2023 18:00","CTA|SE","18638.00","18280.00"
"20/03/2023 18:00 - 20/03/2023 19:00","CTA|SE","18429.00","18127.00"
"20/03/2023 19:00 - 20/03/2023 20:00","CTA|SE","18070.00","17641.00"
"20/03/2023 20:00 - 20/03/2023 21:00","CTA|SE","17640.00","17079.00"
"20/03/2023 21:00 - 20/03/2023 22:00","CTA|SE","17198.00","16384.00"
"20/03/2023 22:00 - 20/03/2023 23:00","CTA|SE","16043.00","15779.00"
"20/03/2023 23:00 - 21/03/2023 00:00","CTA|SE","15818.00","15574.00"
"21/03/2023 00:00 - 21/03/2023 01:00","CTA|SE","15609.00","15400.00"
"21/03/2023 01:00 - 21/03/2023 02:00","CTA|SE","15270.00","15385.00"
"21/03/2023 02:00 - 21/03/2023 03:00","CTA|SE","15473.00","15472.00"
"21/03/2023 03:00 - 21/03/2023 04:00","CTA|SE","15404.00","15767.00"
"21/03/2023 04:00 - 21/03/2023 05:00","CTA|SE","15884.00","16463.00"
"21/03/2023 05:00 - 21/03/2023 06:00","CTA|SE","17327.00","17793.00"
"21/03/2023 06:00 - 21/03/2023 07:00","CTA|SE","18588.00","18766.00"
"21/03/2023 07:00 - 21/03/2023 08:00","CTA|SE","18767.00","18744.00"
"21/03/2023 08:00 - 21/03/2023 09:00","CTA|SE","18011.00","18393.00"
"21/03/2023 09:00 - 21/03/2023 10:00","CTA|SE","17396.00","18088.00"
"21/03/2023 10:00 - 21/03/2023 11:00","CTA|SE","16986.00","17783.00"
"21/03/2023 11:00 - 21/03/2023 12:00","CTA|SE","16716.00","17546.00"
"21/03/2023 12:00 - 21/03/2023 13:00","CTA|SE","16878.00","17307.00"
"21/03/2023 13:00 - 21/03/2023 14:00","CTA|SE","17107.00","17193.00"
"21/03/2023 14:00 - 21/03/2023 15:00","CTA|SE","17549.00","17289.00"
"21/03/2023 15:00 - 21/03/2023 16:00","CTA|SE","17614.00","17444.00"
"21/03/2023 16:00 - 21/03/2023 17:00","CTA|SE","18133.00","18036.00"
"21/03/2023 17:00 - 21/03/2023 18:00","CTA|SE","18379.00","18384.00"
"21/03/2023 18:00 - 21/03/2023 19:00","CTA|SE","18086.00","18230.00"
"21/03/2023 19:00 - 21/03/2023 20:00","CTA|SE","17765.00","17747.00"
"21/03/2023 20:00 - 21/03/2023 21:00","CTA|SE","16967.00","17118.00"
"21/03/2023 21:00 - 21/03/2023 22:00","CTA|SE","15938.00","16369.00"
"21/03/2023 22:00 - 21/03/2023 23:00","CTA|SE","15229.00","15738.00"
"21/03/2023 23:00 - 22/03/2023 00:00","CTA|SE","14698.00","15234.00"
"22/03/2023 00:00 - 22/03/2023 01:00","CTA|SE","14019.00","14988.00"
"22/03/2023 01:00 - 22/03/2023 02:00","CTA|SE","13578.00","14892.00"
"22/03/2023 02:00 - 22/03/2023 03:00","CTA|SE","13460.00","14890.00"
"22/03/2023 03:00 - 22/03/2023 04:00","CTA|SE","13576.00","15085.00"
"22/03/2023 04:00 - 22/03/2023 05:00","CTA|SE","14183.00","15674.00"
"22/03/2023 05:00 - 22/03/2023 06:00","CTA|SE","15502.00","17012.00"
"22/03/2023 06:00 - 22/03/2023 07:00","CTA|SE","16581.00","18014.00"
"22/03/2023 07:00 - 22/03/2023 08:00","CTA|SE","17006.00","18130.00"
"22/03/2023 08:00 - 22/03/2023 09:00","CTA|SE","16879.00","17951.00"
"22/03/2023 09:00 - 22/03/2023 10:00","CTA|SE","17005.00","17795.00"
"22/03/2023 10:00 - 22/03/2023 11:00","CTA|SE","16906.00","17687.00"
"22/03/2023 11:00 - 22/03/2023 12:00","CTA|SE","16885.00","17528.00"
"22/03/2023 12:00 - 22/03/2023 13:00","CTA|SE","16659.00","17382.00"
"22/03/2023 13:00 - 22/03/2023 14:00","CTA|SE","16587.00","17283.00"
"22/03/2023 14:00 - 22/03/2023 15:00","CTA|SE","17136.00","17333.00"
"22/03/2023 15:00 - 22/03/2023 16:00","CTA|SE","16959.00","17414.00"
"22/03/2023 16:00 - 22/03/2023 17:00","CTA|SE","17319.00","17835.00"
"22/03/2023 17:00 - 22/03/2023 18:00","CTA|SE","17401.00","18033.00"
"22/03/2023 18:00 - 22/03/2023 19:00","CTA|SE","16998.00","17774.00"
"22/03/2023 19:00 - 22/03/2023 20:00","CTA|SE","16512.00","17231.00"
"22/03/2023 20:00 - 22/03/2023 21:00","CTA|SE","16019.00","16572.00"
"22/03/2023 21:00 - 22/03/2023 22:00","CTA|SE","15240.00","15830.00"
"22/03/2023 22:00 - 22/03/2023 23:00","CTA|SE","14712.00","15222.00"
"22/03/2023 23:00 - 23/03/2023 00:00","CTA|SE","14202.00","14973.00"
"23/03/2023 00:00 - 23/03/2023 01:00","CTA|SE","13937.00","14801.00"
"23/03/2023 01:00 - 23/03/2023 02:00","CTA|SE","13815.00","14789.00"
"23/03/2023 02:00 - 23/03/2023 03:00","CTA|SE","13870.00","14874.00"
"23/03/2023 03:00 - 23/03/2023 04:00","CTA|SE","14032.00","15140.00"
"23/03/2023 04:00 - 23/03/2023 05:00","CTA|SE","14539.00","15816.00"
"23/03/2023 05:00 - 23/03/2023 06:00","CTA|SE","15890.00","17132.00"
"23/03/2023 06:00 - 23/03/2023 07:00","CTA|SE","17255.00","18103.00"
"23/03/2023 07:00 - 23/03/2023 08:00","CTA|SE","17154.00","18160.00"
"23/03/2023 08:00 - 23/03/2023 09:00","CTA|SE","16931.00","17931.00"
"23/03/2023 09:00 - 23/03/2023 10:00","CTA|SE","17127.00","17691.00"
"23/03/2023 10:00 - 23/03/2023 11:00","CTA|SE","16809.00","17549.00"
"23/03/2023 11:00 - 23/03/2023 12:00","CTA|SE","16263.00","17379.00"
"23/03/2023 12:00 - 23/03/2023 13:00","CTA|SE","15732.00","17222.00"
"23/03/2023 13:00 - 23/03/2023 14:00","CTA|SE","15600.00","17184.00"
"23/03/2023 14:00 - 23/03/2023 15:00","CTA|SE","15685.00","17235.00"
"23/03/2023 15:00 - 23/03/2023 16:00","CTA|SE","15958.00","17317.00"
"23/03/2023 16:00 - 23/03/2023 17:00","CTA|SE","16616.00","17777.00"
"23/03/2023 17:00 - 23/03/2023 18:00","CTA|SE","16937.00","18039.00"
"23/03/2023 18:00 - 23/03/2023 19:00","CTA|SE","17190.00","17901.00"
"23/03/2023 19:00 - 23/03/2023 20:00","CTA|SE","16885.00","17444.00"
"23/03/2023 20:00 - 23/03/2023 21:00","CTA|SE","16206.00","16847.00"
"23/03/2023 21:00 - 23/03/2023 22:00","CTA|SE","15234.00","16140.00"
"23/03/2023 22:00 - 23/03/2023 23:00","CTA|SE","14473.00","15504.00"
"23/03/2023 23:00 - 24/03/2023 00:00","CTA|SE","14127.00","15060.00"
"24/03/2023 00:00 - 24/03/2023 01:00","CTA|SE","13982.00","14818.00"
"24/03/2023 01:00 - 24/03/2023 02:00","CTA|SE","13893.00","14743.00"
"24/03/2023 02:00 - 24/03/2023 03:00","CTA|SE","13789.00","14780.00"
"24/03/2023 03:00 - 24/03/2023 04:00","CTA|SE","13876.00","14958.00"
"24/03/2023 04:00 - 24/03/2023 05:00","CTA|SE","14556.00","15579.00"
"24/03/2023 05:00 - 24/03/2023 06:00","CTA|SE","15927.00","16907.00"
"24/03/2023 06:00 - 24/03/2023 07:00","CTA|SE","17125.00","17971.00"
"24/03/2023 07:00 - 24/03/2023 08:00","CTA|SE","17311.00","18171.00"
"24/03/2023 08:00 - 24/03/2023 09:00","CTA|SE","17115.00","18018.00"
"24/03/2023 09:00 - 24/03/2023 10:00","CTA|SE","17016.00","17965.00"
"24/03/2023 10:00 - 24/03/2023 11:00","CTA|SE","17086.00","17858.00"
"24/03/2023 11:00 - 24/03/2023 12:00","CTA|SE","16842.00","17711.00"
"24/03/2023 12:00 - 24/03/2023 13:00","CTA|SE","16492.00","17423.00"
"24/03/2023 13:00 - 24/03/2023 14:00","CTA|SE","16225.00","17150.00"
"24/03/2023 14:00 - 24/03/2023 15:00","CTA|SE","15819.00","17064.00"
"24/03/2023 15:00 - 24/03/2023 16:00","CTA|SE","16344.00","17066.00"
"24/03/2023 16:00 - 24/03/2023 17:00","CTA|SE","16954.00","17472.00"
"24/03/2023 17:00 - 24/03/2023 18:00","CTA|SE","16946.00","17708.00"
"24/03/2023 18:00 - 24/03/2023 19:00","CTA|SE","16871.00","17364.00"
"24/03/2023 19:00 - 24/03/2023 20:00","CTA|SE","16122.00","16810.00"
"24/03/2023 20:00 - 24/03/2023 21:00","CTA|SE","15408.00","16242.00"
"24/03/2023 21:00 - 24/03/2023 22:00","CTA|SE","14734.00","15719.00"
"24/03/2023 22:00 - 24/03/2023 23:00","CTA|SE","14501.00","15238.00"
"24/03/2023 23:00 - 25/03/2023 00:00","CTA|SE","14219.00","15030.00"
"25/03/2023 00:00 - 25/03/2023 01:00","CTA|SE","14341.00","14799.00"
"25/03/2023 01:00 - 25/03/2023 02:00","CTA|SE","14220.00","14688.00"
"25/03/2023 02:00 - 25/03/2023 03:00","CTA|SE","14131.00","14664.00"
"25/03/2023 03:00 - 25/03/2023 04:00","CTA|SE","14173.00","14725.00"
"25/03/2023 04:00 - 25/03/2023 05:00","CTA|SE","14038.00","14904.00"
"25/03/2023 05:00 - 25/03/2023 06:00","CTA|SE","14046.00","15225.00"
"25/03/2023 06:00 - 25/03/2023 07:00","CTA|SE","14491.00","15653.00"
"25/03/2023 07:00 - 25/03/2023 08:00","CTA|SE","15405.00","16146.00"
"25/03/2023 08:00 - 25/03/2023 09:00","CTA|SE","15782.00","16429.00"
"25/03/2023 09:00 - 25/03/2023 10:00","CTA|SE","15928.00","16556.00"
"25/03/2023 10:00 - 25/03/2023 11:00","CTA|SE","15934.00","16505.00"
"25/03/2023 11:00 - 25/03/2023 12:00","CTA|SE","15716.00","16343.00"
"25/03/2023 12:00 - 25/03/2023 13:00","CTA|SE","15163.00","16285.00"
"25/03/2023 13:00 - 25/03/2023 14:00","CTA|SE","15169.00","16208.00"
"25/03/2023 14:00 - 25/03/2023 15:00","CTA|SE","15431.00","16259.00"
"25/03/2023 15:00 - 25/03/2023 16:00","CTA|SE","15758.00","16518.00"
"25/03/2023 16:00 - 25/03/2023 17:00","CTA|SE","16556.00","17112.00"
"25/03/2023 17:00 - 25/03/2023 18:00","CTA|SE","17321.00","17543.00"
"25/03/2023 18:00 - 25/03/2023 19:00","CTA|SE","17304.00","17457.00"
"25/03/2023 19:00 - 25/03/2023 20:00","CTA|SE","16707.00","17057.00"
"25/03/2023 20:00 - 25/03/2023 21:00","CTA|SE","15975.00","16572.00"
"25/03/2023 21:00 - 25/03/2023 22:00","CTA|SE","15611.00","16182.00"
"25/03/2023 22:00 - 25/03/2023 23:00","CTA|SE","15360.00","15816.00"
"25/03/2023 23:00 - 26/03/2023 00:00","CTA|SE","15342.00","15533.00"
"26/03/2023 00:00 - 26/03/2023 01:00","CTA|SE","15107.00","15395.00"
"26/03/2023 01:00 - 26/03/2023 02:00","CTA|SE","14981.00","15405.00"
"26/03/2023 02:00 - 26/03/2023 03:00","CTA|SE","14876.00","15528.00"
"26/03/2023 03:00 - 26/03/2023 04:00","CTA|SE","15086.00","15729.00"
"26/03/2023 04:00 - 26/03/2023 05:00","CTA|SE","15263.00","15920.00"
"26/03/2023 05:00 - 26/03/2023 06:00","CTA|SE","15502.00","16251.00"
"26/03/2023 06:00 - 26/03/2023 07:00","CTA|SE","16360.00","16691.00"
"26/03/2023 07:00 - 26/03/2023 08:00","CTA|SE","16931.00","17083.00"
"26/03/2023 08:00 - 26/03/2023 09:00","CTA|SE","16911.00","17260.00"
"26/03/2023 09:00 - 26/03/2023 10:00","CTA|SE","16946.00","17364.00"
"26/03/2023 10:00 - 26/03/2023 11:00","CTA|SE","17003.00","17371.00"
"26/03/2023 11:00 - 26/03/2023 12:00","CTA|SE","16675.00","17233.00"
"26/03/2023 12:00 - 26/03/2023 13:00","CTA|SE","16484.00","17206.00"
"26/03/2023 13:00 - 26/03/2023 14:00","CTA|SE","16593.00","17264.00"
"26/03/2023 14:00 - 26/03/2023 15:00","CTA|SE","17075.00","17446.00"
"26/03/2023 15:00 - 26/03/2023 16:00","CTA|SE","17761.00","17917.00"
"26/03/2023 16:00 - 26/03/2023 17:00","CTA|SE","18257.00","18271.00"
"26/03/2023 17:00 - 26/03/2023 18:00","CTA|SE","18763.00","18439.00"
"26/03/2023 18:00 - 26/03/2023 19:00","CTA|SE","18374.00","18419.00"
"26/03/2023 19:00 - 26/03/2023 20:00","CTA|SE","18018.00","18048.00"
"26/03/2023 20:00 - 26/03/2023 21:00","CTA|SE","17608.00","17538.00"
"26/03/2023 21:00 - 26/03/2023 22:00","CTA|SE","16808.00","17045.00"
"26/03/2023 22:00 - 26/03/2023 23:00","CTA|SE","16268.00","16566.00"
"26/03/2023 23:00 - 27/03/2023 00:00","CTA|SE","16405.00","16467.00"
"27/03/2023 00:00 - 27/03/2023 01:00","CTA|SE","16497.00","16536.00"
"27/03/2023 01:00 - 27/03/2023 02:00","CTA|SE","16611.00","16640.00"
"27/03/2023 02:00 - 27/03/2023 03:00","CTA|SE","16797.00","16873.00"
"27/03/2023 03:00 - 27/03/2023 04:00","CTA|SE","17515.00","17615.00"
"27/03/2023 04:00 - 27/03/2023 05:00","CTA|SE","18831.00","19064.00"
"27/03/2023 05:00 - 27/03/2023 06:00","CTA|SE","20058.00","20243.00"
"27/03/2023 06:00 - 27/03/2023 07:00","CTA|SE","20318.00","20480.00"
"27/03/2023 07:00 - 27/03/2023 08:00","CTA|SE","19866.00","20356.00"
"27/03/2023 08:00 - 27/03/2023 09:00","CTA|SE","19575.00","20109.00"
"27/03/2023 09:00 - 27/03/2023 10:00","CTA|SE","18956.00","19925.00"
"27/03/2023 10:00 - 27/03/2023 11:00","CTA|SE","18705.00","19694.00"
"27/03/2023 11:00 - 27/03/2023 12:00","CTA|SE","18488.00","19474.00"
"27/03/2023 12:00 - 27/03/2023 13:00","CTA|SE","18388.00","19309.00"
"27/03/2023 13:00 - 27/03/2023 14:00","CTA|SE","18434.00","19181.00"
"27/03/2023 14:00 - 27/03/2023 15:00","CTA|SE","18470.00","19127.00"
"27/03/2023 15:00 - 27/03/2023 16:00","CTA|SE","19163.00","19502.00"
"27/03/2023 16:00 - 27/03/2023 17:00","CTA|SE","19773.00","19756.00"
"27/03/2023 17:00 - 27/03/2023 18:00","CTA|SE","19979.00","19838.00"
"27/03/2023 18:00 - 27/03/2023 19:00","CTA|SE","19613.00","19777.00"
"27/03/2023 19:00 - 27/03/2023 20:00","CTA|SE","18689.00","19305.00"
"27/03/2023 20:00 - 27/03/2023 21:00","CTA|SE","17827.00","18598.00"
"27/03/2023 21:00 - 27/03/2023 22:00","CTA|SE","17501.00","17929.00"
"27/03/2023 22:00 - 27/03/2023 23:00","CTA|SE","17342.00","17349.00"
"27/03/2023 23:00 - 28/03/2023 00:00","CTA|SE","17219.00","17105.00"
"28/03/2023 00:00 - 28/03/2023 01:00","CTA|SE","17140.00","17019.00"
"28/03/2023 01:00 - 28/03/2023 02:00","CTA|SE","17120.00","17155.00"
"28/03/2023 02:00 - 28/03/2023 03:00","CTA|SE","17203.00","17394.00"
"28/03/2023 03:00 - 28/03/2023 04:00","CTA|SE","18026.00","18056.00"
"28/03/2023 04:00 - 28/03/2023 05:00","CTA|SE","19229.00","19387.00"
"28/03/2023 05:00 - 28/03/2023 06:00","CTA|SE","20141.00","20469.00"
"28/03/2023 06:00 - 28/03/2023 07:00","CTA|SE","20348.00","20593.00"
"28/03/2023 07:00 - 28/03/2023 08:00","CTA|SE","19960.00","20335.00"
"28/03/2023 08:00 - 28/03/2023 09:00","CTA|SE","19612.00","20016.00"
"28/03/2023 09:00 - 28/03/2023 10:00","CTA|SE","19000.00","19710.00"
"28/03/2023 10:00 - 28/03/2023 11:00","CTA|SE","18379.00","19360.00"
"28/03/2023 11:00 - 28/03/2023 12:00","CTA|SE","17829.00","19035.00"
"28/03/2023 12:00 - 28/03/2023 13:00","CTA|SE","17583.00","18788.00"
"28/03/2023 13:00 - 28/03/2023 14:00","CTA|SE","17364.00","18719.00"
"28/03/2023 14:00 - 28/03/2023 15:00","CTA|SE","17351.00","18664.00"
"28/03/2023 15:00 - 28/03/2023 16:00","CTA|SE","17711.00","18998.00"
"28/03/2023 16:00 - 28/03/2023 17:00","CTA|SE","18547.00","19193.00"
"28/03/2023 17:00 - 28/03/2023 18:00","CTA|SE","19251.00","19384.00"
"28/03/2023 18:00 - 28/03/2023 19:00","CTA|SE","19267.00","19484.00"
"28/03/2023 19:00 - 28/03/2023 20:00","CTA|SE","18515.00","19064.00"
"28/03/2023 20:00 - 28/03/2023 21:00","CTA|SE","17625.00","18388.00"
"28/03/2023 21:00 - 28/03/2023 22:00","CTA|SE","17104.00","17750.00"
"28/03/2023 22:00 - 28/03/2023 23:00","CTA|SE","17237.00","17252.00"
"28/03/2023 23:00 - 29/03/2023 00:00","CTA|SE","17076.00","16969.00"
"29/03/2023 00:00 - 29/03/2023 01:00","CTA|SE","16808.00","16892.00"
"29/03/2023 01:00 - 29/03/2023 02:00","CTA|SE","16742.00","16932.00"
"29/03/2023 02:00 - 29/03/2023 03:00","CTA|SE","16905.00","17118.00"
"29/03/2023 03:00 - 29/03/2023 04:00","CTA|SE","17322.00","17707.00"
"29/03/2023 04:00 - 29/03/2023 05:00","CTA|SE","18372.00","18996.00"
"29/03/2023 05:00 - 29/03/2023 06:00","CTA|SE","19181.00","19985.00"
"29/03/2023 06:00 - 29/03/2023 07:00","CTA|SE","19383.00","20164.00"
"29/03/2023 07:00 - 29/03/2023 08:00","CTA|SE","19464.00","19991.00"
"29/03/2023 08:00 - 29/03/2023 09:00","CTA|SE","19378.00","19875.00"
"29/03/2023 09:00 - 29/03/2023 10:00","CTA|SE","19053.00","19756.00"
"29/03/2023 10:00 - 29/03/2023 11:00","CTA|SE","18698.00","19582.00"
"29/03/2023 11:00 - 29/03/2023 12:00","CTA|SE","18468.00","19365.00"
"29/03/2023 12:00 - 29/03/2023 13:00","CTA|SE","18219.00","19174.00"
"29/03/2023 13:00 - 29/03/2023 14:00","CTA|SE","18312.00","19104.00"
"29/03/2023 14:00 - 29/03/2023 15:00","CTA|SE","18219.00","18984.00"
"29/03/2023 15:00 - 29/03/2023 16:00","CTA|SE","18459.00","19216.00"
"29/03/2023 16:00 - 29/03/2023 17:00","CTA|SE","18651.00","19199.00"
"29/03/2023 17:00 - 29/03/2023 18:00","CTA|SE","18945.00","19236.00"
"29/03/2023 18:00 - 29/03/2023 19:00","CTA|SE","19023.00","19190.00"
"29/03/2023 19:00 - 29/03/2023 20:00","CTA|SE","18683.00","18687.00"
"29/03/2023 20:00 - 29/03/2023 21:00","CTA|SE","17863.00","17994.00"
"29/03/2023 21:00 - 29/03/2023 22:00","CTA|SE","17031.00","17356.00"
"29/03/2023 22:00 - 29/03/2023 23:00","CTA|SE","16650.00","17053.00"
"29/03/2023 23:00 - 30/03/2023 00:00","CTA|SE","16567.00","16810.00"
"30/03/2023 00:00 - 30/03/2023 01:00","CTA|SE","16439.00","16757.00"
"30/03/2023 01:00 - 30/03/2023 02:00","CTA|SE","16433.00","16814.00"
"30/03/2023 02:00 - 30/03/2023 03:00","CTA|SE","16735.00","17029.00"
"30/03/2023 03:00 - 30/03/2023 04:00","CTA|SE","17619.00","17633.00"
"30/03/2023 04:00 - 30/03/2023 05:00","CTA|SE","19047.00","18882.00"
"30/03/2023 05:00 - 30/03/2023 06:00","CTA|SE","20215.00","19912.00"
"30/03/2023 06:00 - 30/03/2023 07:00","CTA|SE","20244.00","19989.00"
"30/03/2023 07:00 - 30/03/2023 08:00","CTA|SE","20003.00","19772.00"
"30/03/2023 08:00 - 30/03/2023 09:00","CTA|SE","19639.00","19460.00"
"30/03/2023 09:00 - 30/03/2023 10:00","CTA|SE","19283.00","19214.00"
"30/03/2023 10:00 - 30/03/2023 11:00","CTA|SE","18710.00","19044.00"
"30/03/2023 11:00 - 30/03/2023 12:00","CTA|SE","18414.00","18755.00"
"30/03/2023 12:00 - 30/03/2023 13:00","CTA|SE","18193.00","18554.00"
"30/03/2023 13:00 - 30/03/2023 14:00","CTA|SE","18224.00","18336.00"
"30/03/2023 14:00 - 30/03/2023 15:00","CTA|SE","18066.00","18052.00"
"30/03/2023 15:00 - 30/03/2023 16:00","CTA|SE","18561.00","18171.00"
"30/03/2023 16:00 - 30/03/2023 17:00","CTA|SE","18883.00","18296.00"
"30/03/2023 17:00 - 30/03/2023 18:00","CTA|SE","19027.00","18508.00"
"30/03/2023 18:00 - 30/03/2023 19:00","CTA|SE","18806.00","18600.00"
"30/03/2023 19:00 - 30/03/2023 20:00","CTA|SE","17949.00","18071.00"
"30/03/2023 20:00 - 30/03/2023 21:00","CTA|SE","17272.00","17331.00"
"30/03/2023 21:00 - 30/03/2023 22:00","CTA|SE","16825.00","16652.00"
"30/03/2023 22:00 - 30/03/2023 23:00","CTA|SE","16322.00","16118.00"
"30/03/2023 23:00 - 31/03/2023 00:00","CTA|SE","16087.00","15895.00"
"31/03/2023 00:00 - 31/03/2023 01:00","CTA|SE","16009.00","15853.00"
"31/03/2023 01:00 - 31/03/2023 02:00","CTA|SE","15702.00","15874.00"
"31/03/2023 02:00 - 31/03/2023 03:00","CTA|SE","15638.00","16069.00"
"31/03/2023 03:00 - 31/03/2023 04:00","CTA|SE","16361.00","16678.00"
"31/03/2023 04:00 - 31/03/2023 05:00","CTA|SE","17848.00","18012.00"
"31/03/2023 05:00 - 31/03/2023 06:00","CTA|SE","19130.00","19152.00"
"31/03/2023 06:00 - 31/03/2023 07:00","CTA|SE","19550.00","19444.00"
"31/03/2023 07:00 - 31/03/2023 08:00","CTA|SE","19603.00","19340.00"
"31/03/2023 08:00 - 31/03/2023 09:00","CTA|SE","19351.00","19260.00"
"31/03/2023 09:00 - 31/03/2023 10:00","CTA|SE","18508.00","19150.00"
"31/03/2023 10:00 - 31/03/2023 11:00","CTA|SE","17959.00","18959.00"
"31/03/2023 11:00 - 31/03/2023 12:00","CTA|SE","17570.00","18559.00"
"31/03/2023 12:00 - 31/03/2023 13:00","CTA|SE","17032.00","18231.00"
"31/03/2023 13:00 - 31/03/2023 14:00","CTA|SE","16635.00","17988.00"
"31/03/2023 14:00 - 31/03/2023 15:00","CTA|SE","16644.00","17870.00"
"31/03/2023 15:00 - 31/03/2023 16:00","CTA|SE","17391.00","18054.00"
"31/03/2023 16:00 - 31/03/2023 17:00","CTA|SE","17878.00","18067.00"
"31/03/2023 17:00 - 31/03/2023 18:00","CTA|SE","18026.00","18015.00"
"31/03/2023 18:00 - 31/03/2023 19:00","CTA|SE","17574.00","17983.00"
"31/03/2023 19:00 - 31/03/2023 20:00","CTA|SE","17047.00","17649.00"
"31/03/2023 20:00 - 31/03/2023 21:00","CTA|SE","16306.00","17216.00"
"31/03/2023 21:00 - 31/03/2023 22:00","CTA|SE","16074.00","16838.00"
"31/03/2023 22:00 - 31/03/2023 23:00","CTA|SE","15800.00","16539.00"
"31/03/2023 23:00 - 01/04/2023 00:00","CTA|SE","15515.00","16409.00"
"01/04/2023 00:00 - 01/04/2023 01:00","CTA|SE","15875.00","16356.00"
"01/04/2023 01:00 - 01/04/2023 02:00","CTA|SE","15799.00","16383.00"
"01/04/2023 02:00 - 01/04/2023 03:00","CTA|SE","15837.00","16496.00"
"01/04/2023 03:00 - 01/04/2023 04:00","CTA|SE","15902.00","16672.00"
"01/04/2023 04:00 - 01/04/2023 05:00","CTA|SE","16107.00","16933.00"
"01/04/2023 05:00 - 01/04/2023 06:00","CTA|SE","16778.00","17262.00"
"01/04/2023 06:00 - 01/04/2023 07:00","CTA|SE","17588.00","17615.00"
"01/04/2023 07:00 - 01/04/2023 08:00","CTA|SE","17051.00","17643.00"
"01/04/2023 08:00 - 01/04/2023 09:00","CTA|SE","16460.00","17452.00"
"01/04/2023 09:00 - 01/04/2023 10:00","CTA|SE","15812.00","17120.00"
"01/04/2023 10:00 - 01/04/2023 11:00","CTA|SE","14916.00","16787.00"
"01/04/2023 11:00 - 01/04/2023 12:00","CTA|SE","14462.00","16478.00"
"01/04/2023 12:00 - 01/04/2023 13:00","CTA|SE","14216.00","16254.00"
"01/04/2023 13:00 - 01/04/2023 14:00","CTA|SE","13749.00","16138.00"
"01/04/2023 14:00 - 01/04/2023 15:00","CTA|SE","14290.00","16254.00"
"01/04/2023 15:00 - 01/04/2023 16:00","CTA|SE","14770.00","16633.00"
"01/04/2023 16:00 - 01/04/2023 17:00","CTA|SE","15645.00","16934.00"
"01/04/2023 17:00 - 01/04/2023 18:00","CTA|SE","16497.00","17114.00"
"01/04/2023 18:00 - 01/04/2023 19:00","CTA|SE","16702.00","17206.00"
"01/04/2023 19:00 - 01/04/2023 20:00","CTA|SE","16054.00","16979.00"
"01/04/2023 20:00 - 01/04/2023 21:00","CTA|SE","15873.00","16630.00"
"01/04/2023 21:00 - 01/04/2023 22:00","CTA|SE","15280.00","16287.00"
"01/04/2023 22:00 - 01/04/2023 23:00","CTA|SE","14921.00","15785.00"
"01/04/2023 23:00 - 02/04/2023 00:00","CTA|SE","14711.00","15607.00"
"02/04/2023 00:00 - 02/04/2023 01:00","CTA|SE","14928.00","15598.00"
"02/04/2023 01:00 - 02/04/2023 02:00","CTA|SE","14979.00","15617.00"
"02/04/2023 02:00 - 02/04/2023 03:00","CTA|SE","14880.00","15674.00"
"02/04/2023 03:00 - 02/04/2023 04:00","CTA|SE","15181.00","15787.00"
"02/04/2023 04:00 - 02/04/2023 05:00","CTA|SE","15471.00","15960.00"
"02/04/2023 05:00 - 02/04/2023 06:00","CTA|SE","15755.00","16072.00"
"02/04/2023 06:00 - 02/04/2023 07:00","CTA|SE","16319.00","16347.00"
"02/04/2023 07:00 - 02/04/2023 08:00","CTA|SE","16419.00","16627.00"
"02/04/2023 08:00 - 02/04/2023 09:00","CTA|SE","15373.00","16668.00"
"02/04/2023 09:00 - 02/04/2023 10:00","CTA|SE","14571.00","16574.00"
"02/04/2023 10:00 - 02/04/2023 11:00","CTA|SE","14354.00","16451.00"
"02/04/2023 11:00 - 02/04/2023 12:00","CTA|SE","14117.00","16372.00"
"02/04/2023 12:00 - 02/04/2023 13:00","CTA|SE","14257.00","16155.00"
"02/04/2023 13:00 - 02/04/2023 14:00","CTA|SE","14376.00","16030.00"
"02/04/2023 14:00 - 02/04/2023 15:00","CTA|SE","14726.00","16108.00"
"02/04/2023 15:00 - 02/04/2023 16:00","CTA|SE","15604.00","16419.00"
"02/04/2023 16:00 - 02/04/2023 17:00","CTA|SE","16143.00","16850.00"
"02/04/2023 17:00 - 02/04/2023 18:00","CTA|SE","16524.00","17353.00"
"02/04/2023 18:00 - 02/04/2023 19:00","CTA|SE","17049.00","17704.00"
"02/04/2023 19:00 - 02/04/2023 20:00","CTA|SE","16749.00","17575.00"
"02/04/2023 20:00 - 02/04/2023 21:00","CTA|SE","16192.00","17128.00"
"02/04/2023 21:00 - 02/04/2023 22:00","CTA|SE","15691.00","16684.00"
"02/04/2023 22:00 - 02/04/2023 23:00","CTA|SE","15393.00","15981.00"
"02/04/2023 23:00 - 03/04/2023 00:00","CTA|SE","15276.00","15919.00"
"03/04/2023 00:00 - 03/04/2023 01:00","CTA|SE","15245.00","15975.00"
"03/04/2023 01:00 - 03/04/2023 02:00","CTA|SE","15507.00","16105.00"
"03/04/2023 02:00 - 03/04/2023 03:00","CTA|SE","16083.00","16385.00"
"03/04/2023 03:00 - 03/04/2023 04:00","CTA|SE","17067.00","17132.00"
"03/04/2023 04:00 - 03/04/2023 05:00","CTA|SE","18322.00","18615.00"
"03/04/2023 05:00 - 03/04/2023 06:00","CTA|SE","19464.00","19766.00"
"03/04/2023 06:00 - 03/04/2023 07:00","CTA|SE","19806.00","19892.00"
"03/04/2023 07:00 - 03/04/2023 08:00","CTA|SE","19232.00","19571.00"
"03/04/2023 08:00 - 03/04/2023 09:00","CTA|SE","18468.00","19212.00"
"03/04/2023 09:00 - 03/04/2023 10:00","CTA|SE","17512.00","18848.00"
"03/04/2023 10:00 - 03/04/2023 11:00","CTA|SE","17077.00","18530.00"
"03/04/2023 11:00 - 03/04/2023 12:00","CTA|SE","16774.00","18164.00"
"03/04/2023 12:00 - 03/04/2023 13:00","CTA|SE","16547.00","17944.00"
"03/04/2023 13:00 - 03/04/2023 14:00","CTA|SE","16535.00","17839.00"
"03/04/2023 14:00 - 03/04/2023 15:00","CTA|SE","16376.00","17705.00"
"03/04/2023 15:00 - 03/04/2023 16:00","CTA|SE","16739.00","17890.00"
"03/04/2023 16:00 - 03/04/2023 17:00","CTA|SE","17186.00","17971.00"
"03/04/2023 17:00 - 03/04/2023 18:00","CTA|SE","17683.00","18295.00"
"03/04/2023 18:00 - 03/04/2023 19:00","CTA|SE","17900.00","18451.00"
"03/04/2023 19:00 - 03/04/2023 20:00","CTA|SE","17402.00","18009.00"
"03/04/2023 20:00 - 03/04/2023 21:00","CTA|SE","16940.00","17295.00"
"03/04/2023 21:00 - 03/04/2023 22:00","CTA|SE","16220.00","16647.00"
"03/04/2023 22:00 - 03/04/2023 23:00","CTA|SE","15830.00","15981.00"
"03/04/2023 23:00 - 04/04/2023 00:00","CTA|SE","15710.00","15747.00"
"04/04/2023 00:00 - 04/04/2023 01:00","CTA|SE","15792.00","15662.00"
"04/04/2023 01:00 - 04/04/2023 02:00","CTA|SE","15642.00","15692.00"
"04/04/2023 02:00 - 04/04/2023 03:00","CTA|SE","15751.00","15906.00"
"04/04/2023 03:00 - 04/04/2023 04:00","CTA|SE","16516.00","16490.00"
"04/04/2023 04:00 - 04/04/2023 05:00","CTA|SE","17867.00","17745.00"
"04/04/2023 05:00 - 04/04/2023 06:00","CTA|SE","18845.00","18739.00"
"04/04/2023 06:00 - 04/04/2023 07:00","CTA|SE","18730.00","18817.00"
"04/04/2023 07:00 - 04/04/2023 08:00","CTA|SE","18406.00","18535.00"
"04/04/2023 08:00 - 04/04/2023 09:00","CTA|SE","17708.00","18236.00"
"04/04/2023 09:00 - 04/04/2023 10:00","CTA|SE","17149.00","17962.00"
"04/04/2023 10:00 - 04/04/2023 11:00","CTA|SE","16698.00","17725.00"
"04/04/2023 11:00 - 04/04/2023 12:00","CTA|SE","16313.00","17417.00"
"04/04/2023 12:00 - 04/04/2023 13:00","CTA|SE","16085.00","17180.00"
"04/04/2023 13:00 - 04/04/2023 14:00","CTA|SE","16592.00","17015.00"
"04/04/2023 14:00 - 04/04/2023 15:00","CTA|SE","16901.00","16804.00"
"04/04/2023 15:00 - 04/04/2023 16:00","CTA|SE","16556.00","16985.00"
"04/04/2023 16:00 - 04/04/2023 17:00","CTA|SE","16704.00","17081.00"
"04/04/2023 17:00 - 04/04/2023 18:00","CTA|SE","17238.00","17337.00"
"04/04/2023 18:00 - 04/04/2023 19:00","CTA|SE","17256.00","17535.00"
"04/04/2023 19:00 - 04/04/2023 20:00","CTA|SE","16567.00","17105.00"
"04/04/2023 20:00 - 04/04/2023 21:00","CTA|SE","16200.00","16435.00"
"04/04/2023 21:00 - 04/04/2023 22:00","CTA|SE","15647.00","15796.00"
"04/04/2023 22:00 - 04/04/2023 23:00","CTA|SE","15325.00","15625.00"
"04/04/2023 23:00 - 05/04/2023 00:00","CTA|SE","15198.00","15427.00"
"05/04/2023 00:00 - 05/04/2023 01:00","CTA|SE","15216.00","15401.00"
"05/04/2023 01:00 - 05/04/2023 02:00","CTA|SE","15306.00","15489.00"
"05/04/2023 02:00 - 05/04/2023 03:00","CTA|SE","15637.00","15734.00"
"05/04/2023 03:00 - 05/04/2023 04:00","CTA|SE","16338.00","16348.00"
"05/04/2023 04:00 - 05/04/2023 05:00","CTA|SE","17738.00","17692.00"
"05/04/2023 05:00 - 05/04/2023 06:00","CTA|SE","18827.00","18721.00"
"05/04/2023 06:00 - 05/04/2023 07:00","CTA|SE","18626.00","18787.00"
"05/04/2023 07:00 - 05/04/2023 08:00","CTA|SE","18096.00","18499.00"
"05/04/2023 08:00 - 05/04/2023 09:00","CTA|SE","17454.00","18238.00"
"05/04/2023 09:00 - 05/04/2023 10:00","CTA|SE","17014.00","18012.00"
"05/04/2023 10:00 - 05/04/2023 11:00","CTA|SE","16900.00","17863.00"
"05/04/2023 11:00 - 05/04/2023 12:00","CTA|SE","16740.00","17702.00"
"05/04/2023 12:00 - 05/04/2023 13:00","CTA|SE","16547.00","17561.00"
"05/04/2023 13:00 - 05/04/2023 14:00","CTA|SE","16576.00","17541.00"
"05/04/2023 14:00 - 05/04/2023 15:00","CTA|SE","16850.00","17386.00"
"05/04/2023 15:00 - 05/04/2023 16:00","CTA|SE","17194.00","17592.00"
"05/04/2023 16:00 - 05/04/2023 17:00","CTA|SE","17677.00","17680.00"
"05/04/2023 17:00 - 05/04/2023 18:00","CTA|SE","17874.00","17874.00"
"05/04/2023 18:00 - 05/04/2023 19:00","CTA|SE","17578.00","17973.00"
"05/04/2023 19:00 - 05/04/2023 20:00","CTA|SE","16778.00","17508.00"
"05/04/2023 20:00 - 05/04/2023 21:00","CTA|SE","16172.00","16799.00"
"05/04/2023 21:00 - 05/04/2023 22:00","CTA|SE","15561.00","16104.00"
"05/04/2023 22:00 - 05/04/2023 23:00","CTA|SE","15155.00","15746.00"
"05/04/2023 23:00 - 06/04/2023 00:00","CTA|SE","14720.00","15521.00"
"06/04/2023 00:00 - 06/04/2023 01:00","CTA|SE","14479.00","15419.00"
"06/04/2023 01:00 - 06/04/2023 02:00","CTA|SE","14703.00","15418.00"
"06/04/2023 02:00 - 06/04/2023 03:00","CTA|SE","15141.00","15593.00"
"06/04/2023 03:00 - 06/04/2023 04:00","CTA|SE","15679.00","16177.00"
"06/04/2023 04:00 - 06/04/2023 05:00","CTA|SE","17001.00","17339.00"
"06/04/2023 05:00 - 06/04/2023 06:00","CTA|SE","18233.00","18390.00"
"06/04/2023 06:00 - 06/04/2023 07:00","CTA|SE","18725.00","18551.00"
"06/04/2023 07:00 - 06/04/2023 08:00","CTA|SE","18629.00","18380.00"
"06/04/2023 08:00 - 06/04/2023 09:00","CTA|SE","18243.00","18136.00"
"06/04/2023 09:00 - 06/04/2023 10:00","CTA|SE","17844.00","17828.00"
"06/04/2023 10:00 - 06/04/2023 11:00","CTA|SE","17112.00","17565.00"
"06/04/2023 11:00 - 06/04/2023 12:00","CTA|SE","16692.00","17249.00"
"06/04/2023 12:00 - 06/04/2023 13:00","CTA|SE","16102.00","16931.00"
"06/04/2023 13:00 - 06/04/2023 14:00","CTA|SE","16352.00","16809.00"
"06/04/2023 14:00 - 06/04/2023 15:00","CTA|SE","16287.00","16735.00"
"06/04/2023 15:00 - 06/04/2023 16:00","CTA|SE","16548.00","16821.00"
"06/04/2023 16:00 - 06/04/2023 17:00","CTA|SE","16662.00","16888.00"
"06/04/2023 17:00 - 06/04/2023 18:00","CTA|SE","16822.00","17063.00"
"06/04/2023 18:00 - 06/04/2023 19:00","CTA|SE","16731.00","17157.00"
"06/04/2023 19:00 - 06/04/2023 20:00","CTA|SE","16150.00","16711.00"
"06/04/2023 20:00 - 06/04/2023 21:00","CTA|SE","15319.00","16116.00"
"06/04/2023 21:00 - 06/04/2023 22:00","CTA|SE","15009.00","15509.00"
"06/04/2023 22:00 - 06/04/2023 23:00","CTA|SE","14946.00","15024.00"
"06/04/2023 23:00 - 07/04/2023 00:00","CTA|SE","14734.00","14819.00"
"07/04/2023 00:00 - 07/04/2023 01:00","CTA|SE","14599.00","14775.00"
"07/04/2023 01:00 - 07/04/2023 02:00","CTA|SE","14506.00","14771.00"
"07/04/2023 02:00 - 07/04/2023 03:00","CTA|SE","14727.00","14871.00"
"07/04/2023 03:00 - 07/04/2023 04:00","CTA|SE","15028.00","15099.00"
"07/04/2023 04:00 - 07/04/2023 05:00","CTA|SE","15333.00","15341.00"
"07/04/2023 05:00 - 07/04/2023 06:00","CTA|SE","15790.00","15610.00"
"07/04/2023 06:00 - 07/04/2023 07:00","CTA|SE","16012.00","15895.00"
"07/04/2023 07:00 - 07/04/2023 08:00","CTA|SE","16167.00","16090.00"
"07/04/2023 08:00 - 07/04/2023 09:00","CTA|SE","16058.00","16076.00"
"07/04/2023 09:00 - 07/04/2023 10:00","CTA|SE","15587.00","15920.00"
"07/04/2023 10:00 - 07/04/2023 11:00","CTA|SE","15383.00","15729.00"
"07/04/2023 11:00 - 07/04/2023 12:00","CTA|SE","15007.00","15575.00"
"07/04/2023 12:00 - 07/04/2023 13:00","CTA|SE","14819.00","15369.00"
"07/04/2023 13:00 - 07/04/2023 14:00","CTA|SE","14800.00","15189.00"
"07/04/2023 14:00 - 07/04/2023 15:00","CTA|SE","14986.00","15166.00"
"07/04/2023 15:00 - 07/04/2023 16:00","CTA|SE","15395.00","15380.00"
"07/04/2023 16:00 - 07/04/2023 17:00","CTA|SE","15918.00","15611.00"
"07/04/2023 17:00 - 07/04/2023 18:00","CTA|SE","16255.00","15841.00"
"07/04/2023 18:00 - 07/04/2023 19:00","CTA|SE","15847.00","16100.00"
"07/04/2023 19:00 - 07/04/2023 20:00","CTA|SE","15454.00","15893.00"
"07/04/2023 20:00 - 07/04/2023 21:00","CTA|SE","14915.00","15479.00"
"07/04/2023 21:00 - 07/04/2023 22:00","CTA|SE","14612.00","15027.00"
"07/04/2023 22:00 - 07/04/2023 23:00","CTA|SE","14547.00","14800.00"
"07/04/2023 23:00 - 08/04/2023 00:00","CTA|SE","14276.00","14541.00"
"08/04/2023 00:00 - 08/04/2023 01:00","CTA|SE","13986.00","14568.00"
"08/04/2023 01:00 - 08/04/2023 02:00","CTA|SE","13975.00","14557.00"
"08/04/2023 02:00 - 08/04/2023 03:00","CTA|SE","13851.00","14720.00"
"08/04/2023 03:00 - 08/04/2023 04:00","CTA|SE","13912.00","14887.00"
"08/04/2023 04:00 - 08/04/2023 05:00","CTA|SE","14094.00","14956.00"
"08/04/2023 05:00 - 08/04/2023 06:00","CTA|SE","14524.00","15150.00"
"08/04/2023 06:00 - 08/04/2023 07:00","CTA|SE","14664.00","15441.00"
"08/04/2023 07:00 - 08/04/2023 08:00","CTA|SE","14729.00","15411.00"
"08/04/2023 08:00 - 08/04/2023 09:00","CTA|SE","14564.00","15199.00"
"08/04/2023 09:00 - 08/04/2023 10:00","CTA|SE","13838.00","14767.00"
"08/04/2023 10:00 - 08/04/2023 11:00","CTA|SE","13326.00","14292.00"
"08/04/2023 11:00 - 08/04/2023 12:00","CTA|SE","12800.00","13923.00"
"08/04/2023 12:00 - 08/04/2023 13:00","CTA|SE","12466.00","13640.00"
"08/04/2023 13:00 - 08/04/2023 14:00","CTA|SE","12591.00","13480.00"
"08/04/2023 14:00 - 08/04/2023 15:00","CTA|SE","12823.00","13636.00"
"08/04/2023 15:00 - 08/04/2023 16:00","CTA|SE","13274.00","13956.00"
"08/04/2023 16:00 - 08/04/2023 17:00","CTA|SE","13702.00","14284.00"
"08/04/2023 17:00 - 08/04/2023 18:00","CTA|SE","14254.00","14640.00"
"08/04/2023 18:00 - 08/04/2023 19:00","CTA|SE","14468.00","14978.00"
"08/04/2023 19:00 - 08/04/2023 20:00","CTA|SE","14169.00","14757.00"
"08/04/2023 20:00 - 08/04/2023 21:00","CTA|SE","14054.00","14479.00"
"08/04/2023 21:00 - 08/04/2023 22:00","CTA|SE","13744.00","14124.00"
"08/04/2023 22:00 - 08/04/2023 23:00","CTA|SE","13674.00","13904.00"
"08/04/2023 23:00 - 09/04/2023 00:00","CTA|SE","13516.00","13771.00"
"09/04/2023 00:00 - 09/04/2023 01:00","CTA|SE","13729.00","13807.00"
"09/04/2023 01:00 - 09/04/2023 02:00","CTA|SE","13799.00","13869.00"
"09/04/2023 02:00 - 09/04/2023 03:00","CTA|SE","13869.00","13992.00"
"09/04/2023 03:00 - 09/04/2023 04:00","CTA|SE","14278.00","14173.00"
"09/04/2023 04:00 - 09/04/2023 05:00","CTA|SE","14111.00","14247.00"
"09/04/2023 05:00 - 09/04/2023 06:00","CTA|SE","14270.00","14420.00"
"09/04/2023 06:00 - 09/04/2023 07:00","CTA|SE","14164.00","14613.00"
"09/04/2023 07:00 - 09/04/2023 08:00","CTA|SE","13933.00","14707.00"
"09/04/2023 08:00 - 09/04/2023 09:00","CTA|SE","13584.00","14570.00"
"09/04/2023 09:00 - 09/04/2023 10:00","CTA|SE","13248.00","14324.00"
"09/04/2023 10:00 - 09/04/2023 11:00","CTA|SE","12708.00","14071.00"
"09/04/2023 11:00 - 09/04/2023 12:00","CTA|SE","12437.00","13840.00"
"09/04/2023 12:00 - 09/04/2023 13:00","CTA|SE","12324.00","13655.00"
"09/04/2023 13:00 - 09/04/2023 14:00","CTA|SE","12177.00","13615.00"
"09/04/2023 14:00 - 09/04/2023 15:00","CTA|SE","12608.00","13732.00"
"09/04/2023 15:00 - 09/04/2023 16:00","CTA|SE","13217.00","14109.00"
"09/04/2023 16:00 - 09/04/2023 17:00","CTA|SE","13714.00","14513.00"
"09/04/2023 17:00 - 09/04/2023 18:00","CTA|SE","14031.00","14846.00"
"09/04/2023 18:00 - 09/04/2023 19:00","CTA|SE","14152.00","15129.00"
"09/04/2023 19:00 - 09/04/2023 20:00","CTA|SE","13976.00","14966.00"
"09/04/2023 20:00 - 09/04/2023 21:00","CTA|SE","13614.00","14573.00"
"09/04/2023 21:00 - 09/04/2023 22:00","CTA|SE","13320.00","14189.00"
"09/04/2023 22:00 - 09/04/2023 23:00","CTA|SE","12860.00","13664.00"
"09/04/2023 23:00 - 10/04/2023 00:00","CTA|SE","12775.00","13473.00"
"10/04/2023 00:00 - 10/04/2023 01:00","CTA|SE","12929.00","13519.00"
"10/04/2023 01:00 - 10/04/2023 02:00","CTA|SE","13274.00","13608.00"
"10/04/2023 02:00 - 10/04/2023 03:00","CTA|SE","13541.00","13763.00"
"10/04/2023 03:00 - 10/04/2023 04:00","CTA|SE","13892.00","14063.00"
"10/04/2023 04:00 - 10/04/2023 05:00","CTA|SE","13987.00","14310.00"
"10/04/2023 05:00 - 10/04/2023 06:00","CTA|SE","14163.00","14575.00"
"10/04/2023 06:00 - 10/04/2023 07:00","CTA|SE","14328.00","14781.00"
"10/04/2023 07:00 - 10/04/2023 08:00","CTA|SE","14109.00","14906.00"
"10/04/2023 08:00 - 10/04/2023 09:00","CTA|SE","13359.00","14883.00"
"10/04/2023 09:00 - 10/04/2023 10:00","CTA|SE","12968.00","14708.00"
"10/04/2023 10:00 - 10/04/2023 11:00","CTA|SE","12572.00","14513.00"
"10/04/2023 11:00 - 10/04/2023 12:00","CTA|SE","12483.00","14254.00"
"10/04/2023 12:00 - 10/04/2023 13:00","CTA|SE","12442.00","14018.00"
"10/04/2023 13:00 - 10/04/2023 14:00","CTA|SE","12806.00","13910.00"
"10/04/2023 14:00 - 10/04/2023 15:00","CTA|SE","13046.00","13974.00"
"10/04/2023 15:00 - 10/04/2023 16:00","CTA|SE","13769.00","14288.00"
"10/04/2023 16:00 - 10/04/2023 17:00","CTA|SE","14131.00","14584.00"
"10/04/2023 17:00 - 10/04/2023 18:00","CTA|SE","14457.00","14841.00"
"10/04/2023 18:00 - 10/04/2023 19:00","CTA|SE","14295.00","15121.00"
"10/04/2023 19:00 - 10/04/2023 20:00","CTA|SE","13546.00","14937.00"
"10/04/2023 20:00 - 10/04/2023 21:00","CTA|SE","13143.00","14482.00"
"10/04/2023 21:00 - 10/04/2023 22:00","CTA|SE","13224.00","14046.00"
"10/04/2023 22:00 - 10/04/2023 23:00","CTA|SE","12922.00","14203.00"
"10/04/2023 23:00 - 11/04/2023 00:00","CTA|SE","12707.00","14017.00"
"11/04/2023 00:00 - 11/04/2023 01:00","CTA|SE","12705.00","13989.00"
"11/04/2023 01:00 - 11/04/2023 02:00","CTA|SE","12535.00","14037.00"
"11/04/2023 02:00 - 11/04/2023 03:00","CTA|SE","12623.00","14281.00"
"11/04/2023 03:00 - 11/04/2023 04:00","CTA|SE","13509.00","14860.00"
"11/04/2023 04:00 - 11/04/2023 05:00","CTA|SE","14511.00","16088.00"
"11/04/2023 05:00 - 11/04/2023 06:00","CTA|SE","15950.00","17139.00"
"11/04/2023 06:00 - 11/04/2023 07:00","CTA|SE","16382.00","17255.00"
"11/04/2023 07:00 - 11/04/2023 08:00","CTA|SE","16610.00","17025.00"
"11/04/2023 08:00 - 11/04/2023 09:00","CTA|SE","16550.00","16742.00"
"11/04/2023 09:00 - 11/04/2023 10:00","CTA|SE","16229.00","16487.00"
"11/04/2023 10:00 - 11/04/2023 11:00","CTA|SE","15649.00","16258.00"
"11/04/2023 11:00 - 11/04/2023 12:00","CTA|SE","15157.00","16005.00"
"11/04/2023 12:00 - 11/04/2023 13:00","CTA|SE","14928.00","15810.00"
"11/04/2023 13:00 - 11/04/2023 14:00","CTA|SE","15063.00","15723.00"
"11/04/2023 14:00 - 11/04/2023 15:00","CTA|SE","15101.00","15603.00"
"11/04/2023 15:00 - 11/04/2023 16:00","CTA|SE","15573.00","15744.00"
"11/04/2023 16:00 - 11/04/2023 17:00","CTA|SE","15721.00","15776.00"
"11/04/2023 17:00 - 11/04/2023 18:00","CTA|SE","15993.00","15915.00"
"11/04/2023 18:00 - 11/04/2023 19:00","CTA|SE","15625.00","15995.00"
"11/04/2023 19:00 - 11/04/2023 20:00","CTA|SE","15054.00","15616.00"
"11/04/2023 20:00 - 11/04/2023 21:00","CTA|SE","14107.00","15015.00"
"11/04/2023 21:00 - 11/04/2023 22:00","CTA|SE","13510.00","14373.00"
"11/04/2023 22:00 - 11/04/2023 23:00","CTA|SE","13093.00","13651.00"
"11/04/2023 23:00 - 12/04/2023 00:00","CTA|SE","12811.00","13454.00"
"12/04/2023 00:00 - 12/04/2023 01:00","CTA|SE","12793.00","13431.00"
"12/04/2023 01:00 - 12/04/2023 02:00","CTA|SE","13036.00","13482.00"
"12/04/2023 02:00 - 12/04/2023 03:00","CTA|SE","13514.00","13719.00"
"12/04/2023 03:00 - 12/04/2023 04:00","CTA|SE","14092.00","14281.00"
"12/04/2023 04:00 - 12/04/2023 05:00","CTA|SE","15209.00","15505.00"
"12/04/2023 05:00 - 12/04/2023 06:00","CTA|SE","16264.00","16630.00"
"12/04/2023 06:00 - 12/04/2023 07:00","CTA|SE","15992.00","16768.00"
"12/04/2023 07:00 - 12/04/2023 08:00","CTA|SE","15552.00","16587.00"
"12/04/2023 08:00 - 12/04/2023 09:00","CTA|SE","15290.00","16365.00"
"12/04/2023 09:00 - 12/04/2023 10:00","CTA|SE","14792.00","16164.00"
"12/04/2023 10:00 - 12/04/2023 11:00","CTA|SE","14573.00","15993.00"
"12/04/2023 11:00 - 12/04/2023 12:00","CTA|SE","14541.00","15808.00"
"12/04/2023 12:00 - 12/04/2023 13:00","CTA|SE","14366.00","15618.00"
"12/04/2023 13:00 - 12/04/2023 14:00","CTA|SE","14552.00","15528.00"
"12/04/2023 14:00 - 12/04/2023 15:00","CTA|SE","14758.00","15396.00"
"12/04/2023 15:00 - 12/04/2023 16:00","CTA|SE","15478.00","15492.00"
"12/04/2023 16:00 - 12/04/2023 17:00","CTA|SE","15377.00","15538.00"
"12/04/2023 17:00 - 12/04/2023 18:00","CTA|SE","15423.00","15729.00"
"12/04/2023 18:00 - 12/04/2023 19:00","CTA|SE","15407.00","15835.00"
"12/04/2023 19:00 - 12/04/2023 20:00","CTA|SE","14599.00","15508.00"
"12/04/2023 20:00 - 12/04/2023 21:00","CTA|SE","13774.00","14912.00"
"12/04/2023 21:00 - 12/04/2023 22:00","CTA|SE","13764.00","14269.00"
"12/04/2023 22:00 - 12/04/2023 23:00","CTA|SE","13622.00","13742.00"
"12/04/2023 23:00 - 13/04/2023 00:00","CTA|SE","13424.00","13527.00"
"13/04/2023 00:00 - 13/04/2023 01:00","CTA|SE","13243.00","13455.00"
"13/04/2023 01:00 - 13/04/2023 02:00","CTA|SE","13151.00","13489.00"
"13/04/2023 02:00 - 13/04/2023 03:00","CTA|SE","13450.00","13695.00"
"13/04/2023 03:00 - 13/04/2023 04:00","CTA|SE","13909.00","14245.00"
"13/04/2023 04:00 - 13/04/2023 05:00","CTA|SE","14842.00","15464.00"
"13/04/2023 05:00 - 13/04/2023 06:00","CTA|SE","15972.00","16520.00"
"13/04/2023 06:00 - 13/04/2023 07:00","CTA|SE","16332.00","16724.00"
"13/04/2023 07:00 - 13/04/2023 08:00","CTA|SE","16647.00","16599.00"
"13/04/2023 08:00 - 13/04/2023 09:00","CTA|SE","16410.00","16430.00"
"13/04/2023 09:00 - 13/04/2023 10:00","CTA|SE","16163.00","16284.00"
"13/04/2023 10:00 - 13/04/2023 11:00","CTA|SE","16312.00","16086.00"
"13/04/2023 11:00 - 13/04/2023 12:00","CTA|SE","16181.00","15875.00"
"13/04/2023 12:00 - 13/04/2023 13:00","CTA|SE","15806.00","15738.00"
"13/04/2023 13:00 - 13/04/2023 14:00","CTA|SE","15780.00","15708.00"
"13/04/2023 14:00 - 13/04/2023 15:00","CTA|SE","15458.00","15665.00"
"13/04/2023 15:00 - 13/04/2023 16:00","CTA|SE","15583.00","15799.00"
"13/04/2023 16:00 - 13/04/2023 17:00","CTA|SE","15871.00","15827.00"
"13/04/2023 17:00 - 13/04/2023 18:00","CTA|SE","15948.00","15971.00"
"13/04/2023 18:00 - 13/04/2023 19:00","CTA|SE","15714.00","16085.00"
"13/04/2023 19:00 - 13/04/2023 20:00","CTA|SE","15094.00","15739.00"
"13/04/2023 20:00 - 13/04/2023 21:00","CTA|SE","14436.00","15165.00"
"13/04/2023 21:00 - 13/04/2023 22:00","CTA|SE","13652.00","14490.00"
"13/04/2023 22:00 - 13/04/2023 23:00","CTA|SE","13257.00","13896.00"
"13/04/2023 23:00 - 14/04/2023 00:00","CTA|SE","13247.00","13661.00"
"14/04/2023 00:00 - 14/04/2023 01:00","CTA|SE","13434.00","13635.00"
"14/04/2023 01:00 - 14/04/2023 02:00","CTA|SE","13429.00","13634.00"
"14/04/2023 02:00 - 14/04/2023 03:00","CTA|SE","13532.00","13858.00"
"14/04/2023 03:00 - 14/04/2023 04:00","CTA|SE","13878.00","14396.00"
"14/04/2023 04:00 - 14/04/2023 05:00","CTA|SE","15295.00","15607.00"
"14/04/2023 05:00 - 14/04/2023 06:00","CTA|SE","16513.00","16666.00"
"14/04/2023 06:00 - 14/04/2023 07:00","CTA|SE","17147.00","16925.00"
"14/04/2023 07:00 - 14/04/2023 08:00","CTA|SE","17451.00","16892.00"
"14/04/2023 08:00 - 14/04/2023 09:00","CTA|SE","17254.00","16846.00"
"14/04/2023 09:00 - 14/04/2023 10:00","CTA|SE","16861.00","16739.00"
"14/04/2023 10:00 - 14/04/2023 11:00","CTA|SE","16742.00","16530.00"
"14/04/2023 11:00 - 14/04/2023 12:00","CTA|SE","16761.00","16196.00"
"14/04/2023 12:00 - 14/04/2023 13:00","CTA|SE","16646.00","15885.00"
"14/04/2023 13:00 - 14/04/2023 14:00","CTA|SE","16383.00","15680.00"
"14/04/2023 14:00 - 14/04/2023 15:00","CTA|SE","16468.00","15546.00"
"14/04/2023 15:00 - 14/04/2023 16:00","CTA|SE","16498.00","15681.00"
"14/04/2023 16:00 - 14/04/2023 17:00","CTA|SE","16190.00","15642.00"
"14/04/2023 17:00 - 14/04/2023 18:00","CTA|SE","15964.00","15593.00"
"14/04/2023 18:00 - 14/04/2023 19:00","CTA|SE","15490.00","15525.00"
"14/04/2023 19:00 - 14/04/2023 20:00","CTA|SE","14753.00","15212.00"
"14/04/2023 20:00 - 14/04/2023 21:00","CTA|SE","14130.00","14813.00"
"14/04/2023 21:00 - 14/04/2023 22:00","CTA|SE","13998.00","14425.00"
"14/04/2023 22:00 - 14/04/2023 23:00","CTA|SE","13573.00","14264.00"
"14/04/2023 23:00 - 15/04/2023 00:00","CTA|SE","13465.00","14029.00"
"15/04/2023 00:00 - 15/04/2023 01:00","CTA|SE","13506.00","14075.00"
"15/04/2023 01:00 - 15/04/2023 02:00","CTA|SE","13608.00","14053.00"
"15/04/2023 02:00 - 15/04/2023 03:00","CTA|SE","13532.00","14161.00"
"15/04/2023 03:00 - 15/04/2023 04:00","CTA|SE","13469.00","14270.00"
"15/04/2023 04:00 - 15/04/2023 05:00","CTA|SE","13565.00","14396.00"
"15/04/2023 05:00 - 15/04/2023 06:00","CTA|SE","13745.00","14644.00"
"15/04/2023 06:00 - 15/04/2023 07:00","CTA|SE","13859.00","15003.00"
"15/04/2023 07:00 - 15/04/2023 08:00","CTA|SE","13927.00","15020.00"
"15/04/2023 08:00 - 15/04/2023 09:00","CTA|SE","13524.00","14885.00"
"15/04/2023 09:00 - 15/04/2023 10:00","CTA|SE","13475.00","14576.00"
"15/04/2023 10:00 - 15/04/2023 11:00","CTA|SE","13517.00","14216.00"
"15/04/2023 11:00 - 15/04/2023 12:00","CTA|SE","13542.00","13829.00"
"15/04/2023 12:00 - 15/04/2023 13:00","CTA|SE","13551.00","13572.00"
"15/04/2023 13:00 - 15/04/2023 14:00","CTA|SE","13352.00","13454.00"
"15/04/2023 14:00 - 15/04/2023 15:00","CTA|SE","13324.00","13612.00"
"15/04/2023 15:00 - 15/04/2023 16:00","CTA|SE","13939.00","13954.00"
"15/04/2023 16:00 - 15/04/2023 17:00","CTA|SE","14401.00","14298.00"
"15/04/2023 17:00 - 15/04/2023 18:00","CTA|SE","14602.00","14565.00"
"15/04/2023 18:00 - 15/04/2023 19:00","CTA|SE","14420.00","14784.00"
"15/04/2023 19:00 - 15/04/2023 20:00","CTA|SE","14023.00","14632.00"
"15/04/2023 20:00 - 15/04/2023 21:00","CTA|SE","13443.00","14365.00"
"15/04/2023 21:00 - 15/04/2023 22:00","CTA|SE","13112.00","14038.00"
"15/04/2023 22:00 - 15/04/2023 23:00","CTA|SE","13121.00","13724.00"
"15/04/2023 23:00 - 16/04/2023 00:00","CTA|SE","12999.00","13620.00"
"16/04/2023 00:00 - 16/04/2023 01:00","CTA|SE","12996.00","13637.00"
"16/04/2023 01:00 - 16/04/2023 02:00","CTA|SE","12893.00","13670.00"
"16/04/2023 02:00 - 16/04/2023 03:00","CTA|SE","13079.00","13742.00"
"16/04/2023 03:00 - 16/04/2023 04:00","CTA|SE","13303.00","13915.00"
"16/04/2023 04:00 - 16/04/2023 05:00","CTA|SE","13378.00","14040.00"
"16/04/2023 05:00 - 16/04/2023 06:00","CTA|SE","13564.00","14145.00"
"16/04/2023 06:00 - 16/04/2023 07:00","CTA|SE","13990.00","14373.00"
"16/04/2023 07:00 - 16/04/2023 08:00","CTA|SE","14134.00","14500.00"
"16/04/2023 08:00 - 16/04/2023 09:00","CTA|SE","14160.00","14407.00"
"16/04/2023 09:00 - 16/04/2023 10:00","CTA|SE","13754.00","14269.00"
"16/04/2023 10:00 - 16/04/2023 11:00","CTA|SE","13547.00","14084.00"
"16/04/2023 11:00 - 16/04/2023 12:00","CTA|SE","13340.00","13816.00"
"16/04/2023 12:00 - 16/04/2023 13:00","CTA|SE","13343.00","13650.00"
"16/04/2023 13:00 - 16/04/2023 14:00","CTA|SE","13412.00","13589.00"
"16/04/2023 14:00 - 16/04/2023 15:00","CTA|SE","13372.00","13776.00"
"16/04/2023 15:00 - 16/04/2023 16:00","CTA|SE","13927.00","14193.00"
"16/04/2023 16:00 - 16/04/2023 17:00","CTA|SE","14323.00","14510.00"
"16/04/2023 17:00 - 16/04/2023 18:00","CTA|SE","14588.00","14891.00"
"16/04/2023 18:00 - 16/04/2023 19:00","CTA|SE","14661.00","15082.00"
"16/04/2023 19:00 - 16/04/2023 20:00","CTA|SE","14562.00","14866.00"
"16/04/2023 20:00 - 16/04/2023 21:00","CTA|SE","14032.00","14475.00"
"16/04/2023 21:00 - 16/04/2023 22:00","CTA|SE","13581.00","14057.00"
"16/04/2023 22:00 - 16/04/2023 23:00","CTA|SE","13264.00","13774.00"
"16/04/2023 23:00 - 17/04/2023 00:00","CTA|SE","13398.00","13673.00"
"17/04/2023 00:00 - 17/04/2023 01:00","CTA|SE","13569.00","13716.00"
"17/04/2023 01:00 - 17/04/2023 02:00","CTA|SE","13501.00","13838.00"
"17/04/2023 02:00 - 17/04/2023 03:00","CTA|SE","13837.00","14160.00"
"17/04/2023 03:00 - 17/04/2023 04:00","CTA|SE","14309.00","14852.00"
"17/04/2023 04:00 - 17/04/2023 05:00","CTA|SE","15359.00","16067.00"
"17/04/2023 05:00 - 17/04/2023 06:00","CTA|SE","16747.00","17000.00"
"17/04/2023 06:00 - 17/04/2023 07:00","CTA|SE","17195.00","17009.00"
"17/04/2023 07:00 - 17/04/2023 08:00","CTA|SE","16131.00","16679.00"
"17/04/2023 08:00 - 17/04/2023 09:00","CTA|SE","15236.00","16351.00"
"17/04/2023 09:00 - 17/04/2023 10:00","CTA|SE","14778.00","15966.00"
"17/04/2023 10:00 - 17/04/2023 11:00","CTA|SE","14603.00","15646.00"
"17/04/2023 11:00 - 17/04/2023 12:00","CTA|SE","14417.00","15306.00"
"17/04/2023 12:00 - 17/04/2023 13:00","CTA|SE","14239.00","15106.00"
"17/04/2023 13:00 - 17/04/2023 14:00","CTA|SE","14181.00","15016.00"
"17/04/2023 14:00 - 17/04/2023 15:00","CTA|SE","14187.00","14900.00"
"17/04/2023 15:00 - 17/04/2023 16:00","CTA|SE","14518.00","15134.00"
"17/04/2023 16:00 - 17/04/2023 17:00","CTA|SE","14698.00","15177.00"
"17/04/2023 17:00 - 17/04/2023 18:00","CTA|SE","15434.00","15395.00"
"17/04/2023 18:00 - 17/04/2023 19:00","CTA|SE","15351.00","15581.00"
"17/04/2023 19:00 - 17/04/2023 20:00","CTA|SE","14816.00","15300.00"
"17/04/2023 20:00 - 17/04/2023 21:00","CTA|SE","14296.00","14753.00"
"17/04/2023 21:00 - 17/04/2023 22:00","CTA|SE","13738.00","14148.00"
"17/04/2023 22:00 - 17/04/2023 23:00","CTA|SE","13254.00","13720.00"
"17/04/2023 23:00 - 18/04/2023 00:00","CTA|SE","13584.00","13578.00"
"18/04/2023 00:00 - 18/04/2023 01:00","CTA|SE","13682.00","13566.00"
"18/04/2023 01:00 - 18/04/2023 02:00","CTA|SE","13893.00","13643.00"
"18/04/2023 02:00 - 18/04/2023 03:00","CTA|SE","14014.00","13930.00"
"18/04/2023 03:00 - 18/04/2023 04:00","CTA|SE","13905.00","14534.00"
"18/04/2023 04:00 - 18/04/2023 05:00","CTA|SE","15081.00","15713.00"
"18/04/2023 05:00 - 18/04/2023 06:00","CTA|SE","16536.00","16599.00"
"18/04/2023 06:00 - 18/04/2023 07:00","CTA|SE","16702.00","16560.00"
"18/04/2023 07:00 - 18/04/2023 08:00","CTA|SE","15771.00","16195.00"
"18/04/2023 08:00 - 18/04/2023 09:00","CTA|SE","14738.00","15860.00"
"18/04/2023 09:00 - 18/04/2023 10:00","CTA|SE","14023.00","15605.00"
"18/04/2023 10:00 - 18/04/2023 11:00","CTA|SE","13857.00","15368.00"
"18/04/2023 11:00 - 18/04/2023 12:00","CTA|SE","14028.00","15119.00"
"18/04/2023 12:00 - 18/04/2023 13:00","CTA|SE","13680.00","14913.00"
"18/04/2023 13:00 - 18/04/2023 14:00","CTA|SE","13689.00","14866.00"
"18/04/2023 14:00 - 18/04/2023 15:00","CTA|SE","13669.00","14826.00"
"18/04/2023 15:00 - 18/04/2023 16:00","CTA|SE","14162.00","15024.00"
"18/04/2023 16:00 - 18/04/2023 17:00","CTA|SE","14459.00","15101.00"
"18/04/2023 17:00 - 18/04/2023 18:00","CTA|SE","15050.00","15312.00"
"18/04/2023 18:00 - 18/04/2023 19:00","CTA|SE","15117.00","15454.00"
"18/04/2023 19:00 - 18/04/2023 20:00","CTA|SE","14556.00","15180.00"
"18/04/2023 20:00 - 18/04/2023 21:00","CTA|SE","13794.00","14669.00"
"18/04/2023 21:00 - 18/04/2023 22:00","CTA|SE","13465.00","14070.00"
"18/04/2023 22:00 - 18/04/2023 23:00","CTA|SE","12657.00","13549.00"
"18/04/2023 23:00 - 19/04/2023 00:00","CTA|SE","11257.00","13407.00"
"19/04/2023 00:00 - 19/04/2023 01:00","CTA|SE","12768.00","13401.00"
"19/04/2023 01:00 - 19/04/2023 02:00","CTA|SE","12764.00","13480.00"
"19/04/2023 02:00 - 19/04/2023 03:00","CTA|SE","13004.00","13768.00"
"19/04/2023 03:00 - 19/04/2023 04:00","CTA|SE","13434.00","14367.00"
"19/04/2023 04:00 - 19/04/2023 05:00","CTA|SE","14716.00","15545.00"
"19/04/2023 05:00 - 19/04/2023 06:00","CTA|SE","15988.00","16434.00"
"19/04/2023 06:00 - 19/04/2023 07:00","CTA|SE","16105.00","16426.00"
"19/04/2023 07:00 - 19/04/2023 08:00","CTA|SE","15399.00","16068.00"
"19/04/2023 08:00 - 19/04/2023 09:00","CTA|SE","14529.00","15730.00"
"19/04/2023 09:00 - 19/04/2023 10:00","CTA|SE","13796.00","15468.00"
"19/04/2023 10:00 - 19/04/2023 11:00","CTA|SE","13598.00","15217.00"
"19/04/2023 11:00 - 19/04/2023 12:00","CTA|SE","13564.00","14974.00"
"19/04/2023 12:00 - 19/04/2023 13:00","CTA|SE","13601.00","14793.00"
"19/04/2023 13:00 - 19/04/2023 14:00","CTA|SE","13606.00","14739.00"
"19/04/2023 14:00 - 19/04/2023 15:00","CTA|SE","13645.00","14691.00"
"19/04/2023 15:00 - 19/04/2023 16:00","CTA|SE","13974.00","14898.00"
"19/04/2023 16:00 - 19/04/2023 17:00","CTA|SE","14307.00","15039.00"
"19/04/2023 17:00 - 19/04/2023 18:00","CTA|SE","14884.00","15274.00"
"19/04/2023 18:00 - 19/04/2023 19:00","CTA|SE","15275.00","15431.00"
"19/04/2023 19:00 - 19/04/2023 20:00","CTA|SE","14620.00","15160.00"
"19/04/2023 20:00 - 19/04/2023 21:00","CTA|SE","13936.00","14659.00"
"19/04/2023 21:00 - 19/04/2023 22:00","CTA|SE","13534.00","14053.00"
"19/04/2023 22:00 - 19/04/2023 23:00","CTA|SE","12965.00","13443.00"
"19/04/2023 23:00 - 20/04/2023 00:00","CTA|SE","13052.00","13309.00"
"20/04/2023 00:00 - 20/04/2023 01:00","CTA|SE","13144.00","13313.00"
"20/04/2023 01:00 - 20/04/2023 02:00","CTA|SE","13246.00","13370.00"
"20/04/2023 02:00 - 20/04/2023 03:00","CTA|SE","13595.00","13618.00"
"20/04/2023 03:00 - 20/04/2023 04:00","CTA|SE","13958.00","14197.00"
"20/04/2023 04:00 - 20/04/2023 05:00","CTA|SE","15046.00","15369.00"
"20/04/2023 05:00 - 20/04/2023 06:00","CTA|SE","16263.00","16235.00"
"20/04/2023 06:00 - 20/04/2023 07:00","CTA|SE","16127.00","16183.00"
"20/04/2023 07:00 - 20/04/2023 08:00","CTA|SE","15224.00","15781.00"
"20/04/2023 08:00 - 20/04/2023 09:00","CTA|SE","14345.00","15428.00"
"20/04/2023 09:00 - 20/04/2023 10:00","CTA|SE","13350.00","15101.00"
"20/04/2023 10:00 - 20/04/2023 11:00","CTA|SE","13165.00","14790.00"
"20/04/2023 11:00 - 20/04/2023 12:00","CTA|SE","13251.00","14481.00"
"20/04/2023 12:00 - 20/04/2023 13:00","CTA|SE","13255.00","14221.00"
"20/04/2023 13:00 - 20/04/2023 14:00","CTA|SE","13183.00","14114.00"
"20/04/2023 14:00 - 20/04/2023 15:00","CTA|SE","13293.00","14012.00"
"20/04/2023 15:00 - 20/04/2023 16:00","CTA|SE","13575.00","14203.00"
"20/04/2023 16:00 - 20/04/2023 17:00","CTA|SE","14316.00","14282.00"
"20/04/2023 17:00 - 20/04/2023 18:00","CTA|SE","14995.00","14523.00"
"20/04/2023 18:00 - 20/04/2023 19:00","CTA|SE","14778.00","14678.00"
"20/04/2023 19:00 - 20/04/2023 20:00","CTA|SE","14155.00","14410.00"
"20/04/2023 20:00 - 20/04/2023 21:00","CTA|SE","13704.00","13900.00"
"20/04/2023 21:00 - 20/04/2023 22:00","CTA|SE","13260.00","13320.00"
"20/04/2023 22:00 - 20/04/2023 23:00","CTA|SE","13139.00","12867.00"
"20/04/2023 23:00 - 21/04/2023 00:00","CTA|SE","12719.00","12660.00"
"21/04/2023 00:00 - 21/04/2023 01:00","CTA|SE","12266.00","12674.00"
"21/04/2023 01:00 - 21/04/2023 02:00","CTA|SE","12211.00","12729.00"
"21/04/2023 02:00 - 21/04/2023 03:00","CTA|SE","12602.00","12988.00"
"21/04/2023 03:00 - 21/04/2023 04:00","CTA|SE","13301.00","13614.00"
"21/04/2023 04:00 - 21/04/2023 05:00","CTA|SE","14630.00","14811.00"
"21/04/2023 05:00 - 21/04/2023 06:00","CTA|SE","15663.00","15743.00"
"21/04/2023 06:00 - 21/04/2023 07:00","CTA|SE","15481.00","15775.00"
"21/04/2023 07:00 - 21/04/2023 08:00","CTA|SE","14830.00","15401.00"
"21/04/2023 08:00 - 21/04/2023 09:00","CTA|SE","14388.00","15097.00"
"21/04/2023 09:00 - 21/04/2023 10:00","CTA|SE","14001.00","14803.00"
"21/04/2023 10:00 - 21/04/2023 11:00","CTA|SE","13535.00","14415.00"
"21/04/2023 11:00 - 21/04/2023 12:00","CTA|SE","12798.00","13942.00"
"21/04/2023 12:00 - 21/04/2023 13:00","CTA|SE","12496.00","13554.00"
"21/04/2023 13:00 - 21/04/2023 14:00","CTA|SE","12337.00","13265.00"
"21/04/2023 14:00 - 21/04/2023 15:00","CTA|SE","12758.00","13148.00"
"21/04/2023 15:00 - 21/04/2023 16:00","CTA|SE","13041.00","13278.00"
"21/04/2023 16:00 - 21/04/2023 17:00","CTA|SE","13176.00","13268.00"
"21/04/2023 17:00 - 21/04/2023 18:00","CTA|SE","13579.00","13303.00"
"21/04/2023 18:00 - 21/04/2023 19:00","CTA|SE","13467.00","13303.00"
"21/04/2023 19:00 - 21/04/2023 20:00","CTA|SE","13373.00","13050.00"
"21/04/2023 20:00 - 21/04/2023 21:00","CTA|SE","12723.00","12703.00"
"21/04/2023 21:00 - 21/04/2023 22:00","CTA|SE","12184.00","12355.00"
"21/04/2023 22:00 - 21/04/2023 23:00","CTA|SE","11937.00","12261.00"
"21/04/2023 23:00 - 22/04/2023 00:00","CTA|SE","11998.00","12066.00"
"22/04/2023 00:00 - 22/04/2023 01:00","CTA|SE","11926.00","12125.00"
"22/04/2023 01:00 - 22/04/2023 02:00","CTA|SE","11768.00","12162.00"
"22/04/2023 02:00 - 22/04/2023 03:00","CTA|SE","11868.00","12310.00"
"22/04/2023 03:00 - 22/04/2023 04:00","CTA|SE","11821.00","12457.00"
"22/04/2023 04:00 - 22/04/2023 05:00","CTA|SE","12377.00","12590.00"
"22/04/2023 05:00 - 22/04/2023 06:00","CTA|SE","12872.00","12688.00"
"22/04/2023 06:00 - 22/04/2023 07:00","CTA|SE","12962.00","12909.00"
"22/04/2023 07:00 - 22/04/2023 08:00","CTA|SE","12600.00","12854.00"
"22/04/2023 08:00 - 22/04/2023 09:00","CTA|SE","11894.00","12709.00"
"22/04/2023 09:00 - 22/04/2023 10:00","CTA|SE","11574.00","12439.00"
"22/04/2023 10:00 - 22/04/2023 11:00","CTA|SE","11563.00","12082.00"
"22/04/2023 11:00 - 22/04/2023 12:00","CTA|SE","11485.00","11821.00"
"22/04/2023 12:00 - 22/04/2023 13:00","CTA|SE","11055.00","11683.00"
"22/04/2023 13:00 - 22/04/2023 14:00","CTA|SE","11093.00","11635.00"
"22/04/2023 14:00 - 22/04/2023 15:00","CTA|SE","11195.00","11726.00"
"22/04/2023 15:00 - 22/04/2023 16:00","CTA|SE","11646.00","11898.00"
"22/04/2023 16:00 - 22/04/2023 17:00","CTA|SE","12041.00","12057.00"
"22/04/2023 17:00 - 22/04/2023 18:00","CTA|SE","12139.00","12299.00"
"22/04/2023 18:00 - 22/04/2023 19:00","CTA|SE","12146.00","12519.00"
"22/04/2023 19:00 - 22/04/2023 20:00","CTA|SE","12100.00","12406.00"
"22/04/2023 20:00 - 22/04/2023 21:00","CTA|SE","11650.00","12098.00"
"22/04/2023 21:00 - 22/04/2023 22:00","CTA|SE","11211.00","11751.00"
"22/04/2023 22:00 - 22/04/2023 23:00","CTA|SE","11031.00","11499.00"
"22/04/2023 23:00 - 23/04/2023 00:00","CTA|SE","10888.00","11390.00"
"23/04/2023 00:00 - 23/04/2023 01:00","CTA|SE","10827.00","11410.00"
"23/04/2023 01:00 - 23/04/2023 02:00","CTA|SE","10864.00","11458.00"
"23/04/2023 02:00 - 23/04/2023 03:00","CTA|SE","11043.00","11538.00"
"23/04/2023 03:00 - 23/04/2023 04:00","CTA|SE","10837.00","11660.00"
"23/04/2023 04:00 - 23/04/2023 05:00","CTA|SE","10787.00","11723.00"
"23/04/2023 05:00 - 23/04/2023 06:00","CTA|SE","11143.00","11953.00"
"23/04/2023 06:00 - 23/04/2023 07:00","CTA|SE","11908.00","12311.00"
"23/04/2023 07:00 - 23/04/2023 08:00","CTA|SE","12275.00","12642.00"
"23/04/2023 08:00 - 23/04/2023 09:00","CTA|SE","12441.00","12823.00"
"23/04/2023 09:00 - 23/04/2023 10:00","CTA|SE","12448.00","12960.00"
"23/04/2023 10:00 - 23/04/2023 11:00","CTA|SE","12459.00","13078.00"
"23/04/2023 11:00 - 23/04/2023 12:00","CTA|SE","12604.00","13048.00"
"23/04/2023 12:00 - 23/04/2023 13:00","CTA|SE","12722.00","13052.00"
"23/04/2023 13:00 - 23/04/2023 14:00","CTA|SE","12743.00","13085.00"
"23/04/2023 14:00 - 23/04/2023 15:00","CTA|SE","13065.00","13195.00"
"23/04/2023 15:00 - 23/04/2023 16:00","CTA|SE","13616.00","13513.00"
"23/04/2023 16:00 - 23/04/2023 17:00","CTA|SE","13857.00","13748.00"
"23/04/2023 17:00 - 23/04/2023 18:00","CTA|SE","14100.00","13905.00"
"23/04/2023 18:00 - 23/04/2023 19:00","CTA|SE","13946.00","14035.00"
"23/04/2023 19:00 - 23/04/2023 20:00","CTA|SE","13694.00","13863.00"
"23/04/2023 20:00 - 23/04/2023 21:00","CTA|SE","13290.00","13464.00"
"23/04/2023 21:00 - 23/04/2023 22:00","CTA|SE","12746.00","13021.00"
"23/04/2023 22:00 - 23/04/2023 23:00","CTA|SE","12618.00","12583.00"
"23/04/2023 23:00 - 24/04/2023 00:00","CTA|SE","12353.00","12481.00"
"24/04/2023 00:00 - 24/04/2023 01:00","CTA|SE","12276.00","12547.00"
"24/04/2023 01:00 - 24/04/2023 02:00","CTA|SE","12438.00","12651.00"
"24/04/2023 02:00 - 24/04/2023 03:00","CTA|SE","12710.00","12910.00"
"24/04/2023 03:00 - 24/04/2023 04:00","CTA|SE","13244.00","13517.00"
"24/04/2023 04:00 - 24/04/2023 05:00","CTA|SE","14613.00","14761.00"
"24/04/2023 05:00 - 24/04/2023 06:00","CTA|SE","15744.00","15867.00"
"24/04/2023 06:00 - 24/04/2023 07:00","CTA|SE","16289.00","15968.00"
"24/04/2023 07:00 - 24/04/2023 08:00","CTA|SE","16476.00","15790.00"
"24/04/2023 08:00 - 24/04/2023 09:00","CTA|SE","16286.00","15631.00"
"24/04/2023 09:00 - 24/04/2023 10:00","CTA|SE","16273.00","15434.00"
"24/04/2023 10:00 - 24/04/2023 11:00","CTA|SE","16051.00","15308.00"
"24/04/2023 11:00 - 24/04/2023 12:00","CTA|SE","16008.00","15089.00"
"24/04/2023 12:00 - 24/04/2023 13:00","CTA|SE","15840.00","15025.00"
"24/04/2023 13:00 - 24/04/2023 14:00","CTA|SE","15727.00","15108.00"
"24/04/2023 14:00 - 24/04/2023 15:00","CTA|SE","15733.00","15110.00"
"24/04/2023 15:00 - 24/04/2023 16:00","CTA|SE","16057.00","15355.00"
"24/04/2023 16:00 - 24/04/2023 17:00","CTA|SE","16077.00","15346.00"
"24/04/2023 17:00 - 24/04/2023 18:00","CTA|SE","15806.00","15422.00"
"24/04/2023 18:00 - 24/04/2023 19:00","CTA|SE","15728.00","15477.00"
"24/04/2023 19:00 - 24/04/2023 20:00","CTA|SE","15282.00","15162.00"
"24/04/2023 20:00 - 24/04/2023 21:00","CTA|SE","14487.00","14565.00"
"24/04/2023 21:00 - 24/04/2023 22:00","CTA|SE","13810.00","13946.00"
"24/04/2023 22:00 - 24/04/2023 23:00","CTA|SE","13258.00","13579.00"
"24/04/2023 23:00 - 25/04/2023 00:00","CTA|SE","12879.00","13360.00"
"25/04/2023 00:00 - 25/04/2023 01:00","CTA|SE","12826.00","13364.00"
"25/04/2023 01:00 - 25/04/2023 02:00","CTA|SE","12932.00","13381.00"
"25/04/2023 02:00 - 25/04/2023 03:00","CTA|SE","13102.00","13584.00"
"25/04/2023 03:00 - 25/04/2023 04:00","CTA|SE","13772.00","14094.00"
"25/04/2023 04:00 - 25/04/2023 05:00","CTA|SE","15211.00","15311.00"
"25/04/2023 05:00 - 25/04/2023 06:00","CTA|SE","16402.00","16477.00"
"25/04/2023 06:00 - 25/04/2023 07:00","CTA|SE","16665.00","16700.00"
"25/04/2023 07:00 - 25/04/2023 08:00","CTA|SE","16344.00","16567.00"
"25/04/2023 08:00 - 25/04/2023 09:00","CTA|SE","16264.00","16431.00"
"25/04/2023 09:00 - 25/04/2023 10:00","CTA|SE","15861.00","16333.00"
"25/04/2023 10:00 - 25/04/2023 11:00","CTA|SE","15676.00","16259.00"
"25/04/2023 11:00 - 25/04/2023 12:00","CTA|SE","15851.00","16103.00"
"25/04/2023 12:00 - 25/04/2023 13:00","CTA|SE","15771.00","15955.00"
"25/04/2023 13:00 - 25/04/2023 14:00","CTA|SE","15470.00","15888.00"
"25/04/2023 14:00 - 25/04/2023 15:00","CTA|SE","15459.00","15793.00"
"25/04/2023 15:00 - 25/04/2023 16:00","CTA|SE","15545.00","15909.00"
"25/04/2023 16:00 - 25/04/2023 17:00","CTA|SE","15706.00","15887.00"
"25/04/2023 17:00 - 25/04/2023 18:00","CTA|SE","15995.00","15884.00"
"25/04/2023 18:00 - 25/04/2023 19:00","CTA|SE","15923.00","15860.00"
"25/04/2023 19:00 - 25/04/2023 20:00","CTA|SE","15890.00","15514.00"
"25/04/2023 20:00 - 25/04/2023 21:00","CTA|SE","15351.00","14915.00"
"25/04/2023 21:00 - 25/04/2023 22:00","CTA|SE","14507.00","14260.00"
"25/04/2023 22:00 - 25/04/2023 23:00","CTA|SE","13865.00","13925.00"
"25/04/2023 23:00 - 26/04/2023 00:00","CTA|SE","13792.00","13678.00"
"26/04/2023 00:00 - 26/04/2023 01:00","CTA|SE","13966.00","13683.00"
"26/04/2023 01:00 - 26/04/2023 02:00","CTA|SE","13984.00","13712.00"
"26/04/2023 02:00 - 26/04/2023 03:00","CTA|SE","13886.00","13909.00"
"26/04/2023 03:00 - 26/04/2023 04:00","CTA|SE","14374.00","14426.00"
"26/04/2023 04:00 - 26/04/2023 05:00","CTA|SE","16251.00","15639.00"
"26/04/2023 05:00 - 26/04/2023 06:00","CTA|SE","19047.00","16808.00"
"26/04/2023 06:00 - 26/04/2023 07:00","CTA|SE","19202.00","17015.00"
"26/04/2023 07:00 - 26/04/2023 08:00","CTA|SE","16170.00","16870.00"
"26/04/2023 08:00 - 26/04/2023 09:00","CTA|SE","15706.00","16694.00"
"26/04/2023 09:00 - 26/04/2023 10:00","CTA|SE","15326.00","16557.00"
"26/04/2023 10:00 - 26/04/2023 11:00","CTA|SE","15026.00","16438.00"
"26/04/2023 11:00 - 26/04/2023 12:00","CTA|SE","15055.00","16259.00"
"26/04/2023 12:00 - 26/04/2023 13:00","CTA|SE","14733.00","16128.00"
"26/04/2023 13:00 - 26/04/2023 14:00","CTA|SE","14815.00","16109.00"
"26/04/2023 14:00 - 26/04/2023 15:00","CTA|SE","14906.00","16036.00"
"26/04/2023 15:00 - 26/04/2023 16:00","CTA|SE","15327.00","16210.00"
"26/04/2023 16:00 - 26/04/2023 17:00","CTA|SE","15229.00","16241.00"
"26/04/2023 17:00 - 26/04/2023 18:00","CTA|SE","15274.00","16315.00"
"26/04/2023 18:00 - 26/04/2023 19:00","CTA|SE","15952.00","16383.00"
"26/04/2023 19:00 - 26/04/2023 20:00","CTA|SE","16068.00","16090.00"
"26/04/2023 20:00 - 26/04/2023 21:00","CTA|SE","15498.00","15501.00"
"26/04/2023 21:00 - 26/04/2023 22:00","CTA|SE","14795.00","14830.00"
"26/04/2023 22:00 - 26/04/2023 23:00","CTA|SE","14101.00","14400.00"
"26/04/2023 23:00 - 27/04/2023 00:00","CTA|SE","13683.00","14157.00"
"27/04/2023 00:00 - 27/04/2023 01:00","CTA|SE","13445.00","14144.00"
"27/04/2023 01:00 - 27/04/2023 02:00","CTA|SE","13465.00","14156.00"
"27/04/2023 02:00 - 27/04/2023 03:00","CTA|SE","13420.00","14337.00"
"27/04/2023 03:00 - 27/04/2023 04:00","CTA|SE","14030.00","14825.00"
"27/04/2023 04:00 - 27/04/2023 05:00","CTA|SE","15469.00","15949.00"
"27/04/2023 05:00 - 27/04/2023 06:00","CTA|SE","16592.00","16942.00"
"27/04/2023 06:00 - 27/04/2023 07:00","CTA|SE","16091.00","17031.00"
"27/04/2023 07:00 - 27/04/2023 08:00","CTA|SE","15612.00","16812.00"
"27/04/2023 08:00 - 27/04/2023 09:00","CTA|SE","15508.00","16628.00"
"27/04/2023 09:00 - 27/04/2023 10:00","CTA|SE","15561.00","16489.00"
"27/04/2023 10:00 - 27/04/2023 11:00","CTA|SE","15319.00","16390.00"
"27/04/2023 11:00 - 27/04/2023 12:00","CTA|SE","15228.00","16305.00"
"27/04/2023 12:00 - 27/04/2023 13:00","CTA|SE","15049.00","16181.00"
"27/04/2023 13:00 - 27/04/2023 14:00","CTA|SE","15019.00","16124.00"
"27/04/2023 14:00 - 27/04/2023 15:00","CTA|SE","14964.00","16045.00"
"27/04/2023 15:00 - 27/04/2023 16:00","CTA|SE","15334.00","16127.00"
"27/04/2023 16:00 - 27/04/2023 17:00","CTA|SE","15288.00","16120.00"
"27/04/2023 17:00 - 27/04/2023 18:00","CTA|SE","15417.00","16196.00"
"27/04/2023 18:00 - 27/04/2023 19:00","CTA|SE","15528.00","16247.00"
"27/04/2023 19:00 - 27/04/2023 20:00","CTA|SE","15532.00","16029.00"
"27/04/2023 20:00 - 27/04/2023 21:00","CTA|SE","14859.00","15492.00"
"27/04/2023 21:00 - 27/04/2023 22:00","CTA|SE","14099.00","14870.00"
"27/04/2023 22:00 - 27/04/2023 23:00","CTA|SE","13676.00","14497.00"
"27/04/2023 23:00 - 28/04/2023 00:00","CTA|SE","13449.00","14250.00"
"28/04/2023 00:00 - 28/04/2023 01:00","CTA|SE","13557.00","14191.00"
"28/04/2023 01:00 - 28/04/2023 02:00","CTA|SE","13764.00","14222.00"
"28/04/2023 02:00 - 28/04/2023 03:00","CTA|SE","13921.00","14387.00"
"28/04/2023 03:00 - 28/04/2023 04:00","CTA|SE","14214.00","14885.00"
"28/04/2023 04:00 - 28/04/2023 05:00","CTA|SE","15339.00","15994.00"
"28/04/2023 05:00 - 28/04/2023 06:00","CTA|SE","16330.00","16888.00"
"28/04/2023 06:00 - 28/04/2023 07:00","CTA|SE","16147.00","16992.00"
"28/04/2023 07:00 - 28/04/2023 08:00","CTA|SE","15805.00","16730.00"
"28/04/2023 08:00 - 28/04/2023 09:00","CTA|SE","15743.00","16543.00"
"28/04/2023 09:00 - 28/04/2023 10:00","CTA|SE","15504.00","16379.00"
"28/04/2023 10:00 - 28/04/2023 11:00","CTA|SE","14950.00","16127.00"
"28/04/2023 11:00 - 28/04/2023 12:00","CTA|SE","14651.00","15754.00"
"28/04/2023 12:00 - 28/04/2023 13:00","CTA|SE","14317.00","15434.00"
"28/04/2023 13:00 - 28/04/2023 14:00","CTA|SE","13867.00","15197.00"
"28/04/2023 14:00 - 28/04/2023 15:00","CTA|SE","13700.00","15151.00"
"28/04/2023 15:00 - 28/04/2023 16:00","CTA|SE","13993.00","15346.00"
"28/04/2023 16:00 - 28/04/2023 17:00","CTA|SE","14131.00","15331.00"
"28/04/2023 17:00 - 28/04/2023 18:00","CTA|SE","14510.00","15283.00"
"28/04/2023 18:00 - 28/04/2023 19:00","CTA|SE","14413.00","15232.00"
"28/04/2023 19:00 - 28/04/2023 20:00","CTA|SE","14414.00","15025.00"
"28/04/2023 20:00 - 28/04/2023 21:00","CTA|SE","13777.00","14646.00"
"28/04/2023 21:00 - 28/04/2023 22:00","CTA|SE","13499.00","14223.00"
"28/04/2023 22:00 - 28/04/2023 23:00","CTA|SE","13691.00","13628.00"
"28/04/2023 23:00 - 29/04/2023 00:00","CTA|SE","13244.00","13399.00"
"29/04/2023 00:00 - 29/04/2023 01:00","CTA|SE","13043.00","13368.00"
"29/04/2023 01:00 - 29/04/2023 02:00","CTA|SE","13131.00","13311.00"
"29/04/2023 02:00 - 29/04/2023 03:00","CTA|SE","13132.00","13336.00"
"29/04/2023 03:00 - 29/04/2023 04:00","CTA|SE","13089.00","13325.00"
"29/04/2023 04:00 - 29/04/2023 05:00","CTA|SE","13053.00","13410.00"
"29/04/2023 05:00 - 29/04/2023 06:00","CTA|SE","13247.00","13697.00"
"29/04/2023 06:00 - 29/04/2023 07:00","CTA|SE","13608.00","14116.00"
"29/04/2023 07:00 - 29/04/2023 08:00","CTA|SE","13801.00","14355.00"
"29/04/2023 08:00 - 29/04/2023 09:00","CTA|SE","13299.00","14473.00"
"29/04/2023 09:00 - 29/04/2023 10:00","CTA|SE","13287.00","14382.00"
"29/04/2023 10:00 - 29/04/2023 11:00","CTA|SE","13105.00","14269.00"
"29/04/2023 11:00 - 29/04/2023 12:00","CTA|SE","13407.00","14071.00"
"29/04/2023 12:00 - 29/04/2023 13:00","CTA|SE","12923.00","13929.00"
"29/04/2023 13:00 - 29/04/2023 14:00","CTA|SE","12624.00","13793.00"
"29/04/2023 14:00 - 29/04/2023 15:00","CTA|SE","12863.00","13844.00"
"29/04/2023 15:00 - 29/04/2023 16:00","CTA|SE","13356.00","14043.00"
"29/04/2023 16:00 - 29/04/2023 17:00","CTA|SE","13626.00","14197.00"
"29/04/2023 17:00 - 29/04/2023 18:00","CTA|SE","13641.00","14274.00"
"29/04/2023 18:00 - 29/04/2023 19:00","CTA|SE","14048.00","14335.00"
"29/04/2023 19:00 - 29/04/2023 20:00","CTA|SE","14314.00","14235.00"
"29/04/2023 20:00 - 29/04/2023 21:00","CTA|SE","13587.00","13942.00"
"29/04/2023 21:00 - 29/04/2023 22:00","CTA|SE","13143.00","13558.00"
"29/04/2023 22:00 - 29/04/2023 23:00","CTA|SE","13028.00","13102.00"
"29/04/2023 23:00 - 30/04/2023 00:00","CTA|SE","12940.00","12952.00"
"30/04/2023 00:00 - 30/04/2023 01:00","CTA|SE","13145.00","12896.00"
"30/04/2023 01:00 - 30/04/2023 02:00","CTA|SE","12810.00","12891.00"
"30/04/2023 02:00 - 30/04/2023 03:00","CTA|SE","12329.00","12932.00"
"30/04/2023 03:00 - 30/04/2023 04:00","CTA|SE","12323.00","12952.00"
"30/04/2023 04:00 - 30/04/2023 05:00","CTA|SE","12888.00","12944.00"
"30/04/2023 05:00 - 30/04/2023 06:00","CTA|SE","13104.00","13112.00"
"30/04/2023 06:00 - 30/04/2023 07:00","CTA|SE","12971.00","13442.00"
"30/04/2023 07:00 - 30/04/2023 08:00","CTA|SE","12977.00","13707.00"
"30/04/2023 08:00 - 30/04/2023 09:00","CTA|SE","12787.00","13831.00"
"30/04/2023 09:00 - 30/04/2023 10:00","CTA|SE","12510.00","13784.00"
"30/04/2023 10:00 - 30/04/2023 11:00","CTA|SE","12290.00","13714.00"
"30/04/2023 11:00 - 30/04/2023 12:00","CTA|SE","12329.00","13555.00"
"30/04/2023 12:00 - 30/04/2023 13:00","CTA|SE","12335.00","13457.00"
"30/04/2023 13:00 - 30/04/2023 14:00","CTA|SE","12183.00","13396.00"
"30/04/2023 14:00 - 30/04/2023 15:00","CTA|SE","12663.00","13552.00"
"30/04/2023 15:00 - 30/04/2023 16:00","CTA|SE","12985.00","13890.00"
"30/04/2023 16:00 - 30/04/2023 17:00","CTA|SE","12943.00","14168.00"
"30/04/2023 17:00 - 30/04/2023 18:00","CTA|SE","13120.00","14421.00"
"30/04/2023 18:00 - 30/04/2023 19:00","CTA|SE","13599.00","14604.00"
"30/04/2023 19:00 - 30/04/2023 20:00","CTA|SE","13751.00","14555.00"
"30/04/2023 20:00 - 30/04/2023 21:00","CTA|SE","13075.00","14190.00"
"30/04/2023 21:00 - 30/04/2023 22:00","CTA|SE","12785.00","13740.00"
"30/04/2023 22:00 - 30/04/2023 23:00","CTA|SE","12464.00","13161.00"
"30/04/2023 23:00 - 01/05/2023 00:00","CTA|SE","12319.00","12977.00"
"01/05/2023 00:00 - 01/05/2023 01:00","CTA|SE","12144.00","12914.00"
"01/05/2023 01:00 - 01/05/2023 02:00","CTA|SE","12113.00","12871.00"
"01/05/2023 02:00 - 01/05/2023 03:00","CTA|SE","12295.00","12891.00"
"01/05/2023 03:00 - 01/05/2023 04:00","CTA|SE","12659.00","12878.00"
"01/05/2023 04:00 - 01/05/2023 05:00","CTA|SE","13086.00","12945.00"
"01/05/2023 05:00 - 01/05/2023 06:00","CTA|SE","13409.00","13222.00"
"01/05/2023 06:00 - 01/05/2023 07:00","CTA|SE","13048.00","13648.00"
"01/05/2023 07:00 - 01/05/2023 08:00","CTA|SE","13183.00","14043.00"
"01/05/2023 08:00 - 01/05/2023 09:00","CTA|SE","13339.00","14228.00"
"01/05/2023 09:00 - 01/05/2023 10:00","CTA|SE","12991.00","14268.00"
"01/05/2023 10:00 - 01/05/2023 11:00","CTA|SE","12859.00","14231.00"
"01/05/2023 11:00 - 01/05/2023 12:00","CTA|SE","13106.00","14044.00"
"01/05/2023 12:00 - 01/05/2023 13:00","CTA|SE","13286.00","13847.00"
"01/05/2023 13:00 - 01/05/2023 14:00","CTA|SE","13261.00","13729.00"
"01/05/2023 14:00 - 01/05/2023 15:00","CTA|SE","13433.00","13823.00"
"01/05/2023 15:00 - 01/05/2023 16:00","CTA|SE","13670.00","14088.00"
"01/05/2023 16:00 - 01/05/2023 17:00","CTA|SE","13914.00","14266.00"
"01/05/2023 17:00 - 01/05/2023 18:00","CTA|SE","13774.00","14340.00"
"01/05/2023 18:00 - 01/05/2023 19:00","CTA|SE","13667.00","14346.00"
"01/05/2023 19:00 - 01/05/2023 20:00","CTA|SE","13748.00","14203.00"
"01/05/2023 20:00 - 01/05/2023 21:00","CTA|SE","13063.00","13777.00"
"01/05/2023 21:00 - 01/05/2023 22:00","CTA|SE","12716.00","13292.00"
"01/05/2023 22:00 - 01/05/2023 23:00","CTA|SE","12257.00","13252.00"
"01/05/2023 23:00 - 02/05/2023 00:00","CTA|SE","12236.00","13015.00"
"02/05/2023 00:00 - 02/05/2023 01:00","CTA|SE","12154.00","12991.00"
"02/05/2023 01:00 - 02/05/2023 02:00","CTA|SE","12141.00","13018.00"
"02/05/2023 02:00 - 02/05/2023 03:00","CTA|SE","12145.00","13213.00"
"02/05/2023 03:00 - 02/05/2023 04:00","CTA|SE","12444.00","13698.00"
"02/05/2023 04:00 - 02/05/2023 05:00","CTA|SE","13987.00","14864.00"
"02/05/2023 05:00 - 02/05/2023 06:00","CTA|SE","15520.00","15998.00"
"02/05/2023 06:00 - 02/05/2023 07:00","CTA|SE","15302.00","16145.00"
"02/05/2023 07:00 - 02/05/2023 08:00","CTA|SE","14952.00","15832.00"
"02/05/2023 08:00 - 02/05/2023 09:00","CTA|SE","14615.00","15636.00"
"02/05/2023 09:00 - 02/05/2023 10:00","CTA|SE","14454.00","15454.00"
"02/05/2023 10:00 - 02/05/2023 11:00","CTA|SE","14168.00","15262.00"
"02/05/2023 11:00 - 02/05/2023 12:00","CTA|SE","13998.00","15061.00"
"02/05/2023 12:00 - 02/05/2023 13:00","CTA|SE","13619.00","14892.00"
"02/05/2023 13:00 - 02/05/2023 14:00","CTA|SE","13526.00","14844.00"
"02/05/2023 14:00 - 02/05/2023 15:00","CTA|SE","13744.00","14778.00"
"02/05/2023 15:00 - 02/05/2023 16:00","CTA|SE","13930.00","14979.00"
"02/05/2023 16:00 - 02/05/2023 17:00","CTA|SE","13983.00","14967.00"
"02/05/2023 17:00 - 02/05/2023 18:00","CTA|SE","14597.00","15032.00"
"02/05/2023 18:00 - 02/05/2023 19:00","CTA|SE","15001.00","15092.00"
"02/05/2023 19:00 - 02/05/2023 20:00","CTA|SE","15100.00","14925.00"
"02/05/2023 20:00 - 02/05/2023 21:00","CTA|SE","14306.00","14397.00"
"02/05/2023 21:00 - 02/05/2023 22:00","CTA|SE","13621.00","13799.00"
"02/05/2023 22:00 - 02/05/2023 23:00","CTA|SE","13205.00","13286.00"
"02/05/2023 23:00 - 03/05/2023 00:00","CTA|SE","13286.00","13035.00"
"03/05/2023 00:00 - 03/05/2023 01:00","CTA|SE","13050.00","13042.00"
"03/05/2023 01:00 - 03/05/2023 02:00","CTA|SE","12866.00","13087.00"
"03/05/2023 02:00 - 03/05/2023 03:00","CTA|SE","13110.00","13261.00"
"03/05/2023 03:00 - 03/05/2023 04:00","CTA|SE","13432.00","13797.00"
"03/05/2023 04:00 - 03/05/2023 05:00","CTA|SE","14453.00","14902.00"
"03/05/2023 05:00 - 03/05/2023 06:00","CTA|SE","15284.00","15917.00"
"03/05/2023 06:00 - 03/05/2023 07:00","CTA|SE","15148.00","15963.00"
"03/05/2023 07:00 - 03/05/2023 08:00","CTA|SE","14541.00","15591.00"
"03/05/2023 08:00 - 03/05/2023 09:00","CTA|SE","14615.00","15383.00"
"03/05/2023 09:00 - 03/05/2023 10:00","CTA|SE","14254.00","15227.00"
"03/05/2023 10:00 - 03/05/2023 11:00","CTA|SE","13917.00","15095.00"
"03/05/2023 11:00 - 03/05/2023 12:00","CTA|SE","13613.00","14986.00"
"03/05/2023 12:00 - 03/05/2023 13:00","CTA|SE","13667.00","14858.00"
"03/05/2023 13:00 - 03/05/2023 14:00","CTA|SE","13465.00","14870.00"
"03/05/2023 14:00 - 03/05/2023 15:00","CTA|SE","13800.00","14824.00"
"03/05/2023 15:00 - 03/05/2023 16:00","CTA|SE","13896.00","15024.00"
"03/05/2023 16:00 - 03/05/2023 17:00","CTA|SE","13872.00","15006.00"
"03/05/2023 17:00 - 03/05/2023 18:00","CTA|SE","13879.00","15065.00"
"03/05/2023 18:00 - 03/05/2023 19:00","CTA|SE","14517.00","15098.00"
"03/05/2023 19:00 - 03/05/2023 20:00","CTA|SE","15021.00","14910.00"
"03/05/2023 20:00 - 03/05/2023 21:00","CTA|SE","13912.00","14402.00"
"03/05/2023 21:00 - 03/05/2023 22:00","CTA|SE","13100.00","13862.00"
"03/05/2023 22:00 - 03/05/2023 23:00","CTA|SE","12918.00","13323.00"
"03/05/2023 23:00 - 04/05/2023 00:00","CTA|SE","12531.00","13141.00"
"04/05/2023 00:00 - 04/05/2023 01:00","CTA|SE","12536.00","13138.00"
"04/05/2023 01:00 - 04/05/2023 02:00","CTA|SE","12727.00","13172.00"
"04/05/2023 02:00 - 04/05/2023 03:00","CTA|SE","12792.00","13322.00"
"04/05/2023 03:00 - 04/05/2023 04:00","CTA|SE","13431.00","13755.00"
"04/05/2023 04:00 - 04/05/2023 05:00","CTA|SE","14892.00","14901.00"
"04/05/2023 05:00 - 04/05/2023 06:00","CTA|SE","15867.00","15955.00"
"04/05/2023 06:00 - 04/05/2023 07:00","CTA|SE","15658.00","16020.00"
"04/05/2023 07:00 - 04/05/2023 08:00","CTA|SE","15097.00","15713.00"
"04/05/2023 08:00 - 04/05/2023 09:00","CTA|SE","14934.00","15534.00"
"04/05/2023 09:00 - 04/05/2023 10:00","CTA|SE","14759.00","15390.00"
"04/05/2023 10:00 - 04/05/2023 11:00","CTA|SE","14402.00","15284.00"
"04/05/2023 11:00 - 04/05/2023 12:00","CTA|SE","14320.00","15175.00"
"04/05/2023 12:00 - 04/05/2023 13:00","CTA|SE","14318.00","15094.00"
"04/05/2023 13:00 - 04/05/2023 14:00","CTA|SE","14221.00","15067.00"
"04/05/2023 14:00 - 04/05/2023 15:00","CTA|SE","14248.00","15032.00"
"04/05/2023 15:00 - 04/05/2023 16:00","CTA|SE","14429.00","15208.00"
"04/05/2023 16:00 - 04/05/2023 17:00","CTA|SE","14424.00","15216.00"
"04/05/2023 17:00 - 04/05/2023 18:00","CTA|SE","14475.00","15246.00"
"04/05/2023 18:00 - 04/05/2023 19:00","CTA|SE","14718.00","15326.00"
"04/05/2023 19:00 - 04/05/2023 20:00","CTA|SE","15010.00","15204.00"
"04/05/2023 20:00 - 04/05/2023 21:00","CTA|SE","14303.00","14711.00"
"04/05/2023 21:00 - 04/05/2023 22:00","CTA|SE","13525.00","14194.00"
"04/05/2023 22:00 - 04/05/2023 23:00","CTA|SE","13027.00","13747.00"
"04/05/2023 23:00 - 05/05/2023 00:00","CTA|SE","12837.00","13570.00"
"05/05/2023 00:00 - 05/05/2023 01:00","CTA|SE","12944.00","13591.00"
"05/05/2023 01:00 - 05/05/2023 02:00","CTA|SE","13058.00","13609.00"
"05/05/2023 02:00 - 05/05/2023 03:00","CTA|SE","13143.00","13747.00"
"05/05/2023 03:00 - 05/05/2023 04:00","CTA|SE","13543.00","14178.00"
"05/05/2023 04:00 - 05/05/2023 05:00","CTA|SE","14699.00","15186.00"
"05/05/2023 05:00 - 05/05/2023 06:00","CTA|SE","15508.00","16082.00"
"05/05/2023 06:00 - 05/05/2023 07:00","CTA|SE","15208.00","16115.00"
"05/05/2023 07:00 - 05/05/2023 08:00","CTA|SE","14544.00","15909.00"
"05/05/2023 08:00 - 05/05/2023 09:00","CTA|SE","14353.00","15778.00"
"05/05/2023 09:00 - 05/05/2023 10:00","CTA|SE","14348.00","15649.00"
"05/05/2023 10:00 - 05/05/2023 11:00","CTA|SE","13973.00","15458.00"
"05/05/2023 11:00 - 05/05/2023 12:00","CTA|SE","13541.00","15146.00"
"05/05/2023 12:00 - 05/05/2023 13:00","CTA|SE","13415.00","14894.00"
"05/05/2023 13:00 - 05/05/2023 14:00","CTA|SE","13219.00","14654.00"
"05/05/2023 14:00 - 05/05/2023 15:00","CTA|SE","12907.00","14627.00"
"05/05/2023 15:00 - 05/05/2023 16:00","CTA|SE","13390.00","14824.00"
"05/05/2023 16:00 - 05/05/2023 17:00","CTA|SE","13502.00","14802.00"
"05/05/2023 17:00 - 05/05/2023 18:00","CTA|SE","13589.00","14675.00"
"05/05/2023 18:00 - 05/05/2023 19:00","CTA|SE","13741.00","14610.00"
"05/05/2023 19:00 - 05/05/2023 20:00","CTA|SE","13629.00","14539.00"
"05/05/2023 20:00 - 05/05/2023 21:00","CTA|SE","13095.00","14198.00"
"05/05/2023 21:00 - 05/05/2023 22:00","CTA|SE","12790.00","13818.00"
"05/05/2023 22:00 - 05/05/2023 23:00","CTA|SE","12329.00","13477.00"
"05/05/2023 23:00 - 06/05/2023 00:00","CTA|SE","12102.00","13303.00"
"06/05/2023 00:00 - 06/05/2023 01:00","CTA|SE","12376.00","13249.00"
"06/05/2023 01:00 - 06/05/2023 02:00","CTA|SE","12393.00","13200.00"
"06/05/2023 02:00 - 06/05/2023 03:00","CTA|SE","12286.00","13220.00"
"06/05/2023 03:00 - 06/05/2023 04:00","CTA|SE","12517.00","13155.00"
"06/05/2023 04:00 - 06/05/2023 05:00","CTA|SE","12507.00","13228.00"
"06/05/2023 05:00 - 06/05/2023 06:00","CTA|SE","12847.00","13385.00"
"06/05/2023 06:00 - 06/05/2023 07:00","CTA|SE","12923.00","13671.00"
"06/05/2023 07:00 - 06/05/2023 08:00","CTA|SE","12923.00","13891.00"
"06/05/2023 08:00 - 06/05/2023 09:00","CTA|SE","12754.00","13890.00"
"06/05/2023 09:00 - 06/05/2023 10:00","CTA|SE","12124.00","13792.00"
"06/05/2023 10:00 - 06/05/2023 11:00","CTA|SE","11576.00","13608.00"
"06/05/2023 11:00 - 06/05/2023 12:00","CTA|SE","11679.00","13444.00"
"06/05/2023 12:00 - 06/05/2023 13:00","CTA|SE","11681.00","13234.00"
"06/05/2023 13:00 - 06/05/2023 14:00","CTA|SE","11698.00","13094.00"
"06/05/2023 14:00 - 06/05/2023 15:00","CTA|SE","11961.00","13218.00"
"06/05/2023 15:00 - 06/05/2023 16:00","CTA|SE","12499.00","13562.00"
"06/05/2023 16:00 - 06/05/2023 17:00","CTA|SE","12778.00","13778.00"
"06/05/2023 17:00 - 06/05/2023 18:00","CTA|SE","13081.00","13838.00"
"06/05/2023 18:00 - 06/05/2023 19:00","CTA|SE","13424.00","13885.00"
"06/05/2023 19:00 - 06/05/2023 20:00","CTA|SE","13413.00","13860.00"
"06/05/2023 20:00 - 06/05/2023 21:00","CTA|SE","13109.00","13578.00"
"06/05/2023 21:00 - 06/05/2023 22:00","CTA|SE","12913.00","13294.00"
"06/05/2023 22:00 - 06/05/2023 23:00","CTA|SE","12809.00","12907.00"
"06/05/2023 23:00 - 07/05/2023 00:00","CTA|SE","12565.00","12725.00"
"07/05/2023 00:00 - 07/05/2023 01:00","CTA|SE","12518.00","12654.00"
"07/05/2023 01:00 - 07/05/2023 02:00","CTA|SE","12493.00","12629.00"
"07/05/2023 02:00 - 07/05/2023 03:00","CTA|SE","12528.00","12655.00"
"07/05/2023 03:00 - 07/05/2023 04:00","CTA|SE","12248.00","12591.00"
"07/05/2023 04:00 - 07/05/2023 05:00","CTA|SE","12278.00","12567.00"
"07/05/2023 05:00 - 07/05/2023 06:00","CTA|SE","12425.00","12619.00"
"07/05/2023 06:00 - 07/05/2023 07:00","CTA|SE","12600.00","12861.00"
"07/05/2023 07:00 - 07/05/2023 08:00","CTA|SE","12630.00","13115.00"
"07/05/2023 08:00 - 07/05/2023 09:00","CTA|SE","12154.00","13239.00"
"07/05/2023 09:00 - 07/05/2023 10:00","CTA|SE","12011.00","13245.00"
"07/05/2023 10:00 - 07/05/2023 11:00","CTA|SE","11814.00","13154.00"
"07/05/2023 11:00 - 07/05/2023 12:00","CTA|SE","11663.00","12977.00"
"07/05/2023 12:00 - 07/05/2023 13:00","CTA|SE","11749.00","12808.00"
"07/05/2023 13:00 - 07/05/2023 14:00","CTA|SE","11632.00","12688.00"
"07/05/2023 14:00 - 07/05/2023 15:00","CTA|SE","11915.00","12756.00"
"07/05/2023 15:00 - 07/05/2023 16:00","CTA|SE","12303.00","13059.00"
"07/05/2023 16:00 - 07/05/2023 17:00","CTA|SE","12802.00","13230.00"
"07/05/2023 17:00 - 07/05/2023 18:00","CTA|SE","13249.00","13359.00"
"07/05/2023 18:00 - 07/05/2023 19:00","CTA|SE","13633.00","13499.00"
"07/05/2023 19:00 - 07/05/2023 20:00","CTA|SE","13508.00","13556.00"
"07/05/2023 20:00 - 07/05/2023 21:00","CTA|SE","12993.00","13249.00"
"07/05/2023 21:00 - 07/05/2023 22:00","CTA|SE","12520.00","12862.00"
"07/05/2023 22:00 - 07/05/2023 23:00","CTA|SE","12350.00","12762.00"
"07/05/2023 23:00 - 08/05/2023 00:00","CTA|SE","12290.00","12649.00"
"08/05/2023 00:00 - 08/05/2023 01:00","CTA|SE","12257.00","12682.00"
"08/05/2023 01:00 - 08/05/2023 02:00","CTA|SE","12639.00","12736.00"
"08/05/2023 02:00 - 08/05/2023 03:00","CTA|SE","12854.00","12894.00"
"08/05/2023 03:00 - 08/05/2023 04:00","CTA|SE","13134.00","13322.00"
"08/05/2023 04:00 - 08/05/2023 05:00","CTA|SE","14409.00","14359.00"
"08/05/2023 05:00 - 08/05/2023 06:00","CTA|SE","15457.00","15195.00"
"08/05/2023 06:00 - 08/05/2023 07:00","CTA|SE","14942.00","15190.00"
"08/05/2023 07:00 - 08/05/2023 08:00","CTA|SE","14616.00","14922.00"
"08/05/2023 08:00 - 08/05/2023 09:00","CTA|SE","14180.00","14707.00"
"08/05/2023 09:00 - 08/05/2023 10:00","CTA|SE","13865.00","14555.00"
"08/05/2023 10:00 - 08/05/2023 11:00","CTA|SE","13622.00","14347.00"
"08/05/2023 11:00 - 08/05/2023 12:00","CTA|SE","13332.00","14127.00"
"08/05/2023 12:00 - 08/05/2023 13:00","CTA|SE","13062.00","13992.00"
"08/05/2023 13:00 - 08/05/2023 14:00","CTA|SE","13063.00","13892.00"
"08/05/2023 14:00 - 08/05/2023 15:00","CTA|SE","13178.00","13810.00"
"08/05/2023 15:00 - 08/05/2023 16:00","CTA|SE","13752.00","13969.00"
"08/05/2023 16:00 - 08/05/2023 17:00","CTA|SE","13866.00","13901.00"
"08/05/2023 17:00 - 08/05/2023 18:00","CTA|SE","14069.00","13919.00"
"08/05/2023 18:00 - 08/05/2023 19:00","CTA|SE","13885.00","14016.00"
"08/05/2023 19:00 - 08/05/2023 20:00","CTA|SE","13796.00","13888.00"
"08/05/2023 20:00 - 08/05/2023 21:00","CTA|SE","13401.00","13391.00"
"08/05/2023 21:00 - 08/05/2023 22:00","CTA|SE","12676.00","12813.00"
"08/05/2023 22:00 - 08/05/2023 23:00","CTA|SE","12188.00","12325.00"
"08/05/2023 23:00 - 09/05/2023 00:00","CTA|SE","11905.00","12153.00"
"09/05/2023 00:00 - 09/05/2023 01:00","CTA|SE","11629.00","12118.00"
"09/05/2023 01:00 - 09/05/2023 02:00","CTA|SE","11409.00","12162.00"
"09/05/2023 02:00 - 09/05/2023 03:00","CTA|SE","11470.00","12303.00"
"09/05/2023 03:00 - 09/05/2023 04:00","CTA|SE","11605.00","12707.00"
"09/05/2023 04:00 - 09/05/2023 05:00","CTA|SE","12879.00","13715.00"
"09/05/2023 05:00 - 09/05/2023 06:00","CTA|SE","14046.00","14525.00"
"09/05/2023 06:00 - 09/05/2023 07:00","CTA|SE","14149.00","14489.00"
"09/05/2023 07:00 - 09/05/2023 08:00","CTA|SE","13385.00","14218.00"
"09/05/2023 08:00 - 09/05/2023 09:00","CTA|SE","13186.00","14043.00"
"09/05/2023 09:00 - 09/05/2023 10:00","CTA|SE","12672.00","13878.00"
"09/05/2023 10:00 - 09/05/2023 11:00","CTA|SE","12731.00","13703.00"
"09/05/2023 11:00 - 09/05/2023 12:00","CTA|SE","12661.00","13479.00"
"09/05/2023 12:00 - 09/05/2023 13:00","CTA|SE","12453.00","13303.00"
"09/05/2023 13:00 - 09/05/2023 14:00","CTA|SE","12894.00","13246.00"
"09/05/2023 14:00 - 09/05/2023 15:00","CTA|SE","12733.00","13205.00"
"09/05/2023 15:00 - 09/05/2023 16:00","CTA|SE","13200.00","13400.00"
"09/05/2023 16:00 - 09/05/2023 17:00","CTA|SE","13571.00","13411.00"
"09/05/2023 17:00 - 09/05/2023 18:00","CTA|SE","14087.00","13458.00"
"09/05/2023 18:00 - 09/05/2023 19:00","CTA|SE","13918.00","13554.00"
"09/05/2023 19:00 - 09/05/2023 20:00","CTA|SE","13612.00","13543.00"
"09/05/2023 20:00 - 09/05/2023 21:00","CTA|SE","12796.00","13065.00"
"09/05/2023 21:00 - 09/05/2023 22:00","CTA|SE","12496.00","12489.00"
"09/05/2023 22:00 - 09/05/2023 23:00","CTA|SE","11748.00","11999.00"
"09/05/2023 23:00 - 10/05/2023 00:00","CTA|SE","11560.00","11829.00"
"10/05/2023 00:00 - 10/05/2023 01:00","CTA|SE","11317.00","11774.00"
"10/05/2023 01:00 - 10/05/2023 02:00","CTA|SE","11064.00","11795.00"
"10/05/2023 02:00 - 10/05/2023 03:00","CTA|SE","10951.00","11927.00"
"10/05/2023 03:00 - 10/05/2023 04:00","CTA|SE","10890.00","12335.00"
"10/05/2023 04:00 - 10/05/2023 05:00","CTA|SE","12961.00","13355.00"
"10/05/2023 05:00 - 10/05/2023 06:00","CTA|SE","14769.00","14220.00"
"10/05/2023 06:00 - 10/05/2023 07:00","CTA|SE","15108.00","14211.00"
"10/05/2023 07:00 - 10/05/2023 08:00","CTA|SE","14208.00","13966.00"
"10/05/2023 08:00 - 10/05/2023 09:00","CTA|SE","12970.00","13797.00"
"10/05/2023 09:00 - 10/05/2023 10:00","CTA|SE","12451.00","13623.00"
"10/05/2023 10:00 - 10/05/2023 11:00","CTA|SE","12971.00","13464.00"
"10/05/2023 11:00 - 10/05/2023 12:00","CTA|SE","13167.00","13253.00"
"10/05/2023 12:00 - 10/05/2023 13:00","CTA|SE","12892.00","13135.00"
"10/05/2023 13:00 - 10/05/2023 14:00","CTA|SE","12925.00","13088.00"
"10/05/2023 14:00 - 10/05/2023 15:00","CTA|SE","12826.00","13082.00"
"10/05/2023 15:00 - 10/05/2023 16:00","CTA|SE","13736.00","13322.00"
"10/05/2023 16:00 - 10/05/2023 17:00","CTA|SE","13985.00","13347.00"
"10/05/2023 17:00 - 10/05/2023 18:00","CTA|SE","14108.00","13374.00"
"10/05/2023 18:00 - 10/05/2023 19:00","CTA|SE","14192.00","13454.00"
"10/05/2023 19:00 - 10/05/2023 20:00","CTA|SE","13743.00","13417.00"
"10/05/2023 20:00 - 10/05/2023 21:00","CTA|SE","13062.00","12980.00"
"10/05/2023 21:00 - 10/05/2023 22:00","CTA|SE","12481.00","12399.00"
"10/05/2023 22:00 - 10/05/2023 23:00","CTA|SE","12265.00","11800.00"
"10/05/2023 23:00 - 11/05/2023 00:00","CTA|SE","11645.00","11610.00"
"11/05/2023 00:00 - 11/05/2023 01:00","CTA|SE","11643.00","11567.00"
"11/05/2023 01:00 - 11/05/2023 02:00","CTA|SE","11634.00","11585.00"
"11/05/2023 02:00 - 11/05/2023 03:00","CTA|SE","11687.00","11698.00"
"11/05/2023 03:00 - 11/05/2023 04:00","CTA|SE","11798.00","12050.00"
"11/05/2023 04:00 - 11/05/2023 05:00","CTA|SE","13010.00","13050.00"
"11/05/2023 05:00 - 11/05/2023 06:00","CTA|SE","14864.00","13927.00"
"11/05/2023 06:00 - 11/05/2023 07:00","CTA|SE","15195.00","13916.00"
"11/05/2023 07:00 - 11/05/2023 08:00","CTA|SE","14577.00","13636.00"
"11/05/2023 08:00 - 11/05/2023 09:00","CTA|SE","13361.00","13412.00"
"11/05/2023 09:00 - 11/05/2023 10:00","CTA|SE","12608.00","13266.00"
"11/05/2023 10:00 - 11/05/2023 11:00","CTA|SE","12812.00","13110.00"
"11/05/2023 11:00 - 11/05/2023 12:00","CTA|SE","13197.00","12920.00"
"11/05/2023 12:00 - 11/05/2023 13:00","CTA|SE","13319.00","12800.00"
"11/05/2023 13:00 - 11/05/2023 14:00","CTA|SE","13007.00","12758.00"
"11/05/2023 14:00 - 11/05/2023 15:00","CTA|SE","13169.00","12715.00"
"11/05/2023 15:00 - 11/05/2023 16:00","CTA|SE","13091.00","12921.00"
"11/05/2023 16:00 - 11/05/2023 17:00","CTA|SE","13301.00","12942.00"
"11/05/2023 17:00 - 11/05/2023 18:00","CTA|SE","13532.00","13011.00"
"11/05/2023 18:00 - 11/05/2023 19:00","CTA|SE","13685.00","13102.00"
"11/05/2023 19:00 - 11/05/2023 20:00","CTA|SE","13499.00","13064.00"
"11/05/2023 20:00 - 11/05/2023 21:00","CTA|SE","13265.00","12656.00"
"11/05/2023 21:00 - 11/05/2023 22:00","CTA|SE","12285.00","12115.00"
"11/05/2023 22:00 - 11/05/2023 23:00","CTA|SE","11764.00","11731.00"
"11/05/2023 23:00 - 12/05/2023 00:00","CTA|SE","11414.00","11525.00"
"12/05/2023 00:00 - 12/05/2023 01:00","CTA|SE","11354.00","11512.00"
"12/05/2023 01:00 - 12/05/2023 02:00","CTA|SE","11261.00","11558.00"
"12/05/2023 02:00 - 12/05/2023 03:00","CTA|SE","11312.00","11690.00"
"12/05/2023 03:00 - 12/05/2023 04:00","CTA|SE","11622.00","12040.00"
"12/05/2023 04:00 - 12/05/2023 05:00","CTA|SE","13054.00","12974.00"
"12/05/2023 05:00 - 12/05/2023 06:00","CTA|SE","14329.00","13814.00"
"12/05/2023 06:00 - 12/05/2023 07:00","CTA|SE","14351.00","13794.00"
"12/05/2023 07:00 - 12/05/2023 08:00","CTA|SE","14097.00","13487.00"
"12/05/2023 08:00 - 12/05/2023 09:00","CTA|SE","14377.00","13274.00"
"12/05/2023 09:00 - 12/05/2023 10:00","CTA|SE","13681.00","13123.00"
"12/05/2023 10:00 - 12/05/2023 11:00","CTA|SE","13646.00","12875.00"
"12/05/2023 11:00 - 12/05/2023 12:00","CTA|SE","13145.00","12540.00"
"12/05/2023 12:00 - 12/05/2023 13:00","CTA|SE","12812.00","12273.00"
"12/05/2023 13:00 - 12/05/2023 14:00","CTA|SE","12782.00","12080.00"
"12/05/2023 14:00 - 12/05/2023 15:00","CTA|SE","12819.00","12027.00"
"12/05/2023 15:00 - 12/05/2023 16:00","CTA|SE","13062.00","12196.00"
"12/05/2023 16:00 - 12/05/2023 17:00","CTA|SE","13077.00","12196.00"
"12/05/2023 17:00 - 12/05/2023 18:00","CTA|SE","12806.00","12123.00"
"12/05/2023 18:00 - 12/05/2023 19:00","CTA|SE","12493.00","12105.00"
"12/05/2023 19:00 - 12/05/2023 20:00","CTA|SE","12179.00","12077.00"
"12/05/2023 20:00 - 12/05/2023 21:00","CTA|SE","11796.00","11814.00"
"12/05/2023 21:00 - 12/05/2023 22:00","CTA|SE","11180.00","11447.00"
"12/05/2023 22:00 - 12/05/2023 23:00","CTA|SE","10774.00","11198.00"
"12/05/2023 23:00 - 13/05/2023 00:00","CTA|SE","10716.00","11064.00"
"13/05/2023 00:00 - 13/05/2023 01:00","CTA|SE","10705.00","11036.00"
"13/05/2023 01:00 - 13/05/2023 02:00","CTA|SE","10705.00","11008.00"
"13/05/2023 02:00 - 13/05/2023 03:00","CTA|SE","10755.00","10970.00"
"13/05/2023 03:00 - 13/05/2023 04:00","CTA|SE","10554.00","10943.00"
"13/05/2023 04:00 - 13/05/2023 05:00","CTA|SE","10485.00","10963.00"
"13/05/2023 05:00 - 13/05/2023 06:00","CTA|SE","10664.00","11094.00"
"13/05/2023 06:00 - 13/05/2023 07:00","CTA|SE","11082.00","11284.00"
"13/05/2023 07:00 - 13/05/2023 08:00","CTA|SE","11495.00","11469.00"
"13/05/2023 08:00 - 13/05/2023 09:00","CTA|SE","11537.00","11494.00"
"13/05/2023 09:00 - 13/05/2023 10:00","CTA|SE","11436.00","11449.00"
"13/05/2023 10:00 - 13/05/2023 11:00","CTA|SE","11232.00","11366.00"
"13/05/2023 11:00 - 13/05/2023 12:00","CTA|SE","10995.00","11289.00"
"13/05/2023 12:00 - 13/05/2023 13:00","CTA|SE","11008.00","11204.00"
"13/05/2023 13:00 - 13/05/2023 14:00","CTA|SE","10876.00","11173.00"
"13/05/2023 14:00 - 13/05/2023 15:00","CTA|SE","11165.00","11228.00"
"13/05/2023 15:00 - 13/05/2023 16:00","CTA|SE","11555.00","11379.00"
"13/05/2023 16:00 - 13/05/2023 17:00","CTA|SE","11781.00","11441.00"
"13/05/2023 17:00 - 13/05/2023 18:00","CTA|SE","11899.00","11432.00"
"13/05/2023 18:00 - 13/05/2023 19:00","CTA|SE","11984.00","11452.00"
"13/05/2023 19:00 - 13/05/2023 20:00","CTA|SE","11813.00","11488.00"
"13/05/2023 20:00 - 13/05/2023 21:00","CTA|SE","11229.00","11327.00"
"13/05/2023 21:00 - 13/05/2023 22:00","CTA|SE","11158.00","11081.00"
"13/05/2023 22:00 - 13/05/2023 23:00","CTA|SE","11196.00","10906.00"
"13/05/2023 23:00 - 14/05/2023 00:00","CTA|SE","10992.00","10764.00"
"14/05/2023 00:00 - 14/05/2023 01:00","CTA|SE","10688.00","10756.00"
"14/05/2023 01:00 - 14/05/2023 02:00","CTA|SE","10343.00","10739.00"
"14/05/2023 02:00 - 14/05/2023 03:00","CTA|SE","10229.00","10735.00"
"14/05/2023 03:00 - 14/05/2023 04:00","CTA|SE","9899.00","10659.00"
"14/05/2023 04:00 - 14/05/2023 05:00","CTA|SE","9842.00","10602.00"
"14/05/2023 05:00 - 14/05/2023 06:00","CTA|SE","10309.00","10711.00"
"14/05/2023 06:00 - 14/05/2023 07:00","CTA|SE","10808.00","10921.00"
"14/05/2023 07:00 - 14/05/2023 08:00","CTA|SE","11060.00","11152.00"
"14/05/2023 08:00 - 14/05/2023 09:00","CTA|SE","11055.00","11272.00"
"14/05/2023 09:00 - 14/05/2023 10:00","CTA|SE","11321.00","11360.00"
"14/05/2023 10:00 - 14/05/2023 11:00","CTA|SE","11482.00","11327.00"
"14/05/2023 11:00 - 14/05/2023 12:00","CTA|SE","11589.00","11289.00"
"14/05/2023 12:00 - 14/05/2023 13:00","CTA|SE","11973.00","11259.00"
"14/05/2023 13:00 - 14/05/2023 14:00","CTA|SE","11833.00","11186.00"
"14/05/2023 14:00 - 14/05/2023 15:00","CTA|SE","11922.00","11247.00"
"14/05/2023 15:00 - 14/05/2023 16:00","CTA|SE","12400.00","11426.00"
"14/05/2023 16:00 - 14/05/2023 17:00","CTA|SE","12719.00","11569.00"
"14/05/2023 17:00 - 14/05/2023 18:00","CTA|SE","12671.00","11662.00"
"14/05/2023 18:00 - 14/05/2023 19:00","CTA|SE","12599.00","11777.00"
"14/05/2023 19:00 - 14/05/2023 20:00","CTA|SE","12743.00","11827.00"
"14/05/2023 20:00 - 14/05/2023 21:00","CTA|SE","12171.00","11616.00"
"14/05/2023 21:00 - 14/05/2023 22:00","CTA|SE","11546.00","11278.00"
"14/05/2023 22:00 - 14/05/2023 23:00","CTA|SE","11222.00","11143.00"
"14/05/2023 23:00 - 15/05/2023 00:00","CTA|SE","11520.00","11045.00"
"15/05/2023 00:00 - 15/05/2023 01:00","CTA|SE","11500.00","11069.00"
"15/05/2023 01:00 - 15/05/2023 02:00","CTA|SE","11325.00","11147.00"
"15/05/2023 02:00 - 15/05/2023 03:00","CTA|SE","11119.00","11267.00"
"15/05/2023 03:00 - 15/05/2023 04:00","CTA|SE","11162.00","11644.00"
"15/05/2023 04:00 - 15/05/2023 05:00","CTA|SE","11986.00","12675.00"
"15/05/2023 05:00 - 15/05/2023 06:00","CTA|SE","13082.00","13566.00"
"15/05/2023 06:00 - 15/05/2023 07:00","CTA|SE","13588.00","13664.00"
"15/05/2023 07:00 - 15/05/2023 08:00","CTA|SE","14001.00","13533.00"
"15/05/2023 08:00 - 15/05/2023 09:00","CTA|SE","14100.00","13450.00"
"15/05/2023 09:00 - 15/05/2023 10:00","CTA|SE","13717.00","13466.00"
"15/05/2023 10:00 - 15/05/2023 11:00","CTA|SE","13708.00","13434.00"
"15/05/2023 11:00 - 15/05/2023 12:00","CTA|SE","13078.00","13296.00"
"15/05/2023 12:00 - 15/05/2023 13:00","CTA|SE","13416.00","13239.00"
"15/05/2023 13:00 - 15/05/2023 14:00","CTA|SE","13655.00","13157.00"
"15/05/2023 14:00 - 15/05/2023 15:00","CTA|SE","13625.00","13072.00"
"15/05/2023 15:00 - 15/05/2023 16:00","CTA|SE","13949.00","13222.00"
"15/05/2023 16:00 - 15/05/2023 17:00","CTA|SE","13010.00","13129.00"
"15/05/2023 17:00 - 15/05/2023 18:00","CTA|SE","13147.00","13055.00"
"15/05/2023 18:00 - 15/05/2023 19:00","CTA|SE","13332.00","13043.00"
"15/05/2023 19:00 - 15/05/2023 20:00","CTA|SE","13049.00","12895.00"
"15/05/2023 20:00 - 15/05/2023 21:00","CTA|SE","12877.00","12463.00"
"15/05/2023 21:00 - 15/05/2023 22:00","CTA|SE","12238.00","11919.00"
"15/05/2023 22:00 - 15/05/2023 23:00","CTA|SE","11677.00","11485.00"
"15/05/2023 23:00 - 16/05/2023 00:00","CTA|SE","11503.00","11256.00"
"16/05/2023 00:00 - 16/05/2023 01:00","CTA|SE","11195.00","11164.00"
"16/05/2023 01:00 - 16/05/2023 02:00","CTA|SE","10904.00","11163.00"
"16/05/2023 02:00 - 16/05/2023 03:00","CTA|SE","11287.00","11209.00"
"16/05/2023 03:00 - 16/05/2023 04:00","CTA|SE","11775.00","11576.00"
"16/05/2023 04:00 - 16/05/2023 05:00","CTA|SE","12909.00","12722.00"
"16/05/2023 05:00 - 16/05/2023 06:00","CTA|SE","13821.00","13846.00"
"16/05/2023 06:00 - 16/05/2023 07:00","CTA|SE","14406.00","14109.00"
"16/05/2023 07:00 - 16/05/2023 08:00","CTA|SE","14538.00","14106.00"
"16/05/2023 08:00 - 16/05/2023 09:00","CTA|SE","14597.00","14093.00"
"16/05/2023 09:00 - 16/05/2023 10:00","CTA|SE","14237.00","14061.00"
"16/05/2023 10:00 - 16/05/2023 11:00","CTA|SE","13836.00","14011.00"
"16/05/2023 11:00 - 16/05/2023 12:00","CTA|SE","13784.00","13914.00"
"16/05/2023 12:00 - 16/05/2023 13:00","CTA|SE","13555.00","13816.00"
"16/05/2023 13:00 - 16/05/2023 14:00","CTA|SE","13491.00","13785.00"
"16/05/2023 14:00 - 16/05/2023 15:00","CTA|SE","13690.00","13645.00"
"16/05/2023 15:00 - 16/05/2023 16:00","CTA|SE","13722.00","13717.00"
"16/05/2023 16:00 - 16/05/2023 17:00","CTA|SE","13847.00","13604.00"
"16/05/2023 17:00 - 16/05/2023 18:00","CTA|SE","14233.00","13481.00"
"16/05/2023 18:00 - 16/05/2023 19:00","CTA|SE","13664.00","13405.00"
"16/05/2023 19:00 - 16/05/2023 20:00","CTA|SE","13380.00","13272.00"
"16/05/2023 20:00 - 16/05/2023 21:00","CTA|SE","12737.00","12787.00"
"16/05/2023 21:00 - 16/05/2023 22:00","CTA|SE","11936.00","12196.00"
"16/05/2023 22:00 - 16/05/2023 23:00","CTA|SE","11554.00","11784.00"
"16/05/2023 23:00 - 17/05/2023 00:00","CTA|SE","11844.00","11557.00"
"17/05/2023 00:00 - 17/05/2023 01:00","CTA|SE","11482.00","11493.00"
"17/05/2023 01:00 - 17/05/2023 02:00","CTA|SE","11176.00","11506.00"
"17/05/2023 02:00 - 17/05/2023 03:00","CTA|SE","11591.00","11612.00"
"17/05/2023 03:00 - 17/05/2023 04:00","CTA|SE","11915.00","12045.00"
"17/05/2023 04:00 - 17/05/2023 05:00","CTA|SE","12957.00","13280.00"
"17/05/2023 05:00 - 17/05/2023 06:00","CTA|SE","14337.00","14471.00"
"17/05/2023 06:00 - 17/05/2023 07:00","CTA|SE","15050.00","14859.00"
"17/05/2023 07:00 - 17/05/2023 08:00","CTA|SE","15068.00","14954.00"
"17/05/2023 08:00 - 17/05/2023 09:00","CTA|SE","15443.00","15021.00"
"17/05/2023 09:00 - 17/05/2023 10:00","CTA|SE","15192.00","15066.00"
"17/05/2023 10:00 - 17/05/2023 11:00","CTA|SE","14789.00","15049.00"
"17/05/2023 11:00 - 17/05/2023 12:00","CTA|SE","14758.00","14918.00"
"17/05/2023 12:00 - 17/05/2023 13:00","CTA|SE","14568.00","14658.00"
"17/05/2023 13:00 - 17/05/2023 14:00","CTA|SE","14107.00","14455.00"
"17/05/2023 14:00 - 17/05/2023 15:00","CTA|SE","13501.00","14311.00"
"17/05/2023 15:00 - 17/05/2023 16:00","CTA|SE","13650.00","14326.00"
"17/05/2023 16:00 - 17/05/2023 17:00","CTA|SE","13453.00","14156.00"
"17/05/2023 17:00 - 17/05/2023 18:00","CTA|SE","13198.00","14028.00"
"17/05/2023 18:00 - 17/05/2023 19:00","CTA|SE","13429.00","13999.00"
"17/05/2023 19:00 - 17/05/2023 20:00","CTA|SE","13095.00","13880.00"
"17/05/2023 20:00 - 17/05/2023 21:00","CTA|SE","12812.00","13442.00"
"17/05/2023 21:00 - 17/05/2023 22:00","CTA|SE","11940.00","12871.00"
"17/05/2023 22:00 - 17/05/2023 23:00","CTA|SE","11924.00","12200.00"
"17/05/2023 23:00 - 18/05/2023 00:00","CTA|SE","11462.00","11994.00"
"18/05/2023 00:00 - 18/05/2023 01:00","CTA|SE","11567.00","11930.00"
"18/05/2023 01:00 - 18/05/2023 02:00","CTA|SE","11578.00","11932.00"
"18/05/2023 02:00 - 18/05/2023 03:00","CTA|SE","11364.00","11884.00"
"18/05/2023 03:00 - 18/05/2023 04:00","CTA|SE","11363.00","11861.00"
"18/05/2023 04:00 - 18/05/2023 05:00","CTA|SE","11674.00","12019.00"
"18/05/2023 05:00 - 18/05/2023 06:00","CTA|SE","11952.00","12283.00"
"18/05/2023 06:00 - 18/05/2023 07:00","CTA|SE","12130.00","12693.00"
"18/05/2023 07:00 - 18/05/2023 08:00","CTA|SE","12568.00","13007.00"
"18/05/2023 08:00 - 18/05/2023 09:00","CTA|SE","12726.00","13151.00"
"18/05/2023 09:00 - 18/05/2023 10:00","CTA|SE","12949.00","13173.00"
"18/05/2023 10:00 - 18/05/2023 11:00","CTA|SE","12964.00","13089.00"
"18/05/2023 11:00 - 18/05/2023 12:00","CTA|SE","12889.00","12957.00"
"18/05/2023 12:00 - 18/05/2023 13:00","CTA|SE","12429.00","12826.00"
"18/05/2023 13:00 - 18/05/2023 14:00","CTA|SE","12222.00","12716.00"
"18/05/2023 14:00 - 18/05/2023 15:00","CTA|SE","12341.00","12753.00"
"18/05/2023 15:00 - 18/05/2023 16:00","CTA|SE","12670.00","12986.00"
"18/05/2023 16:00 - 18/05/2023 17:00","CTA|SE","12723.00","13082.00"
"18/05/2023 17:00 - 18/05/2023 18:00","CTA|SE","12735.00","13030.00"
"18/05/2023 18:00 - 18/05/2023 19:00","CTA|SE","12728.00","13044.00"
"18/05/2023 19:00 - 18/05/2023 20:00","CTA|SE","12794.00","13041.00"
"18/05/2023 20:00 - 18/05/2023 21:00","CTA|SE","12628.00","12830.00"
"18/05/2023 21:00 - 18/05/2023 22:00","CTA|SE","12039.00","12429.00"
"18/05/2023 22:00 - 18/05/2023 23:00","CTA|SE","11686.00","12227.00"
"18/05/2023 23:00 - 19/05/2023 00:00","CTA|SE","11636.00","11991.00"
"19/05/2023 00:00 - 19/05/2023 01:00","CTA|SE","11946.00","11951.00"
"19/05/2023 01:00 - 19/05/2023 02:00","CTA|SE","12069.00","11948.00"
"19/05/2023 02:00 - 19/05/2023 03:00","CTA|SE","12191.00","11978.00"
"19/05/2023 03:00 - 19/05/2023 04:00","CTA|SE","12000.00","12231.00"
"19/05/2023 04:00 - 19/05/2023 05:00","CTA|SE","12252.00","13031.00"
"19/05/2023 05:00 - 19/05/2023 06:00","CTA|SE","12691.00","13731.00"
"19/05/2023 06:00 - 19/05/2023 07:00","CTA|SE","12918.00","13950.00"
"19/05/2023 07:00 - 19/05/2023 08:00","CTA|SE","12834.00","13880.00"
"19/05/2023 08:00 - 19/05/2023 09:00","CTA|SE","12501.00","13782.00"
"19/05/2023 09:00 - 19/05/2023 10:00","CTA|SE","12261.00","13664.00"
"19/05/2023 10:00 - 19/05/2023 11:00","CTA|SE","12262.00","13440.00"
"19/05/2023 11:00 - 19/05/2023 12:00","CTA|SE","12235.00","13145.00"
"19/05/2023 12:00 - 19/05/2023 13:00","CTA|SE","12416.00","12932.00"
"19/05/2023 13:00 - 19/05/2023 14:00","CTA|SE","12370.00","12772.00"
"19/05/2023 14:00 - 19/05/2023 15:00","CTA|SE","12253.00","12727.00"
"19/05/2023 15:00 - 19/05/2023 16:00","CTA|SE","12333.00","12859.00"
"19/05/2023 16:00 - 19/05/2023 17:00","CTA|SE","12456.00","12807.00"
"19/05/2023 17:00 - 19/05/2023 18:00","CTA|SE","12452.00","12668.00"
"19/05/2023 18:00 - 19/05/2023 19:00","CTA|SE","12399.00","12561.00"
"19/05/2023 19:00 - 19/05/2023 20:00","CTA|SE","12122.00","12527.00"
"19/05/2023 20:00 - 19/05/2023 21:00","CTA|SE","11733.00","12318.00"
"19/05/2023 21:00 - 19/05/2023 22:00","CTA|SE","11335.00","11911.00"
"19/05/2023 22:00 - 19/05/2023 23:00","CTA|SE","11076.00","11630.00"
"19/05/2023 23:00 - 20/05/2023 00:00","CTA|SE","10862.00","11477.00"
"20/05/2023 00:00 - 20/05/2023 01:00","CTA|SE","10655.00","11434.00"
"20/05/2023 01:00 - 20/05/2023 02:00","CTA|SE","10901.00","11388.00"
"20/05/2023 02:00 - 20/05/2023 03:00","CTA|SE","10901.00","11281.00"
"20/05/2023 03:00 - 20/05/2023 04:00","CTA|SE","10350.00","11224.00"
"20/05/2023 04:00 - 20/05/2023 05:00","CTA|SE","10609.00","11260.00"
"20/05/2023 05:00 - 20/05/2023 06:00","CTA|SE","11162.00","11441.00"
"20/05/2023 06:00 - 20/05/2023 07:00","CTA|SE","11215.00","11766.00"
"20/05/2023 07:00 - 20/05/2023 08:00","CTA|SE","11052.00","12029.00"
"20/05/2023 08:00 - 20/05/2023 09:00","CTA|SE","10951.00","12107.00"
"20/05/2023 09:00 - 20/05/2023 10:00","CTA|SE","10777.00","12074.00"
"20/05/2023 10:00 - 20/05/2023 11:00","CTA|SE","10902.00","11897.00"
"20/05/2023 11:00 - 20/05/2023 12:00","CTA|SE","10759.00","11737.00"
"20/05/2023 12:00 - 20/05/2023 13:00","CTA|SE","10727.00","11591.00"
"20/05/2023 13:00 - 20/05/2023 14:00","CTA|SE","10758.00","11523.00"
"20/05/2023 14:00 - 20/05/2023 15:00","CTA|SE","11053.00","11619.00"
"20/05/2023 15:00 - 20/05/2023 16:00","CTA|SE","11476.00","11868.00"
"20/05/2023 16:00 - 20/05/2023 17:00","CTA|SE","11520.00","11992.00"
"20/05/2023 17:00 - 20/05/2023 18:00","CTA|SE","11898.00","11963.00"
"20/05/2023 18:00 - 20/05/2023 19:00","CTA|SE","11905.00","11934.00"
"20/05/2023 19:00 - 20/05/2023 20:00","CTA|SE","11627.00","11959.00"
"20/05/2023 20:00 - 20/05/2023 21:00","CTA|SE","11225.00","11820.00"
"20/05/2023 21:00 - 20/05/2023 22:00","CTA|SE","10837.00","11545.00"
"20/05/2023 22:00 - 20/05/2023 23:00","CTA|SE","10607.00","11218.00"
"20/05/2023 23:00 - 21/05/2023 00:00","CTA|SE","10524.00","11019.00"
"21/05/2023 00:00 - 21/05/2023 01:00","CTA|SE","10491.00","10954.00"
"21/05/2023 01:00 - 21/05/2023 02:00","CTA|SE","10284.00","10890.00"
"21/05/2023 02:00 - 21/05/2023 03:00","CTA|SE","10015.00","10820.00"
"21/05/2023 03:00 - 21/05/2023 04:00","CTA|SE","9612.00","10731.00"
"21/05/2023 04:00 - 21/05/2023 05:00","CTA|SE","9820.00","10735.00"
"21/05/2023 05:00 - 21/05/2023 06:00","CTA|SE","10206.00","10913.00"
"21/05/2023 06:00 - 21/05/2023 07:00","CTA|SE","10618.00","11285.00"
"21/05/2023 07:00 - 21/05/2023 08:00","CTA|SE","10359.00","11699.00"
"21/05/2023 08:00 - 21/05/2023 09:00","CTA|SE","10428.00","11884.00"
"21/05/2023 09:00 - 21/05/2023 10:00","CTA|SE","10722.00","11971.00"
"21/05/2023 10:00 - 21/05/2023 11:00","CTA|SE","11231.00","11901.00"
"21/05/2023 11:00 - 21/05/2023 12:00","CTA|SE","11320.00","11807.00"
"21/05/2023 12:00 - 21/05/2023 13:00","CTA|SE","11198.00","11770.00"
"21/05/2023 13:00 - 21/05/2023 14:00","CTA|SE","10986.00","11671.00"
"21/05/2023 14:00 - 21/05/2023 15:00","CTA|SE","11237.00","11726.00"
"21/05/2023 15:00 - 21/05/2023 16:00","CTA|SE","11794.00","12015.00"
"21/05/2023 16:00 - 21/05/2023 17:00","CTA|SE","11944.00","12154.00"
"21/05/2023 17:00 - 21/05/2023 18:00","CTA|SE","11854.00","12147.00"
"21/05/2023 18:00 - 21/05/2023 19:00","CTA|SE","11873.00","12135.00"
"21/05/2023 19:00 - 21/05/2023 20:00","CTA|SE","11870.00","12135.00"
"21/05/2023 20:00 - 21/05/2023 21:00","CTA|SE","11733.00","11891.00"
"21/05/2023 21:00 - 21/05/2023 22:00","CTA|SE","11102.00","11452.00"
"21/05/2023 22:00 - 21/05/2023 23:00","CTA|SE","10263.00","11069.00"
"21/05/2023 23:00 - 22/05/2023 00:00","CTA|SE","10170.00","10930.00"
"22/05/2023 00:00 - 22/05/2023 01:00","CTA|SE","10207.00","10919.00"
"22/05/2023 01:00 - 22/05/2023 02:00","CTA|SE","10060.00","10948.00"
"22/05/2023 02:00 - 22/05/2023 03:00","CTA|SE","10267.00","11007.00"
"22/05/2023 03:00 - 22/05/2023 04:00","CTA|SE","10709.00","11374.00"
"22/05/2023 04:00 - 22/05/2023 05:00","CTA|SE","12016.00","12482.00"
"22/05/2023 05:00 - 22/05/2023 06:00","CTA|SE","13337.00","13500.00"
"22/05/2023 06:00 - 22/05/2023 07:00","CTA|SE","13614.00","13788.00"
"22/05/2023 07:00 - 22/05/2023 08:00","CTA|SE","13515.00","13687.00"
"22/05/2023 08:00 - 22/05/2023 09:00","CTA|SE","13325.00","13590.00"
"22/05/2023 09:00 - 22/05/2023 10:00","CTA|SE","13190.00","13485.00"
"22/05/2023 10:00 - 22/05/2023 11:00","CTA|SE","13137.00","13412.00"
"22/05/2023 11:00 - 22/05/2023 12:00","CTA|SE","13118.00","13238.00"
"22/05/2023 12:00 - 22/05/2023 13:00","CTA|SE","13098.00","13141.00"
"22/05/2023 13:00 - 22/05/2023 14:00","CTA|SE","12942.00","13087.00"
"22/05/2023 14:00 - 22/05/2023 15:00","CTA|SE","12920.00","13070.00"
"22/05/2023 15:00 - 22/05/2023 16:00","CTA|SE","13218.00","13187.00"
"22/05/2023 16:00 - 22/05/2023 17:00","CTA|SE","13054.00","13096.00"
"22/05/2023 17:00 - 22/05/2023 18:00","CTA|SE","13101.00","12990.00"
"22/05/2023 18:00 - 22/05/2023 19:00","CTA|SE","12934.00","12867.00"
"22/05/2023 19:00 - 22/05/2023 20:00","CTA|SE","12235.00","12725.00"
"22/05/2023 20:00 - 22/05/2023 21:00","CTA|SE","11758.00","12336.00"
"22/05/2023 21:00 - 22/05/2023 22:00","CTA|SE","11133.00","11748.00"
"22/05/2023 22:00 - 22/05/2023 23:00","CTA|SE","10811.00","11248.00"
"22/05/2023 23:00 - 23/05/2023 00:00","CTA|SE","10428.00","11035.00"
"23/05/2023 00:00 - 23/05/2023 01:00","CTA|SE","10315.00","10960.00"
"23/05/2023 01:00 - 23/05/2023 02:00","CTA|SE","10233.00","10949.00"
"23/05/2023 02:00 - 23/05/2023 03:00","CTA|SE","10441.00","10995.00"
"23/05/2023 03:00 - 23/05/2023 04:00","CTA|SE","10805.00","11318.00"
"23/05/2023 04:00 - 23/05/2023 05:00","CTA|SE","12145.00","12427.00"
"23/05/2023 05:00 - 23/05/2023 06:00","CTA|SE","13287.00","13531.00"
"23/05/2023 06:00 - 23/05/2023 07:00","CTA|SE","13755.00","13774.00"
"23/05/2023 07:00 - 23/05/2023 08:00","CTA|SE","13776.00","13665.00"
"23/05/2023 08:00 - 23/05/2023 09:00","CTA|SE","13674.00","13589.00"
"23/05/2023 09:00 - 23/05/2023 10:00","CTA|SE","13556.00","13496.00"
"23/05/2023 10:00 - 23/05/2023 11:00","CTA|SE","13513.00","13359.00"
"23/05/2023 11:00 - 23/05/2023 12:00","CTA|SE","13460.00","13252.00"
"23/05/2023 12:00 - 23/05/2023 13:00","CTA|SE","13493.00","13179.00"
"23/05/2023 13:00 - 23/05/2023 14:00","CTA|SE","13340.00","13176.00"
"23/05/2023 14:00 - 23/05/2023 15:00","CTA|SE","13301.00","13158.00"
"23/05/2023 15:00 - 23/05/2023 16:00","CTA|SE","13442.00","13287.00"
"23/05/2023 16:00 - 23/05/2023 17:00","CTA|SE","13352.00","13222.00"
"23/05/2023 17:00 - 23/05/2023 18:00","CTA|SE","13247.00","13134.00"
"23/05/2023 18:00 - 23/05/2023 19:00","CTA|SE","12763.00","13035.00"
"23/05/2023 19:00 - 23/05/2023 20:00","CTA|SE","12744.00","12875.00"
"23/05/2023 20:00 - 23/05/2023 21:00","CTA|SE","12053.00","12421.00"
"23/05/2023 21:00 - 23/05/2023 22:00","CTA|SE","11318.00","11825.00"
"23/05/2023 22:00 - 23/05/2023 23:00","CTA|SE","11308.00","11351.00"
"23/05/2023 23:00 - 24/05/2023 00:00","CTA|SE","11110.00","11157.00"
"24/05/2023 00:00 - 24/05/2023 01:00","CTA|SE","10953.00","11093.00"
"24/05/2023 01:00 - 24/05/2023 02:00","CTA|SE","10609.00","11069.00"
"24/05/2023 02:00 - 24/05/2023 03:00","CTA|SE","10313.00","11103.00"
"24/05/2023 03:00 - 24/05/2023 04:00","CTA|SE","10645.00","11406.00"
"24/05/2023 04:00 - 24/05/2023 05:00","CTA|SE","11379.00","12502.00"
"24/05/2023 05:00 - 24/05/2023 06:00","CTA|SE","12519.00","13514.00"
"24/05/2023 06:00 - 24/05/2023 07:00","CTA|SE","12956.00","13672.00"
"24/05/2023 07:00 - 24/05/2023 08:00","CTA|SE","13181.00","13490.00"
"24/05/2023 08:00 - 24/05/2023 09:00","CTA|SE","13342.00","13321.00"
"24/05/2023 09:00 - 24/05/2023 10:00","CTA|SE","13404.00","13175.00"
"24/05/2023 10:00 - 24/05/2023 11:00","CTA|SE","13132.00","13098.00"
"24/05/2023 11:00 - 24/05/2023 12:00","CTA|SE","13083.00","13018.00"
"24/05/2023 12:00 - 24/05/2023 13:00","CTA|SE","12841.00","12992.00"
"24/05/2023 13:00 - 24/05/2023 14:00","CTA|SE","12830.00","12962.00"
"24/05/2023 14:00 - 24/05/2023 15:00","CTA|SE","12482.00","12867.00"
"24/05/2023 15:00 - 24/05/2023 16:00","CTA|SE","13047.00","12968.00"
"24/05/2023 16:00 - 24/05/2023 17:00","CTA|SE","12981.00","12862.00"
"24/05/2023 17:00 - 24/05/2023 18:00","CTA|SE","13106.00","12771.00"
"24/05/2023 18:00 - 24/05/2023 19:00","CTA|SE","13320.00","12695.00"
"24/05/2023 19:00 - 24/05/2023 20:00","CTA|SE","13193.00","12568.00"
"24/05/2023 20:00 - 24/05/2023 21:00","CTA|SE","11872.00","12139.00"
"24/05/2023 21:00 - 24/05/2023 22:00","CTA|SE","10859.00","11537.00"
"24/05/2023 22:00 - 24/05/2023 23:00","CTA|SE","10556.00","11041.00"
"24/05/2023 23:00 - 25/05/2023 00:00","CTA|SE","10664.00","10791.00"
"25/05/2023 00:00 - 25/05/2023 01:00","CTA|SE","10324.00","10718.00"
"25/05/2023 01:00 - 25/05/2023 02:00","CTA|SE","10196.00","10707.00"
"25/05/2023 02:00 - 25/05/2023 03:00","CTA|SE","10194.00","10753.00"
"25/05/2023 03:00 - 25/05/2023 04:00","CTA|SE","10710.00","11127.00"
"25/05/2023 04:00 - 25/05/2023 05:00","CTA|SE","12149.00","12344.00"
"25/05/2023 05:00 - 25/05/2023 06:00","CTA|SE","12872.00","13489.00"
"25/05/2023 06:00 - 25/05/2023 07:00","CTA|SE","13103.00","13808.00"
"25/05/2023 07:00 - 25/05/2023 08:00","CTA|SE","13391.00","13726.00"
"25/05/2023 08:00 - 25/05/2023 09:00","CTA|SE","13586.00","13614.00"
"25/05/2023 09:00 - 25/05/2023 10:00","CTA|SE","13695.00","13488.00"
"25/05/2023 10:00 - 25/05/2023 11:00","CTA|SE","13807.00","13390.00"
"25/05/2023 11:00 - 25/05/2023 12:00","CTA|SE","13557.00","13256.00"
"25/05/2023 12:00 - 25/05/2023 13:00","CTA|SE","13413.00","13171.00"
"25/05/2023 13:00 - 25/05/2023 14:00","CTA|SE","13657.00","13110.00"
"25/05/2023 14:00 - 25/05/2023 15:00","CTA|SE","13280.00","13109.00"
"25/05/2023 15:00 - 25/05/2023 16:00","CTA|SE","13070.00","13326.00"
"25/05/2023 16:00 - 25/05/2023 17:00","CTA|SE","13185.00","13242.00"
"25/05/2023 17:00 - 25/05/2023 18:00","CTA|SE","13629.00","13159.00"
"25/05/2023 18:00 - 25/05/2023 19:00","CTA|SE","13543.00","13140.00"
"25/05/2023 19:00 - 25/05/2023 20:00","CTA|SE","13158.00","13001.00"
"25/05/2023 20:00 - 25/05/2023 21:00","CTA|SE","12441.00","12593.00"
"25/05/2023 21:00 - 25/05/2023 22:00","CTA|SE","11507.00","11997.00"
"25/05/2023 22:00 - 25/05/2023 23:00","CTA|SE","10488.00","11490.00"
"25/05/2023 23:00 - 26/05/2023 00:00","CTA|SE","10506.00","11198.00"
"26/05/2023 00:00 - 26/05/2023 01:00","CTA|SE","10609.00","11152.00"
"26/05/2023 01:00 - 26/05/2023 02:00","CTA|SE","10758.00","11176.00"
"26/05/2023 02:00 - 26/05/2023 03:00","CTA|SE","10797.00","11231.00"
"26/05/2023 03:00 - 26/05/2023 04:00","CTA|SE","11247.00","11603.00"
"26/05/2023 04:00 - 26/05/2023 05:00","CTA|SE","12693.00","12741.00"
"26/05/2023 05:00 - 26/05/2023 06:00","CTA|SE","13154.00","13757.00"
"26/05/2023 06:00 - 26/05/2023 07:00","CTA|SE","13179.00","14065.00"
"26/05/2023 07:00 - 26/05/2023 08:00","CTA|SE","13293.00","13962.00"
"26/05/2023 08:00 - 26/05/2023 09:00","CTA|SE","13344.00","13869.00"
"26/05/2023 09:00 - 26/05/2023 10:00","CTA|SE","13303.00","13750.00"
"26/05/2023 10:00 - 26/05/2023 11:00","CTA|SE","13309.00","13595.00"
"26/05/2023 11:00 - 26/05/2023 12:00","CTA|SE","12715.00","13261.00"
"26/05/2023 12:00 - 26/05/2023 13:00","CTA|SE","12665.00","13027.00"
"26/05/2023 13:00 - 26/05/2023 14:00","CTA|SE","12747.00","12859.00"
"26/05/2023 14:00 - 26/05/2023 15:00","CTA|SE","12875.00","12827.00"
"26/05/2023 15:00 - 26/05/2023 16:00","CTA|SE","12823.00","12985.00"
"26/05/2023 16:00 - 26/05/2023 17:00","CTA|SE","12548.00","12883.00"
"26/05/2023 17:00 - 26/05/2023 18:00","CTA|SE","12507.00","12644.00"
"26/05/2023 18:00 - 26/05/2023 19:00","CTA|SE","12597.00","12515.00"
"26/05/2023 19:00 - 26/05/2023 20:00","CTA|SE","12410.00","12380.00"
"26/05/2023 20:00 - 26/05/2023 21:00","CTA|SE","11842.00","12112.00"
"26/05/2023 21:00 - 26/05/2023 22:00","CTA|SE","11478.00","11689.00"
"26/05/2023 22:00 - 26/05/2023 23:00","CTA|SE","10731.00","11429.00"
"26/05/2023 23:00 - 27/05/2023 00:00","CTA|SE","10737.00","11232.00"
"27/05/2023 00:00 - 27/05/2023 01:00","CTA|SE","10798.00","11204.00"
"27/05/2023 01:00 - 27/05/2023 02:00","CTA|SE","10528.00","11134.00"
"27/05/2023 02:00 - 27/05/2023 03:00","CTA|SE","10697.00","11019.00"
"27/05/2023 03:00 - 27/05/2023 04:00","CTA|SE","10747.00","10986.00"
"27/05/2023 04:00 - 27/05/2023 05:00","CTA|SE","10651.00","11068.00"
"27/05/2023 05:00 - 27/05/2023 06:00","CTA|SE","10896.00","11237.00"
"27/05/2023 06:00 - 27/05/2023 07:00","CTA|SE","11094.00","11630.00"
"27/05/2023 07:00 - 27/05/2023 08:00","CTA|SE","11405.00","11912.00"
"27/05/2023 08:00 - 27/05/2023 09:00","CTA|SE","11254.00","11955.00"
"27/05/2023 09:00 - 27/05/2023 10:00","CTA|SE","10735.00","11933.00"
"27/05/2023 10:00 - 27/05/2023 11:00","CTA|SE","10543.00","11837.00"
"27/05/2023 11:00 - 27/05/2023 12:00","CTA|SE","10507.00","11697.00"
"27/05/2023 12:00 - 27/05/2023 13:00","CTA|SE","10695.00","11565.00"
"27/05/2023 13:00 - 27/05/2023 14:00","CTA|SE","10815.00","11513.00"
"27/05/2023 14:00 - 27/05/2023 15:00","CTA|SE","11102.00","11587.00"
"27/05/2023 15:00 - 27/05/2023 16:00","CTA|SE","11714.00","11838.00"
"27/05/2023 16:00 - 27/05/2023 17:00","CTA|SE","11611.00","11966.00"
"27/05/2023 17:00 - 27/05/2023 18:00","CTA|SE","11504.00","11902.00"
"27/05/2023 18:00 - 27/05/2023 19:00","CTA|SE","11417.00","11853.00"
"27/05/2023 19:00 - 27/05/2023 20:00","CTA|SE","11825.00","11772.00"
"27/05/2023 20:00 - 27/05/2023 21:00","CTA|SE","11599.00","11583.00"
"27/05/2023 21:00 - 27/05/2023 22:00","CTA|SE","10998.00","11240.00"
"27/05/2023 22:00 - 27/05/2023 23:00","CTA|SE","10912.00","10969.00"
"27/05/2023 23:00 - 28/05/2023 00:00","CTA|SE","10667.00","10721.00"
"28/05/2023 00:00 - 28/05/2023 01:00","CTA|SE","10103.00","10602.00"
"28/05/2023 01:00 - 28/05/2023 02:00","CTA|SE","9855.00","10540.00"
"28/05/2023 02:00 - 28/05/2023 03:00","CTA|SE","9982.00","10446.00"
"28/05/2023 03:00 - 28/05/2023 04:00","CTA|SE","10286.00","10357.00"
"28/05/2023 04:00 - 28/05/2023 05:00","CTA|SE","10634.00","10439.00"
"28/05/2023 05:00 - 28/05/2023 06:00","CTA|SE","10961.00","10746.00"
"28/05/2023 06:00 - 28/05/2023 07:00","CTA|SE","11080.00","11264.00"
"28/05/2023 07:00 - 28/05/2023 08:00","CTA|SE","10781.00","11746.00"
"28/05/2023 08:00 - 28/05/2023 09:00","CTA|SE","10623.00","11979.00"
"28/05/2023 09:00 - 28/05/2023 10:00","CTA|SE","10932.00","12081.00"
"28/05/2023 10:00 - 28/05/2023 11:00","CTA|SE","10979.00","11980.00"
"28/05/2023 11:00 - 28/05/2023 12:00","CTA|SE","11273.00","11868.00"
"28/05/2023 12:00 - 28/05/2023 13:00","CTA|SE","11183.00","11804.00"
"28/05/2023 13:00 - 28/05/2023 14:00","CTA|SE","11462.00","11735.00"
"28/05/2023 14:00 - 28/05/2023 15:00","CTA|SE","11533.00","11896.00"
"28/05/2023 15:00 - 28/05/2023 16:00","CTA|SE","12122.00","12222.00"
"28/05/2023 16:00 - 28/05/2023 17:00","CTA|SE","12469.00","12325.00"
"28/05/2023 17:00 - 28/05/2023 18:00","CTA|SE","12404.00","12323.00"
"28/05/2023 18:00 - 28/05/2023 19:00","CTA|SE","12525.00","12368.00"
"28/05/2023 19:00 - 28/05/2023 20:00","CTA|SE","12433.00","12289.00"
"28/05/2023 20:00 - 28/05/2023 21:00","CTA|SE","11888.00","12049.00"
"28/05/2023 21:00 - 28/05/2023 22:00","CTA|SE","11388.00","11582.00"
"28/05/2023 22:00 - 28/05/2023 23:00","CTA|SE","11209.00","11216.00"
"28/05/2023 23:00 - 29/05/2023 00:00","CTA|SE","11074.00","11046.00"
"29/05/2023 00:00 - 29/05/2023 01:00","CTA|SE","10997.00","11031.00"
"29/05/2023 01:00 - 29/05/2023 02:00","CTA|SE","10836.00","11056.00"
"29/05/2023 02:00 - 29/05/2023 03:00","CTA|SE","10482.00","11120.00"
"29/05/2023 03:00 - 29/05/2023 04:00","CTA|SE","11038.00","11506.00"
"29/05/2023 04:00 - 29/05/2023 05:00","CTA|SE","12774.00","12706.00"
"29/05/2023 05:00 - 29/05/2023 06:00","CTA|SE","13862.00","13841.00"
"29/05/2023 06:00 - 29/05/2023 07:00","CTA|SE","13900.00","14273.00"
"29/05/2023 07:00 - 29/05/2023 08:00","CTA|SE","13808.00","14280.00"
"29/05/2023 08:00 - 29/05/2023 09:00","CTA|SE","13446.00","14170.00"
"29/05/2023 09:00 - 29/05/2023 10:00","CTA|SE","13307.00","14116.00"
"29/05/2023 10:00 - 29/05/2023 11:00","CTA|SE","13375.00","14084.00"
"29/05/2023 11:00 - 29/05/2023 12:00","CTA|SE","13261.00","13904.00"
"29/05/2023 12:00 - 29/05/2023 13:00","CTA|SE","13331.00","13842.00"
"29/05/2023 13:00 - 29/05/2023 14:00","CTA|SE","13240.00","13797.00"
"29/05/2023 14:00 - 29/05/2023 15:00","CTA|SE","13741.00","13757.00"
"29/05/2023 15:00 - 29/05/2023 16:00","CTA|SE","13534.00","13862.00"
"29/05/2023 16:00 - 29/05/2023 17:00","CTA|SE","13656.00","13705.00"
"29/05/2023 17:00 - 29/05/2023 18:00","CTA|SE","13497.00","13486.00"
"29/05/2023 18:00 - 29/05/2023 19:00","CTA|SE","13183.00","13289.00"
"29/05/2023 19:00 - 29/05/2023 20:00","CTA|SE","12832.00","13064.00"
"29/05/2023 20:00 - 29/05/2023 21:00","CTA|SE","12690.00","12679.00"
"29/05/2023 21:00 - 29/05/2023 22:00","CTA|SE","11531.00","12040.00"
"29/05/2023 22:00 - 29/05/2023 23:00","CTA|SE","11302.00","11537.00"
"29/05/2023 23:00 - 30/05/2023 00:00","CTA|SE","11263.00","11328.00"
"30/05/2023 00:00 - 30/05/2023 01:00","CTA|SE","11048.00","11239.00"
"30/05/2023 01:00 - 30/05/2023 02:00","CTA|SE","10238.00","11153.00"
"30/05/2023 02:00 - 30/05/2023 03:00","CTA|SE","10235.00","11157.00"
"30/05/2023 03:00 - 30/05/2023 04:00","CTA|SE","11053.00","11502.00"
"30/05/2023 04:00 - 30/05/2023 05:00","CTA|SE","12565.00","12666.00"
"30/05/2023 05:00 - 30/05/2023 06:00","CTA|SE","13572.00","13822.00"
"30/05/2023 06:00 - 30/05/2023 07:00","CTA|SE","12951.00","14171.00"
"30/05/2023 07:00 - 30/05/2023 08:00","CTA|SE","13464.00","14102.00"
"30/05/2023 08:00 - 30/05/2023 09:00","CTA|SE","13999.00","13971.00"
"30/05/2023 09:00 - 30/05/2023 10:00","CTA|SE","13574.00","13842.00"
"30/05/2023 10:00 - 30/05/2023 11:00","CTA|SE","13350.00","13720.00"
"30/05/2023 11:00 - 30/05/2023 12:00","CTA|SE","12990.00","13582.00"
"30/05/2023 12:00 - 30/05/2023 13:00","CTA|SE","12987.00","13478.00"
"30/05/2023 13:00 - 30/05/2023 14:00","CTA|SE","13235.00","13384.00"
"30/05/2023 14:00 - 30/05/2023 15:00","CTA|SE","13207.00","13282.00"
"30/05/2023 15:00 - 30/05/2023 16:00","CTA|SE","13612.00","13396.00"
"30/05/2023 16:00 - 30/05/2023 17:00","CTA|SE","12904.00","13259.00"
"30/05/2023 17:00 - 30/05/2023 18:00","CTA|SE","13186.00","13125.00"
"30/05/2023 18:00 - 30/05/2023 19:00","CTA|SE","13279.00","13061.00"
"30/05/2023 19:00 - 30/05/2023 20:00","CTA|SE","12620.00","12843.00"
"30/05/2023 20:00 - 30/05/2023 21:00","CTA|SE","11835.00","12432.00"
"30/05/2023 21:00 - 30/05/2023 22:00","CTA|SE","11338.00","11842.00"
"30/05/2023 22:00 - 30/05/2023 23:00","CTA|SE","10891.00","11415.00"
"30/05/2023 23:00 - 31/05/2023 00:00","CTA|SE","10740.00","11202.00"
"31/05/2023 00:00 - 31/05/2023 01:00","CTA|SE","10456.00","11055.00"
"31/05/2023 01:00 - 31/05/2023 02:00","CTA|SE","10669.00","10955.00"
"31/05/2023 02:00 - 31/05/2023 03:00","CTA|SE","10233.00","10938.00"
"31/05/2023 03:00 - 31/05/2023 04:00","CTA|SE","10848.00","11260.00"
"31/05/2023 04:00 - 31/05/2023 05:00","CTA|SE","11994.00","12425.00"
"31/05/2023 05:00 - 31/05/2023 06:00","CTA|SE","13212.00","13537.00"
"31/05/2023 06:00 - 31/05/2023 07:00","CTA|SE","13673.00","13913.00"
"31/05/2023 07:00 - 31/05/2023 08:00","CTA|SE","13849.00","13835.00"
"31/05/2023 08:00 - 31/05/2023 09:00","CTA|SE","13839.00","13630.00"
"31/05/2023 09:00 - 31/05/2023 10:00","CTA|SE","13661.00","13520.00"
"31/05/2023 10:00 - 31/05/2023 11:00","CTA|SE","13661.00","13434.00"
"31/05/2023 11:00 - 31/05/2023 12:00","CTA|SE","13234.00","13328.00"
"31/05/2023 12:00 - 31/05/2023 13:00","CTA|SE","13197.00","13244.00"
"31/05/2023 13:00 - 31/05/2023 14:00","CTA|SE","13222.00","13185.00"
"31/05/2023 14:00 - 31/05/2023 15:00","CTA|SE","13249.00","13118.00"
"31/05/2023 15:00 - 31/05/2023 16:00","CTA|SE","13695.00","13262.00"
"31/05/2023 16:00 - 31/05/2023 17:00","CTA|SE","13446.00","13131.00"
"31/05/2023 17:00 - 31/05/2023 18:00","CTA|SE","13412.00","13009.00"
"31/05/2023 18:00 - 31/05/2023 19:00","CTA|SE","13592.00","12971.00"
"31/05/2023 19:00 - 31/05/2023 20:00","CTA|SE","12990.00","12800.00"
"31/05/2023 20:00 - 31/05/2023 21:00","CTA|SE","13039.00","12389.00"
"31/05/2023 21:00 - 31/05/2023 22:00","CTA|SE","12596.00","11805.00"
"31/05/2023 22:00 - 31/05/2023 23:00","CTA|SE","11419.00","11307.00"
"31/05/2023 23:00 - 01/06/2023 00:00","CTA|SE","11305.00","11111.00"
"01/06/2023 00:00 - 01/06/2023 01:00","CTA|SE","11299.00","10967.00"
"01/06/2023 01:00 - 01/06/2023 02:00","CTA|SE","11431.00","10846.00"
"01/06/2023 02:00 - 01/06/2023 03:00","CTA|SE","11169.00","10828.00"
"01/06/2023 03:00 - 01/06/2023 04:00","CTA|SE","11400.00","11207.00"
"01/06/2023 04:00 - 01/06/2023 05:00","CTA|SE","12284.00","12412.00"
"01/06/2023 05:00 - 01/06/2023 06:00","CTA|SE","13388.00","13599.00"
"01/06/2023 06:00 - 01/06/2023 07:00","CTA|SE","13465.00","14009.00"
"01/06/2023 07:00 - 01/06/2023 08:00","CTA|SE","13586.00","14006.00"
"01/06/2023 08:00 - 01/06/2023 09:00","CTA|SE","13443.00","13945.00"
"01/06/2023 09:00 - 01/06/2023 10:00","CTA|SE","13404.00","13902.00"
"01/06/2023 10:00 - 01/06/2023 11:00","CTA|SE","13946.00","13833.00"
"01/06/2023 11:00 - 01/06/2023 12:00","CTA|SE","13887.00","13737.00"
"01/06/2023 12:00 - 01/06/2023 13:00","CTA|SE","13596.00","13697.00"
"01/06/2023 13:00 - 01/06/2023 14:00","CTA|SE","13596.00","13659.00"
"01/06/2023 14:00 - 01/06/2023 15:00","CTA|SE","13496.00","13584.00"
"01/06/2023 15:00 - 01/06/2023 16:00","CTA|SE","13637.00","13739.00"
"01/06/2023 16:00 - 01/06/2023 17:00","CTA|SE","13417.00","13648.00"
"01/06/2023 17:00 - 01/06/2023 18:00","CTA|SE","13283.00","13505.00"
"01/06/2023 18:00 - 01/06/2023 19:00","CTA|SE","13526.00","13424.00"
"01/06/2023 19:00 - 01/06/2023 20:00","CTA|SE","13136.00","13194.00"
"01/06/2023 20:00 - 01/06/2023 21:00","CTA|SE","12686.00","12778.00"
"01/06/2023 21:00 - 01/06/2023 22:00","CTA|SE","12094.00","12214.00"
"01/06/2023 22:00 - 01/06/2023 23:00","CTA|SE","11686.00","11740.00"
"01/06/2023 23:00 - 02/06/2023 00:00","CTA|SE","11338.00","11425.00"
"02/06/2023 00:00 - 02/06/2023 01:00","CTA|SE","11336.00","11336.00"
"02/06/2023 01:00 - 02/06/2023 02:00","CTA|SE","11182.00","11298.00"
"02/06/2023 02:00 - 02/06/2023 03:00","CTA|SE","10907.00","11328.00"
"02/06/2023 03:00 - 02/06/2023 04:00","CTA|SE","11435.00","11708.00"
"02/06/2023 04:00 - 02/06/2023 05:00","CTA|SE","13282.00","12925.00"
"02/06/2023 05:00 - 02/06/2023 06:00","CTA|SE","14489.00","13996.00"
"02/06/2023 06:00 - 02/06/2023 07:00","CTA|SE","14222.00","14380.00"
"02/06/2023 07:00 - 02/06/2023 08:00","CTA|SE","13745.00","14373.00"
"02/06/2023 08:00 - 02/06/2023 09:00","CTA|SE","13958.00","14327.00"
"02/06/2023 09:00 - 02/06/2023 10:00","CTA|SE","14068.00","14239.00"
"02/06/2023 10:00 - 02/06/2023 11:00","CTA|SE","13887.00","14076.00"
"02/06/2023 11:00 - 02/06/2023 12:00","CTA|SE","13535.00","13765.00"
"02/06/2023 12:00 - 02/06/2023 13:00","CTA|SE","13174.00","13502.00"
"02/06/2023 13:00 - 02/06/2023 14:00","CTA|SE","12935.00","13306.00"
"02/06/2023 14:00 - 02/06/2023 15:00","CTA|SE","13264.00","13242.00"
"02/06/2023 15:00 - 02/06/2023 16:00","CTA|SE","13490.00","13379.00"
"02/06/2023 16:00 - 02/06/2023 17:00","CTA|SE","13371.00","13205.00"
"02/06/2023 17:00 - 02/06/2023 18:00","CTA|SE","12913.00","12920.00"
"02/06/2023 18:00 - 02/06/2023 19:00","CTA|SE","12568.00","12713.00"
"02/06/2023 19:00 - 02/06/2023 20:00","CTA|SE","12284.00","12456.00"
"02/06/2023 20:00 - 02/06/2023 21:00","CTA|SE","11940.00","12208.00"
"02/06/2023 21:00 - 02/06/2023 22:00","CTA|SE","11503.00","11773.00"
"02/06/2023 22:00 - 02/06/2023 23:00","CTA|SE","11206.00","11317.00"
"02/06/2023 23:00 - 03/06/2023 00:00","CTA|SE","10950.00","11158.00"
"03/06/2023 00:00 - 03/06/2023 01:00","CTA|SE","11108.00","11119.00"
"03/06/2023 01:00 - 03/06/2023 02:00","CTA|SE","11005.00","11005.00"
"03/06/2023 02:00 - 03/06/2023 03:00","CTA|SE","10917.00","10835.00"
"03/06/2023 03:00 - 03/06/2023 04:00","CTA|SE","10756.00","10784.00"
"03/06/2023 04:00 - 03/06/2023 05:00","CTA|SE","10600.00","10889.00"
"03/06/2023 05:00 - 03/06/2023 06:00","CTA|SE","10806.00","11158.00"
"03/06/2023 06:00 - 03/06/2023 07:00","CTA|SE","11331.00","11709.00"
"03/06/2023 07:00 - 03/06/2023 08:00","CTA|SE","12042.00","12131.00"
"03/06/2023 08:00 - 03/06/2023 09:00","CTA|SE","12340.00","12136.00"
"03/06/2023 09:00 - 03/06/2023 10:00","CTA|SE","11854.00","12122.00"
"03/06/2023 10:00 - 03/06/2023 11:00","CTA|SE","11584.00","12046.00"
"03/06/2023 11:00 - 03/06/2023 12:00","CTA|SE","11505.00","11908.00"
"03/06/2023 12:00 - 03/06/2023 13:00","CTA|SE","11590.00","11730.00"
"03/06/2023 13:00 - 03/06/2023 14:00","CTA|SE","11453.00","11670.00"
"03/06/2023 14:00 - 03/06/2023 15:00","CTA|SE","11533.00","11772.00"
"03/06/2023 15:00 - 03/06/2023 16:00","CTA|SE","12313.00","12041.00"
"03/06/2023 16:00 - 03/06/2023 17:00","CTA|SE","12395.00","12085.00"
"03/06/2023 17:00 - 03/06/2023 18:00","CTA|SE","11819.00","11994.00"
"03/06/2023 18:00 - 03/06/2023 19:00","CTA|SE","11826.00","11901.00"
"03/06/2023 19:00 - 03/06/2023 20:00","CTA|SE","11395.00","11705.00"
"03/06/2023 20:00 - 03/06/2023 21:00","CTA|SE","11272.00","11515.00"
"03/06/2023 21:00 - 03/06/2023 22:00","CTA|SE","11162.00","11155.00"
"03/06/2023 22:00 - 03/06/2023 23:00","CTA|SE","10914.00","11101.00"
"03/06/2023 23:00 - 04/06/2023 00:00","CTA|SE","10752.00","10832.00"
"04/06/2023 00:00 - 04/06/2023 01:00","CTA|SE","10476.00","10711.00"
"04/06/2023 01:00 - 04/06/2023 02:00","CTA|SE","10421.00","10592.00"
"04/06/2023 02:00 - 04/06/2023 03:00","CTA|SE","10199.00","10444.00"
"04/06/2023 03:00 - 04/06/2023 04:00","CTA|SE","10001.00","10350.00"
"04/06/2023 04:00 - 04/06/2023 05:00","CTA|SE","10116.00","10418.00"
"04/06/2023 05:00 - 04/06/2023 06:00","CTA|SE","10565.00","10696.00"
"04/06/2023 06:00 - 04/06/2023 07:00","CTA|SE","11119.00","11192.00"
"04/06/2023 07:00 - 04/06/2023 08:00","CTA|SE","11618.00","11626.00"
"04/06/2023 08:00 - 04/06/2023 09:00","CTA|SE","11708.00","11804.00"
"04/06/2023 09:00 - 04/06/2023 10:00","CTA|SE","11722.00","11905.00"
"04/06/2023 10:00 - 04/06/2023 11:00","CTA|SE","11271.00","11931.00"
"04/06/2023 11:00 - 04/06/2023 12:00","CTA|SE","11498.00","11819.00"
"04/06/2023 12:00 - 04/06/2023 13:00","CTA|SE","11232.00","11729.00"
"04/06/2023 13:00 - 04/06/2023 14:00","CTA|SE","11275.00","11766.00"
"04/06/2023 14:00 - 04/06/2023 15:00","CTA|SE","11528.00","11900.00"
"04/06/2023 15:00 - 04/06/2023 16:00","CTA|SE","11926.00","12198.00"
"04/06/2023 16:00 - 04/06/2023 17:00","CTA|SE","11892.00","12290.00"
"04/06/2023 17:00 - 04/06/2023 18:00","CTA|SE","11990.00","12233.00"
"04/06/2023 18:00 - 04/06/2023 19:00","CTA|SE","12425.00","12168.00"
"04/06/2023 19:00 - 04/06/2023 20:00","CTA|SE","12154.00","12048.00"
"04/06/2023 20:00 - 04/06/2023 21:00","CTA|SE","11723.00","11861.00"
"04/06/2023 21:00 - 04/06/2023 22:00","CTA|SE","11626.00","11431.00"
"04/06/2023 22:00 - 04/06/2023 23:00","CTA|SE","11209.00","11383.00"
"04/06/2023 23:00 - 05/06/2023 00:00","CTA|SE","11183.00","11165.00"
"05/06/2023 00:00 - 05/06/2023 01:00","CTA|SE","11271.00","11037.00"
"05/06/2023 01:00 - 05/06/2023 02:00","CTA|SE","11014.00","10875.00"
"05/06/2023 02:00 - 05/06/2023 03:00","CTA|SE","10712.00","10775.00"
"05/06/2023 03:00 - 05/06/2023 04:00","CTA|SE","11183.00","11174.00"
"05/06/2023 04:00 - 05/06/2023 05:00","CTA|SE","12228.00","12287.00"
"05/06/2023 05:00 - 05/06/2023 06:00","CTA|SE","13125.00","13292.00"
"05/06/2023 06:00 - 05/06/2023 07:00","CTA|SE","13267.00","13595.00"
"05/06/2023 07:00 - 05/06/2023 08:00","CTA|SE","13225.00","13628.00"
"05/06/2023 08:00 - 05/06/2023 09:00","CTA|SE","13256.00","13614.00"
"05/06/2023 09:00 - 05/06/2023 10:00","CTA|SE","13033.00","13620.00"
"05/06/2023 10:00 - 05/06/2023 11:00","CTA|SE","13029.00","13481.00"
"05/06/2023 11:00 - 05/06/2023 12:00","CTA|SE","12909.00","13238.00"
"05/06/2023 12:00 - 05/06/2023 13:00","CTA|SE","12681.00","13032.00"
"05/06/2023 13:00 - 05/06/2023 14:00","CTA|SE","12800.00","12900.00"
"05/06/2023 14:00 - 05/06/2023 15:00","CTA|SE","12826.00","12787.00"
"05/06/2023 15:00 - 05/06/2023 16:00","CTA|SE","12897.00","12752.00"
"05/06/2023 16:00 - 05/06/2023 17:00","CTA|SE","13082.00","12605.00"
"05/06/2023 17:00 - 05/06/2023 18:00","CTA|SE","12911.00","12405.00"
"05/06/2023 18:00 - 05/06/2023 19:00","CTA|SE","12842.00","12255.00"
"05/06/2023 19:00 - 05/06/2023 20:00","CTA|SE","12547.00","11994.00"
"05/06/2023 20:00 - 05/06/2023 21:00","CTA|SE","11979.00","11845.00"
"05/06/2023 21:00 - 05/06/2023 22:00","CTA|SE","11387.00","11473.00"
"05/06/2023 22:00 - 05/06/2023 23:00","CTA|SE","11173.00","10757.00"
"05/06/2023 23:00 - 06/06/2023 00:00","CTA|SE","10393.00","10547.00"
"06/06/2023 00:00 - 06/06/2023 01:00","CTA|SE","10339.00","10463.00"
"06/06/2023 01:00 - 06/06/2023 02:00","CTA|SE","10541.00","10387.00"
"06/06/2023 02:00 - 06/06/2023 03:00","CTA|SE","10508.00","10226.00"
"06/06/2023 03:00 - 06/06/2023 04:00","CTA|SE","10355.00","10270.00"
"06/06/2023 04:00 - 06/06/2023 05:00","CTA|SE","10721.00","10445.00"
"06/06/2023 05:00 - 06/06/2023 06:00","CTA|SE","11189.00","10856.00"
"06/06/2023 06:00 - 06/06/2023 07:00","CTA|SE","11631.00","11334.00"
"06/06/2023 07:00 - 06/06/2023 08:00","CTA|SE","11930.00","11645.00"
"06/06/2023 08:00 - 06/06/2023 09:00","CTA|SE","11990.00","11795.00"
"06/06/2023 09:00 - 06/06/2023 10:00","CTA|SE","12286.00","11906.00"
"06/06/2023 10:00 - 06/06/2023 11:00","CTA|SE","12206.00","11904.00"
"06/06/2023 11:00 - 06/06/2023 12:00","CTA|SE","12102.00","11864.00"
"06/06/2023 12:00 - 06/06/2023 13:00","CTA|SE","11890.00","11789.00"
"06/06/2023 13:00 - 06/06/2023 14:00","CTA|SE","11703.00","11795.00"
"06/06/2023 14:00 - 06/06/2023 15:00","CTA|SE","11547.00","11949.00"
"06/06/2023 15:00 - 06/06/2023 16:00","CTA|SE","12077.00","12244.00"
"06/06/2023 16:00 - 06/06/2023 17:00","CTA|SE","12246.00","12349.00"
"06/06/2023 17:00 - 06/06/2023 18:00","CTA|SE","12311.00","12141.00"
"06/06/2023 18:00 - 06/06/2023 19:00","CTA|SE","12243.00","12029.00"
"06/06/2023 19:00 - 06/06/2023 20:00","CTA|SE","11876.00","11795.00"
"06/06/2023 20:00 - 06/06/2023 21:00","CTA|SE","11721.00","11634.00"
"06/06/2023 21:00 - 06/06/2023 22:00","CTA|SE","11122.00","11391.00"
"06/06/2023 22:00 - 06/06/2023 23:00","CTA|SE","10496.00","11066.00"
"06/06/2023 23:00 - 07/06/2023 00:00","CTA|SE","10220.00","10881.00"
"07/06/2023 00:00 - 07/06/2023 01:00","CTA|SE","10234.00","10820.00"
"07/06/2023 01:00 - 07/06/2023 02:00","CTA|SE","10411.00","10721.00"
"07/06/2023 02:00 - 07/06/2023 03:00","CTA|SE","10324.00","10715.00"
"07/06/2023 03:00 - 07/06/2023 04:00","CTA|SE","10842.00","11078.00"
"07/06/2023 04:00 - 07/06/2023 05:00","CTA|SE","12617.00","12211.00"
"07/06/2023 05:00 - 07/06/2023 06:00","CTA|SE","13511.00","13280.00"
"07/06/2023 06:00 - 07/06/2023 07:00","CTA|SE","13723.00","13772.00"
"07/06/2023 07:00 - 07/06/2023 08:00","CTA|SE","13761.00","13802.00"
"07/06/2023 08:00 - 07/06/2023 09:00","CTA|SE","13980.00","13840.00"
"07/06/2023 09:00 - 07/06/2023 10:00","CTA|SE","13802.00","13845.00"
"07/06/2023 10:00 - 07/06/2023 11:00","CTA|SE","13794.00","13766.00"
"07/06/2023 11:00 - 07/06/2023 12:00","CTA|SE","13589.00","13633.00"
"07/06/2023 12:00 - 07/06/2023 13:00","CTA|SE","13631.00","13548.00"
"07/06/2023 13:00 - 07/06/2023 14:00","CTA|SE","13752.00","13517.00"
"07/06/2023 14:00 - 07/06/2023 15:00","CTA|SE","13572.00","13447.00"
"07/06/2023 15:00 - 07/06/2023 16:00","CTA|SE","13864.00","13496.00"
"07/06/2023 16:00 - 07/06/2023 17:00","CTA|SE","13653.00","13360.00"
"07/06/2023 17:00 - 07/06/2023 18:00","CTA|SE","13561.00","13143.00"
"07/06/2023 18:00 - 07/06/2023 19:00","CTA|SE","13123.00","12962.00"
"07/06/2023 19:00 - 07/06/2023 20:00","CTA|SE","12620.00","12717.00"
"07/06/2023 20:00 - 07/06/2023 21:00","CTA|SE","12231.00","12433.00"
"07/06/2023 21:00 - 07/06/2023 22:00","CTA|SE","11689.00","11767.00"
"07/06/2023 22:00 - 07/06/2023 23:00","CTA|SE","11266.00","11364.00"
"07/06/2023 23:00 - 08/06/2023 00:00","CTA|SE","10961.00","11061.00"
"08/06/2023 00:00 - 08/06/2023 01:00","CTA|SE","10991.00","10972.00"
"08/06/2023 01:00 - 08/06/2023 02:00","CTA|SE","10748.00","10881.00"
"08/06/2023 02:00 - 08/06/2023 03:00","CTA|SE","10846.00","10924.00"
"08/06/2023 03:00 - 08/06/2023 04:00","CTA|SE","11385.00","11201.00"
"08/06/2023 04:00 - 08/06/2023 05:00","CTA|SE","12239.00","12377.00"
"08/06/2023 05:00 - 08/06/2023 06:00","CTA|SE","13475.00","13425.00"
"08/06/2023 06:00 - 08/06/2023 07:00","CTA|SE","14016.00","13836.00"
"08/06/2023 07:00 - 08/06/2023 08:00","CTA|SE","13822.00","13878.00"
"08/06/2023 08:00 - 08/06/2023 09:00","CTA|SE","13773.00","13879.00"
"08/06/2023 09:00 - 08/06/2023 10:00","CTA|SE","13762.00","13860.00"
"08/06/2023 10:00 - 08/06/2023 11:00","CTA|SE","13460.00","13815.00"
"08/06/2023 11:00 - 08/06/2023 12:00","CTA|SE","13213.00","13693.00"
"08/06/2023 12:00 - 08/06/2023 13:00","CTA|SE","13323.00","13611.00"
"08/06/2023 13:00 - 08/06/2023 14:00","CTA|SE","12904.00","13595.00"
"08/06/2023 14:00 - 08/06/2023 15:00","CTA|SE","12824.00","13513.00"
"08/06/2023 15:00 - 08/06/2023 16:00","CTA|SE","13514.00","13575.00"
"08/06/2023 16:00 - 08/06/2023 17:00","CTA|SE","13650.00","13415.00"
"08/06/2023 17:00 - 08/06/2023 18:00","CTA|SE","13459.00","13273.00"
"08/06/2023 18:00 - 08/06/2023 19:00","CTA|SE","13328.00","13071.00"
"08/06/2023 19:00 - 08/06/2023 20:00","CTA|SE","13091.00","12811.00"
"08/06/2023 20:00 - 08/06/2023 21:00","CTA|SE","12635.00","12561.00"
"08/06/2023 21:00 - 08/06/2023 22:00","CTA|SE","12308.00","11953.00"
"08/06/2023 22:00 - 08/06/2023 23:00","CTA|SE","11775.00","11591.00"
"08/06/2023 23:00 - 09/06/2023 00:00","CTA|SE","11403.00","11331.00"
"09/06/2023 00:00 - 09/06/2023 01:00","CTA|SE","11254.00","11230.00"
"09/06/2023 01:00 - 09/06/2023 02:00","CTA|SE","11193.00","11190.00"
"09/06/2023 02:00 - 09/06/2023 03:00","CTA|SE","10954.00","11131.00"
"09/06/2023 03:00 - 09/06/2023 04:00","CTA|SE","11336.00","11501.00"
"09/06/2023 04:00 - 09/06/2023 05:00","CTA|SE","12262.00","12554.00"
"09/06/2023 05:00 - 09/06/2023 06:00","CTA|SE","13412.00","13614.00"
"09/06/2023 06:00 - 09/06/2023 07:00","CTA|SE","13510.00","13959.00"
"09/06/2023 07:00 - 09/06/2023 08:00","CTA|SE","13456.00","13979.00"
"09/06/2023 08:00 - 09/06/2023 09:00","CTA|SE","13589.00","14001.00"
"09/06/2023 09:00 - 09/06/2023 10:00","CTA|SE","13406.00","14019.00"
"09/06/2023 10:00 - 09/06/2023 11:00","CTA|SE","13214.00","13918.00"
"09/06/2023 11:00 - 09/06/2023 12:00","CTA|SE","12950.00","13702.00"
"09/06/2023 12:00 - 09/06/2023 13:00","CTA|SE","12703.00","13510.00"
"09/06/2023 13:00 - 09/06/2023 14:00","CTA|SE","12499.00","13418.00"
"09/06/2023 14:00 - 09/06/2023 15:00","CTA|SE","12392.00","13360.00"
"09/06/2023 15:00 - 09/06/2023 16:00","CTA|SE","12513.00","13304.00"
"09/06/2023 16:00 - 09/06/2023 17:00","CTA|SE","12318.00","13127.00"
"09/06/2023 17:00 - 09/06/2023 18:00","CTA|SE","12082.00","12865.00"
"09/06/2023 18:00 - 09/06/2023 19:00","CTA|SE","12047.00","12676.00"
"09/06/2023 19:00 - 09/06/2023 20:00","CTA|SE","11917.00","12428.00"
"09/06/2023 20:00 - 09/06/2023 21:00","CTA|SE","11489.00","12198.00"
"09/06/2023 21:00 - 09/06/2023 22:00","CTA|SE","10998.00","11767.00"
"09/06/2023 22:00 - 09/06/2023 23:00","CTA|SE","10530.00","11220.00"
"09/06/2023 23:00 - 10/06/2023 00:00","CTA|SE","10233.00","10970.00"
"10/06/2023 00:00 - 10/06/2023 01:00","CTA|SE","10038.00","10900.00"
"10/06/2023 01:00 - 10/06/2023 02:00","CTA|SE","9959.00","10790.00"
"10/06/2023 02:00 - 10/06/2023 03:00","CTA|SE","9676.00","10534.00"
"10/06/2023 03:00 - 10/06/2023 04:00","CTA|SE","9509.00","10522.00"
"10/06/2023 04:00 - 10/06/2023 05:00","CTA|SE","10067.00","10711.00"
"10/06/2023 05:00 - 10/06/2023 06:00","CTA|SE","10570.00","11032.00"
"10/06/2023 06:00 - 10/06/2023 07:00","CTA|SE","11166.00","11591.00"
"10/06/2023 07:00 - 10/06/2023 08:00","CTA|SE","11157.00","11910.00"
"10/06/2023 08:00 - 10/06/2023 09:00","CTA|SE","11087.00","12131.00"
"10/06/2023 09:00 - 10/06/2023 10:00","CTA|SE","11005.00","12156.00"
"10/06/2023 10:00 - 10/06/2023 11:00","CTA|SE","11137.00","12116.00"
"10/06/2023 11:00 - 10/06/2023 12:00","CTA|SE","11297.00","11976.00"
"10/06/2023 12:00 - 10/06/2023 13:00","CTA|SE","11262.00","11868.00"
"10/06/2023 13:00 - 10/06/2023 14:00","CTA|SE","11009.00","11791.00"
"10/06/2023 14:00 - 10/06/2023 15:00","CTA|SE","11011.00","11896.00"
"10/06/2023 15:00 - 10/06/2023 16:00","CTA|SE","11492.00","12093.00"
"10/06/2023 16:00 - 10/06/2023 17:00","CTA|SE","11641.00","12097.00"
"10/06/2023 17:00 - 10/06/2023 18:00","CTA|SE","11461.00","11939.00"
"10/06/2023 18:00 - 10/06/2023 19:00","CTA|SE","11391.00","11852.00"
"10/06/2023 19:00 - 10/06/2023 20:00","CTA|SE","11536.00","11691.00"
"10/06/2023 20:00 - 10/06/2023 21:00","CTA|SE","11194.00","11588.00"
"10/06/2023 21:00 - 10/06/2023 22:00","CTA|SE","10584.00","11313.00"
"10/06/2023 22:00 - 10/06/2023 23:00","CTA|SE","10106.00","10933.00"
"10/06/2023 23:00 - 11/06/2023 00:00","CTA|SE","10375.00","10742.00"
"11/06/2023 00:00 - 11/06/2023 01:00","CTA|SE","10525.00","10617.00"
"11/06/2023 01:00 - 11/06/2023 02:00","CTA|SE","10388.00","10495.00"
"11/06/2023 02:00 - 11/06/2023 03:00","CTA|SE","10221.00","10323.00"
"11/06/2023 03:00 - 11/06/2023 04:00","CTA|SE","10211.00","10203.00"
"11/06/2023 04:00 - 11/06/2023 05:00","CTA|SE","10332.00","10313.00"
"11/06/2023 05:00 - 11/06/2023 06:00","CTA|SE","10708.00","10561.00"
"11/06/2023 06:00 - 11/06/2023 07:00","CTA|SE","10613.00","11087.00"
"11/06/2023 07:00 - 11/06/2023 08:00","CTA|SE","10516.00","11454.00"
"11/06/2023 08:00 - 11/06/2023 09:00","CTA|SE","10603.00","11751.00"
"11/06/2023 09:00 - 11/06/2023 10:00","CTA|SE","10822.00","11886.00"
"11/06/2023 10:00 - 11/06/2023 11:00","CTA|SE","11026.00","11958.00"
"11/06/2023 11:00 - 11/06/2023 12:00","CTA|SE","11212.00","11842.00"
"11/06/2023 12:00 - 11/06/2023 13:00","CTA|SE","11007.00","11778.00"
"11/06/2023 13:00 - 11/06/2023 14:00","CTA|SE","11255.00","11774.00"
"11/06/2023 14:00 - 11/06/2023 15:00","CTA|SE","11422.00","11844.00"
"11/06/2023 15:00 - 11/06/2023 16:00","CTA|SE","11824.00","12142.00"
"11/06/2023 16:00 - 11/06/2023 17:00","CTA|SE","12046.00","12212.00"
"11/06/2023 17:00 - 11/06/2023 18:00","CTA|SE","12396.00","12100.00"
"11/06/2023 18:00 - 11/06/2023 19:00","CTA|SE","12321.00","12060.00"
"11/06/2023 19:00 - 11/06/2023 20:00","CTA|SE","12213.00","11900.00"
"11/06/2023 20:00 - 11/06/2023 21:00","CTA|SE","11498.00","11733.00"
"11/06/2023 21:00 - 11/06/2023 22:00","CTA|SE","11080.00","11368.00"
"11/06/2023 22:00 - 11/06/2023 23:00","CTA|SE","11036.00","11066.00"
"11/06/2023 23:00 - 12/06/2023 00:00","CTA|SE","10834.00","10864.00"
"12/06/2023 00:00 - 12/06/2023 01:00","CTA|SE","10503.00","10748.00"
"12/06/2023 01:00 - 12/06/2023 02:00","CTA|SE","10280.00","10692.00"
"12/06/2023 02:00 - 12/06/2023 03:00","CTA|SE","9929.00","10607.00"
"12/06/2023 03:00 - 12/06/2023 04:00","CTA|SE","10512.00","10989.00"
"12/06/2023 04:00 - 12/06/2023 05:00","CTA|SE","12014.00","12126.00"
"12/06/2023 05:00 - 12/06/2023 06:00","CTA|SE","13383.00","13181.00"
"12/06/2023 06:00 - 12/06/2023 07:00","CTA|SE","13786.00","13607.00"
"12/06/2023 07:00 - 12/06/2023 08:00","CTA|SE","13797.00","13700.00"
"12/06/2023 08:00 - 12/06/2023 09:00","CTA|SE","13742.00","13782.00"
"12/06/2023 09:00 - 12/06/2023 10:00","CTA|SE","13670.00","13799.00"
"12/06/2023 10:00 - 12/06/2023 11:00","CTA|SE","13604.00","13735.00"
"12/06/2023 11:00 - 12/06/2023 12:00","CTA|SE","13699.00","13584.00"
"12/06/2023 12:00 - 12/06/2023 13:00","CTA|SE","13574.00","13515.00"
"12/06/2023 13:00 - 12/06/2023 14:00","CTA|SE","13250.00","13446.00"
"12/06/2023 14:00 - 12/06/2023 15:00","CTA|SE","13553.00","13344.00"
"12/06/2023 15:00 - 12/06/2023 16:00","CTA|SE","13492.00","13360.00"
"12/06/2023 16:00 - 12/06/2023 17:00","CTA|SE","12980.00","13213.00"
"12/06/2023 17:00 - 12/06/2023 18:00","CTA|SE","13244.00","13009.00"
"12/06/2023 18:00 - 12/06/2023 19:00","CTA|SE","13457.00","12812.00"
"12/06/2023 19:00 - 12/06/2023 20:00","CTA|SE","13062.00","12546.00"
"12/06/2023 20:00 - 12/06/2023 21:00","CTA|SE","12245.00","12248.00"
"12/06/2023 21:00 - 12/06/2023 22:00","CTA|SE","11296.00","11701.00"
"12/06/2023 22:00 - 12/06/2023 23:00","CTA|SE","10795.00","11281.00"
"12/06/2023 23:00 - 13/06/2023 00:00","CTA|SE","10743.00","10958.00"
"13/06/2023 00:00 - 13/06/2023 01:00","CTA|SE","10659.00","10839.00"
"13/06/2023 01:00 - 13/06/2023 02:00","CTA|SE","10587.00","10746.00"
"13/06/2023 02:00 - 13/06/2023 03:00","CTA|SE","10566.00","10698.00"
"13/06/2023 03:00 - 13/06/2023 04:00","CTA|SE","10568.00","10990.00"
"13/06/2023 04:00 - 13/06/2023 05:00","CTA|SE","11941.00","12039.00"
"13/06/2023 05:00 - 13/06/2023 06:00","CTA|SE","13433.00","13179.00"
"13/06/2023 06:00 - 13/06/2023 07:00","CTA|SE","13596.00","13514.00"
"13/06/2023 07:00 - 13/06/2023 08:00","CTA|SE","13072.00","13588.00"
"13/06/2023 08:00 - 13/06/2023 09:00","CTA|SE","13509.00","13608.00"
"13/06/2023 09:00 - 13/06/2023 10:00","CTA|SE","13577.00","13658.00"
"13/06/2023 10:00 - 13/06/2023 11:00","CTA|SE","13609.00","13604.00"
"13/06/2023 11:00 - 13/06/2023 12:00","CTA|SE","13438.00","13489.00"
"13/06/2023 12:00 - 13/06/2023 13:00","CTA|SE","13392.00","13403.00"
"13/06/2023 13:00 - 13/06/2023 14:00","CTA|SE","13262.00","13325.00"
"13/06/2023 14:00 - 13/06/2023 15:00","CTA|SE","13149.00","13280.00"
"13/06/2023 15:00 - 13/06/2023 16:00","CTA|SE","13537.00","13279.00"
"13/06/2023 16:00 - 13/06/2023 17:00","CTA|SE","13210.00","13111.00"
"13/06/2023 17:00 - 13/06/2023 18:00","CTA|SE","13264.00","12899.00"
"13/06/2023 18:00 - 13/06/2023 19:00","CTA|SE","13256.00","12730.00"
"13/06/2023 19:00 - 13/06/2023 20:00","CTA|SE","12899.00","12445.00"
"13/06/2023 20:00 - 13/06/2023 21:00","CTA|SE","12613.00","12159.00"
"13/06/2023 21:00 - 13/06/2023 22:00","CTA|SE","11846.00","11668.00"
"13/06/2023 22:00 - 13/06/2023 23:00","CTA|SE","10971.00","11269.00"
"13/06/2023 23:00 - 14/06/2023 00:00","CTA|SE","10731.00","10967.00"
"14/06/2023 00:00 - 14/06/2023 01:00","CTA|SE","10637.00","10869.00"
"14/06/2023 01:00 - 14/06/2023 02:00","CTA|SE","10625.00","10690.00"
"14/06/2023 02:00 - 14/06/2023 03:00","CTA|SE","10480.00","10630.00"
"14/06/2023 03:00 - 14/06/2023 04:00","CTA|SE","10732.00","10904.00"
"14/06/2023 04:00 - 14/06/2023 05:00","CTA|SE","11852.00","12011.00"
"14/06/2023 05:00 - 14/06/2023 06:00","CTA|SE","13172.00","13230.00"
"14/06/2023 06:00 - 14/06/2023 07:00","CTA|SE","13354.00","13606.00"
"14/06/2023 07:00 - 14/06/2023 08:00","CTA|SE","13431.00","13638.00"
"14/06/2023 08:00 - 14/06/2023 09:00","CTA|SE","13655.00","13719.00"
"14/06/2023 09:00 - 14/06/2023 10:00","CTA|SE","13790.00","13721.00"
"14/06/2023 10:00 - 14/06/2023 11:00","CTA|SE","13524.00","13711.00"
"14/06/2023 11:00 - 14/06/2023 12:00","CTA|SE","13737.00","13641.00"
"14/06/2023 12:00 - 14/06/2023 13:00","CTA|SE","13255.00","13548.00"
"14/06/2023 13:00 - 14/06/2023 14:00","CTA|SE","13409.00","13501.00"
"14/06/2023 14:00 - 14/06/2023 15:00","CTA|SE","13265.00","13422.00"
"14/06/2023 15:00 - 14/06/2023 16:00","CTA|SE","13178.00","13406.00"
"14/06/2023 16:00 - 14/06/2023 17:00","CTA|SE","12801.00","13203.00"
"14/06/2023 17:00 - 14/06/2023 18:00","CTA|SE","12894.00","12977.00"
"14/06/2023 18:00 - 14/06/2023 19:00","CTA|SE","12966.00","12825.00"
"14/06/2023 19:00 - 14/06/2023 20:00","CTA|SE","12883.00","12538.00"
"14/06/2023 20:00 - 14/06/2023 21:00","CTA|SE","12233.00","12201.00"
"14/06/2023 21:00 - 14/06/2023 22:00","CTA|SE","11510.00","11725.00"
"14/06/2023 22:00 - 14/06/2023 23:00","CTA|SE","10913.00","11205.00"
"14/06/2023 23:00 - 15/06/2023 00:00","CTA|SE","10709.00","10891.00"
"15/06/2023 00:00 - 15/06/2023 01:00","CTA|SE","10563.00","10795.00"
"15/06/2023 01:00 - 15/06/2023 02:00","CTA|SE","10474.00","10724.00"
"15/06/2023 02:00 - 15/06/2023 03:00","CTA|SE","10397.00","10662.00"
"15/06/2023 03:00 - 15/06/2023 04:00","CTA|SE","10822.00","10937.00"
"15/06/2023 04:00 - 15/06/2023 05:00","CTA|SE","11434.00","12024.00"
"15/06/2023 05:00 - 15/06/2023 06:00","CTA|SE","12837.00","13224.00"
"15/06/2023 06:00 - 15/06/2023 07:00","CTA|SE","13330.00","13603.00"
"15/06/2023 07:00 - 15/06/2023 08:00","CTA|SE","13417.00","13679.00"
"15/06/2023 08:00 - 15/06/2023 09:00","CTA|SE","13486.00","13778.00"
"15/06/2023 09:00 - 15/06/2023 10:00","CTA|SE","13422.00","13788.00"
"15/06/2023 10:00 - 15/06/2023 11:00","CTA|SE","13556.00","13763.00"
"15/06/2023 11:00 - 15/06/2023 12:00","CTA|SE","13304.00","13680.00"
"15/06/2023 12:00 - 15/06/2023 13:00","CTA|SE","13291.00","13616.00"
"15/06/2023 13:00 - 15/06/2023 14:00","CTA|SE","13213.00","13587.00"
"15/06/2023 14:00 - 15/06/2023 15:00","CTA|SE","13228.00","13488.00"
"15/06/2023 15:00 - 15/06/2023 16:00","CTA|SE","13187.00","13539.00"
"15/06/2023 16:00 - 15/06/2023 17:00","CTA|SE","13003.00","13276.00"
"15/06/2023 17:00 - 15/06/2023 18:00","CTA|SE","13082.00","13117.00"
"15/06/2023 18:00 - 15/06/2023 19:00","CTA|SE","12875.00","12949.00"
"15/06/2023 19:00 - 15/06/2023 20:00","CTA|SE","12542.00","12689.00"
"15/06/2023 20:00 - 15/06/2023 21:00","CTA|SE","12236.00","12383.00"
"15/06/2023 21:00 - 15/06/2023 22:00","CTA|SE","11711.00","11843.00"
"15/06/2023 22:00 - 15/06/2023 23:00","CTA|SE","11132.00","11137.00"
"15/06/2023 23:00 - 16/06/2023 00:00","CTA|SE","10837.00","10896.00"
"16/06/2023 00:00 - 16/06/2023 01:00","CTA|SE","10749.00","10775.00"
"16/06/2023 01:00 - 16/06/2023 02:00","CTA|SE","10436.00","10661.00"
"16/06/2023 02:00 - 16/06/2023 03:00","CTA|SE","9919.00","10589.00"
"16/06/2023 03:00 - 16/06/2023 04:00","CTA|SE","10121.00","10906.00"
"16/06/2023 04:00 - 16/06/2023 05:00","CTA|SE","11259.00","12025.00"
"16/06/2023 05:00 - 16/06/2023 06:00","CTA|SE","12729.00","13206.00"
"16/06/2023 06:00 - 16/06/2023 07:00","CTA|SE","13239.00","13617.00"
"16/06/2023 07:00 - 16/06/2023 08:00","CTA|SE","13395.00","13732.00"
"16/06/2023 08:00 - 16/06/2023 09:00","CTA|SE","13323.00","13813.00"
"16/06/2023 09:00 - 16/06/2023 10:00","CTA|SE","13476.00","13817.00"
"16/06/2023 10:00 - 16/06/2023 11:00","CTA|SE","13424.00","13706.00"
"16/06/2023 11:00 - 16/06/2023 12:00","CTA|SE","13232.00","13470.00"
"16/06/2023 12:00 - 16/06/2023 13:00","CTA|SE","12754.00","13287.00"
"16/06/2023 13:00 - 16/06/2023 14:00","CTA|SE","12486.00","13152.00"
"16/06/2023 14:00 - 16/06/2023 15:00","CTA|SE","12401.00","12991.00"
"16/06/2023 15:00 - 16/06/2023 16:00","CTA|SE","12675.00","12986.00"
"16/06/2023 16:00 - 16/06/2023 17:00","CTA|SE","12542.00","12690.00"
"16/06/2023 17:00 - 16/06/2023 18:00","CTA|SE","12307.00","12435.00"
"16/06/2023 18:00 - 16/06/2023 19:00","CTA|SE","11860.00","12209.00"
"16/06/2023 19:00 - 16/06/2023 20:00","CTA|SE","11412.00","11959.00"
"16/06/2023 20:00 - 16/06/2023 21:00","CTA|SE","10949.00","11723.00"
"16/06/2023 21:00 - 16/06/2023 22:00","CTA|SE","10583.00","11335.00"
"16/06/2023 22:00 - 16/06/2023 23:00","CTA|SE","10189.00","10804.00"
"16/06/2023 23:00 - 17/06/2023 00:00","CTA|SE","9940.00","10527.00"
"17/06/2023 00:00 - 17/06/2023 01:00","CTA|SE","9660.00","10386.00"
"17/06/2023 01:00 - 17/06/2023 02:00","CTA|SE","9467.00","10215.00"
"17/06/2023 02:00 - 17/06/2023 03:00","CTA|SE","9102.00","10032.00"
"17/06/2023 03:00 - 17/06/2023 04:00","CTA|SE","9140.00","9960.00"
"17/06/2023 04:00 - 17/06/2023 05:00","CTA|SE","9408.00","10187.00"
"17/06/2023 05:00 - 17/06/2023 06:00","CTA|SE","10140.00","10637.00"
"17/06/2023 06:00 - 17/06/2023 07:00","CTA|SE","10982.00","11081.00"
"17/06/2023 07:00 - 17/06/2023 08:00","CTA|SE","11322.00","11461.00"
"17/06/2023 08:00 - 17/06/2023 09:00","CTA|SE","11558.00","11714.00"
"17/06/2023 09:00 - 17/06/2023 10:00","CTA|SE","11572.00","11803.00"
"17/06/2023 10:00 - 17/06/2023 11:00","CTA|SE","11632.00","11800.00"
"17/06/2023 11:00 - 17/06/2023 12:00","CTA|SE","11611.00","11716.00"
"17/06/2023 12:00 - 17/06/2023 13:00","CTA|SE","11657.00","11661.00"
"17/06/2023 13:00 - 17/06/2023 14:00","CTA|SE","11534.00","11646.00"
"17/06/2023 14:00 - 17/06/2023 15:00","CTA|SE","11803.00","11701.00"
"17/06/2023 15:00 - 17/06/2023 16:00","CTA|SE","11843.00","11946.00"
"17/06/2023 16:00 - 17/06/2023 17:00","CTA|SE","11719.00","11909.00"
"17/06/2023 17:00 - 17/06/2023 18:00","CTA|SE","11572.00","11764.00"
"17/06/2023 18:00 - 17/06/2023 19:00","CTA|SE","11238.00","11609.00"
"17/06/2023 19:00 - 17/06/2023 20:00","CTA|SE","11265.00","11433.00"
"17/06/2023 20:00 - 17/06/2023 21:00","CTA|SE","11480.00","11292.00"
"17/06/2023 21:00 - 17/06/2023 22:00","CTA|SE","10660.00","10909.00"
"17/06/2023 22:00 - 17/06/2023 23:00","CTA|SE","10284.00","10564.00"
"17/06/2023 23:00 - 18/06/2023 00:00","CTA|SE","10078.00","10318.00"
"18/06/2023 00:00 - 18/06/2023 01:00","CTA|SE","9930.00","10137.00"
"18/06/2023 01:00 - 18/06/2023 02:00","CTA|SE","9657.00","9917.00"
"18/06/2023 02:00 - 18/06/2023 03:00","CTA|SE","9441.00","9674.00"
"18/06/2023 03:00 - 18/06/2023 04:00","CTA|SE","9339.00","9634.00"
"18/06/2023 04:00 - 18/06/2023 05:00","CTA|SE","9653.00","9748.00"
"18/06/2023 05:00 - 18/06/2023 06:00","CTA|SE","9907.00","10302.00"
"18/06/2023 06:00 - 18/06/2023 07:00","CTA|SE","10655.00","10832.00"
"18/06/2023 07:00 - 18/06/2023 08:00","CTA|SE","11482.00","11292.00"
"18/06/2023 08:00 - 18/06/2023 09:00","CTA|SE","11861.00","11662.00"
"18/06/2023 09:00 - 18/06/2023 10:00","CTA|SE","11801.00","11887.00"
"18/06/2023 10:00 - 18/06/2023 11:00","CTA|SE","12053.00","11946.00"
"18/06/2023 11:00 - 18/06/2023 12:00","CTA|SE","11921.00","11938.00"
"18/06/2023 12:00 - 18/06/2023 13:00","CTA|SE","12080.00","11891.00"
"18/06/2023 13:00 - 18/06/2023 14:00","CTA|SE","11919.00","11883.00"
"18/06/2023 14:00 - 18/06/2023 15:00","CTA|SE","11939.00","11938.00"
"18/06/2023 15:00 - 18/06/2023 16:00","CTA|SE","11918.00","12190.00"
"18/06/2023 16:00 - 18/06/2023 17:00","CTA|SE","12317.00","12233.00"
"18/06/2023 17:00 - 18/06/2023 18:00","CTA|SE","12216.00","12196.00"
"18/06/2023 18:00 - 18/06/2023 19:00","CTA|SE","11959.00","12098.00"
"18/06/2023 19:00 - 18/06/2023 20:00","CTA|SE","11784.00","11914.00"
"18/06/2023 20:00 - 18/06/2023 21:00","CTA|SE","11446.00","11653.00"
"18/06/2023 21:00 - 18/06/2023 22:00","CTA|SE","11003.00","11162.00"
"18/06/2023 22:00 - 18/06/2023 23:00","CTA|SE","10556.00","10878.00"
"18/06/2023 23:00 - 19/06/2023 00:00","CTA|SE","10359.00","10638.00"
"19/06/2023 00:00 - 19/06/2023 01:00","CTA|SE","10358.00","10556.00"
"19/06/2023 01:00 - 19/06/2023 02:00","CTA|SE","10268.00","10423.00"
"19/06/2023 02:00 - 19/06/2023 03:00","CTA|SE","10375.00","10293.00"
"19/06/2023 03:00 - 19/06/2023 04:00","CTA|SE","10868.00","10688.00"
"19/06/2023 04:00 - 19/06/2023 05:00","CTA|SE","11984.00","11786.00"
"19/06/2023 05:00 - 19/06/2023 06:00","CTA|SE","13187.00","13051.00"
"19/06/2023 06:00 - 19/06/2023 07:00","CTA|SE","13574.00","13596.00"
"19/06/2023 07:00 - 19/06/2023 08:00","CTA|SE","13747.00","13904.00"
"19/06/2023 08:00 - 19/06/2023 09:00","CTA|SE","13936.00","14015.00"
"19/06/2023 09:00 - 19/06/2023 10:00","CTA|SE","14120.00","14101.00"
"19/06/2023 10:00 - 19/06/2023 11:00","CTA|SE","14019.00","14080.00"
"19/06/2023 11:00 - 19/06/2023 12:00","CTA|SE","13910.00","13990.00"
"19/06/2023 12:00 - 19/06/2023 13:00","CTA|SE","13898.00","13843.00"
"19/06/2023 13:00 - 19/06/2023 14:00","CTA|SE","13836.00","13795.00"
"19/06/2023 14:00 - 19/06/2023 15:00","CTA|SE","13547.00","13659.00"
"19/06/2023 15:00 - 19/06/2023 16:00","CTA|SE","13606.00","13660.00"
"19/06/2023 16:00 - 19/06/2023 17:00","CTA|SE","13654.00","13454.00"
"19/06/2023 17:00 - 19/06/2023 18:00","CTA|SE","13537.00","13202.00"
"19/06/2023 18:00 - 19/06/2023 19:00","CTA|SE","13647.00","12853.00"
"19/06/2023 19:00 - 19/06/2023 20:00","CTA|SE","12995.00","12567.00"
"19/06/2023 20:00 - 19/06/2023 21:00","CTA|SE","12389.00","12240.00"
"19/06/2023 21:00 - 19/06/2023 22:00","CTA|SE","11505.00","11741.00"
"19/06/2023 22:00 - 19/06/2023 23:00","CTA|SE","10736.00","11254.00"
"19/06/2023 23:00 - 20/06/2023 00:00","CTA|SE","10460.00","10943.00"
"20/06/2023 00:00 - 20/06/2023 01:00","CTA|SE","10428.00","10824.00"
"20/06/2023 01:00 - 20/06/2023 02:00","CTA|SE","10256.00","10716.00"
"20/06/2023 02:00 - 20/06/2023 03:00","CTA|SE","10187.00","10619.00"
"20/06/2023 03:00 - 20/06/2023 04:00","CTA|SE","10684.00","10848.00"
"20/06/2023 04:00 - 20/06/2023 05:00","CTA|SE","11667.00","11915.00"
"20/06/2023 05:00 - 20/06/2023 06:00","CTA|SE","12857.00","13160.00"
"20/06/2023 06:00 - 20/06/2023 07:00","CTA|SE","13319.00","13615.00"
"20/06/2023 07:00 - 20/06/2023 08:00","CTA|SE","13611.00","13794.00"
"20/06/2023 08:00 - 20/06/2023 09:00","CTA|SE","13724.00","13940.00"
"20/06/2023 09:00 - 20/06/2023 10:00","CTA|SE","13664.00","13984.00"
"20/06/2023 10:00 - 20/06/2023 11:00","CTA|SE","13556.00","13976.00"
"20/06/2023 11:00 - 20/06/2023 12:00","CTA|SE","13609.00","13893.00"
"20/06/2023 12:00 - 20/06/2023 13:00","CTA|SE","13347.00","13776.00"
"20/06/2023 13:00 - 20/06/2023 14:00","CTA|SE","13436.00","13712.00"
"20/06/2023 14:00 - 20/06/2023 15:00","CTA|SE","13741.00","13548.00"
"20/06/2023 15:00 - 20/06/2023 16:00","CTA|SE","13750.00","13531.00"
"20/06/2023 16:00 - 20/06/2023 17:00","CTA|SE","13236.00","13334.00"
"20/06/2023 17:00 - 20/06/2023 18:00","CTA|SE","12968.00","13138.00"
"20/06/2023 18:00 - 20/06/2023 19:00","CTA|SE","13134.00","12803.00"
"20/06/2023 19:00 - 20/06/2023 20:00","CTA|SE","12806.00","12527.00"
"20/06/2023 20:00 - 20/06/2023 21:00","CTA|SE","12318.00","12255.00"
"20/06/2023 21:00 - 20/06/2023 22:00","CTA|SE","11779.00","11776.00"
"20/06/2023 22:00 - 20/06/2023 23:00","CTA|SE","11028.00","11233.00"
"20/06/2023 23:00 - 21/06/2023 00:00","CTA|SE","10356.00","10904.00"
"21/06/2023 00:00 - 21/06/2023 01:00","CTA|SE","10392.00","10804.00"
"21/06/2023 01:00 - 21/06/2023 02:00","CTA|SE","10421.00","10675.00"
"21/06/2023 02:00 - 21/06/2023 03:00","CTA|SE","10138.00","10592.00"
"21/06/2023 03:00 - 21/06/2023 04:00","CTA|SE","10355.00","10927.00"
"21/06/2023 04:00 - 21/06/2023 05:00","CTA|SE","11531.00","11953.00"
"21/06/2023 05:00 - 21/06/2023 06:00","CTA|SE","12776.00","13105.00"
"21/06/2023 06:00 - 21/06/2023 07:00","CTA|SE","13716.00","13651.00"
"21/06/2023 07:00 - 21/06/2023 08:00","CTA|SE","13827.00","13836.00"
"21/06/2023 08:00 - 21/06/2023 09:00","CTA|SE","13880.00","13939.00"
"21/06/2023 09:00 - 21/06/2023 10:00","CTA|SE","13922.00","13982.00"
"21/06/2023 10:00 - 21/06/2023 11:00","CTA|SE","13925.00","13958.00"
"21/06/2023 11:00 - 21/06/2023 12:00","CTA|SE","13708.00","13929.00"
"21/06/2023 12:00 - 21/06/2023 13:00","CTA|SE","13946.00","13823.00"
"21/06/2023 13:00 - 21/06/2023 14:00","CTA|SE","13858.00","13787.00"
"21/06/2023 14:00 - 21/06/2023 15:00","CTA|SE","13572.00","13636.00"
"21/06/2023 15:00 - 21/06/2023 16:00","CTA|SE","13478.00","13673.00"
"21/06/2023 16:00 - 21/06/2023 17:00","CTA|SE","12985.00","13461.00"
"21/06/2023 17:00 - 21/06/2023 18:00","CTA|SE","12838.00","13219.00"
"21/06/2023 18:00 - 21/06/2023 19:00","CTA|SE","12522.00","12909.00"
"21/06/2023 19:00 - 21/06/2023 20:00","CTA|SE","12144.00","12588.00"
"21/06/2023 20:00 - 21/06/2023 21:00","CTA|SE","11859.00","12309.00"
"21/06/2023 21:00 - 21/06/2023 22:00","CTA|SE","11599.00","11787.00"
"21/06/2023 22:00 - 21/06/2023 23:00","CTA|SE","11437.00","11229.00"
"21/06/2023 23:00 - 22/06/2023 00:00","CTA|SE","10976.00","10855.00"
"22/06/2023 00:00 - 22/06/2023 01:00","CTA|SE","10996.00","10731.00"
"22/06/2023 01:00 - 22/06/2023 02:00","CTA|SE","10681.00","10583.00"
"22/06/2023 02:00 - 22/06/2023 03:00","CTA|SE","10390.00","10487.00"
"22/06/2023 03:00 - 22/06/2023 04:00","CTA|SE","10474.00","10807.00"
"22/06/2023 04:00 - 22/06/2023 05:00","CTA|SE","11874.00","11919.00"
"22/06/2023 05:00 - 22/06/2023 06:00","CTA|SE","12979.00","13162.00"
"22/06/2023 06:00 - 22/06/2023 07:00","CTA|SE","13427.00","13624.00"
"22/06/2023 07:00 - 22/06/2023 08:00","CTA|SE","13595.00","13788.00"
"22/06/2023 08:00 - 22/06/2023 09:00","CTA|SE","13829.00","13920.00"
"22/06/2023 09:00 - 22/06/2023 10:00","CTA|SE","13572.00","13955.00"
"22/06/2023 10:00 - 22/06/2023 11:00","CTA|SE","13258.00","13947.00"
"22/06/2023 11:00 - 22/06/2023 12:00","CTA|SE","12920.00","13904.00"
"22/06/2023 12:00 - 22/06/2023 13:00","CTA|SE","12788.00","13834.00"
"22/06/2023 13:00 - 22/06/2023 14:00","CTA|SE","12820.00","13734.00"
"22/06/2023 14:00 - 22/06/2023 15:00","CTA|SE","12882.00","13639.00"
"22/06/2023 15:00 - 22/06/2023 16:00","CTA|SE","13139.00","13642.00"
"22/06/2023 16:00 - 22/06/2023 17:00","CTA|SE","12720.00","13465.00"
"22/06/2023 17:00 - 22/06/2023 18:00","CTA|SE","12493.00","13266.00"
"22/06/2023 18:00 - 22/06/2023 19:00","CTA|SE","12360.00","13023.00"
"22/06/2023 19:00 - 22/06/2023 20:00","CTA|SE","12034.00","12701.00"
"22/06/2023 20:00 - 22/06/2023 21:00","CTA|SE","11276.00","12398.00"
"22/06/2023 21:00 - 22/06/2023 22:00","CTA|SE","10582.00","11844.00"
"22/06/2023 22:00 - 22/06/2023 23:00","CTA|SE","10011.00","11319.00"
"22/06/2023 23:00 - 23/06/2023 00:00","CTA|SE","9888.00","11011.00"
"23/06/2023 00:00 - 23/06/2023 01:00","CTA|SE","9833.00","10872.00"
"23/06/2023 01:00 - 23/06/2023 02:00","CTA|SE","9526.00","10713.00"
"23/06/2023 02:00 - 23/06/2023 03:00","CTA|SE","9079.00","10599.00"
"23/06/2023 03:00 - 23/06/2023 04:00","CTA|SE","8904.00","10914.00"
"23/06/2023 04:00 - 23/06/2023 05:00","CTA|SE","9460.00","11962.00"
"23/06/2023 05:00 - 23/06/2023 06:00","CTA|SE","10202.00","12988.00"
"23/06/2023 06:00 - 23/06/2023 07:00","CTA|SE","10732.00","13518.00"
"23/06/2023 07:00 - 23/06/2023 08:00","CTA|SE","11221.00","13714.00"
"23/06/2023 08:00 - 23/06/2023 09:00","CTA|SE","11269.00","13854.00"
"23/06/2023 09:00 - 23/06/2023 10:00","CTA|SE","11332.00","13877.00"
"23/06/2023 10:00 - 23/06/2023 11:00","CTA|SE","11373.00","13810.00"
"23/06/2023 11:00 - 23/06/2023 12:00","CTA|SE","10990.00","13575.00"
"23/06/2023 12:00 - 23/06/2023 13:00","CTA|SE","10770.00","13408.00"
"23/06/2023 13:00 - 23/06/2023 14:00","CTA|SE","10625.00","13243.00"
"23/06/2023 14:00 - 23/06/2023 15:00","CTA|SE","10670.00","13108.00"
"23/06/2023 15:00 - 23/06/2023 16:00","CTA|SE","10704.00","13042.00"
"23/06/2023 16:00 - 23/06/2023 17:00","CTA|SE","10685.00","12836.00"
"23/06/2023 17:00 - 23/06/2023 18:00","CTA|SE","10738.00","12556.00"
"23/06/2023 18:00 - 23/06/2023 19:00","CTA|SE","10917.00","12232.00"
"23/06/2023 19:00 - 23/06/2023 20:00","CTA|SE","10660.00","11951.00"
"23/06/2023 20:00 - 23/06/2023 21:00","CTA|SE","10620.00","11793.00"
"23/06/2023 21:00 - 23/06/2023 22:00","CTA|SE","10521.00","11413.00"
"23/06/2023 22:00 - 23/06/2023 23:00","CTA|SE","10159.00","10894.00"
"23/06/2023 23:00 - 24/06/2023 00:00","CTA|SE","9766.00","10569.00"
"24/06/2023 00:00 - 24/06/2023 01:00","CTA|SE","9399.00","10400.00"
"24/06/2023 01:00 - 24/06/2023 02:00","CTA|SE","8717.00","10241.00"
"24/06/2023 02:00 - 24/06/2023 03:00","CTA|SE","8762.00","10012.00"
"24/06/2023 03:00 - 24/06/2023 04:00","CTA|SE","8964.00","9952.00"
"24/06/2023 04:00 - 24/06/2023 05:00","CTA|SE","9039.00","10065.00"
"24/06/2023 05:00 - 24/06/2023 06:00","CTA|SE","9421.00","10428.00"
"24/06/2023 06:00 - 24/06/2023 07:00","CTA|SE","9739.00","11036.00"
"24/06/2023 07:00 - 24/06/2023 08:00","CTA|SE","10367.00","11559.00"
"24/06/2023 08:00 - 24/06/2023 09:00","CTA|SE","10445.00","11866.00"
"24/06/2023 09:00 - 24/06/2023 10:00","CTA|SE","10604.00","12009.00"
"24/06/2023 10:00 - 24/06/2023 11:00","CTA|SE","10398.00","12055.00"
"24/06/2023 11:00 - 24/06/2023 12:00","CTA|SE","10405.00","11954.00"
"24/06/2023 12:00 - 24/06/2023 13:00","CTA|SE","10516.00","11904.00"
"24/06/2023 13:00 - 24/06/2023 14:00","CTA|SE","10518.00","11837.00"
"24/06/2023 14:00 - 24/06/2023 15:00","CTA|SE","10689.00","11868.00"
"24/06/2023 15:00 - 24/06/2023 16:00","CTA|SE","10985.00","11988.00"
"24/06/2023 16:00 - 24/06/2023 17:00","CTA|SE","11131.00","11927.00"
"24/06/2023 17:00 - 24/06/2023 18:00","CTA|SE","11315.00","11771.00"
"24/06/2023 18:00 - 24/06/2023 19:00","CTA|SE","11424.00","11578.00"
"24/06/2023 19:00 - 24/06/2023 20:00","CTA|SE","11211.00","11431.00"
"24/06/2023 20:00 - 24/06/2023 21:00","CTA|SE","10780.00","11327.00"
"24/06/2023 21:00 - 24/06/2023 22:00","CTA|SE","10059.00","11056.00"
"24/06/2023 22:00 - 24/06/2023 23:00","CTA|SE","9911.00","10428.00"
"24/06/2023 23:00 - 25/06/2023 00:00","CTA|SE","9521.00","10206.00"
"25/06/2023 00:00 - 25/06/2023 01:00","CTA|SE","9402.00","10022.00"
"25/06/2023 01:00 - 25/06/2023 02:00","CTA|SE","9392.00","9850.00"
"25/06/2023 02:00 - 25/06/2023 03:00","CTA|SE","9167.00","9600.00"
"25/06/2023 03:00 - 25/06/2023 04:00","CTA|SE","8969.00","9546.00"
"25/06/2023 04:00 - 25/06/2023 05:00","CTA|SE","9470.00","9639.00"
"25/06/2023 05:00 - 25/06/2023 06:00","CTA|SE","9731.00","10024.00"
"25/06/2023 06:00 - 25/06/2023 07:00","CTA|SE","10086.00","10644.00"
"25/06/2023 07:00 - 25/06/2023 08:00","CTA|SE","10468.00","11180.00"
"25/06/2023 08:00 - 25/06/2023 09:00","CTA|SE","10674.00","11552.00"
"25/06/2023 09:00 - 25/06/2023 10:00","CTA|SE","10804.00","11784.00"
"25/06/2023 10:00 - 25/06/2023 11:00","CTA|SE","10791.00","11889.00"
"25/06/2023 11:00 - 25/06/2023 12:00","CTA|SE","10775.00","11812.00"
"25/06/2023 12:00 - 25/06/2023 13:00","CTA|SE","10678.00","11776.00"
"25/06/2023 13:00 - 25/06/2023 14:00","CTA|SE","10849.00","11767.00"
"25/06/2023 14:00 - 25/06/2023 15:00","CTA|SE","11034.00","11842.00"
"25/06/2023 15:00 - 25/06/2023 16:00","CTA|SE","11412.00","12023.00"
"25/06/2023 16:00 - 25/06/2023 17:00","CTA|SE","11758.00","11995.00"
"25/06/2023 17:00 - 25/06/2023 18:00","CTA|SE","11906.00","11956.00"
"25/06/2023 18:00 - 25/06/2023 19:00","CTA|SE","11771.00","11864.00"
"25/06/2023 19:00 - 25/06/2023 20:00","CTA|SE","11489.00","11744.00"
"25/06/2023 20:00 - 25/06/2023 21:00","CTA|SE","11471.00","11605.00"
"25/06/2023 21:00 - 25/06/2023 22:00","CTA|SE","10809.00","11214.00"
"25/06/2023 22:00 - 25/06/2023 23:00","CTA|SE","10504.00","10716.00"
"25/06/2023 23:00 - 26/06/2023 00:00","CTA|SE","10366.00","10432.00"
"26/06/2023 00:00 - 26/06/2023 01:00","CTA|SE","10153.00","10355.00"
"26/06/2023 01:00 - 26/06/2023 02:00","CTA|SE","10007.00","10193.00"
"26/06/2023 02:00 - 26/06/2023 03:00","CTA|SE","9893.00","9979.00"
"26/06/2023 03:00 - 26/06/2023 04:00","CTA|SE","10564.00","10310.00"
"26/06/2023 04:00 - 26/06/2023 05:00","CTA|SE","11349.00","11254.00"
"26/06/2023 05:00 - 26/06/2023 06:00","CTA|SE","12622.00","12275.00"
"26/06/2023 06:00 - 26/06/2023 07:00","CTA|SE","13120.00","13049.00"
"26/06/2023 07:00 - 26/06/2023 08:00","CTA|SE","13685.00","13260.00"
"26/06/2023 08:00 - 26/06/2023 09:00","CTA|SE","13698.00","13421.00"
"26/06/2023 09:00 - 26/06/2023 10:00","CTA|SE","13698.00","13556.00"
"26/06/2023 10:00 - 26/06/2023 11:00","CTA|SE","13523.00","13511.00"
"26/06/2023 11:00 - 26/06/2023 12:00","CTA|SE","13330.00","13412.00"
"26/06/2023 12:00 - 26/06/2023 13:00","CTA|SE","13221.00","13340.00"
"26/06/2023 13:00 - 26/06/2023 14:00","CTA|SE","13289.00","13299.00"
"26/06/2023 14:00 - 26/06/2023 15:00","CTA|SE","13479.00","13186.00"
"26/06/2023 15:00 - 26/06/2023 16:00","CTA|SE","13494.00","13147.00"
"26/06/2023 16:00 - 26/06/2023 17:00","CTA|SE","13251.00","12945.00"
"26/06/2023 17:00 - 26/06/2023 18:00","CTA|SE","13463.00","12789.00"
"26/06/2023 18:00 - 26/06/2023 19:00","CTA|SE","13516.00","12597.00"
"26/06/2023 19:00 - 26/06/2023 20:00","CTA|SE","12746.00","12300.00"
"26/06/2023 20:00 - 26/06/2023 21:00","CTA|SE","12432.00","11999.00"
"26/06/2023 21:00 - 26/06/2023 22:00","CTA|SE","11626.00","11531.00"
"26/06/2023 22:00 - 26/06/2023 23:00","CTA|SE","11019.00","11003.00"
"26/06/2023 23:00 - 27/06/2023 00:00","CTA|SE","10628.00","10752.00"
"27/06/2023 00:00 - 27/06/2023 01:00","CTA|SE","10220.00","10677.00"
"27/06/2023 01:00 - 27/06/2023 02:00","CTA|SE","10054.00","10494.00"
"27/06/2023 02:00 - 27/06/2023 03:00","CTA|SE","10072.00","10306.00"
"27/06/2023 03:00 - 27/06/2023 04:00","CTA|SE","10275.00","10575.00"
"27/06/2023 04:00 - 27/06/2023 05:00","CTA|SE","11458.00","11401.00"
"27/06/2023 05:00 - 27/06/2023 06:00","CTA|SE","12887.00","12508.00"
"27/06/2023 06:00 - 27/06/2023 07:00","CTA|SE","13450.00","13025.00"
"27/06/2023 07:00 - 27/06/2023 08:00","CTA|SE","13670.00","13251.00"
"27/06/2023 08:00 - 27/06/2023 09:00","CTA|SE","13638.00","13414.00"
"27/06/2023 09:00 - 27/06/2023 10:00","CTA|SE","13653.00","13524.00"
"27/06/2023 10:00 - 27/06/2023 11:00","CTA|SE","13916.00","13467.00"
"27/06/2023 11:00 - 27/06/2023 12:00","CTA|SE","13855.00","13397.00"
"27/06/2023 12:00 - 27/06/2023 13:00","CTA|SE","13803.00","13335.00"
"27/06/2023 13:00 - 27/06/2023 14:00","CTA|SE","13614.00","13272.00"
"27/06/2023 14:00 - 27/06/2023 15:00","CTA|SE","13440.00","13119.00"
"27/06/2023 15:00 - 27/06/2023 16:00","CTA|SE","13569.00","13076.00"
"27/06/2023 16:00 - 27/06/2023 17:00","CTA|SE","13250.00","12866.00"
"27/06/2023 17:00 - 27/06/2023 18:00","CTA|SE","13031.00","12687.00"
"27/06/2023 18:00 - 27/06/2023 19:00","CTA|SE","13080.00","12502.00"
"27/06/2023 19:00 - 27/06/2023 20:00","CTA|SE","12714.00","12223.00"
"27/06/2023 20:00 - 27/06/2023 21:00","CTA|SE","12324.00","11975.00"
"27/06/2023 21:00 - 27/06/2023 22:00","CTA|SE","11753.00","11500.00"
"27/06/2023 22:00 - 27/06/2023 23:00","CTA|SE","11101.00","11393.00"
"27/06/2023 23:00 - 28/06/2023 00:00","CTA|SE","10542.00","11047.00"
"28/06/2023 00:00 - 28/06/2023 01:00","CTA|SE","10308.00","10879.00"
"28/06/2023 01:00 - 28/06/2023 02:00","CTA|SE","10154.00","10745.00"
"28/06/2023 02:00 - 28/06/2023 03:00","CTA|SE","10234.00","10579.00"
"28/06/2023 03:00 - 28/06/2023 04:00","CTA|SE","10489.00","10898.00"
"28/06/2023 04:00 - 28/06/2023 05:00","CTA|SE","11515.00","11883.00"
"28/06/2023 05:00 - 28/06/2023 06:00","CTA|SE","12704.00","13113.00"
"28/06/2023 06:00 - 28/06/2023 07:00","CTA|SE","13187.00","13600.00"
"28/06/2023 07:00 - 28/06/2023 08:00","CTA|SE","13275.00","13772.00"
"28/06/2023 08:00 - 28/06/2023 09:00","CTA|SE","13447.00","13928.00"
"28/06/2023 09:00 - 28/06/2023 10:00","CTA|SE","13455.00","13987.00"
"28/06/2023 10:00 - 28/06/2023 11:00","CTA|SE","13213.00","13954.00"
"28/06/2023 11:00 - 28/06/2023 12:00","CTA|SE","13187.00","13903.00"
"28/06/2023 12:00 - 28/06/2023 13:00","CTA|SE","13176.00","13846.00"
"28/06/2023 13:00 - 28/06/2023 14:00","CTA|SE","13327.00","13809.00"
"28/06/2023 14:00 - 28/06/2023 15:00","CTA|SE","13125.96","13664.00"
"28/06/2023 15:00 - 28/06/2023 16:00","CTA|SE","12827.09","13671.00"
"28/06/2023 16:00 - 28/06/2023 17:00","CTA|SE","12606.96","13379.00"
"28/06/2023 17:00 - 28/06/2023 18:00","CTA|SE","12634.75","13225.00"
"28/06/2023 18:00 - 28/06/2023 19:00","CTA|SE","12731.19","13016.00"
"28/06/2023 19:00 - 28/06/2023 20:00","CTA|SE","12276.07","12731.00"
"28/06/2023 20:00 - 28/06/2023 21:00","CTA|SE","11704.90","12431.00"
"28/06/2023 21:00 - 28/06/2023 22:00","CTA|SE","11291.85","11913.00"
"28/06/2023 22:00 - 28/06/2023 23:00","CTA|SE","11034.91","11300.00"
"28/06/2023 23:00 - 29/06/2023 00:00","CTA|SE","10703.82","10929.00"
"29/06/2023 00:00 - 29/06/2023 01:00","CTA|SE","10654.89","10769.00"
"29/06/2023 01:00 - 29/06/2023 02:00","CTA|SE","10460.89","10568.00"
"29/06/2023 02:00 - 29/06/2023 03:00","CTA|SE","10252.72","10492.00"
"29/06/2023 03:00 - 29/06/2023 04:00","CTA|SE","10490.61","10823.00"
"29/06/2023 04:00 - 29/06/2023 05:00","CTA|SE","11660.39","11859.00"
"29/06/2023 05:00 - 29/06/2023 06:00","CTA|SE","12965.35","13043.00"
"29/06/2023 06:00 - 29/06/2023 07:00","CTA|SE","13389.44","13624.00"
"29/06/2023 07:00 - 29/06/2023 08:00","CTA|SE","13591.49","13775.00"
"29/06/2023 08:00 - 29/06/2023 09:00","CTA|SE","13879.50","13956.00"
"29/06/2023 09:00 - 29/06/2023 10:00","CTA|SE","13891.70","14004.00"
"29/06/2023 10:00 - 29/06/2023 11:00","CTA|SE","13743.11","14020.00"
"29/06/2023 11:00 - 29/06/2023 12:00","CTA|SE","13459.52","13944.00"
"29/06/2023 12:00 - 29/06/2023 13:00","CTA|SE","13440.45","13882.00"
"29/06/2023 13:00 - 29/06/2023 14:00","CTA|SE","13500.64","13848.00"
"29/06/2023 14:00 - 29/06/2023 15:00","CTA|SE","13179.19","13683.00"
"29/06/2023 15:00 - 29/06/2023 16:00","CTA|SE","13218.30","13685.00"
"29/06/2023 16:00 - 29/06/2023 17:00","CTA|SE","13160.54","13460.00"
"29/06/2023 17:00 - 29/06/2023 18:00","CTA|SE","12604.44","13296.00"
"29/06/2023 18:00 - 29/06/2023 19:00","CTA|SE","12787.27","13070.00"
"29/06/2023 19:00 - 29/06/2023 20:00","CTA|SE","12763.74","12689.00"
"29/06/2023 20:00 - 29/06/2023 21:00","CTA|SE","12378.78","12456.00"
"29/06/2023 21:00 - 29/06/2023 22:00","CTA|SE","11665.32","11902.00"
"29/06/2023 22:00 - 29/06/2023 23:00","CTA|SE","11347.55","11313.00"
"29/06/2023 23:00 - 30/06/2023 00:00","CTA|SE","10896.92","10972.00"
"30/06/2023 00:00 - 30/06/2023 01:00","CTA|SE","10634.69","10843.00"
"30/06/2023 01:00 - 30/06/2023 02:00","CTA|SE","10062.01","10614.00"
"30/06/2023 02:00 - 30/06/2023 03:00","CTA|SE","9635.33","10516.00"
"30/06/2023 03:00 - 30/06/2023 04:00","CTA|SE","9939.89","10875.00"
"30/06/2023 04:00 - 30/06/2023 05:00","CTA|SE","11334.69","11872.00"
"30/06/2023 05:00 - 30/06/2023 06:00","CTA|SE","12691.67","13020.00"
"30/06/2023 06:00 - 30/06/2023 07:00","CTA|SE","13252.61","13606.00"
"30/06/2023 07:00 - 30/06/2023 08:00","CTA|SE","13431.20","13822.00"
"30/06/2023 08:00 - 30/06/2023 09:00","CTA|SE","13698.76","13975.00"
"30/06/2023 09:00 - 30/06/2023 10:00","CTA|SE","13672.88","14071.00"
"30/06/2023 10:00 - 30/06/2023 11:00","CTA|SE","13609.91","14023.00"
"30/06/2023 11:00 - 30/06/2023 12:00","CTA|SE","13178.00","13827.00"
"30/06/2023 12:00 - 30/06/2023 13:00","CTA|SE","12745.00","13657.00"
"30/06/2023 13:00 - 30/06/2023 14:00","CTA|SE","12444.00","13446.00"
"30/06/2023 14:00 - 30/06/2023 15:00","CTA|SE","12358.00","13225.00"
"30/06/2023 15:00 - 30/06/2023 16:00","CTA|SE","12452.00","13189.00"
"30/06/2023 16:00 - 30/06/2023 17:00","CTA|SE","12265.00","12944.00"
"30/06/2023 17:00 - 30/06/2023 18:00","CTA|SE","11926.00","12604.00"
"30/06/2023 18:00 - 30/06/2023 19:00","CTA|SE","11818.00","12314.00"
"30/06/2023 19:00 - 30/06/2023 20:00","CTA|SE","11543.00","12009.00"
"30/06/2023 20:00 - 30/06/2023 21:00","CTA|SE","11327.00","11719.00"
"30/06/2023 21:00 - 30/06/2023 22:00","CTA|SE","10831.00","11412.00"
"30/06/2023 22:00 - 30/06/2023 23:00","CTA|SE","10074.00","10822.00"
"30/06/2023 23:00 - 01/07/2023 00:00","CTA|SE","9819.00","10429.00"
"01/07/2023 00:00 - 01/07/2023 01:00","CTA|SE","9698.00","10291.00"
"01/07/2023 01:00 - 01/07/2023 02:00","CTA|SE","9678.00","10135.00"
"01/07/2023 02:00 - 01/07/2023 03:00","CTA|SE","9183.00","9958.00"
"01/07/2023 03:00 - 01/07/2023 04:00","CTA|SE","8751.00","9904.00"
"01/07/2023 04:00 - 01/07/2023 05:00","CTA|SE","9252.00","10180.00"
"01/07/2023 05:00 - 01/07/2023 06:00","CTA|SE","10037.00","10611.00"
"01/07/2023 06:00 - 01/07/2023 07:00","CTA|SE","10485.00","11125.00"
"01/07/2023 07:00 - 01/07/2023 08:00","CTA|SE","11282.00","11623.00"
"01/07/2023 08:00 - 01/07/2023 09:00","CTA|SE","11613.00","11903.00"
"01/07/2023 09:00 - 01/07/2023 10:00","CTA|SE","11846.00","12027.00"
"01/07/2023 10:00 - 01/07/2023 11:00","CTA|SE","12034.00","12056.00"
"01/07/2023 11:00 - 01/07/2023 12:00","CTA|SE","12047.00","12028.00"
"01/07/2023 12:00 - 01/07/2023 13:00","CTA|SE","12017.00","11969.00"
"01/07/2023 13:00 - 01/07/2023 14:00","CTA|SE","12005.00","11893.00"
"01/07/2023 14:00 - 01/07/2023 15:00","CTA|SE","12118.00","12011.00"
"01/07/2023 15:00 - 01/07/2023 16:00","CTA|SE","12054.00","12136.00"
"01/07/2023 16:00 - 01/07/2023 17:00","CTA|SE","11977.00","12142.00"
"01/07/2023 17:00 - 01/07/2023 18:00","CTA|SE","11686.00","12022.00"
"01/07/2023 18:00 - 01/07/2023 19:00","CTA|SE","11464.00","11866.00"
"01/07/2023 19:00 - 01/07/2023 20:00","CTA|SE","11249.00","11609.00"
"01/07/2023 20:00 - 01/07/2023 21:00","CTA|SE","11121.00","11446.00"
"01/07/2023 21:00 - 01/07/2023 22:00","CTA|SE","10261.00","11074.00"
"01/07/2023 22:00 - 01/07/2023 23:00","CTA|SE","9683.00","10429.00"
"01/07/2023 23:00 - 02/07/2023 00:00","CTA|SE","9776.00","10202.00"
"02/07/2023 00:00 - 02/07/2023 01:00","CTA|SE","9494.00","10107.00"
"02/07/2023 01:00 - 02/07/2023 02:00","CTA|SE","9329.00","9912.00"
"02/07/2023 02:00 - 02/07/2023 03:00","CTA|SE","9254.00","9666.00"
"02/07/2023 03:00 - 02/07/2023 04:00","CTA|SE","9210.00","9624.00"
"02/07/2023 04:00 - 02/07/2023 05:00","CTA|SE","9390.00","9864.00"
"02/07/2023 05:00 - 02/07/2023 06:00","CTA|SE","9313.00","10324.00"
"02/07/2023 06:00 - 02/07/2023 07:00","CTA|SE","9772.00","10791.00"
"02/07/2023 07:00 - 02/07/2023 08:00","CTA|SE","10643.00","11377.00"
"02/07/2023 08:00 - 02/07/2023 09:00","CTA|SE","11147.00","11779.00"
"02/07/2023 09:00 - 02/07/2023 10:00","CTA|SE","11735.00","11974.00"
"02/07/2023 10:00 - 02/07/2023 11:00","CTA|SE","11745.00","12000.00"
"02/07/2023 11:00 - 02/07/2023 12:00","CTA|SE","11832.00","11901.00"
"02/07/2023 12:00 - 02/07/2023 13:00","CTA|SE","12088.00","11852.00"
"02/07/2023 13:00 - 02/07/2023 14:00","CTA|SE","12124.00","11812.00"
"02/07/2023 14:00 - 02/07/2023 15:00","CTA|SE","12288.00","11956.00"
"02/07/2023 15:00 - 02/07/2023 16:00","CTA|SE","12343.00","12106.00"
"02/07/2023 16:00 - 02/07/2023 17:00","CTA|SE","12226.00","12236.00"
"02/07/2023 17:00 - 02/07/2023 18:00","CTA|SE","12346.00","12188.00"
"02/07/2023 18:00 - 02/07/2023 19:00","CTA|SE","12182.00","12135.00"
"02/07/2023 19:00 - 02/07/2023 20:00","CTA|SE","11976.00","11930.00"
"02/07/2023 20:00 - 02/07/2023 21:00","CTA|SE","11631.00","11741.00"
"02/07/2023 21:00 - 02/07/2023 22:00","CTA|SE","10875.00","11334.00"
"02/07/2023 22:00 - 02/07/2023 23:00","CTA|SE","10747.00","10940.00"
"02/07/2023 23:00 - 03/07/2023 00:00","CTA|SE","10451.00","10690.00"
"03/07/2023 00:00 - 03/07/2023 01:00","CTA|SE","10217.00","10576.00"
"03/07/2023 01:00 - 03/07/2023 02:00","CTA|SE","10052.00","10385.00"
"03/07/2023 02:00 - 03/07/2023 03:00","CTA|SE","10088.00","10304.00"
"03/07/2023 03:00 - 03/07/2023 04:00","CTA|SE","10535.00","10738.00"
"03/07/2023 04:00 - 03/07/2023 05:00","CTA|SE","11595.00","11818.00"
"03/07/2023 05:00 - 03/07/2023 06:00","CTA|SE","12770.00","13099.00"
"03/07/2023 06:00 - 03/07/2023 07:00","CTA|SE","13272.00","13746.00"
"03/07/2023 07:00 - 03/07/2023 08:00","CTA|SE","13350.00","13948.00"
"03/07/2023 08:00 - 03/07/2023 09:00","CTA|SE","13548.00","14161.00"
"03/07/2023 09:00 - 03/07/2023 10:00","CTA|SE","13826.00","14305.00"
"03/07/2023 10:00 - 03/07/2023 11:00","CTA|SE","13805.00","14346.00"
"03/07/2023 11:00 - 03/07/2023 12:00","CTA|SE","13642.00","14254.00"
"03/07/2023 12:00 - 03/07/2023 13:00","CTA|SE","13588.00","14212.00"
"03/07/2023 13:00 - 03/07/2023 14:00","CTA|SE","13469.00","14109.00"
"03/07/2023 14:00 - 03/07/2023 15:00","CTA|SE","13305.00","13884.00"
"03/07/2023 15:00 - 03/07/2023 16:00","CTA|SE","13527.00","13905.00"
"03/07/2023 16:00 - 03/07/2023 17:00","CTA|SE","13605.00","13642.00"
"03/07/2023 17:00 - 03/07/2023 18:00","CTA|SE","13334.00","13371.00"
"03/07/2023 18:00 - 03/07/2023 19:00","CTA|SE","13032.00","13155.00"
"03/07/2023 19:00 - 03/07/2023 20:00","CTA|SE","12555.00","12715.00"
"03/07/2023 20:00 - 03/07/2023 21:00","CTA|SE","12092.00","12429.00"
"03/07/2023 21:00 - 03/07/2023 22:00","CTA|SE","11240.00","11846.00"
"03/07/2023 22:00 - 03/07/2023 23:00","CTA|SE","10600.00","11389.00"
"03/07/2023 23:00 - 04/07/2023 00:00","CTA|SE","10486.00","11062.00"
"04/07/2023 00:00 - 04/07/2023 01:00","CTA|SE","10419.00","10890.00"
"04/07/2023 01:00 - 04/07/2023 02:00","CTA|SE","10194.00","10714.00"
"04/07/2023 02:00 - 04/07/2023 03:00","CTA|SE","10160.00","10640.00"
"04/07/2023 03:00 - 04/07/2023 04:00","CTA|SE","10392.00","11017.00"
"04/07/2023 04:00 - 04/07/2023 05:00","CTA|SE","11580.00","12015.00"
"04/07/2023 05:00 - 04/07/2023 06:00","CTA|SE","12586.00","13258.00"
"04/07/2023 06:00 - 04/07/2023 07:00","CTA|SE","13143.00","13880.00"
"04/07/2023 07:00 - 04/07/2023 08:00","CTA|SE","13396.00","14013.00"
"04/07/2023 08:00 - 04/07/2023 09:00","CTA|SE","13241.00","14114.00"
"04/07/2023 09:00 - 04/07/2023 10:00","CTA|SE","12710.00","14215.00"
"04/07/2023 10:00 - 04/07/2023 11:00","CTA|SE","12932.00","14201.00"
"04/07/2023 11:00 - 04/07/2023 12:00","CTA|SE","13057.00","14163.00"
"04/07/2023 12:00 - 04/07/2023 13:00","CTA|SE","12977.00","14069.00"
"04/07/2023 13:00 - 04/07/2023 14:00","CTA|SE","12824.00","14020.00"
"04/07/2023 14:00 - 04/07/2023 15:00","CTA|SE","12736.00","13818.00"
"04/07/2023 15:00 - 04/07/2023 16:00","CTA|SE","12966.00","13825.00"
"04/07/2023 16:00 - 04/07/2023 17:00","CTA|SE","12850.00","13573.00"
"04/07/2023 17:00 - 04/07/2023 18:00","CTA|SE","12916.00","13336.00"
"04/07/2023 18:00 - 04/07/2023 19:00","CTA|SE","12766.00","13129.00"
"04/07/2023 19:00 - 04/07/2023 20:00","CTA|SE","12303.00","12749.00"
"04/07/2023 20:00 - 04/07/2023 21:00","CTA|SE","11642.00","12428.00"
"04/07/2023 21:00 - 04/07/2023 22:00","CTA|SE","10952.00","11822.00"
"04/07/2023 22:00 - 04/07/2023 23:00","CTA|SE","10710.00","11392.00"
"04/07/2023 23:00 - 05/07/2023 00:00","CTA|SE","10703.00","11035.00"
"05/07/2023 00:00 - 05/07/2023 01:00","CTA|SE","10645.00","10891.00"
"05/07/2023 01:00 - 05/07/2023 02:00","CTA|SE","10492.00","10662.00"
"05/07/2023 02:00 - 05/07/2023 03:00","CTA|SE","10108.00","10594.00"
"05/07/2023 03:00 - 05/07/2023 04:00","CTA|SE","10413.00","10981.00"
"05/07/2023 04:00 - 05/07/2023 05:00","CTA|SE","11189.00","11957.00"
"05/07/2023 05:00 - 05/07/2023 06:00","CTA|SE","12185.00","13118.00"
"05/07/2023 06:00 - 05/07/2023 07:00","CTA|SE","12596.00","13740.00"
"05/07/2023 07:00 - 05/07/2023 08:00","CTA|SE","12760.00","13895.00"
"05/07/2023 08:00 - 05/07/2023 09:00","CTA|SE","13240.00","14024.00"
"05/07/2023 09:00 - 05/07/2023 10:00","CTA|SE","13156.00","14117.00"
"05/07/2023 10:00 - 05/07/2023 11:00","CTA|SE","12814.00","14105.00"
"05/07/2023 11:00 - 05/07/2023 12:00","CTA|SE","12851.00","14105.00"
"05/07/2023 12:00 - 05/07/2023 13:00","CTA|SE","12952.00","14026.00"
"05/07/2023 13:00 - 05/07/2023 14:00","CTA|SE","12756.00","13979.00"
"05/07/2023 14:00 - 05/07/2023 15:00","CTA|SE","12711.00","13747.00"
"05/07/2023 15:00 - 05/07/2023 16:00","CTA|SE","12908.00","13772.00"
"05/07/2023 16:00 - 05/07/2023 17:00","CTA|SE","12961.00","13610.00"
"05/07/2023 17:00 - 05/07/2023 18:00","CTA|SE","13124.00","13340.00"
"05/07/2023 18:00 - 05/07/2023 19:00","CTA|SE","13227.00","13122.00"
"05/07/2023 19:00 - 05/07/2023 20:00","CTA|SE","12743.00","12717.00"
"05/07/2023 20:00 - 05/07/2023 21:00","CTA|SE","12155.00","12390.00"
"05/07/2023 21:00 - 05/07/2023 22:00","CTA|SE","11500.00","11849.00"
"05/07/2023 22:00 - 05/07/2023 23:00","CTA|SE","10920.00","11246.00"
"05/07/2023 23:00 - 06/07/2023 00:00","CTA|SE","10569.00","10955.00"
"06/07/2023 00:00 - 06/07/2023 01:00","CTA|SE","10496.00","10828.00"
"06/07/2023 01:00 - 06/07/2023 02:00","CTA|SE","10213.00","10700.00"
"06/07/2023 02:00 - 06/07/2023 03:00","CTA|SE","9914.00","10577.00"
"06/07/2023 03:00 - 06/07/2023 04:00","CTA|SE","10458.00","10874.00"
"06/07/2023 04:00 - 06/07/2023 05:00","CTA|SE","11620.00","11898.00"
"06/07/2023 05:00 - 06/07/2023 06:00","CTA|SE","12535.00","12986.00"
"06/07/2023 06:00 - 06/07/2023 07:00","CTA|SE","13086.00","13613.00"
"06/07/2023 07:00 - 06/07/2023 08:00","CTA|SE","13229.00","13820.00"
"06/07/2023 08:00 - 06/07/2023 09:00","CTA|SE","13328.00","13970.00"
"06/07/2023 09:00 - 06/07/2023 10:00","CTA|SE","13481.00","14008.00"
"06/07/2023 10:00 - 06/07/2023 11:00","CTA|SE","13408.00","14020.00"
"06/07/2023 11:00 - 06/07/2023 12:00","CTA|SE","13419.00","13995.00"
"06/07/2023 12:00 - 06/07/2023 13:00","CTA|SE","12978.00","13942.00"
"06/07/2023 13:00 - 06/07/2023 14:00","CTA|SE","12869.00","13839.00"
"06/07/2023 14:00 - 06/07/2023 15:00","CTA|SE","12605.00","13693.00"
"06/07/2023 15:00 - 06/07/2023 16:00","CTA|SE","12926.00","13681.00"
"06/07/2023 16:00 - 06/07/2023 17:00","CTA|SE","12903.00","13474.00"
"06/07/2023 17:00 - 06/07/2023 18:00","CTA|SE","12772.00","13209.00"
"06/07/2023 18:00 - 06/07/2023 19:00","CTA|SE","12656.00","12965.00"
"06/07/2023 19:00 - 06/07/2023 20:00","CTA|SE","12170.00","12637.00"
"06/07/2023 20:00 - 06/07/2023 21:00","CTA|SE","11630.00","12327.00"
"06/07/2023 21:00 - 06/07/2023 22:00","CTA|SE","10965.00","11721.00"
"06/07/2023 22:00 - 06/07/2023 23:00","CTA|SE","10433.00","11232.00"
"06/07/2023 23:00 - 07/07/2023 00:00","CTA|SE","10179.00","10912.00"
"07/07/2023 00:00 - 07/07/2023 01:00","CTA|SE","10271.00","10740.00"
"07/07/2023 01:00 - 07/07/2023 02:00","CTA|SE","10252.00","10613.00"
"07/07/2023 02:00 - 07/07/2023 03:00","CTA|SE","10107.00","10540.00"
"07/07/2023 03:00 - 07/07/2023 04:00","CTA|SE","10364.00","10823.00"
"07/07/2023 04:00 - 07/07/2023 05:00","CTA|SE","11315.00","11748.00"
"07/07/2023 05:00 - 07/07/2023 06:00","CTA|SE","12474.00","12778.00"
"07/07/2023 06:00 - 07/07/2023 07:00","CTA|SE","12928.00","13287.00"
"07/07/2023 07:00 - 07/07/2023 08:00","CTA|SE","13055.00","13432.00"
"07/07/2023 08:00 - 07/07/2023 09:00","CTA|SE","12973.00","13522.00"
"07/07/2023 09:00 - 07/07/2023 10:00","CTA|SE","12687.00","13542.00"
"07/07/2023 10:00 - 07/07/2023 11:00","CTA|SE","12589.00","13505.00"
"07/07/2023 11:00 - 07/07/2023 12:00","CTA|SE","12436.00","13308.00"
"07/07/2023 12:00 - 07/07/2023 13:00","CTA|SE","12136.00","13143.00"
"07/07/2023 13:00 - 07/07/2023 14:00","CTA|SE","12240.00","12997.00"
"07/07/2023 14:00 - 07/07/2023 15:00","CTA|SE","11958.00","12867.00"
"07/07/2023 15:00 - 07/07/2023 16:00","CTA|SE","12012.00","12859.00"
"07/07/2023 16:00 - 07/07/2023 17:00","CTA|SE","12070.00","12606.00"
"07/07/2023 17:00 - 07/07/2023 18:00","CTA|SE","11981.00","12295.00"
"07/07/2023 18:00 - 07/07/2023 19:00","CTA|SE","11998.00","12033.00"
"07/07/2023 19:00 - 07/07/2023 20:00","CTA|SE","11517.00","11735.00"
"07/07/2023 20:00 - 07/07/2023 21:00","CTA|SE","11022.00","11491.00"
"07/07/2023 21:00 - 07/07/2023 22:00","CTA|SE","10840.00","11132.00"
"07/07/2023 22:00 - 07/07/2023 23:00","CTA|SE","10310.00","10531.00"
"07/07/2023 23:00 - 08/07/2023 00:00","CTA|SE","10024.00","10254.00"
"08/07/2023 00:00 - 08/07/2023 01:00","CTA|SE","9949.00","10075.00"
"08/07/2023 01:00 - 08/07/2023 02:00","CTA|SE","9705.00","9977.00"
"08/07/2023 02:00 - 08/07/2023 03:00","CTA|SE","9537.00","9822.00"
"08/07/2023 03:00 - 08/07/2023 04:00","CTA|SE","9478.00","9753.00"
"08/07/2023 04:00 - 08/07/2023 05:00","CTA|SE","9484.00","9995.00"
"08/07/2023 05:00 - 08/07/2023 06:00","CTA|SE","10020.00","10296.00"
"08/07/2023 06:00 - 08/07/2023 07:00","CTA|SE","10584.00","10713.00"
"08/07/2023 07:00 - 08/07/2023 08:00","CTA|SE","11112.00","11302.00"
"08/07/2023 08:00 - 08/07/2023 09:00","CTA|SE","11201.00","11579.00"
"08/07/2023 09:00 - 08/07/2023 10:00","CTA|SE","10996.00","11716.00"
"08/07/2023 10:00 - 08/07/2023 11:00","CTA|SE","10669.00","11769.00"
"08/07/2023 11:00 - 08/07/2023 12:00","CTA|SE","10743.00","11737.00"
"08/07/2023 12:00 - 08/07/2023 13:00","CTA|SE","10720.00","11660.00"
"08/07/2023 13:00 - 08/07/2023 14:00","CTA|SE","10501.00","11658.00"
"08/07/2023 14:00 - 08/07/2023 15:00","CTA|SE","10970.00","11666.00"
"08/07/2023 15:00 - 08/07/2023 16:00","CTA|SE","11351.00","11808.00"
"08/07/2023 16:00 - 08/07/2023 17:00","CTA|SE","11281.00","11781.00"
"08/07/2023 17:00 - 08/07/2023 18:00","CTA|SE","11249.00","11663.00"
"08/07/2023 18:00 - 08/07/2023 19:00","CTA|SE","11315.00","11480.00"
"08/07/2023 19:00 - 08/07/2023 20:00","CTA|SE","11110.00","11246.00"
"08/07/2023 20:00 - 08/07/2023 21:00","CTA|SE","10572.00","11124.00"
"08/07/2023 21:00 - 08/07/2023 22:00","CTA|SE","10407.00","10804.00"
"08/07/2023 22:00 - 08/07/2023 23:00","CTA|SE","10191.00","10331.00"
"08/07/2023 23:00 - 09/07/2023 00:00","CTA|SE","10041.00","10101.00"
"09/07/2023 00:00 - 09/07/2023 01:00","CTA|SE","9962.00","9926.00"
"09/07/2023 01:00 - 09/07/2023 02:00","CTA|SE","9725.00","9809.00"
"09/07/2023 02:00 - 09/07/2023 03:00","CTA|SE","9419.00","9607.00"
"09/07/2023 03:00 - 09/07/2023 04:00","CTA|SE","9211.00","9569.00"
"09/07/2023 04:00 - 09/07/2023 05:00","CTA|SE","9346.00","9699.00"
"09/07/2023 05:00 - 09/07/2023 06:00","CTA|SE","9823.00","9975.00"
"09/07/2023 06:00 - 09/07/2023 07:00","CTA|SE","10212.00","10391.00"
"09/07/2023 07:00 - 09/07/2023 08:00","CTA|SE","10559.00","10986.00"
"09/07/2023 08:00 - 09/07/2023 09:00","CTA|SE","10683.00","11360.00"
"09/07/2023 09:00 - 09/07/2023 10:00","CTA|SE","10774.00","11589.00"
"09/07/2023 10:00 - 09/07/2023 11:00","CTA|SE","10737.00","11650.00"
"09/07/2023 11:00 - 09/07/2023 12:00","CTA|SE","10686.00","11650.00"
"09/07/2023 12:00 - 09/07/2023 13:00","CTA|SE","10747.00","11625.00"
"09/07/2023 13:00 - 09/07/2023 14:00","CTA|SE","10794.00","11601.00"
"09/07/2023 14:00 - 09/07/2023 15:00","CTA|SE","10907.00","11665.00"
"09/07/2023 15:00 - 09/07/2023 16:00","CTA|SE","11240.00","11892.00"
"09/07/2023 16:00 - 09/07/2023 17:00","CTA|SE","11595.00","11883.00"
"09/07/2023 17:00 - 09/07/2023 18:00","CTA|SE","11653.00","11781.00"
"09/07/2023 18:00 - 09/07/2023 19:00","CTA|SE","11747.00","11685.00"
"09/07/2023 19:00 - 09/07/2023 20:00","CTA|SE","11495.00","11501.00"
"09/07/2023 20:00 - 09/07/2023 21:00","CTA|SE","11473.00","11345.00"
"09/07/2023 21:00 - 09/07/2023 22:00","CTA|SE","11020.00","10952.00"
"09/07/2023 22:00 - 09/07/2023 23:00","CTA|SE","10387.00","10537.00"
"09/07/2023 23:00 - 10/07/2023 00:00","CTA|SE","9995.00","10284.00"
"10/07/2023 00:00 - 10/07/2023 01:00","CTA|SE","9704.00","10139.00"
"10/07/2023 01:00 - 10/07/2023 02:00","CTA|SE","9658.00","10101.00"
"10/07/2023 02:00 - 10/07/2023 03:00","CTA|SE","9720.00","9928.00"
"10/07/2023 03:00 - 10/07/2023 04:00","CTA|SE","9965.00","10250.00"
"10/07/2023 04:00 - 10/07/2023 05:00","CTA|SE","10660.00","11152.00"
"10/07/2023 05:00 - 10/07/2023 06:00","CTA|SE","11652.00","12014.00"
"10/07/2023 06:00 - 10/07/2023 07:00","CTA|SE","12360.00","12551.00"
"10/07/2023 07:00 - 10/07/2023 08:00","CTA|SE","12612.00","12913.00"
"10/07/2023 08:00 - 10/07/2023 09:00","CTA|SE","12670.00","13051.00"
"10/07/2023 09:00 - 10/07/2023 10:00","CTA|SE","12640.00","13170.00"
"10/07/2023 10:00 - 10/07/2023 11:00","CTA|SE","12579.00","13143.00"
"10/07/2023 11:00 - 10/07/2023 12:00","CTA|SE","12660.00","13107.00"
"10/07/2023 12:00 - 10/07/2023 13:00","CTA|SE","12541.00","12960.00"
"10/07/2023 13:00 - 10/07/2023 14:00","CTA|SE","12506.00","12898.00"
"10/07/2023 14:00 - 10/07/2023 15:00","CTA|SE","12396.00","12798.00"
"10/07/2023 15:00 - 10/07/2023 16:00","CTA|SE","12360.00","12824.00"
"10/07/2023 16:00 - 10/07/2023 17:00","CTA|SE","12624.00","12735.00"
"10/07/2023 17:00 - 10/07/2023 18:00","CTA|SE","12473.00","12567.00"
"10/07/2023 18:00 - 10/07/2023 19:00","CTA|SE","12308.00","12344.00"
"10/07/2023 19:00 - 10/07/2023 20:00","CTA|SE","12086.00","11971.00"
"10/07/2023 20:00 - 10/07/2023 21:00","CTA|SE","11584.00","11726.00"
"10/07/2023 21:00 - 10/07/2023 22:00","CTA|SE","10975.00","11220.00"
"10/07/2023 22:00 - 10/07/2023 23:00","CTA|SE","10564.00","10755.00"
"10/07/2023 23:00 - 11/07/2023 00:00","CTA|SE","10547.00","10490.00"
"11/07/2023 00:00 - 11/07/2023 01:00","CTA|SE","10361.00","10313.00"
"11/07/2023 01:00 - 11/07/2023 02:00","CTA|SE","9903.00","10258.00"
"11/07/2023 02:00 - 11/07/2023 03:00","CTA|SE","9985.00","10149.00"
"11/07/2023 03:00 - 11/07/2023 04:00","CTA|SE","9987.00","10391.00"
"11/07/2023 04:00 - 11/07/2023 05:00","CTA|SE","10776.00","11103.00"
"11/07/2023 05:00 - 11/07/2023 06:00","CTA|SE","11780.00","12129.00"
"11/07/2023 06:00 - 11/07/2023 07:00","CTA|SE","12391.00","12647.00"
"11/07/2023 07:00 - 11/07/2023 08:00","CTA|SE","12782.00","12956.00"
"11/07/2023 08:00 - 11/07/2023 09:00","CTA|SE","12862.00","13066.00"
"11/07/2023 09:00 - 11/07/2023 10:00","CTA|SE","12714.00","13156.00"
"11/07/2023 10:00 - 11/07/2023 11:00","CTA|SE","12908.00","13123.00"
"11/07/2023 11:00 - 11/07/2023 12:00","CTA|SE","12689.00","13094.00"
"11/07/2023 12:00 - 11/07/2023 13:00","CTA|SE","12585.00","12961.00"
"11/07/2023 13:00 - 11/07/2023 14:00","CTA|SE","12769.00","12942.00"
"11/07/2023 14:00 - 11/07/2023 15:00","CTA|SE","12738.00","12824.00"
"11/07/2023 15:00 - 11/07/2023 16:00","CTA|SE","13013.00","12873.00"
"11/07/2023 16:00 - 11/07/2023 17:00","CTA|SE","12589.00","12751.00"
"11/07/2023 17:00 - 11/07/2023 18:00","CTA|SE","12319.00","12584.00"
"11/07/2023 18:00 - 11/07/2023 19:00","CTA|SE","12298.00","12376.00"
"11/07/2023 19:00 - 11/07/2023 20:00","CTA|SE","12010.00","12012.00"
"11/07/2023 20:00 - 11/07/2023 21:00","CTA|SE","11465.00","11789.00"
"11/07/2023 21:00 - 11/07/2023 22:00","CTA|SE","10611.00","11305.00"
"11/07/2023 22:00 - 11/07/2023 23:00","CTA|SE","10128.00","10830.00"
"11/07/2023 23:00 - 12/07/2023 00:00","CTA|SE","9881.00","10517.00"
"12/07/2023 00:00 - 12/07/2023 01:00","CTA|SE","9892.00","10393.00"
"12/07/2023 01:00 - 12/07/2023 02:00","CTA|SE","9917.00","10206.00"
"12/07/2023 02:00 - 12/07/2023 03:00","CTA|SE","9627.00","10153.00"
"12/07/2023 03:00 - 12/07/2023 04:00","CTA|SE","9724.00","10412.00"
"12/07/2023 04:00 - 12/07/2023 05:00","CTA|SE","10810.00","11096.00"
"12/07/2023 05:00 - 12/07/2023 06:00","CTA|SE","11633.00","11993.00"
"12/07/2023 06:00 - 12/07/2023 07:00","CTA|SE","12149.00","12703.00"
"12/07/2023 07:00 - 12/07/2023 08:00","CTA|SE","13054.00","12938.00"
"12/07/2023 08:00 - 12/07/2023 09:00","CTA|SE","13531.00","13164.00"
"12/07/2023 09:00 - 12/07/2023 10:00","CTA|SE","13666.00","13193.00"
"12/07/2023 10:00 - 12/07/2023 11:00","CTA|SE","13717.00","13201.00"
"12/07/2023 11:00 - 12/07/2023 12:00","CTA|SE","13752.00","13186.00"
"12/07/2023 12:00 - 12/07/2023 13:00","CTA|SE","13415.00","13121.00"
"12/07/2023 13:00 - 12/07/2023 14:00","CTA|SE","13111.00","13047.00"
"12/07/2023 14:00 - 12/07/2023 15:00","CTA|SE","12961.00","12921.00"
"12/07/2023 15:00 - 12/07/2023 16:00","CTA|SE","13078.00","13009.00"
"12/07/2023 16:00 - 12/07/2023 17:00","CTA|SE","12871.00","12874.00"
"12/07/2023 17:00 - 12/07/2023 18:00","CTA|SE","12658.00","12662.00"
"12/07/2023 18:00 - 12/07/2023 19:00","CTA|SE","12156.00","12438.00"
"12/07/2023 19:00 - 12/07/2023 20:00","CTA|SE","11759.00","12086.00"
"12/07/2023 20:00 - 12/07/2023 21:00","CTA|SE","11155.00","11872.00"
"12/07/2023 21:00 - 12/07/2023 22:00","CTA|SE","10663.00","11379.00"
"12/07/2023 22:00 - 12/07/2023 23:00","CTA|SE","10110.00","10843.00"
"12/07/2023 23:00 - 13/07/2023 00:00","CTA|SE","9687.00","10518.00"
"13/07/2023 00:00 - 13/07/2023 01:00","CTA|SE","9577.00","10382.00"
"13/07/2023 01:00 - 13/07/2023 02:00","CTA|SE","9290.00","10300.00"
"13/07/2023 02:00 - 13/07/2023 03:00","CTA|SE","9003.00","10181.00"
"13/07/2023 03:00 - 13/07/2023 04:00","CTA|SE","9174.00","10326.00"
"13/07/2023 04:00 - 13/07/2023 05:00","CTA|SE","10096.00","11070.00"
"13/07/2023 05:00 - 13/07/2023 06:00","CTA|SE","11202.00","11931.00"
"13/07/2023 06:00 - 13/07/2023 07:00","CTA|SE","11885.00","12556.00"
"13/07/2023 07:00 - 13/07/2023 08:00","CTA|SE","11800.00","12818.00"
"13/07/2023 08:00 - 13/07/2023 09:00","CTA|SE","11804.00","13048.00"
"13/07/2023 09:00 - 13/07/2023 10:00","CTA|SE","11989.00","13107.00"
"13/07/2023 10:00 - 13/07/2023 11:00","CTA|SE","12135.00","13110.00"
"13/07/2023 11:00 - 13/07/2023 12:00","CTA|SE","12098.00","13006.00"
"13/07/2023 12:00 - 13/07/2023 13:00","CTA|SE","11721.00","12984.00"
"13/07/2023 13:00 - 13/07/2023 14:00","CTA|SE","11311.00","12932.00"
"13/07/2023 14:00 - 13/07/2023 15:00","CTA|SE","11595.00","12866.00"
"13/07/2023 15:00 - 13/07/2023 16:00","CTA|SE","11921.00","12954.00"
"13/07/2023 16:00 - 13/07/2023 17:00","CTA|SE","12063.00","12829.00"
"13/07/2023 17:00 - 13/07/2023 18:00","CTA|SE","11849.00","12576.00"
"13/07/2023 18:00 - 13/07/2023 19:00","CTA|SE","11696.00","12333.00"
"13/07/2023 19:00 - 13/07/2023 20:00","CTA|SE","11418.00","12042.00"
"13/07/2023 20:00 - 13/07/2023 21:00","CTA|SE","11167.00","11805.00"
"13/07/2023 21:00 - 13/07/2023 22:00","CTA|SE","10866.00","11308.00"
"13/07/2023 22:00 - 13/07/2023 23:00","CTA|SE","10141.00","10646.00"
"13/07/2023 23:00 - 14/07/2023 00:00","CTA|SE","10029.00","10339.00"
"14/07/2023 00:00 - 14/07/2023 01:00","CTA|SE","9941.00","10235.00"
"14/07/2023 01:00 - 14/07/2023 02:00","CTA|SE","9706.00","10133.00"
"14/07/2023 02:00 - 14/07/2023 03:00","CTA|SE","9643.00","10003.00"
"14/07/2023 03:00 - 14/07/2023 04:00","CTA|SE","9836.00","10219.00"
"14/07/2023 04:00 - 14/07/2023 05:00","CTA|SE","10773.00","10956.00"
"14/07/2023 05:00 - 14/07/2023 06:00","CTA|SE","11438.00","11854.00"
"14/07/2023 06:00 - 14/07/2023 07:00","CTA|SE","11857.00","12480.00"
"14/07/2023 07:00 - 14/07/2023 08:00","CTA|SE","11894.00","12896.00"
"14/07/2023 08:00 - 14/07/2023 09:00","CTA|SE","11974.00","13108.00"
"14/07/2023 09:00 - 14/07/2023 10:00","CTA|SE","11895.00","13149.00"
"14/07/2023 10:00 - 14/07/2023 11:00","CTA|SE","11734.00","13059.00"
"14/07/2023 11:00 - 14/07/2023 12:00","CTA|SE","11966.00","12928.00"
"14/07/2023 12:00 - 14/07/2023 13:00","CTA|SE","11843.00","12758.00"
"14/07/2023 13:00 - 14/07/2023 14:00","CTA|SE","11668.00","12536.00"
"14/07/2023 14:00 - 14/07/2023 15:00","CTA|SE","11561.00","12427.00"
"14/07/2023 15:00 - 14/07/2023 16:00","CTA|SE","11741.00","12446.00"
"14/07/2023 16:00 - 14/07/2023 17:00","CTA|SE","11678.00","12271.00"
"14/07/2023 17:00 - 14/07/2023 18:00","CTA|SE","11580.00","12046.00"
"14/07/2023 18:00 - 14/07/2023 19:00","CTA|SE","11483.00","11731.00"
"14/07/2023 19:00 - 14/07/2023 20:00","CTA|SE","11043.00","11427.00"
"14/07/2023 20:00 - 14/07/2023 21:00","CTA|SE","10464.00","11244.00"
"14/07/2023 21:00 - 14/07/2023 22:00","CTA|SE","10080.00","10858.00"
"14/07/2023 22:00 - 14/07/2023 23:00","CTA|SE","9887.00","10308.00"
"14/07/2023 23:00 - 15/07/2023 00:00","CTA|SE","9537.00","10022.00"
"15/07/2023 00:00 - 15/07/2023 01:00","CTA|SE","9136.00","9892.00"
"15/07/2023 01:00 - 15/07/2023 02:00","CTA|SE","8799.00","9749.00"
"15/07/2023 02:00 - 15/07/2023 03:00","CTA|SE","8749.00","9559.00"
"15/07/2023 03:00 - 15/07/2023 04:00","CTA|SE","8838.00","9489.00"
"15/07/2023 04:00 - 15/07/2023 05:00","CTA|SE","9001.00","9666.00"
"15/07/2023 05:00 - 15/07/2023 06:00","CTA|SE","9447.00","9988.00"
"15/07/2023 06:00 - 15/07/2023 07:00","CTA|SE","9978.00","10467.00"
"15/07/2023 07:00 - 15/07/2023 08:00","CTA|SE","10436.00","10962.00"
"15/07/2023 08:00 - 15/07/2023 09:00","CTA|SE","10944.00","11245.00"
"15/07/2023 09:00 - 15/07/2023 10:00","CTA|SE","10912.00","11339.00"
"15/07/2023 10:00 - 15/07/2023 11:00","CTA|SE","10795.00","11326.00"
"15/07/2023 11:00 - 15/07/2023 12:00","CTA|SE","10726.00","11255.00"
"15/07/2023 12:00 - 15/07/2023 13:00","CTA|SE","10544.00","11203.00"
"15/07/2023 13:00 - 15/07/2023 14:00","CTA|SE","10395.00","11179.00"
"15/07/2023 14:00 - 15/07/2023 15:00","CTA|SE","10602.00","11199.00"
"15/07/2023 15:00 - 15/07/2023 16:00","CTA|SE","10876.00","11387.00"
"15/07/2023 16:00 - 15/07/2023 17:00","CTA|SE","11039.00","11470.00"
"15/07/2023 17:00 - 15/07/2023 18:00","CTA|SE","10970.00","11343.00"
"15/07/2023 18:00 - 15/07/2023 19:00","CTA|SE","10861.00","11166.00"
"15/07/2023 19:00 - 15/07/2023 20:00","CTA|SE","10685.00","10955.00"
"15/07/2023 20:00 - 15/07/2023 21:00","CTA|SE","10037.00","10943.00"
"15/07/2023 21:00 - 15/07/2023 22:00","CTA|SE","9721.00","10587.00"
"15/07/2023 22:00 - 15/07/2023 23:00","CTA|SE","8936.00","10075.00"
"15/07/2023 23:00 - 16/07/2023 00:00","CTA|SE","8795.00","9836.00"
"16/07/2023 00:00 - 16/07/2023 01:00","CTA|SE","8477.00","9659.00"
"16/07/2023 01:00 - 16/07/2023 02:00","CTA|SE","8550.00","9513.00"
"16/07/2023 02:00 - 16/07/2023 03:00","CTA|SE","8419.00","9329.00"
"16/07/2023 03:00 - 16/07/2023 04:00","CTA|SE","8384.00","9296.00"
"16/07/2023 04:00 - 16/07/2023 05:00","CTA|SE","8259.00","9391.00"
"16/07/2023 05:00 - 16/07/2023 06:00","CTA|SE","8416.00","9726.00"
"16/07/2023 06:00 - 16/07/2023 07:00","CTA|SE","9589.00","10255.00"
"16/07/2023 07:00 - 16/07/2023 08:00","CTA|SE","10455.00","10729.00"
"16/07/2023 08:00 - 16/07/2023 09:00","CTA|SE","10814.00","10991.00"
"16/07/2023 09:00 - 16/07/2023 10:00","CTA|SE","11334.00","11123.00"
"16/07/2023 10:00 - 16/07/2023 11:00","CTA|SE","11596.00","11065.00"
"16/07/2023 11:00 - 16/07/2023 12:00","CTA|SE","11621.00","11076.00"
"16/07/2023 12:00 - 16/07/2023 13:00","CTA|SE","11151.00","11080.00"
"16/07/2023 13:00 - 16/07/2023 14:00","CTA|SE","11105.00","11080.00"
"16/07/2023 14:00 - 16/07/2023 15:00","CTA|SE","11097.00","11155.00"
"16/07/2023 15:00 - 16/07/2023 16:00","CTA|SE","11496.00","11357.00"
"16/07/2023 16:00 - 16/07/2023 17:00","CTA|SE","11361.00","11480.00"
"16/07/2023 17:00 - 16/07/2023 18:00","CTA|SE","11555.00","11484.00"
"16/07/2023 18:00 - 16/07/2023 19:00","CTA|SE","11253.00","11326.00"
"16/07/2023 19:00 - 16/07/2023 20:00","CTA|SE","11054.00","11195.00"
"16/07/2023 20:00 - 16/07/2023 21:00","CTA|SE","10569.00","11053.00"
"16/07/2023 21:00 - 16/07/2023 22:00","CTA|SE","10301.00","10590.00"
"16/07/2023 22:00 - 16/07/2023 23:00","CTA|SE","10219.00","9876.00"
"16/07/2023 23:00 - 17/07/2023 00:00","CTA|SE","10072.00","9678.00"
"17/07/2023 00:00 - 17/07/2023 01:00","CTA|SE","9828.00","9564.00"
"17/07/2023 01:00 - 17/07/2023 02:00","CTA|SE","9548.00","9503.00"
"17/07/2023 02:00 - 17/07/2023 03:00","CTA|SE","9311.00","9448.00"
"17/07/2023 03:00 - 17/07/2023 04:00","CTA|SE","9620.00","9647.00"
"17/07/2023 04:00 - 17/07/2023 05:00","CTA|SE","10537.00","10358.00"
"17/07/2023 05:00 - 17/07/2023 06:00","CTA|SE","11371.00","11033.00"
"17/07/2023 06:00 - 17/07/2023 07:00","CTA|SE","11869.00","11646.00"
"17/07/2023 07:00 - 17/07/2023 08:00","CTA|SE","12241.00","12006.00"
"17/07/2023 08:00 - 17/07/2023 09:00","CTA|SE","12286.00","12252.00"
"17/07/2023 09:00 - 17/07/2023 10:00","CTA|SE","12207.00","12374.00"
"17/07/2023 10:00 - 17/07/2023 11:00","CTA|SE","11899.00","12423.00"
"17/07/2023 11:00 - 17/07/2023 12:00","CTA|SE","11727.00","12371.00"
"17/07/2023 12:00 - 17/07/2023 13:00","CTA|SE","11545.00","12249.00"
"17/07/2023 13:00 - 17/07/2023 14:00","CTA|SE","11577.00","12194.00"
"17/07/2023 14:00 - 17/07/2023 15:00","CTA|SE","11584.00","12136.00"
"17/07/2023 15:00 - 17/07/2023 16:00","CTA|SE","11512.00","12226.00"
"17/07/2023 16:00 - 17/07/2023 17:00","CTA|SE","11896.00","12085.00"
"17/07/2023 17:00 - 17/07/2023 18:00","CTA|SE","12267.00","11913.00"
"17/07/2023 18:00 - 17/07/2023 19:00","CTA|SE","11594.00","11672.00"
"17/07/2023 19:00 - 17/07/2023 20:00","CTA|SE","11285.00","11446.00"
"17/07/2023 20:00 - 17/07/2023 21:00","CTA|SE","10879.00","11163.00"
"17/07/2023 21:00 - 17/07/2023 22:00","CTA|SE","10368.00","10721.00"
"17/07/2023 22:00 - 17/07/2023 23:00","CTA|SE","10251.00","10278.00"
"17/07/2023 23:00 - 18/07/2023 00:00","CTA|SE","10127.00","9980.00"
"18/07/2023 00:00 - 18/07/2023 01:00","CTA|SE","9862.00","9878.00"
"18/07/2023 01:00 - 18/07/2023 02:00","CTA|SE","9457.00","9768.00"
"18/07/2023 02:00 - 18/07/2023 03:00","CTA|SE","9311.00","9687.00"
"18/07/2023 03:00 - 18/07/2023 04:00","CTA|SE","9238.00","9786.00"
"18/07/2023 04:00 - 18/07/2023 05:00","CTA|SE","9920.00","10348.00"
"18/07/2023 05:00 - 18/07/2023 06:00","CTA|SE","10944.00","11176.00"
"18/07/2023 06:00 - 18/07/2023 07:00","CTA|SE","11331.00","11751.00"
"18/07/2023 07:00 - 18/07/2023 08:00","CTA|SE","11345.00","12004.00"
"18/07/2023 08:00 - 18/07/2023 09:00","CTA|SE","11646.00","12176.00"
"18/07/2023 09:00 - 18/07/2023 10:00","CTA|SE","11599.00","12286.00"
"18/07/2023 10:00 - 18/07/2023 11:00","CTA|SE","11636.00","12291.00"
"18/07/2023 11:00 - 18/07/2023 12:00","CTA|SE","11468.00","12209.00"
"18/07/2023 12:00 - 18/07/2023 13:00","CTA|SE","11436.00","12123.00"
"18/07/2023 13:00 - 18/07/2023 14:00","CTA|SE","11514.00","12056.00"
"18/07/2023 14:00 - 18/07/2023 15:00","CTA|SE","11713.00","12029.00"
"18/07/2023 15:00 - 18/07/2023 16:00","CTA|SE","11937.00","12142.00"
"18/07/2023 16:00 - 18/07/2023 17:00","CTA|SE","11857.00","12015.00"
"18/07/2023 17:00 - 18/07/2023 18:00","CTA|SE","11570.00","11850.00"
"18/07/2023 18:00 - 18/07/2023 19:00","CTA|SE","11907.00","11624.00"
"18/07/2023 19:00 - 18/07/2023 20:00","CTA|SE","11961.00","11416.00"
"18/07/2023 20:00 - 18/07/2023 21:00","CTA|SE","11270.00","11171.00"
"18/07/2023 21:00 - 18/07/2023 22:00","CTA|SE","10408.00","10752.00"
"18/07/2023 22:00 - 18/07/2023 23:00","CTA|SE","9997.00","10201.00"
"18/07/2023 23:00 - 19/07/2023 00:00","CTA|SE","9606.00","9953.00"
"19/07/2023 00:00 - 19/07/2023 01:00","CTA|SE","9378.00","9831.00"
"19/07/2023 01:00 - 19/07/2023 02:00","CTA|SE","9342.00","9779.00"
"19/07/2023 02:00 - 19/07/2023 03:00","CTA|SE","9154.00","9652.00"
"19/07/2023 03:00 - 19/07/2023 04:00","CTA|SE","9189.00","9830.00"
"19/07/2023 04:00 - 19/07/2023 05:00","CTA|SE","10039.00","10346.00"
"19/07/2023 05:00 - 19/07/2023 06:00","CTA|SE","10852.00","11137.00"
"19/07/2023 06:00 - 19/07/2023 07:00","CTA|SE","11032.00","11737.00"
"19/07/2023 07:00 - 19/07/2023 08:00","CTA|SE","11183.00","12058.00"
"19/07/2023 08:00 - 19/07/2023 09:00","CTA|SE","11411.00","12272.00"
"19/07/2023 09:00 - 19/07/2023 10:00","CTA|SE","11699.00","12385.00"
"19/07/2023 10:00 - 19/07/2023 11:00","CTA|SE","11652.00","12397.00"
"19/07/2023 11:00 - 19/07/2023 12:00","CTA|SE","11620.00","12347.00"
"19/07/2023 12:00 - 19/07/2023 13:00","CTA|SE","11503.00","12225.00"
"19/07/2023 13:00 - 19/07/2023 14:00","CTA|SE","11486.00","12148.00"
"19/07/2023 14:00 - 19/07/2023 15:00","CTA|SE","11174.00","12098.00"
"19/07/2023 15:00 - 19/07/2023 16:00","CTA|SE","11125.00","12134.00"
"19/07/2023 16:00 - 19/07/2023 17:00","CTA|SE","11117.00","12020.00"
"19/07/2023 17:00 - 19/07/2023 18:00","CTA|SE","11182.00","11865.00"
"19/07/2023 18:00 - 19/07/2023 19:00","CTA|SE","11363.00","11607.00"
"19/07/2023 19:00 - 19/07/2023 20:00","CTA|SE","11187.00","11494.00"
"19/07/2023 20:00 - 19/07/2023 21:00","CTA|SE","10922.00","11232.00"
"19/07/2023 21:00 - 19/07/2023 22:00","CTA|SE","10339.00","10712.00"
"19/07/2023 22:00 - 19/07/2023 23:00","CTA|SE","10019.00","10239.00"
"19/07/2023 23:00 - 20/07/2023 00:00","CTA|SE","9825.00","9995.00"
"20/07/2023 00:00 - 20/07/2023 01:00","CTA|SE","9651.00","9849.00"
"20/07/2023 01:00 - 20/07/2023 02:00","CTA|SE","9330.00","9757.00"
"20/07/2023 02:00 - 20/07/2023 03:00","CTA|SE","8931.00","9624.00"
"20/07/2023 03:00 - 20/07/2023 04:00","CTA|SE","9243.00","9727.00"
"20/07/2023 04:00 - 20/07/2023 05:00","CTA|SE","10170.00","10287.00"
"20/07/2023 05:00 - 20/07/2023 06:00","CTA|SE","11040.00","11073.00"
"20/07/2023 06:00 - 20/07/2023 07:00","CTA|SE","11295.00","11536.00"
"20/07/2023 07:00 - 20/07/2023 08:00","CTA|SE","11316.00","11914.00"
"20/07/2023 08:00 - 20/07/2023 09:00","CTA|SE","11394.00","12105.00"
"20/07/2023 09:00 - 20/07/2023 10:00","CTA|SE","11359.00","12199.00"
"20/07/2023 10:00 - 20/07/2023 11:00","CTA|SE","11241.00","12241.00"
"20/07/2023 11:00 - 20/07/2023 12:00","CTA|SE","11279.00","12166.00"
"20/07/2023 12:00 - 20/07/2023 13:00","CTA|SE","11197.00","12085.00"
"20/07/2023 13:00 - 20/07/2023 14:00","CTA|SE","11032.00","12053.00"
"20/07/2023 14:00 - 20/07/2023 15:00","CTA|SE","10877.00","12033.00"
"20/07/2023 15:00 - 20/07/2023 16:00","CTA|SE","11254.00","12088.00"
"20/07/2023 16:00 - 20/07/2023 17:00","CTA|SE","11445.00","11995.00"
"20/07/2023 17:00 - 20/07/2023 18:00","CTA|SE","11292.00","11820.00"
"20/07/2023 18:00 - 20/07/2023 19:00","CTA|SE","11043.00","11652.00"
"20/07/2023 19:00 - 20/07/2023 20:00","CTA|SE","11083.00","11497.00"
"20/07/2023 20:00 - 20/07/2023 21:00","CTA|SE","11123.00","11310.00"
"20/07/2023 21:00 - 20/07/2023 22:00","CTA|SE","10557.00","10718.00"
"20/07/2023 22:00 - 20/07/2023 23:00","CTA|SE","10148.00","10308.00"
"20/07/2023 23:00 - 21/07/2023 00:00","CTA|SE","9860.00","10068.00"
"21/07/2023 00:00 - 21/07/2023 01:00","CTA|SE","9837.00","9965.00"
"21/07/2023 01:00 - 21/07/2023 02:00","CTA|SE","9453.00","9870.00"
"21/07/2023 02:00 - 21/07/2023 03:00","CTA|SE","9274.00","9755.00"
"21/07/2023 03:00 - 21/07/2023 04:00","CTA|SE","9301.00","9858.00"
"21/07/2023 04:00 - 21/07/2023 05:00","CTA|SE","9913.00","10407.00"
"21/07/2023 05:00 - 21/07/2023 06:00","CTA|SE","10690.00","11089.00"
"21/07/2023 06:00 - 21/07/2023 07:00","CTA|SE","11200.00","11621.00"
"21/07/2023 07:00 - 21/07/2023 08:00","CTA|SE","11612.00","11938.00"
"21/07/2023 08:00 - 21/07/2023 09:00","CTA|SE","11750.00","12143.00"
"21/07/2023 09:00 - 21/07/2023 10:00","CTA|SE","11771.00","12257.00"
"21/07/2023 10:00 - 21/07/2023 11:00","CTA|SE","11658.00","12266.00"
"21/07/2023 11:00 - 21/07/2023 12:00","CTA|SE","11390.00","12119.00"
"21/07/2023 12:00 - 21/07/2023 13:00","CTA|SE","11346.00","12009.00"
"21/07/2023 13:00 - 21/07/2023 14:00","CTA|SE","11378.00","11880.00"
"21/07/2023 14:00 - 21/07/2023 15:00","CTA|SE","11383.00","11830.00"
"21/07/2023 15:00 - 21/07/2023 16:00","CTA|SE","11425.00","11879.00"
"21/07/2023 16:00 - 21/07/2023 17:00","CTA|SE","11457.00","11783.00"
"21/07/2023 17:00 - 21/07/2023 18:00","CTA|SE","11467.00","11504.00"
"21/07/2023 18:00 - 21/07/2023 19:00","CTA|SE","11392.00","11358.00"
"21/07/2023 19:00 - 21/07/2023 20:00","CTA|SE","10971.00","11177.00"
"21/07/2023 20:00 - 21/07/2023 21:00","CTA|SE","10611.00","11026.00"
"21/07/2023 21:00 - 21/07/2023 22:00","CTA|SE","10132.00","10589.00"
"21/07/2023 22:00 - 21/07/2023 23:00","CTA|SE","9521.00","10142.00"
"21/07/2023 23:00 - 22/07/2023 00:00","CTA|SE","9385.00","9853.00"
"22/07/2023 00:00 - 22/07/2023 01:00","CTA|SE","9310.00","9709.00"
"22/07/2023 01:00 - 22/07/2023 02:00","CTA|SE","9000.00","9601.00"
"22/07/2023 02:00 - 22/07/2023 03:00","CTA|SE","8828.00","9465.00"
"22/07/2023 03:00 - 22/07/2023 04:00","CTA|SE","8849.00","9385.00"
"22/07/2023 04:00 - 22/07/2023 05:00","CTA|SE","8965.00","9572.00"
"22/07/2023 05:00 - 22/07/2023 06:00","CTA|SE","9284.00","9847.00"
"22/07/2023 06:00 - 22/07/2023 07:00","CTA|SE","9708.00","10326.00"
"22/07/2023 07:00 - 22/07/2023 08:00","CTA|SE","10150.00","10815.00"
"22/07/2023 08:00 - 22/07/2023 09:00","CTA|SE","10397.00","11128.00"
"22/07/2023 09:00 - 22/07/2023 10:00","CTA|SE","10503.00","11361.00"
"22/07/2023 10:00 - 22/07/2023 11:00","CTA|SE","10672.00","11327.00"
"22/07/2023 11:00 - 22/07/2023 12:00","CTA|SE","10676.00","11204.00"
"22/07/2023 12:00 - 22/07/2023 13:00","CTA|SE","10688.00","11108.00"
"22/07/2023 13:00 - 22/07/2023 14:00","CTA|SE","10704.00","10977.00"
"22/07/2023 14:00 - 22/07/2023 15:00","CTA|SE","10688.00","11054.00"
"22/07/2023 15:00 - 22/07/2023 16:00","CTA|SE","10669.00","11261.00"
"22/07/2023 16:00 - 22/07/2023 17:00","CTA|SE","10599.00","11295.00"
"22/07/2023 17:00 - 22/07/2023 18:00","CTA|SE","10647.00","11202.00"
"22/07/2023 18:00 - 22/07/2023 19:00","CTA|SE","10756.00","11083.00"
"22/07/2023 19:00 - 22/07/2023 20:00","CTA|SE","10792.00","10893.00"
"22/07/2023 20:00 - 22/07/2023 21:00","CTA|SE","10612.00","10778.00"
"22/07/2023 21:00 - 22/07/2023 22:00","CTA|SE","10144.00","10452.00"
"22/07/2023 22:00 - 22/07/2023 23:00","CTA|SE","9637.00","9882.00"
"22/07/2023 23:00 - 23/07/2023 00:00","CTA|SE","9289.00","9631.00"
"23/07/2023 00:00 - 23/07/2023 01:00","CTA|SE","9324.00","9494.00"
"23/07/2023 01:00 - 23/07/2023 02:00","CTA|SE","9304.00","9450.00"
"23/07/2023 02:00 - 23/07/2023 03:00","CTA|SE","9034.00","9333.00"
"23/07/2023 03:00 - 23/07/2023 04:00","CTA|SE","8989.00","9220.00"
"23/07/2023 04:00 - 23/07/2023 05:00","CTA|SE","9080.00","9343.00"
"23/07/2023 05:00 - 23/07/2023 06:00","CTA|SE","9372.00","9653.00"
"23/07/2023 06:00 - 23/07/2023 07:00","CTA|SE","9845.00","10139.00"
"23/07/2023 07:00 - 23/07/2023 08:00","CTA|SE","10285.00","10708.00"
"23/07/2023 08:00 - 23/07/2023 09:00","CTA|SE","10515.00","10974.00"
"23/07/2023 09:00 - 23/07/2023 10:00","CTA|SE","10625.00","11280.00"
"23/07/2023 10:00 - 23/07/2023 11:00","CTA|SE","10622.00","11282.00"
"23/07/2023 11:00 - 23/07/2023 12:00","CTA|SE","10425.00","11189.00"
"23/07/2023 12:00 - 23/07/2023 13:00","CTA|SE","10501.00","11147.00"
"23/07/2023 13:00 - 23/07/2023 14:00","CTA|SE","10500.00","11059.00"
"23/07/2023 14:00 - 23/07/2023 15:00","CTA|SE","10700.00","11131.00"
"23/07/2023 15:00 - 23/07/2023 16:00","CTA|SE","11094.00","11374.00"
"23/07/2023 16:00 - 23/07/2023 17:00","CTA|SE","11111.00","11418.00"
"23/07/2023 17:00 - 23/07/2023 18:00","CTA|SE","11269.00","11422.00"
"23/07/2023 18:00 - 23/07/2023 19:00","CTA|SE","11094.00","11273.00"
"23/07/2023 19:00 - 23/07/2023 20:00","CTA|SE","10920.00","11156.00"
"23/07/2023 20:00 - 23/07/2023 21:00","CTA|SE","10701.00","10935.00"
"23/07/2023 21:00 - 23/07/2023 22:00","CTA|SE","10222.00","10434.00"
"23/07/2023 22:00 - 23/07/2023 23:00","CTA|SE","9932.00","9859.00"
"23/07/2023 23:00 - 24/07/2023 00:00","CTA|SE","9645.00","9582.00"
"24/07/2023 00:00 - 24/07/2023 01:00","CTA|SE","9446.00","9474.00"
"24/07/2023 01:00 - 24/07/2023 02:00","CTA|SE","9240.00","9417.00"
"24/07/2023 02:00 - 24/07/2023 03:00","CTA|SE","9175.00","9372.00"
"24/07/2023 03:00 - 24/07/2023 04:00","CTA|SE","9343.00","9529.00"
"24/07/2023 04:00 - 24/07/2023 05:00","CTA|SE","10019.00","10117.00"
"24/07/2023 05:00 - 24/07/2023 06:00","CTA|SE","10855.00","10883.00"
"24/07/2023 06:00 - 24/07/2023 07:00","CTA|SE","11233.00","11517.00"
"24/07/2023 07:00 - 24/07/2023 08:00","CTA|SE","11617.00","11867.00"
"24/07/2023 08:00 - 24/07/2023 09:00","CTA|SE","11845.00","12102.00"
"24/07/2023 09:00 - 24/07/2023 10:00","CTA|SE","11991.00","12248.00"
"24/07/2023 10:00 - 24/07/2023 11:00","CTA|SE","11982.00","12282.00"
"24/07/2023 11:00 - 24/07/2023 12:00","CTA|SE","12079.00","12231.00"
"24/07/2023 12:00 - 24/07/2023 13:00","CTA|SE","11926.00","12138.00"
"24/07/2023 13:00 - 24/07/2023 14:00","CTA|SE","11854.00","12094.00"
"24/07/2023 14:00 - 24/07/2023 15:00","CTA|SE","11737.00","12051.00"
"24/07/2023 15:00 - 24/07/2023 16:00","CTA|SE","11907.00","12070.00"
"24/07/2023 16:00 - 24/07/2023 17:00","CTA|SE","11936.00","11986.00"
"24/07/2023 17:00 - 24/07/2023 18:00","CTA|SE","11773.00","11854.00"
"24/07/2023 18:00 - 24/07/2023 19:00","CTA|SE","11652.00","11655.00"
"24/07/2023 19:00 - 24/07/2023 20:00","CTA|SE","11305.00","11391.00"
"24/07/2023 20:00 - 24/07/2023 21:00","CTA|SE","11189.00","11159.00"
"24/07/2023 21:00 - 24/07/2023 22:00","CTA|SE","10776.00","10538.00"
"24/07/2023 22:00 - 24/07/2023 23:00","CTA|SE","10360.00","10200.00"
"24/07/2023 23:00 - 25/07/2023 00:00","CTA|SE","9780.00","9930.00"
"25/07/2023 00:00 - 25/07/2023 01:00","CTA|SE","9559.00","9782.00"
"25/07/2023 01:00 - 25/07/2023 02:00","CTA|SE","9544.00","9669.00"
"25/07/2023 02:00 - 25/07/2023 03:00","CTA|SE","9351.00","9585.00"
"25/07/2023 03:00 - 25/07/2023 04:00","CTA|SE","9275.00","9670.00"
"25/07/2023 04:00 - 25/07/2023 05:00","CTA|SE","9729.00","10198.00"
"25/07/2023 05:00 - 25/07/2023 06:00","CTA|SE","10580.00","11019.00"
"25/07/2023 06:00 - 25/07/2023 07:00","CTA|SE","11887.00","11520.00"
"25/07/2023 07:00 - 25/07/2023 08:00","CTA|SE","11253.00","11844.00"
"25/07/2023 08:00 - 25/07/2023 09:00","CTA|SE","11672.00","12024.00"
"25/07/2023 09:00 - 25/07/2023 10:00","CTA|SE","11692.00","12116.00"
"25/07/2023 10:00 - 25/07/2023 11:00","CTA|SE","11541.00","12096.00"
"25/07/2023 11:00 - 25/07/2023 12:00","CTA|SE","11408.00","11997.00"
"25/07/2023 12:00 - 25/07/2023 13:00","CTA|SE","11339.00","11929.00"
"25/07/2023 13:00 - 25/07/2023 14:00","CTA|SE","11284.00","11867.00"
"25/07/2023 14:00 - 25/07/2023 15:00","CTA|SE","11155.00","11830.00"
"25/07/2023 15:00 - 25/07/2023 16:00","CTA|SE","11529.00","11867.00"
"25/07/2023 16:00 - 25/07/2023 17:00","CTA|SE","11496.00","11795.00"
"25/07/2023 17:00 - 25/07/2023 18:00","CTA|SE","11412.00","11670.00"
"25/07/2023 18:00 - 25/07/2023 19:00","CTA|SE","11430.00","11532.00"
"25/07/2023 19:00 - 25/07/2023 20:00","CTA|SE","11152.00","11328.00"
"25/07/2023 20:00 - 25/07/2023 21:00","CTA|SE","10885.00","11141.00"
"25/07/2023 21:00 - 25/07/2023 22:00","CTA|SE","10233.00","10572.00"
"25/07/2023 22:00 - 25/07/2023 23:00","CTA|SE","9688.00","10184.00"
"25/07/2023 23:00 - 26/07/2023 00:00","CTA|SE","9426.00","9944.00"
"26/07/2023 00:00 - 26/07/2023 01:00","CTA|SE","9323.00","9781.00"
"26/07/2023 01:00 - 26/07/2023 02:00","CTA|SE","9245.00","9730.00"
"26/07/2023 02:00 - 26/07/2023 03:00","CTA|SE","9200.00","9609.00"
"26/07/2023 03:00 - 26/07/2023 04:00","CTA|SE","9356.00","9696.00"
"26/07/2023 04:00 - 26/07/2023 05:00","CTA|SE","10059.00","10264.00"
"26/07/2023 05:00 - 26/07/2023 06:00","CTA|SE","10808.00","11027.00"
"26/07/2023 06:00 - 26/07/2023 07:00","CTA|SE","11186.00","11507.00"
"26/07/2023 07:00 - 26/07/2023 08:00","CTA|SE","11600.00","11780.00"
"26/07/2023 08:00 - 26/07/2023 09:00","CTA|SE","11791.00","12010.00"
"26/07/2023 09:00 - 26/07/2023 10:00","CTA|SE","11926.00","12099.00"
"26/07/2023 10:00 - 26/07/2023 11:00","CTA|SE","11711.00","12102.00"
"26/07/2023 11:00 - 26/07/2023 12:00","CTA|SE","11621.00","12023.00"
"26/07/2023 12:00 - 26/07/2023 13:00","CTA|SE","11547.00","11957.00"
"26/07/2023 13:00 - 26/07/2023 14:00","CTA|SE","11511.00","11916.00"
"26/07/2023 14:00 - 26/07/2023 15:00","CTA|SE","11622.00","11886.00"
"26/07/2023 15:00 - 26/07/2023 16:00","CTA|SE","11631.00","11928.00"
"26/07/2023 16:00 - 26/07/2023 17:00","CTA|SE","11548.00","11873.00"
"26/07/2023 17:00 - 26/07/2023 18:00","CTA|SE","11532.00","11758.00"
"26/07/2023 18:00 - 26/07/2023 19:00","CTA|SE","11405.00","11574.00"
"26/07/2023 19:00 - 26/07/2023 20:00","CTA|SE","11300.00","11436.00"
"26/07/2023 20:00 - 26/07/2023 21:00","CTA|SE","10850.00","11186.00"
"26/07/2023 21:00 - 26/07/2023 22:00","CTA|SE","10566.00","10674.00"
"26/07/2023 22:00 - 26/07/2023 23:00","CTA|SE","10147.00","10209.00"
"26/07/2023 23:00 - 27/07/2023 00:00","CTA|SE","9940.00","9987.00"
"27/07/2023 00:00 - 27/07/2023 01:00","CTA|SE","9809.00","9840.00"
"27/07/2023 01:00 - 27/07/2023 02:00","CTA|SE","9654.00","9765.00"
"27/07/2023 02:00 - 27/07/2023 03:00","CTA|SE","9485.00","9651.00"
"27/07/2023 03:00 - 27/07/2023 04:00","CTA|SE","9514.00","9789.00"
"27/07/2023 04:00 - 27/07/2023 05:00","CTA|SE","10208.00","10329.00"
"27/07/2023 05:00 - 27/07/2023 06:00","CTA|SE","11052.00","11125.00"
"27/07/2023 06:00 - 27/07/2023 07:00","CTA|SE","11477.00","11607.00"
"27/07/2023 07:00 - 27/07/2023 08:00","CTA|SE","11746.00","11880.00"
"27/07/2023 08:00 - 27/07/2023 09:00","CTA|SE","11793.00","12082.00"
"27/07/2023 09:00 - 27/07/2023 10:00","CTA|SE","11733.00","12149.00"
"27/07/2023 10:00 - 27/07/2023 11:00","CTA|SE","11745.00","12177.00"
"27/07/2023 11:00 - 27/07/2023 12:00","CTA|SE","11614.00","12128.00"
"27/07/2023 12:00 - 27/07/2023 13:00","CTA|SE","11560.00","12080.00"
"27/07/2023 13:00 - 27/07/2023 14:00","CTA|SE","11407.00","12030.00"
"27/07/2023 14:00 - 27/07/2023 15:00","CTA|SE","11192.00","11991.00"
"27/07/2023 15:00 - 27/07/2023 16:00","CTA|SE","11310.00","12053.00"
"27/07/2023 16:00 - 27/07/2023 17:00","CTA|SE","11525.00","11982.00"
"27/07/2023 17:00 - 27/07/2023 18:00","CTA|SE","11558.00","11795.00"
"27/07/2023 18:00 - 27/07/2023 19:00","CTA|SE","11538.00","11591.00"
"27/07/2023 19:00 - 27/07/2023 20:00","CTA|SE","11248.00","11484.00"
"27/07/2023 20:00 - 27/07/2023 21:00","CTA|SE","11038.00","11230.00"
"27/07/2023 21:00 - 27/07/2023 22:00","CTA|SE","10395.00","10663.00"
"27/07/2023 22:00 - 27/07/2023 23:00","CTA|SE","10198.00","10318.00"
"27/07/2023 23:00 - 28/07/2023 00:00","CTA|SE","10007.00","10065.00"
"28/07/2023 00:00 - 28/07/2023 01:00","CTA|SE","9991.00","9926.00"
"28/07/2023 01:00 - 28/07/2023 02:00","CTA|SE","9940.00","9856.00"
"28/07/2023 02:00 - 28/07/2023 03:00","CTA|SE","9849.00","9774.00"
"28/07/2023 03:00 - 28/07/2023 04:00","CTA|SE","9718.00","9874.00"
"28/07/2023 04:00 - 28/07/2023 05:00","CTA|SE","10245.00","10422.00"
"28/07/2023 05:00 - 28/07/2023 06:00","CTA|SE","10888.00","11175.00"
"28/07/2023 06:00 - 28/07/2023 07:00","CTA|SE","11354.00","11726.00"
"28/07/2023 07:00 - 28/07/2023 08:00","CTA|SE","11740.00","12034.00"
"28/07/2023 08:00 - 28/07/2023 09:00","CTA|SE","12000.00","12236.00"
"28/07/2023 09:00 - 28/07/2023 10:00","CTA|SE","11950.00","12254.00"
"28/07/2023 10:00 - 28/07/2023 11:00","CTA|SE","11712.00","12225.00"
"28/07/2023 11:00 - 28/07/2023 12:00","CTA|SE","11603.00","12106.00"
"28/07/2023 12:00 - 28/07/2023 13:00","CTA|SE","11495.00","11974.00"
"28/07/2023 13:00 - 28/07/2023 14:00","CTA|SE","11440.00","11886.00"
"28/07/2023 14:00 - 28/07/2023 15:00","CTA|SE","11324.00","11833.00"
"28/07/2023 15:00 - 28/07/2023 16:00","CTA|SE","11446.00","11893.00"
"28/07/2023 16:00 - 28/07/2023 17:00","CTA|SE","11380.00","11773.00"
"28/07/2023 17:00 - 28/07/2023 18:00","CTA|SE","11037.00","11543.00"
"28/07/2023 18:00 - 28/07/2023 19:00","CTA|SE","10837.00","11284.00"
"28/07/2023 19:00 - 28/07/2023 20:00","CTA|SE","10626.00","11111.00"
"28/07/2023 20:00 - 28/07/2023 21:00","CTA|SE","10608.00","10938.00"
"28/07/2023 21:00 - 28/07/2023 22:00","CTA|SE","10037.00","10477.00"
"28/07/2023 22:00 - 28/07/2023 23:00","CTA|SE","9914.00","10087.00"
"28/07/2023 23:00 - 29/07/2023 00:00","CTA|SE","9533.00","9857.00"
"29/07/2023 00:00 - 29/07/2023 01:00","CTA|SE","8960.00","9697.00"
"29/07/2023 01:00 - 29/07/2023 02:00","CTA|SE","8631.00","9592.00"
"29/07/2023 02:00 - 29/07/2023 03:00","CTA|SE","8369.00","9500.00"
"29/07/2023 03:00 - 29/07/2023 04:00","CTA|SE","8493.00","9468.00"
"29/07/2023 04:00 - 29/07/2023 05:00","CTA|SE","8838.00","9582.00"
"29/07/2023 05:00 - 29/07/2023 06:00","CTA|SE","8994.00","9886.00"
"29/07/2023 06:00 - 29/07/2023 07:00","CTA|SE","9915.00","10346.00"
"29/07/2023 07:00 - 29/07/2023 08:00","CTA|SE","10531.00","10742.00"
"29/07/2023 08:00 - 29/07/2023 09:00","CTA|SE","10597.00","11008.00"
"29/07/2023 09:00 - 29/07/2023 10:00","CTA|SE","10580.00","11182.00"
"29/07/2023 10:00 - 29/07/2023 11:00","CTA|SE","10624.00","11139.00"
"29/07/2023 11:00 - 29/07/2023 12:00","CTA|SE","10820.00","11056.00"
"29/07/2023 12:00 - 29/07/2023 13:00","CTA|SE","10609.00","10974.00"
"29/07/2023 13:00 - 29/07/2023 14:00","CTA|SE","10095.00","10905.00"
"29/07/2023 14:00 - 29/07/2023 15:00","CTA|SE","10001.00","10983.00"
"29/07/2023 15:00 - 29/07/2023 16:00","CTA|SE","10439.00","11126.00"
"29/07/2023 16:00 - 29/07/2023 17:00","CTA|SE","10700.00","11156.00"
"29/07/2023 17:00 - 29/07/2023 18:00","CTA|SE","10750.00","11052.00"
"29/07/2023 18:00 - 29/07/2023 19:00","CTA|SE","10828.00","10935.00"
"29/07/2023 19:00 - 29/07/2023 20:00","CTA|SE","10825.00","10876.00"
"29/07/2023 20:00 - 29/07/2023 21:00","CTA|SE","10497.00","10780.00"
"29/07/2023 21:00 - 29/07/2023 22:00","CTA|SE","10036.00","10386.00"
"29/07/2023 22:00 - 29/07/2023 23:00","CTA|SE","9361.00","9916.00"
"29/07/2023 23:00 - 30/07/2023 00:00","CTA|SE","9203.00","9679.00"
"30/07/2023 00:00 - 30/07/2023 01:00","CTA|SE","9296.00","9572.00"
"30/07/2023 01:00 - 30/07/2023 02:00","CTA|SE","9229.00","9488.00"
"30/07/2023 02:00 - 30/07/2023 03:00","CTA|SE","9077.00","9365.00"
"30/07/2023 03:00 - 30/07/2023 04:00","CTA|SE","8850.00","9280.00"
"30/07/2023 04:00 - 30/07/2023 05:00","CTA|SE","8963.00","9413.00"
"30/07/2023 05:00 - 30/07/2023 06:00","CTA|SE","9238.00","9679.00"
"30/07/2023 06:00 - 30/07/2023 07:00","CTA|SE","9675.00","10200.00"
"30/07/2023 07:00 - 30/07/2023 08:00","CTA|SE","10061.00","10683.00"
"30/07/2023 08:00 - 30/07/2023 09:00","CTA|SE","10493.00","10991.00"
"30/07/2023 09:00 - 30/07/2023 10:00","CTA|SE","10588.00","11239.00"
"30/07/2023 10:00 - 30/07/2023 11:00","CTA|SE","10586.00","11275.00"
"30/07/2023 11:00 - 30/07/2023 12:00","CTA|SE","10694.00","11233.00"
"30/07/2023 12:00 - 30/07/2023 13:00","CTA|SE","10806.00","11174.00"
"30/07/2023 13:00 - 30/07/2023 14:00","CTA|SE","10699.00","11168.00"
"30/07/2023 14:00 - 30/07/2023 15:00","CTA|SE","10616.00","11205.00"
"30/07/2023 15:00 - 30/07/2023 16:00","CTA|SE","10665.00","11395.00"
"30/07/2023 16:00 - 30/07/2023 17:00","CTA|SE","10811.00","11442.00"
"30/07/2023 17:00 - 30/07/2023 18:00","CTA|SE","10856.00","11469.00"
"30/07/2023 18:00 - 30/07/2023 19:00","CTA|SE","11148.00","11341.00"
"30/07/2023 19:00 - 30/07/2023 20:00","CTA|SE","11108.00","11267.00"
"30/07/2023 20:00 - 30/07/2023 21:00","CTA|SE","10985.00","11065.00"
"30/07/2023 21:00 - 30/07/2023 22:00","CTA|SE","10600.00","10538.00"
"30/07/2023 22:00 - 30/07/2023 23:00","CTA|SE","10014.00","9990.00"
"30/07/2023 23:00 - 31/07/2023 00:00","CTA|SE","9514.00","9723.00"
"31/07/2023 00:00 - 31/07/2023 01:00","CTA|SE","9488.00","9627.00"
"31/07/2023 01:00 - 31/07/2023 02:00","CTA|SE","9559.00","9581.00"
"31/07/2023 02:00 - 31/07/2023 03:00","CTA|SE","9514.00","9529.00"
"31/07/2023 03:00 - 31/07/2023 04:00","CTA|SE","9623.00","9687.00"
"31/07/2023 04:00 - 31/07/2023 05:00","CTA|SE","10205.00","10309.00"
"31/07/2023 05:00 - 31/07/2023 06:00","CTA|SE","10888.00","11081.00"
"31/07/2023 06:00 - 31/07/2023 07:00","CTA|SE","11612.00","11652.00"
"31/07/2023 07:00 - 31/07/2023 08:00","CTA|SE","11970.00","12141.00"
"31/07/2023 08:00 - 31/07/2023 09:00","CTA|SE","12370.00","12412.00"
"31/07/2023 09:00 - 31/07/2023 10:00","CTA|SE","12318.00","12479.00"
"31/07/2023 10:00 - 31/07/2023 11:00","CTA|SE","12219.00","12518.00"
"31/07/2023 11:00 - 31/07/2023 12:00","CTA|SE","12205.00","12492.00"
"31/07/2023 12:00 - 31/07/2023 13:00","CTA|SE","12241.00","12384.00"
"31/07/2023 13:00 - 31/07/2023 14:00","CTA|SE","12170.00","12323.00"
"31/07/2023 14:00 - 31/07/2023 15:00","CTA|SE","12191.00","12244.00"
"31/07/2023 15:00 - 31/07/2023 16:00","CTA|SE","12324.00","12277.00"
"31/07/2023 16:00 - 31/07/2023 17:00","CTA|SE","12303.00","12216.00"
"31/07/2023 17:00 - 31/07/2023 18:00","CTA|SE","11962.00","12060.00"
"31/07/2023 18:00 - 31/07/2023 19:00","CTA|SE","11890.00","11796.00"
"31/07/2023 19:00 - 31/07/2023 20:00","CTA|SE","11485.00","11616.00"
"31/07/2023 20:00 - 31/07/2023 21:00","CTA|SE","11097.00","11355.00"
"31/07/2023 21:00 - 31/07/2023 22:00","CTA|SE","10319.00","10716.00"
"31/07/2023 22:00 - 31/07/2023 23:00","CTA|SE","10005.00","10276.00"
"31/07/2023 23:00 - 01/08/2023 00:00","CTA|SE","9636.00","10027.00"
"01/08/2023 00:00 - 01/08/2023 01:00","CTA|SE","9686.00","9921.00"
"01/08/2023 01:00 - 01/08/2023 02:00","CTA|SE","9637.00","9856.00"
"01/08/2023 02:00 - 01/08/2023 03:00","CTA|SE","9864.00","9766.00"
"01/08/2023 03:00 - 01/08/2023 04:00","CTA|SE","10120.00","9886.00"
"01/08/2023 04:00 - 01/08/2023 05:00","CTA|SE","10435.00","10413.00"
"01/08/2023 05:00 - 01/08/2023 06:00","CTA|SE","11219.00","11270.00"
"01/08/2023 06:00 - 01/08/2023 07:00","CTA|SE","11894.00","11843.00"
"01/08/2023 07:00 - 01/08/2023 08:00","CTA|SE","12284.00","12175.00"
"01/08/2023 08:00 - 01/08/2023 09:00","CTA|SE","12392.00","12365.00"
"01/08/2023 09:00 - 01/08/2023 10:00","CTA|SE","12463.00","12458.00"
"01/08/2023 10:00 - 01/08/2023 11:00","CTA|SE","12389.00","12462.00"
"01/08/2023 11:00 - 01/08/2023 12:00","CTA|SE","12327.00","12397.00"
"01/08/2023 12:00 - 01/08/2023 13:00","CTA|SE","12181.00","12312.00"
"01/08/2023 13:00 - 01/08/2023 14:00","CTA|SE","12004.00","12252.00"
"01/08/2023 14:00 - 01/08/2023 15:00","CTA|SE","12258.00","12192.00"
"01/08/2023 15:00 - 01/08/2023 16:00","CTA|SE","12202.00","12267.00"
"01/08/2023 16:00 - 01/08/2023 17:00","CTA|SE","11981.00","12170.00"
"01/08/2023 17:00 - 01/08/2023 18:00","CTA|SE","11963.00","11993.00"
"01/08/2023 18:00 - 01/08/2023 19:00","CTA|SE","11861.00","11789.00"
"01/08/2023 19:00 - 01/08/2023 20:00","CTA|SE","11559.00","11575.00"
"01/08/2023 20:00 - 01/08/2023 21:00","CTA|SE","11270.00","11355.00"
"01/08/2023 21:00 - 01/08/2023 22:00","CTA|SE","10606.00","10826.00"
"01/08/2023 22:00 - 01/08/2023 23:00","CTA|SE","10189.00","10309.00"
"01/08/2023 23:00 - 02/08/2023 00:00","CTA|SE","10029.00","10050.00"
"02/08/2023 00:00 - 02/08/2023 01:00","CTA|SE","9992.00","9927.00"
"02/08/2023 01:00 - 02/08/2023 02:00","CTA|SE","9974.00","9833.00"
"02/08/2023 02:00 - 02/08/2023 03:00","CTA|SE","9820.00","9760.00"
"02/08/2023 03:00 - 02/08/2023 04:00","CTA|SE","9416.00","9856.00"
"02/08/2023 04:00 - 02/08/2023 05:00","CTA|SE","10009.00","10479.00"
"02/08/2023 05:00 - 02/08/2023 06:00","CTA|SE","10856.00","11272.00"
"02/08/2023 06:00 - 02/08/2023 07:00","CTA|SE","11411.00","11955.00"
"02/08/2023 07:00 - 02/08/2023 08:00","CTA|SE","11807.00","12255.00"
"02/08/2023 08:00 - 02/08/2023 09:00","CTA|SE","12042.00","12501.00"
"02/08/2023 09:00 - 02/08/2023 10:00","CTA|SE","12060.00","12540.00"
"02/08/2023 10:00 - 02/08/2023 11:00","CTA|SE","11642.00","12525.00"
"02/08/2023 11:00 - 02/08/2023 12:00","CTA|SE","11607.00","12474.00"
"02/08/2023 12:00 - 02/08/2023 13:00","CTA|SE","11534.00","12411.00"
"02/08/2023 13:00 - 02/08/2023 14:00","CTA|SE","11841.00","12354.00"
"02/08/2023 14:00 - 02/08/2023 15:00","CTA|SE","12114.00","12318.00"
"02/08/2023 15:00 - 02/08/2023 16:00","CTA|SE","12389.00","12376.00"
"02/08/2023 16:00 - 02/08/2023 17:00","CTA|SE","12188.00","12271.00"
"02/08/2023 17:00 - 02/08/2023 18:00","CTA|SE","12227.00","12133.00"
"02/08/2023 18:00 - 02/08/2023 19:00","CTA|SE","11969.00","11877.00"
"02/08/2023 19:00 - 02/08/2023 20:00","CTA|SE","11519.00","11690.00"
"02/08/2023 20:00 - 02/08/2023 21:00","CTA|SE","11237.00","11455.00"
"02/08/2023 21:00 - 02/08/2023 22:00","CTA|SE","10564.00","10888.00"
"02/08/2023 22:00 - 02/08/2023 23:00","CTA|SE","10382.00","10382.00"
"02/08/2023 23:00 - 03/08/2023 00:00","CTA|SE","10283.00","10104.00"
"03/08/2023 00:00 - 03/08/2023 01:00","CTA|SE","9784.00","9999.00"
"03/08/2023 01:00 - 03/08/2023 02:00","CTA|SE","9774.00","9920.00"
"03/08/2023 02:00 - 03/08/2023 03:00","CTA|SE","9930.00","9848.00"
"03/08/2023 03:00 - 03/08/2023 04:00","CTA|SE","9994.00","9979.00"
"03/08/2023 04:00 - 03/08/2023 05:00","CTA|SE","10614.00","10539.00"
"03/08/2023 05:00 - 03/08/2023 06:00","CTA|SE","11589.00","11384.00"
"03/08/2023 06:00 - 03/08/2023 07:00","CTA|SE","12079.00","12049.00"
"03/08/2023 07:00 - 03/08/2023 08:00","CTA|SE","12167.00","12396.00"
"03/08/2023 08:00 - 03/08/2023 09:00","CTA|SE","12570.00","12617.00"
"03/08/2023 09:00 - 03/08/2023 10:00","CTA|SE","12544.00","12713.00"
"03/08/2023 10:00 - 03/08/2023 11:00","CTA|SE","12389.00","12732.00"
"03/08/2023 11:00 - 03/08/2023 12:00","CTA|SE","12290.00","12703.00"
"03/08/2023 12:00 - 03/08/2023 13:00","CTA|SE","12180.00","12659.00"
"03/08/2023 13:00 - 03/08/2023 14:00","CTA|SE","11904.00","12565.00"
"03/08/2023 14:00 - 03/08/2023 15:00","CTA|SE","11854.00","12514.00"
"03/08/2023 15:00 - 03/08/2023 16:00","CTA|SE","11964.00","12571.00"
"03/08/2023 16:00 - 03/08/2023 17:00","CTA|SE","11757.00","12436.00"
"03/08/2023 17:00 - 03/08/2023 18:00","CTA|SE","11421.00","12233.00"
"03/08/2023 18:00 - 03/08/2023 19:00","CTA|SE","11532.00","12004.00"
"03/08/2023 19:00 - 03/08/2023 20:00","CTA|SE","11328.00","11782.00"
"03/08/2023 20:00 - 03/08/2023 21:00","CTA|SE","10989.00","11502.00"
"03/08/2023 21:00 - 03/08/2023 22:00","CTA|SE","10400.00","10926.00"
"03/08/2023 22:00 - 03/08/2023 23:00","CTA|SE","10046.00","10578.00"
"03/08/2023 23:00 - 04/08/2023 00:00","CTA|SE","9845.00","10317.00"
"04/08/2023 00:00 - 04/08/2023 01:00","CTA|SE","9688.00","10136.00"
"04/08/2023 01:00 - 04/08/2023 02:00","CTA|SE","9398.00","10095.00"
"04/08/2023 02:00 - 04/08/2023 03:00","CTA|SE","9318.00","9972.00"
"04/08/2023 03:00 - 04/08/2023 04:00","CTA|SE","9250.00","10033.00"
"04/08/2023 04:00 - 04/08/2023 05:00","CTA|SE","9874.00","10555.00"
"04/08/2023 05:00 - 04/08/2023 06:00","CTA|SE","10871.00","11346.00"
"04/08/2023 06:00 - 04/08/2023 07:00","CTA|SE","11492.00","12033.00"
"04/08/2023 07:00 - 04/08/2023 08:00","CTA|SE","11976.00","12462.00"
"04/08/2023 08:00 - 04/08/2023 09:00","CTA|SE","12217.00","12617.00"
"04/08/2023 09:00 - 04/08/2023 10:00","CTA|SE","12204.00","12625.00"
"04/08/2023 10:00 - 04/08/2023 11:00","CTA|SE","12430.00","12595.00"
"04/08/2023 11:00 - 04/08/2023 12:00","CTA|SE","12436.00","12458.00"
"04/08/2023 12:00 - 04/08/2023 13:00","CTA|SE","11974.00","12344.00"
"04/08/2023 13:00 - 04/08/2023 14:00","CTA|SE","11715.00","12290.00"
"04/08/2023 14:00 - 04/08/2023 15:00","CTA|SE","11938.00","12227.00"
"04/08/2023 15:00 - 04/08/2023 16:00","CTA|SE","11651.00","12272.00"
"04/08/2023 16:00 - 04/08/2023 17:00","CTA|SE","11565.00","12166.00"
"04/08/2023 17:00 - 04/08/2023 18:00","CTA|SE","11559.00","11978.00"
"04/08/2023 18:00 - 04/08/2023 19:00","CTA|SE","11610.00","11690.00"
"04/08/2023 19:00 - 04/08/2023 20:00","CTA|SE","11302.00","11511.00"
"04/08/2023 20:00 - 04/08/2023 21:00","CTA|SE","10847.00","11236.00"
"04/08/2023 21:00 - 04/08/2023 22:00","CTA|SE","10471.00","10762.00"
"04/08/2023 22:00 - 04/08/2023 23:00","CTA|SE","10118.00","10230.00"
"04/08/2023 23:00 - 05/08/2023 00:00","CTA|SE","9977.00","9966.00"
"05/08/2023 00:00 - 05/08/2023 01:00","CTA|SE","9885.00","9833.00"
"05/08/2023 01:00 - 05/08/2023 02:00","CTA|SE","9598.00","9738.00"
"05/08/2023 02:00 - 05/08/2023 03:00","CTA|SE","9239.00","9642.00"
"05/08/2023 03:00 - 05/08/2023 04:00","CTA|SE","8988.00","9563.00"
"05/08/2023 04:00 - 05/08/2023 05:00","CTA|SE","9361.00","9716.00"
"05/08/2023 05:00 - 05/08/2023 06:00","CTA|SE","9976.00","10085.00"
"05/08/2023 06:00 - 05/08/2023 07:00","CTA|SE","10435.00","10620.00"
"05/08/2023 07:00 - 05/08/2023 08:00","CTA|SE","11039.00","11022.00"
"05/08/2023 08:00 - 05/08/2023 09:00","CTA|SE","11319.00","11282.00"
"05/08/2023 09:00 - 05/08/2023 10:00","CTA|SE","11222.00","11506.00"
"05/08/2023 10:00 - 05/08/2023 11:00","CTA|SE","11107.00","11472.00"
"05/08/2023 11:00 - 05/08/2023 12:00","CTA|SE","10992.00","11445.00"
"05/08/2023 12:00 - 05/08/2023 13:00","CTA|SE","10871.00","11352.00"
"05/08/2023 13:00 - 05/08/2023 14:00","CTA|SE","10984.00","11215.00"
"05/08/2023 14:00 - 05/08/2023 15:00","CTA|SE","11040.00","11282.00"
"05/08/2023 15:00 - 05/08/2023 16:00","CTA|SE","11253.00","11489.00"
"05/08/2023 16:00 - 05/08/2023 17:00","CTA|SE","11292.00","11520.00"
"05/08/2023 17:00 - 05/08/2023 18:00","CTA|SE","11268.00","11435.00"
"05/08/2023 18:00 - 05/08/2023 19:00","CTA|SE","11349.00","11312.00"
"05/08/2023 19:00 - 05/08/2023 20:00","CTA|SE","11421.00","11135.00"
"05/08/2023 20:00 - 05/08/2023 21:00","CTA|SE","11289.00","10962.00"
"05/08/2023 21:00 - 05/08/2023 22:00","CTA|SE","10839.00","10565.00"
"05/08/2023 22:00 - 05/08/2023 23:00","CTA|SE","10525.00","10147.00"
"05/08/2023 23:00 - 06/08/2023 00:00","CTA|SE","10243.00","9901.00"
"06/08/2023 00:00 - 06/08/2023 01:00","CTA|SE","10191.00","9818.00"
"06/08/2023 01:00 - 06/08/2023 02:00","CTA|SE","10020.00","9739.00"
"06/08/2023 02:00 - 06/08/2023 03:00","CTA|SE","9829.00","9562.00"
"06/08/2023 03:00 - 06/08/2023 04:00","CTA|SE","9399.00","9457.00"
"06/08/2023 04:00 - 06/08/2023 05:00","CTA|SE","9327.00","9570.00"
"06/08/2023 05:00 - 06/08/2023 06:00","CTA|SE","9336.00","9851.00"
"06/08/2023 06:00 - 06/08/2023 07:00","CTA|SE","9956.00","10354.00"
"06/08/2023 07:00 - 06/08/2023 08:00","CTA|SE","10556.00","10850.00"
"06/08/2023 08:00 - 06/08/2023 09:00","CTA|SE","11122.00","11165.00"
"06/08/2023 09:00 - 06/08/2023 10:00","CTA|SE","11607.00","11460.00"
"06/08/2023 10:00 - 06/08/2023 11:00","CTA|SE","11905.00","11505.00"
"06/08/2023 11:00 - 06/08/2023 12:00","CTA|SE","11724.00","11503.00"
"06/08/2023 12:00 - 06/08/2023 13:00","CTA|SE","11635.00","11510.00"
"06/08/2023 13:00 - 06/08/2023 14:00","CTA|SE","11514.00","11428.00"
"06/08/2023 14:00 - 06/08/2023 15:00","CTA|SE","11816.00","11596.00"
"06/08/2023 15:00 - 06/08/2023 16:00","CTA|SE","11871.00","11880.00"
"06/08/2023 16:00 - 06/08/2023 17:00","CTA|SE","11923.00","11891.00"
"06/08/2023 17:00 - 06/08/2023 18:00","CTA|SE","11577.00","11866.00"
"06/08/2023 18:00 - 06/08/2023 19:00","CTA|SE","11676.00","11708.00"
"06/08/2023 19:00 - 06/08/2023 20:00","CTA|SE","10922.00","11474.00"
"06/08/2023 20:00 - 06/08/2023 21:00","CTA|SE","10340.00","11213.00"
"06/08/2023 21:00 - 06/08/2023 22:00","CTA|SE","10163.00","10666.00"
"06/08/2023 22:00 - 06/08/2023 23:00","CTA|SE","9501.00","10278.00"
"06/08/2023 23:00 - 07/08/2023 00:00","CTA|SE","9441.00","10061.00"
"07/08/2023 00:00 - 07/08/2023 01:00","CTA|SE","9139.00","9989.00"
"07/08/2023 01:00 - 07/08/2023 02:00","CTA|SE","8978.00","9934.00"
"07/08/2023 02:00 - 07/08/2023 03:00","CTA|SE","9330.00","9967.00"
"07/08/2023 03:00 - 07/08/2023 04:00","CTA|SE","9424.00","10158.00"
"07/08/2023 04:00 - 07/08/2023 05:00","CTA|SE","10176.00","10954.00"
"07/08/2023 05:00 - 07/08/2023 06:00","CTA|SE","11307.00","11906.00"
"07/08/2023 06:00 - 07/08/2023 07:00","CTA|SE","11814.00","12587.00"
"07/08/2023 07:00 - 07/08/2023 08:00","CTA|SE","12391.00","13108.00"
"07/08/2023 08:00 - 07/08/2023 09:00","CTA|SE","13314.00","13394.00"
"07/08/2023 09:00 - 07/08/2023 10:00","CTA|SE","13303.00","13544.00"
"07/08/2023 10:00 - 07/08/2023 11:00","CTA|SE","13521.00","13514.00"
"07/08/2023 11:00 - 07/08/2023 12:00","CTA|SE","13867.00","13471.00"
"07/08/2023 12:00 - 07/08/2023 13:00","CTA|SE","12903.00","13339.00"
"07/08/2023 13:00 - 07/08/2023 14:00","CTA|SE","12850.00","13224.00"
"07/08/2023 14:00 - 07/08/2023 15:00","CTA|SE","13304.00","13104.00"
"07/08/2023 15:00 - 07/08/2023 16:00","CTA|SE","13455.00","13095.00"
"07/08/2023 16:00 - 07/08/2023 17:00","CTA|SE","13200.00","12978.00"
"07/08/2023 17:00 - 07/08/2023 18:00","CTA|SE","12888.00","12743.00"
"07/08/2023 18:00 - 07/08/2023 19:00","CTA|SE","12780.00","12449.00"
"07/08/2023 19:00 - 07/08/2023 20:00","CTA|SE","12322.00","12338.00"
"07/08/2023 20:00 - 07/08/2023 21:00","CTA|SE","11350.00","11864.00"
"07/08/2023 21:00 - 07/08/2023 22:00","CTA|SE","10562.00","11347.00"
"07/08/2023 22:00 - 07/08/2023 23:00","CTA|SE","9893.00","10729.00"
"07/08/2023 23:00 - 08/08/2023 00:00","CTA|SE","9765.00","10502.00"
"08/08/2023 00:00 - 08/08/2023 01:00","CTA|SE","9870.00","10371.00"
"08/08/2023 01:00 - 08/08/2023 02:00","CTA|SE","10054.00","10334.00"
"08/08/2023 02:00 - 08/08/2023 03:00","CTA|SE","10378.00","10362.00"
"08/08/2023 03:00 - 08/08/2023 04:00","CTA|SE","10328.00","10457.00"
"08/08/2023 04:00 - 08/08/2023 05:00","CTA|SE","11420.00","11226.00"
"08/08/2023 05:00 - 08/08/2023 06:00","CTA|SE","12007.00","12379.00"
"08/08/2023 06:00 - 08/08/2023 07:00","CTA|SE","12603.00","13034.00"
"08/08/2023 07:00 - 08/08/2023 08:00","CTA|SE","13163.00","13458.00"
"08/08/2023 08:00 - 08/08/2023 09:00","CTA|SE","13502.00","13678.00"
"08/08/2023 09:00 - 08/08/2023 10:00","CTA|SE","13671.00","13766.00"
"08/08/2023 10:00 - 08/08/2023 11:00","CTA|SE","13929.00","13794.00"
"08/08/2023 11:00 - 08/08/2023 12:00","CTA|SE","14091.00","13758.00"
"08/08/2023 12:00 - 08/08/2023 13:00","CTA|SE","13711.00","13714.00"
"08/08/2023 13:00 - 08/08/2023 14:00","CTA|SE","13277.00","13690.00"
"08/08/2023 14:00 - 08/08/2023 15:00","CTA|SE","13267.00","13535.00"
"08/08/2023 15:00 - 08/08/2023 16:00","CTA|SE","13528.00","13484.00"
"08/08/2023 16:00 - 08/08/2023 17:00","CTA|SE","13764.00","13271.00"
"08/08/2023 17:00 - 08/08/2023 18:00","CTA|SE","13780.00","12994.00"
"08/08/2023 18:00 - 08/08/2023 19:00","CTA|SE","13708.00","12683.00"
"08/08/2023 19:00 - 08/08/2023 20:00","CTA|SE","13259.00","12540.00"
"08/08/2023 20:00 - 08/08/2023 21:00","CTA|SE","12644.00","12048.00"
"08/08/2023 21:00 - 08/08/2023 22:00","CTA|SE","12117.00","11510.00"
"08/08/2023 22:00 - 08/08/2023 23:00","CTA|SE","11321.00","10934.00"
"08/08/2023 23:00 - 09/08/2023 00:00","CTA|SE","10942.00","10624.00"
"09/08/2023 00:00 - 09/08/2023 01:00","CTA|SE","10814.00","10492.00"
"09/08/2023 01:00 - 09/08/2023 02:00","CTA|SE","10737.00","10491.00"
"09/08/2023 02:00 - 09/08/2023 03:00","CTA|SE","10812.00","10473.00"
"09/08/2023 03:00 - 09/08/2023 04:00","CTA|SE","10993.00","10606.00"
"09/08/2023 04:00 - 09/08/2023 05:00","CTA|SE","11694.00","11498.00"
"09/08/2023 05:00 - 09/08/2023 06:00","CTA|SE","12941.00","12473.00"
"09/08/2023 06:00 - 09/08/2023 07:00","CTA|SE","13959.00","13087.00"
"09/08/2023 07:00 - 09/08/2023 08:00","CTA|SE","14316.00","13573.00"
"09/08/2023 08:00 - 09/08/2023 09:00","CTA|SE","14556.00","13818.00"
"09/08/2023 09:00 - 09/08/2023 10:00","CTA|SE","14457.00","14007.00"
"09/08/2023 10:00 - 09/08/2023 11:00","CTA|SE","14154.00","14060.00"
"09/08/2023 11:00 - 09/08/2023 12:00","CTA|SE","14389.00","14071.00"
"09/08/2023 12:00 - 09/08/2023 13:00","CTA|SE","14133.00","13993.00"
"09/08/2023 13:00 - 09/08/2023 14:00","CTA|SE","13967.00","13898.00"
"09/08/2023 14:00 - 09/08/2023 15:00","CTA|SE","13884.00","13726.00"
"09/08/2023 15:00 - 09/08/2023 16:00","CTA|SE","13858.00","13674.00"
"09/08/2023 16:00 - 09/08/2023 17:00","CTA|SE","13349.00","13356.00"
"09/08/2023 17:00 - 09/08/2023 18:00","CTA|SE","13643.00","13077.00"
"09/08/2023 18:00 - 09/08/2023 19:00","CTA|SE","13556.00","12819.00"
"09/08/2023 19:00 - 09/08/2023 20:00","CTA|SE","13169.00","12655.00"
"09/08/2023 20:00 - 09/08/2023 21:00","CTA|SE","12200.00","12195.00"
"09/08/2023 21:00 - 09/08/2023 22:00","CTA|SE","11719.00","11571.00"
"09/08/2023 22:00 - 09/08/2023 23:00","CTA|SE","11248.00","11157.00"
"09/08/2023 23:00 - 10/08/2023 00:00","CTA|SE","10993.00","10814.00"
"10/08/2023 00:00 - 10/08/2023 01:00","CTA|SE","10862.00","10712.00"
"10/08/2023 01:00 - 10/08/2023 02:00","CTA|SE","10621.00","10690.00"
"10/08/2023 02:00 - 10/08/2023 03:00","CTA|SE","10520.00","10752.00"
"10/08/2023 03:00 - 10/08/2023 04:00","CTA|SE","10701.00","10896.00"
"10/08/2023 04:00 - 10/08/2023 05:00","CTA|SE","11817.00","11741.00"
"10/08/2023 05:00 - 10/08/2023 06:00","CTA|SE","12892.00","12666.00"
"10/08/2023 06:00 - 10/08/2023 07:00","CTA|SE","13338.00","13358.00"
"10/08/2023 07:00 - 10/08/2023 08:00","CTA|SE","13658.00","13713.00"
"10/08/2023 08:00 - 10/08/2023 09:00","CTA|SE","13994.00","14042.00"
"10/08/2023 09:00 - 10/08/2023 10:00","CTA|SE","14221.00","14168.00"
"10/08/2023 10:00 - 10/08/2023 11:00","CTA|SE","14129.00","14203.00"
"10/08/2023 11:00 - 10/08/2023 12:00","CTA|SE","13854.00","14161.00"
"10/08/2023 12:00 - 10/08/2023 13:00","CTA|SE","13353.00","14035.00"
"10/08/2023 13:00 - 10/08/2023 14:00","CTA|SE","12966.00","13933.00"
"10/08/2023 14:00 - 10/08/2023 15:00","CTA|SE","13147.00","13718.00"
"10/08/2023 15:00 - 10/08/2023 16:00","CTA|SE","13588.00","13737.00"
"10/08/2023 16:00 - 10/08/2023 17:00","CTA|SE","13508.00","13578.00"
"10/08/2023 17:00 - 10/08/2023 18:00","CTA|SE","13166.00","13281.00"
"10/08/2023 18:00 - 10/08/2023 19:00","CTA|SE","13262.00","13064.00"
"10/08/2023 19:00 - 10/08/2023 20:00","CTA|SE","13092.00","12925.00"
"10/08/2023 20:00 - 10/08/2023 21:00","CTA|SE","12403.00","12389.00"
"10/08/2023 21:00 - 10/08/2023 22:00","CTA|SE","11514.00","11796.00"
"10/08/2023 22:00 - 10/08/2023 23:00","CTA|SE","11155.00","11337.00"
"10/08/2023 23:00 - 11/08/2023 00:00","CTA|SE","10854.00","11019.00"
"11/08/2023 00:00 - 11/08/2023 01:00","CTA|SE","10586.00","10856.00"
"11/08/2023 01:00 - 11/08/2023 02:00","CTA|SE","10604.00","10721.00"
"11/08/2023 02:00 - 11/08/2023 03:00","CTA|SE","10776.00","10672.00"
"11/08/2023 03:00 - 11/08/2023 04:00","CTA|SE","10816.00","10925.00"
"11/08/2023 04:00 - 11/08/2023 05:00","CTA|SE","11680.00","11821.00"
"11/08/2023 05:00 - 11/08/2023 06:00","CTA|SE","12673.00","12937.00"
"11/08/2023 06:00 - 11/08/2023 07:00","CTA|SE","13342.00","13473.00"
"11/08/2023 07:00 - 11/08/2023 08:00","CTA|SE","13583.00","13775.00"
"11/08/2023 08:00 - 11/08/2023 09:00","CTA|SE","13403.00","13886.00"
"11/08/2023 09:00 - 11/08/2023 10:00","CTA|SE","13450.00","13884.00"
"11/08/2023 10:00 - 11/08/2023 11:00","CTA|SE","13467.00","13873.00"
"11/08/2023 11:00 - 11/08/2023 12:00","CTA|SE","12841.00","13751.00"
"11/08/2023 12:00 - 11/08/2023 13:00","CTA|SE","12804.00","13493.00"
"11/08/2023 13:00 - 11/08/2023 14:00","CTA|SE","12761.00","13326.00"
"11/08/2023 14:00 - 11/08/2023 15:00","CTA|SE","12599.00","13154.00"
"11/08/2023 15:00 - 11/08/2023 16:00","CTA|SE","12982.00","13153.00"
"11/08/2023 16:00 - 11/08/2023 17:00","CTA|SE","12794.00","12976.00"
"11/08/2023 17:00 - 11/08/2023 18:00","CTA|SE","12432.00","12762.00"
"11/08/2023 18:00 - 11/08/2023 19:00","CTA|SE","11985.00","12525.00"
"11/08/2023 19:00 - 11/08/2023 20:00","CTA|SE","11702.00","12473.00"
"11/08/2023 20:00 - 11/08/2023 21:00","CTA|SE","11584.00","12028.00"
"11/08/2023 21:00 - 11/08/2023 22:00","CTA|SE","11208.00","11529.00"
"11/08/2023 22:00 - 11/08/2023 23:00","CTA|SE","11013.00","10975.00"
"11/08/2023 23:00 - 12/08/2023 00:00","CTA|SE","10685.00","10638.00"
"12/08/2023 00:00 - 12/08/2023 01:00","CTA|SE","10231.00","10425.00"
"12/08/2023 01:00 - 12/08/2023 02:00","CTA|SE","10141.00","10360.00"
"12/08/2023 02:00 - 12/08/2023 03:00","CTA|SE","10095.00","10266.00"
"12/08/2023 03:00 - 12/08/2023 04:00","CTA|SE","9698.00","10200.00"
"12/08/2023 04:00 - 12/08/2023 05:00","CTA|SE","9600.00","10401.00"
"12/08/2023 05:00 - 12/08/2023 06:00","CTA|SE","9966.00","10777.00"
"12/08/2023 06:00 - 12/08/2023 07:00","CTA|SE","10708.00","11367.00"
"12/08/2023 07:00 - 12/08/2023 08:00","CTA|SE","11456.00","11900.00"
"12/08/2023 08:00 - 12/08/2023 09:00","CTA|SE","11724.00","12308.00"
"12/08/2023 09:00 - 12/08/2023 10:00","CTA|SE","11853.00","12502.00"
"12/08/2023 10:00 - 12/08/2023 11:00","CTA|SE","11756.00","12507.00"
"12/08/2023 11:00 - 12/08/2023 12:00","CTA|SE","11940.00","12474.00"
"12/08/2023 12:00 - 12/08/2023 13:00","CTA|SE","11902.00","12367.00"
"12/08/2023 13:00 - 12/08/2023 14:00","CTA|SE","12077.00","12173.00"
"12/08/2023 14:00 - 12/08/2023 15:00","CTA|SE","12394.00","12200.00"
"12/08/2023 15:00 - 12/08/2023 16:00","CTA|SE","12246.00","12314.00"
"12/08/2023 16:00 - 12/08/2023 17:00","CTA|SE","12079.00","12215.00"
"12/08/2023 17:00 - 12/08/2023 18:00","CTA|SE","12008.00","12076.00"
"12/08/2023 18:00 - 12/08/2023 19:00","CTA|SE","11761.00","11908.00"
"12/08/2023 19:00 - 12/08/2023 20:00","CTA|SE","11604.00","11813.00"
"12/08/2023 20:00 - 12/08/2023 21:00","CTA|SE","11399.00","11454.00"
"12/08/2023 21:00 - 12/08/2023 22:00","CTA|SE","11128.00","11028.00"
"12/08/2023 22:00 - 12/08/2023 23:00","CTA|SE","10951.00","10783.00"
"12/08/2023 23:00 - 13/08/2023 00:00","CTA|SE","10645.00","10557.00"
"13/08/2023 00:00 - 13/08/2023 01:00","CTA|SE","10253.00","10394.00"
"13/08/2023 01:00 - 13/08/2023 02:00","CTA|SE","10073.00","10336.00"
"13/08/2023 02:00 - 13/08/2023 03:00","CTA|SE","9900.00","10156.00"
"13/08/2023 03:00 - 13/08/2023 04:00","CTA|SE","9591.00","10027.00"
"13/08/2023 04:00 - 13/08/2023 05:00","CTA|SE","9434.00","10121.00"
"13/08/2023 05:00 - 13/08/2023 06:00","CTA|SE","9723.00","10455.00"
"13/08/2023 06:00 - 13/08/2023 07:00","CTA|SE","10399.00","11042.00"
"13/08/2023 07:00 - 13/08/2023 08:00","CTA|SE","11063.00","11599.00"
"13/08/2023 08:00 - 13/08/2023 09:00","CTA|SE","11210.00","11946.00"
"13/08/2023 09:00 - 13/08/2023 10:00","CTA|SE","11296.00","12170.00"
"13/08/2023 10:00 - 13/08/2023 11:00","CTA|SE","11500.00","12194.00"
"13/08/2023 11:00 - 13/08/2023 12:00","CTA|SE","11620.00","12192.00"
"13/08/2023 12:00 - 13/08/2023 13:00","CTA|SE","11766.00","12129.00"
"13/08/2023 13:00 - 13/08/2023 14:00","CTA|SE","11655.00","12044.00"
"13/08/2023 14:00 - 13/08/2023 15:00","CTA|SE","11915.00","12124.00"
"13/08/2023 15:00 - 13/08/2023 16:00","CTA|SE","12711.00","12291.00"
"13/08/2023 16:00 - 13/08/2023 17:00","CTA|SE","12738.00","12365.00"
"13/08/2023 17:00 - 13/08/2023 18:00","CTA|SE","12644.00","12379.00"
"13/08/2023 18:00 - 13/08/2023 19:00","CTA|SE","12660.00","12347.00"
"13/08/2023 19:00 - 13/08/2023 20:00","CTA|SE","12504.00","12274.00"
"13/08/2023 20:00 - 13/08/2023 21:00","CTA|SE","11792.00","11733.00"
"13/08/2023 21:00 - 13/08/2023 22:00","CTA|SE","11402.00","11262.00"
"13/08/2023 22:00 - 13/08/2023 23:00","CTA|SE","10979.00","10990.00"
"13/08/2023 23:00 - 14/08/2023 00:00","CTA|SE","10817.00","10720.00"
"14/08/2023 00:00 - 14/08/2023 01:00","CTA|SE","10757.00","10629.00"
"14/08/2023 01:00 - 14/08/2023 02:00","CTA|SE","10674.00","10567.00"
"14/08/2023 02:00 - 14/08/2023 03:00","CTA|SE","10595.00","10733.00"
"14/08/2023 03:00 - 14/08/2023 04:00","CTA|SE","10815.00","11085.00"
"14/08/2023 04:00 - 14/08/2023 05:00","CTA|SE","11967.00","12090.00"
"14/08/2023 05:00 - 14/08/2023 06:00","CTA|SE","13390.00","13256.00"
"14/08/2023 06:00 - 14/08/2023 07:00","CTA|SE","14098.00","13863.00"
"14/08/2023 07:00 - 14/08/2023 08:00","CTA|SE","14171.00","14079.00"
"14/08/2023 08:00 - 14/08/2023 09:00","CTA|SE","14138.00","14256.00"
"14/08/2023 09:00 - 14/08/2023 10:00","CTA|SE","14266.00","14289.00"
"14/08/2023 10:00 - 14/08/2023 11:00","CTA|SE","14218.00","14266.00"
"14/08/2023 11:00 - 14/08/2023 12:00","CTA|SE","14224.00","14167.00"
"14/08/2023 12:00 - 14/08/2023 13:00","CTA|SE","14227.00","14098.00"
"14/08/2023 13:00 - 14/08/2023 14:00","CTA|SE","14412.00","13932.00"
"14/08/2023 14:00 - 14/08/2023 15:00","CTA|SE","14036.00","13764.00"
"14/08/2023 15:00 - 14/08/2023 16:00","CTA|SE","14195.00","13847.00"
"14/08/2023 16:00 - 14/08/2023 17:00","CTA|SE","13978.00","13643.00"
"14/08/2023 17:00 - 14/08/2023 18:00","CTA|SE","13628.00","13480.00"
"14/08/2023 18:00 - 14/08/2023 19:00","CTA|SE","13398.00","13364.00"
"14/08/2023 19:00 - 14/08/2023 20:00","CTA|SE","13593.00","13177.00"
"14/08/2023 20:00 - 14/08/2023 21:00","CTA|SE","12931.00","12541.00"
"14/08/2023 21:00 - 14/08/2023 22:00","CTA|SE","11889.00","11868.00"
"14/08/2023 22:00 - 14/08/2023 23:00","CTA|SE","11205.00","11280.00"
"14/08/2023 23:00 - 15/08/2023 00:00","CTA|SE","10839.00","11024.00"
"15/08/2023 00:00 - 15/08/2023 01:00","CTA|SE","10911.00","10956.00"
"15/08/2023 01:00 - 15/08/2023 02:00","CTA|SE","10936.00","10935.00"
"15/08/2023 02:00 - 15/08/2023 03:00","CTA|SE","10955.00","11005.00"
"15/08/2023 03:00 - 15/08/2023 04:00","CTA|SE","10993.00","11301.00"
"15/08/2023 04:00 - 15/08/2023 05:00","CTA|SE","11998.00","12329.00"
"15/08/2023 05:00 - 15/08/2023 06:00","CTA|SE","13023.00","13433.00"
"15/08/2023 06:00 - 15/08/2023 07:00","CTA|SE","13472.00","13973.00"
"15/08/2023 07:00 - 15/08/2023 08:00","CTA|SE","13497.00","14118.00"
"15/08/2023 08:00 - 15/08/2023 09:00","CTA|SE","13481.00","14282.00"
"15/08/2023 09:00 - 15/08/2023 10:00","CTA|SE","13526.00","14331.00"
"15/08/2023 10:00 - 15/08/2023 11:00","CTA|SE","13886.00","14283.00"
"15/08/2023 11:00 - 15/08/2023 12:00","CTA|SE","13933.00","14171.00"
"15/08/2023 12:00 - 15/08/2023 13:00","CTA|SE","14180.00","14102.00"
"15/08/2023 13:00 - 15/08/2023 14:00","CTA|SE","14208.00","13987.00"
"15/08/2023 14:00 - 15/08/2023 15:00","CTA|SE","13739.00","13900.00"
"15/08/2023 15:00 - 15/08/2023 16:00","CTA|SE","13678.00","13992.00"
"15/08/2023 16:00 - 15/08/2023 17:00","CTA|SE","13333.00","13813.00"
"15/08/2023 17:00 - 15/08/2023 18:00","CTA|SE","13076.00","13639.00"
"15/08/2023 18:00 - 15/08/2023 19:00","CTA|SE","13198.00","13478.00"
"15/08/2023 19:00 - 15/08/2023 20:00","CTA|SE","12837.00","13214.00"
"15/08/2023 20:00 - 15/08/2023 21:00","CTA|SE","12028.00","12514.00"
"15/08/2023 21:00 - 15/08/2023 22:00","CTA|SE","11484.00","11832.00"
"15/08/2023 22:00 - 15/08/2023 23:00","CTA|SE","11005.00","11352.00"
"15/08/2023 23:00 - 16/08/2023 00:00","CTA|SE","10584.00","11018.00"
"16/08/2023 00:00 - 16/08/2023 01:00","CTA|SE","10647.00","10951.00"
"16/08/2023 01:00 - 16/08/2023 02:00","CTA|SE","10611.00","10926.00"
"16/08/2023 02:00 - 16/08/2023 03:00","CTA|SE","10555.00","10982.00"
"16/08/2023 03:00 - 16/08/2023 04:00","CTA|SE","10595.00","11296.00"
"16/08/2023 04:00 - 16/08/2023 05:00","CTA|SE","11878.00","12380.00"
"16/08/2023 05:00 - 16/08/2023 06:00","CTA|SE","13489.00","13612.00"
"16/08/2023 06:00 - 16/08/2023 07:00","CTA|SE","14091.00","14029.00"
"16/08/2023 07:00 - 16/08/2023 08:00","CTA|SE","14042.00","14169.00"
"16/08/2023 08:00 - 16/08/2023 09:00","CTA|SE","14081.00","14326.00"
"16/08/2023 09:00 - 16/08/2023 10:00","CTA|SE","14055.00","14368.00"
"16/08/2023 10:00 - 16/08/2023 11:00","CTA|SE","14380.00","14346.00"
"16/08/2023 11:00 - 16/08/2023 12:00","CTA|SE","14080.00","14243.00"
"16/08/2023 12:00 - 16/08/2023 13:00","CTA|SE","13782.00","14128.00"
"16/08/2023 13:00 - 16/08/2023 14:00","CTA|SE","13961.00","14086.00"
"16/08/2023 14:00 - 16/08/2023 15:00","CTA|SE","13759.00","13981.00"
"16/08/2023 15:00 - 16/08/2023 16:00","CTA|SE","13740.00","14085.00"
"16/08/2023 16:00 - 16/08/2023 17:00","CTA|SE","13707.00","13888.00"
"16/08/2023 17:00 - 16/08/2023 18:00","CTA|SE","13614.00","13767.00"
"16/08/2023 18:00 - 16/08/2023 19:00","CTA|SE","13322.00","13642.00"
"16/08/2023 19:00 - 16/08/2023 20:00","CTA|SE","12847.00","13393.00"
"16/08/2023 20:00 - 16/08/2023 21:00","CTA|SE","12118.00","12638.00"
"16/08/2023 21:00 - 16/08/2023 22:00","CTA|SE","11368.00","11930.00"
"16/08/2023 22:00 - 16/08/2023 23:00","CTA|SE","10824.00","11350.00"
"16/08/2023 23:00 - 17/08/2023 00:00","CTA|SE","10789.00","11070.00"
"17/08/2023 00:00 - 17/08/2023 01:00","CTA|SE","10658.00","11001.00"
"17/08/2023 01:00 - 17/08/2023 02:00","CTA|SE","10535.00","10940.00"
"17/08/2023 02:00 - 17/08/2023 03:00","CTA|SE","10334.00","11055.00"
"17/08/2023 03:00 - 17/08/2023 04:00","CTA|SE","10432.00","11349.00"
"17/08/2023 04:00 - 17/08/2023 05:00","CTA|SE","11760.00","12458.00"
"17/08/2023 05:00 - 17/08/2023 06:00","CTA|SE","13543.00","13678.00"
"17/08/2023 06:00 - 17/08/2023 07:00","CTA|SE","13975.00","14069.00"
"17/08/2023 07:00 - 17/08/2023 08:00","CTA|SE","14189.00","14151.00"
"17/08/2023 08:00 - 17/08/2023 09:00","CTA|SE","14525.00","14265.00"
"17/08/2023 09:00 - 17/08/2023 10:00","CTA|SE","14478.00","14327.00"
"17/08/2023 10:00 - 17/08/2023 11:00","CTA|SE","14038.00","14310.00"
"17/08/2023 11:00 - 17/08/2023 12:00","CTA|SE","14121.00","14187.00"
"17/08/2023 12:00 - 17/08/2023 13:00","CTA|SE","13837.00","14133.00"
"17/08/2023 13:00 - 17/08/2023 14:00","CTA|SE","13871.00","14116.00"
"17/08/2023 14:00 - 17/08/2023 15:00","CTA|SE","13716.00","13987.00"
"17/08/2023 15:00 - 17/08/2023 16:00","CTA|SE","13878.00","14034.00"
"17/08/2023 16:00 - 17/08/2023 17:00","CTA|SE","13924.00","13888.00"
"17/08/2023 17:00 - 17/08/2023 18:00","CTA|SE","13671.00","13796.00"
"17/08/2023 18:00 - 17/08/2023 19:00","CTA|SE","13607.00","13737.00"
"17/08/2023 19:00 - 17/08/2023 20:00","CTA|SE","13325.00","13455.00"
"17/08/2023 20:00 - 17/08/2023 21:00","CTA|SE","12597.00","12641.00"
"17/08/2023 21:00 - 17/08/2023 22:00","CTA|SE","11783.00","11903.00"
"17/08/2023 22:00 - 17/08/2023 23:00","CTA|SE","11252.00","11419.00"
"17/08/2023 23:00 - 18/08/2023 00:00","CTA|SE","10830.00","11135.00"
"18/08/2023 00:00 - 18/08/2023 01:00","CTA|SE","10684.00","10956.00"
"18/08/2023 01:00 - 18/08/2023 02:00","CTA|SE","10497.00","10925.00"
"18/08/2023 02:00 - 18/08/2023 03:00","CTA|SE","10523.00","10995.00"
"18/08/2023 03:00 - 18/08/2023 04:00","CTA|SE","10702.00","11330.00"
"18/08/2023 04:00 - 18/08/2023 05:00","CTA|SE","11870.00","12376.00"
"18/08/2023 05:00 - 18/08/2023 06:00","CTA|SE","13266.00","13654.00"
"18/08/2023 06:00 - 18/08/2023 07:00","CTA|SE","14016.00","14076.00"
"18/08/2023 07:00 - 18/08/2023 08:00","CTA|SE","14334.00","14190.00"
"18/08/2023 08:00 - 18/08/2023 09:00","CTA|SE","14089.00","14369.00"
"18/08/2023 09:00 - 18/08/2023 10:00","CTA|SE","13892.00","14352.00"
"18/08/2023 10:00 - 18/08/2023 11:00","CTA|SE","13734.00","14322.00"
"18/08/2023 11:00 - 18/08/2023 12:00","CTA|SE","13713.00","14078.00"
"18/08/2023 12:00 - 18/08/2023 13:00","CTA|SE","13326.00","13867.00"
"18/08/2023 13:00 - 18/08/2023 14:00","CTA|SE","13040.00","13707.00"
"18/08/2023 14:00 - 18/08/2023 15:00","CTA|SE","13097.00","13493.00"
"18/08/2023 15:00 - 18/08/2023 16:00","CTA|SE","13253.00","13577.00"
"18/08/2023 16:00 - 18/08/2023 17:00","CTA|SE","12869.00","13313.00"
"18/08/2023 17:00 - 18/08/2023 18:00","CTA|SE","12591.00","13123.00"
"18/08/2023 18:00 - 18/08/2023 19:00","CTA|SE","12250.00","12970.00"
"18/08/2023 19:00 - 18/08/2023 20:00","CTA|SE","12169.00","12720.00"
"18/08/2023 20:00 - 18/08/2023 21:00","CTA|SE","11620.00","12079.00"
"18/08/2023 21:00 - 18/08/2023 22:00","CTA|SE","11114.00","11568.00"
"18/08/2023 22:00 - 18/08/2023 23:00","CTA|SE","10820.00","11121.00"
"18/08/2023 23:00 - 19/08/2023 00:00","CTA|SE","10690.00","10789.00"
"19/08/2023 00:00 - 19/08/2023 01:00","CTA|SE","10577.00","10655.00"
"19/08/2023 01:00 - 19/08/2023 02:00","CTA|SE","10380.00","10496.00"
"19/08/2023 02:00 - 19/08/2023 03:00","CTA|SE","10269.00","10449.00"
"19/08/2023 03:00 - 19/08/2023 04:00","CTA|SE","10283.00","10449.00"
"19/08/2023 04:00 - 19/08/2023 05:00","CTA|SE","10280.00","10623.00"
"19/08/2023 05:00 - 19/08/2023 06:00","CTA|SE","10756.00","11116.00"
"19/08/2023 06:00 - 19/08/2023 07:00","CTA|SE","11329.00","11654.00"
"19/08/2023 07:00 - 19/08/2023 08:00","CTA|SE","11849.00","12239.00"
"19/08/2023 08:00 - 19/08/2023 09:00","CTA|SE","11906.00","12458.00"
"19/08/2023 09:00 - 19/08/2023 10:00","CTA|SE","12028.00","12578.00"
"19/08/2023 10:00 - 19/08/2023 11:00","CTA|SE","12021.00","12598.00"
"19/08/2023 11:00 - 19/08/2023 12:00","CTA|SE","11689.00","12493.00"
"19/08/2023 12:00 - 19/08/2023 13:00","CTA|SE","11581.00","12387.00"
"19/08/2023 13:00 - 19/08/2023 14:00","CTA|SE","11775.00","12331.00"
"19/08/2023 14:00 - 19/08/2023 15:00","CTA|SE","12003.00","12444.00"
"19/08/2023 15:00 - 19/08/2023 16:00","CTA|SE","12308.00","12628.00"
"19/08/2023 16:00 - 19/08/2023 17:00","CTA|SE","12459.00","12650.00"
"19/08/2023 17:00 - 19/08/2023 18:00","CTA|SE","12285.00","12532.00"
"19/08/2023 18:00 - 19/08/2023 19:00","CTA|SE","12120.00","12436.00"
"19/08/2023 19:00 - 19/08/2023 20:00","CTA|SE","11673.00","12203.00"
"19/08/2023 20:00 - 19/08/2023 21:00","CTA|SE","11126.00","11755.00"
"19/08/2023 21:00 - 19/08/2023 22:00","CTA|SE","10641.00","11347.00"
"19/08/2023 22:00 - 19/08/2023 23:00","CTA|SE","10273.00","10888.00"
"19/08/2023 23:00 - 20/08/2023 00:00","CTA|SE","10188.00","10629.00"
"20/08/2023 00:00 - 20/08/2023 01:00","CTA|SE","10065.00","10481.00"
"20/08/2023 01:00 - 20/08/2023 02:00","CTA|SE","9996.00","10327.00"
"20/08/2023 02:00 - 20/08/2023 03:00","CTA|SE","9990.00","10311.00"
"20/08/2023 03:00 - 20/08/2023 04:00","CTA|SE","9822.00","10273.00"
"20/08/2023 04:00 - 20/08/2023 05:00","CTA|SE","9784.00","10285.00"
"20/08/2023 05:00 - 20/08/2023 06:00","CTA|SE","10285.00","10634.00"
"20/08/2023 06:00 - 20/08/2023 07:00","CTA|SE","10977.00","11235.00"
"20/08/2023 07:00 - 20/08/2023 08:00","CTA|SE","11701.00","11856.00"
"20/08/2023 08:00 - 20/08/2023 09:00","CTA|SE","12242.00","12148.00"
"20/08/2023 09:00 - 20/08/2023 10:00","CTA|SE","12460.00","12382.00"
"20/08/2023 10:00 - 20/08/2023 11:00","CTA|SE","12504.00","12449.00"
"20/08/2023 11:00 - 20/08/2023 12:00","CTA|SE","12221.00","12388.00"
"20/08/2023 12:00 - 20/08/2023 13:00","CTA|SE","12248.00","12300.00"
"20/08/2023 13:00 - 20/08/2023 14:00","CTA|SE","12351.00","12291.00"
"20/08/2023 14:00 - 20/08/2023 15:00","CTA|SE","12446.00","12473.00"
"20/08/2023 15:00 - 20/08/2023 16:00","CTA|SE","12731.00","12797.00"
"20/08/2023 16:00 - 20/08/2023 17:00","CTA|SE","12811.00","12901.00"
"20/08/2023 17:00 - 20/08/2023 18:00","CTA|SE","12878.00","12919.00"
"20/08/2023 18:00 - 20/08/2023 19:00","CTA|SE","12673.00","12879.00"
"20/08/2023 19:00 - 20/08/2023 20:00","CTA|SE","12570.00","12615.00"
"20/08/2023 20:00 - 20/08/2023 21:00","CTA|SE","12075.00","12034.00"
"20/08/2023 21:00 - 20/08/2023 22:00","CTA|SE","11523.00","11493.00"
"20/08/2023 22:00 - 20/08/2023 23:00","CTA|SE","11285.00","11207.00"
"20/08/2023 23:00 - 21/08/2023 00:00","CTA|SE","11137.00","10875.00"
"21/08/2023 00:00 - 21/08/2023 01:00","CTA|SE","11057.00","10838.00"
"21/08/2023 01:00 - 21/08/2023 02:00","CTA|SE","10868.00","10810.00"
"21/08/2023 02:00 - 21/08/2023 03:00","CTA|SE","10810.00","10906.00"
"21/08/2023 03:00 - 21/08/2023 04:00","CTA|SE","11042.00","11277.00"
"21/08/2023 04:00 - 21/08/2023 05:00","CTA|SE","12001.00","12450.00"
"21/08/2023 05:00 - 21/08/2023 06:00","CTA|SE","13278.00","13751.00"
"21/08/2023 06:00 - 21/08/2023 07:00","CTA|SE","13977.00","14198.00"
"21/08/2023 07:00 - 21/08/2023 08:00","CTA|SE","14325.00","14387.00"
"21/08/2023 08:00 - 21/08/2023 09:00","CTA|SE","14337.00","14485.00"
"21/08/2023 09:00 - 21/08/2023 10:00","CTA|SE","14227.00","14475.00"
"21/08/2023 10:00 - 21/08/2023 11:00","CTA|SE","14282.00","14434.00"
"21/08/2023 11:00 - 21/08/2023 12:00","CTA|SE","14060.00","14343.00"
"21/08/2023 12:00 - 21/08/2023 13:00","CTA|SE","13924.00","14217.00"
"21/08/2023 13:00 - 21/08/2023 14:00","CTA|SE","13804.00","14174.00"
"21/08/2023 14:00 - 21/08/2023 15:00","CTA|SE","13639.00","14058.00"
"21/08/2023 15:00 - 21/08/2023 16:00","CTA|SE","14042.00","14122.00"
"21/08/2023 16:00 - 21/08/2023 17:00","CTA|SE","13797.00","13905.00"
"21/08/2023 17:00 - 21/08/2023 18:00","CTA|SE","13798.00","13788.00"
"21/08/2023 18:00 - 21/08/2023 19:00","CTA|SE","13539.00","13687.00"
"21/08/2023 19:00 - 21/08/2023 20:00","CTA|SE","13173.00","13437.00"
"21/08/2023 20:00 - 21/08/2023 21:00","CTA|SE","12297.00","12699.00"
"21/08/2023 21:00 - 21/08/2023 22:00","CTA|SE","11676.00","11960.00"
"21/08/2023 22:00 - 21/08/2023 23:00","CTA|SE","10827.00","11493.00"
"21/08/2023 23:00 - 22/08/2023 00:00","CTA|SE","10343.00","11178.00"
"22/08/2023 00:00 - 22/08/2023 01:00","CTA|SE","10329.00","11039.00"
"22/08/2023 01:00 - 22/08/2023 02:00","CTA|SE","10278.00","11011.00"
"22/08/2023 02:00 - 22/08/2023 03:00","CTA|SE","10338.00","11083.00"
"22/08/2023 03:00 - 22/08/2023 04:00","CTA|SE","10822.00","11441.00"
"22/08/2023 04:00 - 22/08/2023 05:00","CTA|SE","12043.00","12552.00"
"22/08/2023 05:00 - 22/08/2023 06:00","CTA|SE","13091.00","13817.00"
"22/08/2023 06:00 - 22/08/2023 07:00","CTA|SE","13856.00","14174.00"
"22/08/2023 07:00 - 22/08/2023 08:00","CTA|SE","14144.00","14386.00"
"22/08/2023 08:00 - 22/08/2023 09:00","CTA|SE","13826.00","14474.00"
"22/08/2023 09:00 - 22/08/2023 10:00","CTA|SE","13795.00","14474.00"
"22/08/2023 10:00 - 22/08/2023 11:00","CTA|SE","13495.00","14464.00"
"22/08/2023 11:00 - 22/08/2023 12:00","CTA|SE","13408.00","14385.00"
"22/08/2023 12:00 - 22/08/2023 13:00","CTA|SE","13242.00","14278.00"
"22/08/2023 13:00 - 22/08/2023 14:00","CTA|SE","13154.00","14250.00"
"22/08/2023 14:00 - 22/08/2023 15:00","CTA|SE","13144.00","14147.00"
"22/08/2023 15:00 - 22/08/2023 16:00","CTA|SE","13309.00","14176.00"
"22/08/2023 16:00 - 22/08/2023 17:00","CTA|SE","13461.00","13973.00"
"22/08/2023 17:00 - 22/08/2023 18:00","CTA|SE","13337.00","13815.00"
"22/08/2023 18:00 - 22/08/2023 19:00","CTA|SE","13099.00","13717.00"
"22/08/2023 19:00 - 22/08/2023 20:00","CTA|SE","12748.00","13456.00"
"22/08/2023 20:00 - 22/08/2023 21:00","CTA|SE","11819.00","12675.00"
"22/08/2023 21:00 - 22/08/2023 22:00","CTA|SE","11145.00","11987.00"
"22/08/2023 22:00 - 22/08/2023 23:00","CTA|SE","10825.00","11364.00"
"22/08/2023 23:00 - 23/08/2023 00:00","CTA|SE","10496.00","11067.00"
"23/08/2023 00:00 - 23/08/2023 01:00","CTA|SE","10523.00","11049.00"
"23/08/2023 01:00 - 23/08/2023 02:00","CTA|SE","10518.00","11021.00"
"23/08/2023 02:00 - 23/08/2023 03:00","CTA|SE","10824.00","11102.00"
"23/08/2023 03:00 - 23/08/2023 04:00","CTA|SE","11109.00","11465.00"
"23/08/2023 04:00 - 23/08/2023 05:00","CTA|SE","12065.00","12594.00"
"23/08/2023 05:00 - 23/08/2023 06:00","CTA|SE","13178.00","13849.00"
"23/08/2023 06:00 - 23/08/2023 07:00","CTA|SE","13854.00","14255.00"
"23/08/2023 07:00 - 23/08/2023 08:00","CTA|SE","13963.00","14422.00"
"23/08/2023 08:00 - 23/08/2023 09:00","CTA|SE","13855.00","14516.00"
"23/08/2023 09:00 - 23/08/2023 10:00","CTA|SE","13771.00","14495.00"
"23/08/2023 10:00 - 23/08/2023 11:00","CTA|SE","13614.00","14466.00"
"23/08/2023 11:00 - 23/08/2023 12:00","CTA|SE","13583.00","14375.00"
"23/08/2023 12:00 - 23/08/2023 13:00","CTA|SE","13672.00","14224.00"
"23/08/2023 13:00 - 23/08/2023 14:00","CTA|SE","13784.00","14225.00"
"23/08/2023 14:00 - 23/08/2023 15:00","CTA|SE","13708.00","14080.00"
"23/08/2023 15:00 - 23/08/2023 16:00","CTA|SE","13831.00","14184.00"
"23/08/2023 16:00 - 23/08/2023 17:00","CTA|SE","13565.00","13990.00"
"23/08/2023 17:00 - 23/08/2023 18:00","CTA|SE","13375.00","13892.00"
"23/08/2023 18:00 - 23/08/2023 19:00","CTA|SE","13334.00","13802.00"
"23/08/2023 19:00 - 23/08/2023 20:00","CTA|SE","13026.00","13454.00"
"23/08/2023 20:00 - 23/08/2023 21:00","CTA|SE","12165.00","12629.00"
"23/08/2023 21:00 - 23/08/2023 22:00","CTA|SE","11431.00","11938.00"
"23/08/2023 22:00 - 23/08/2023 23:00","CTA|SE","11173.00","11364.00"
"23/08/2023 23:00 - 24/08/2023 00:00","CTA|SE","10806.00","11033.00"
"24/08/2023 00:00 - 24/08/2023 01:00","CTA|SE","10684.00","11007.00"
"24/08/2023 01:00 - 24/08/2023 02:00","CTA|SE","10687.00","10954.00"
"24/08/2023 02:00 - 24/08/2023 03:00","CTA|SE","10736.00","11093.00"
"24/08/2023 03:00 - 24/08/2023 04:00","CTA|SE","11059.00","11463.00"
"24/08/2023 04:00 - 24/08/2023 05:00","CTA|SE","12149.00","12511.00"
"24/08/2023 05:00 - 24/08/2023 06:00","CTA|SE","13350.00","13762.00"
"24/08/2023 06:00 - 24/08/2023 07:00","CTA|SE","13914.00","14263.00"
"24/08/2023 07:00 - 24/08/2023 08:00","CTA|SE","13772.00","14362.00"
"24/08/2023 08:00 - 24/08/2023 09:00","CTA|SE","13893.00","14412.00"
"24/08/2023 09:00 - 24/08/2023 10:00","CTA|SE","13692.00","14416.00"
"24/08/2023 10:00 - 24/08/2023 11:00","CTA|SE","13340.00","14366.00"
"24/08/2023 11:00 - 24/08/2023 12:00","CTA|SE","13270.00","14253.00"
"24/08/2023 12:00 - 24/08/2023 13:00","CTA|SE","13160.00","14125.00"
"24/08/2023 13:00 - 24/08/2023 14:00","CTA|SE","13319.00","14089.00"
"24/08/2023 14:00 - 24/08/2023 15:00","CTA|SE","13362.00","14023.00"
"24/08/2023 15:00 - 24/08/2023 16:00","CTA|SE","13655.00","14094.00"
"24/08/2023 16:00 - 24/08/2023 17:00","CTA|SE","13514.00","13932.00"
"24/08/2023 17:00 - 24/08/2023 18:00","CTA|SE","13490.00","13857.00"
"24/08/2023 18:00 - 24/08/2023 19:00","CTA|SE","13340.00","13792.00"
"24/08/2023 19:00 - 24/08/2023 20:00","CTA|SE","13131.00","13455.00"
"24/08/2023 20:00 - 24/08/2023 21:00","CTA|SE","12535.00","12652.00"
"24/08/2023 21:00 - 24/08/2023 22:00","CTA|SE","11637.00","11941.00"
"24/08/2023 22:00 - 24/08/2023 23:00","CTA|SE","11086.00","11438.00"
"24/08/2023 23:00 - 25/08/2023 00:00","CTA|SE","10921.00","11107.00"
"25/08/2023 00:00 - 25/08/2023 01:00","CTA|SE","10684.00","11026.00"
"25/08/2023 01:00 - 25/08/2023 02:00","CTA|SE","10647.00","11026.00"
"25/08/2023 02:00 - 25/08/2023 03:00","CTA|SE","10801.00","11117.00"
"25/08/2023 03:00 - 25/08/2023 04:00","CTA|SE","11158.00","11503.00"
"25/08/2023 04:00 - 25/08/2023 05:00","CTA|SE","12098.00","12539.00"
"25/08/2023 05:00 - 25/08/2023 06:00","CTA|SE","13234.00","13768.00"
"25/08/2023 06:00 - 25/08/2023 07:00","CTA|SE","13920.00","14256.00"
"25/08/2023 07:00 - 25/08/2023 08:00","CTA|SE","14261.00","14401.00"
"25/08/2023 08:00 - 25/08/2023 09:00","CTA|SE","14463.00","14449.00"
"25/08/2023 09:00 - 25/08/2023 10:00","CTA|SE","14888.00","14455.00"
"25/08/2023 10:00 - 25/08/2023 11:00","CTA|SE","15071.00","14274.00"
"25/08/2023 11:00 - 25/08/2023 12:00","CTA|SE","14873.00","14054.00"
"25/08/2023 12:00 - 25/08/2023 13:00","CTA|SE","14252.00","13872.00"
"25/08/2023 13:00 - 25/08/2023 14:00","CTA|SE","13952.00","13737.00"
"25/08/2023 14:00 - 25/08/2023 15:00","CTA|SE","13686.00","13611.00"
"25/08/2023 15:00 - 25/08/2023 16:00","CTA|SE","13663.00","13656.00"
"25/08/2023 16:00 - 25/08/2023 17:00","CTA|SE","13847.00","13411.00"
"25/08/2023 17:00 - 25/08/2023 18:00","CTA|SE","13187.00","13222.00"
"25/08/2023 18:00 - 25/08/2023 19:00","CTA|SE","12932.00","13050.00"
"25/08/2023 19:00 - 25/08/2023 20:00","CTA|SE","12464.00","12745.00"
"25/08/2023 20:00 - 25/08/2023 21:00","CTA|SE","12048.00","12062.00"
"25/08/2023 21:00 - 25/08/2023 22:00","CTA|SE","11607.00","11586.00"
"25/08/2023 22:00 - 25/08/2023 23:00","CTA|SE","11038.00","11156.00"
"25/08/2023 23:00 - 26/08/2023 00:00","CTA|SE","10806.00","10864.00"
"26/08/2023 00:00 - 26/08/2023 01:00","CTA|SE","10602.00","10660.00"
"26/08/2023 01:00 - 26/08/2023 02:00","CTA|SE","10630.00","10480.00"
"26/08/2023 02:00 - 26/08/2023 03:00","CTA|SE","10593.00","10466.00"
"26/08/2023 03:00 - 26/08/2023 04:00","CTA|SE","10501.00","10578.00"
"26/08/2023 04:00 - 26/08/2023 05:00","CTA|SE","10431.00","10779.00"
"26/08/2023 05:00 - 26/08/2023 06:00","CTA|SE","11067.00","11214.00"
"26/08/2023 06:00 - 26/08/2023 07:00","CTA|SE","11793.00","11827.00"
"26/08/2023 07:00 - 26/08/2023 08:00","CTA|SE","12717.00","12339.00"
"26/08/2023 08:00 - 26/08/2023 09:00","CTA|SE","13077.00","12637.00"
"26/08/2023 09:00 - 26/08/2023 10:00","CTA|SE","13094.00","12811.00"
"26/08/2023 10:00 - 26/08/2023 11:00","CTA|SE","12897.00","12787.00"
"26/08/2023 11:00 - 26/08/2023 12:00","CTA|SE","12440.00","12666.00"
"26/08/2023 12:00 - 26/08/2023 13:00","CTA|SE","12432.00","12513.00"
"26/08/2023 13:00 - 26/08/2023 14:00","CTA|SE","12543.00","12487.00"
"26/08/2023 14:00 - 26/08/2023 15:00","CTA|SE","12828.00","12593.00"
"26/08/2023 15:00 - 26/08/2023 16:00","CTA|SE","12629.00","12758.00"
"26/08/2023 16:00 - 26/08/2023 17:00","CTA|SE","12408.00","12761.00"
"26/08/2023 17:00 - 26/08/2023 18:00","CTA|SE","11903.00","12636.00"
"26/08/2023 18:00 - 26/08/2023 19:00","CTA|SE","11642.00","12550.00"
"26/08/2023 19:00 - 26/08/2023 20:00","CTA|SE","11549.00","12289.00"
"26/08/2023 20:00 - 26/08/2023 21:00","CTA|SE","11162.00","11780.00"
"26/08/2023 21:00 - 26/08/2023 22:00","CTA|SE","10566.00","11335.00"
"26/08/2023 22:00 - 26/08/2023 23:00","CTA|SE","10607.00","10948.00"
"26/08/2023 23:00 - 27/08/2023 00:00","CTA|SE","10451.00","10730.00"
"27/08/2023 00:00 - 27/08/2023 01:00","CTA|SE","10213.00","10567.00"
"27/08/2023 01:00 - 27/08/2023 02:00","CTA|SE","9986.00","10535.00"
"27/08/2023 02:00 - 27/08/2023 03:00","CTA|SE","9941.00","10431.00"
"27/08/2023 03:00 - 27/08/2023 04:00","CTA|SE","10001.00","10470.00"
"27/08/2023 04:00 - 27/08/2023 05:00","CTA|SE","9837.00","10527.00"
"27/08/2023 05:00 - 27/08/2023 06:00","CTA|SE","10206.00","10806.00"
"27/08/2023 06:00 - 27/08/2023 07:00","CTA|SE","11055.00","11373.00"
"27/08/2023 07:00 - 27/08/2023 08:00","CTA|SE","11693.00","11852.00"
"27/08/2023 08:00 - 27/08/2023 09:00","CTA|SE","11896.00","12216.00"
"27/08/2023 09:00 - 27/08/2023 10:00","CTA|SE","11815.00","12471.00"
"27/08/2023 10:00 - 27/08/2023 11:00","CTA|SE","11830.00","12485.00"
"27/08/2023 11:00 - 27/08/2023 12:00","CTA|SE","11833.00","12421.00"
"27/08/2023 12:00 - 27/08/2023 13:00","CTA|SE","12043.00","12294.00"
"27/08/2023 13:00 - 27/08/2023 14:00","CTA|SE","12203.00","12307.00"
"27/08/2023 14:00 - 27/08/2023 15:00","CTA|SE","12227.00","12487.00"
"27/08/2023 15:00 - 27/08/2023 16:00","CTA|SE","12666.00","12800.00"
"27/08/2023 16:00 - 27/08/2023 17:00","CTA|SE","13017.00","12904.00"
"27/08/2023 17:00 - 27/08/2023 18:00","CTA|SE","13194.00","12978.00"
"27/08/2023 18:00 - 27/08/2023 19:00","CTA|SE","13024.00","12996.00"
"27/08/2023 19:00 - 27/08/2023 20:00","CTA|SE","12414.00","12732.00"
"27/08/2023 20:00 - 27/08/2023 21:00","CTA|SE","11969.00","12084.00"
"27/08/2023 21:00 - 27/08/2023 22:00","CTA|SE","11501.00","11543.00"
"27/08/2023 22:00 - 27/08/2023 23:00","CTA|SE","11126.00","11122.00"
"27/08/2023 23:00 - 28/08/2023 00:00","CTA|SE","11037.00","10882.00"
"28/08/2023 00:00 - 28/08/2023 01:00","CTA|SE","10902.00","10786.00"
"28/08/2023 01:00 - 28/08/2023 02:00","CTA|SE","10592.00","10813.00"
"28/08/2023 02:00 - 28/08/2023 03:00","CTA|SE","10618.00","10935.00"
"28/08/2023 03:00 - 28/08/2023 04:00","CTA|SE","11151.00","11326.00"
"28/08/2023 04:00 - 28/08/2023 05:00","CTA|SE","12170.00","12457.00"
"28/08/2023 05:00 - 28/08/2023 06:00","CTA|SE","13089.00","13829.00"
"28/08/2023 06:00 - 28/08/2023 07:00","CTA|SE","13620.00","14314.00"
"28/08/2023 07:00 - 28/08/2023 08:00","CTA|SE","14431.00","14456.00"
"28/08/2023 08:00 - 28/08/2023 09:00","CTA|SE","14557.00","14549.00"
"28/08/2023 09:00 - 28/08/2023 10:00","CTA|SE","14333.00","14621.00"
"28/08/2023 10:00 - 28/08/2023 11:00","CTA|SE","13636.00","14633.00"
"28/08/2023 11:00 - 28/08/2023 12:00","CTA|SE","13435.00","14409.00"
"28/08/2023 12:00 - 28/08/2023 13:00","CTA|SE","13816.00","14295.00"
"28/08/2023 13:00 - 28/08/2023 14:00","CTA|SE","13903.00","14226.00"
"28/08/2023 14:00 - 28/08/2023 15:00","CTA|SE","13324.00","14099.00"
"28/08/2023 15:00 - 28/08/2023 16:00","CTA|SE","13460.00","14177.00"
"28/08/2023 16:00 - 28/08/2023 17:00","CTA|SE","13353.00","14017.00"
"28/08/2023 17:00 - 28/08/2023 18:00","CTA|SE","13211.00","13936.00"
"28/08/2023 18:00 - 28/08/2023 19:00","CTA|SE","13325.00","13841.00"
"28/08/2023 19:00 - 28/08/2023 20:00","CTA|SE","12912.00","13454.00"
"28/08/2023 20:00 - 28/08/2023 21:00","CTA|SE","12300.00","12742.00"
"28/08/2023 21:00 - 28/08/2023 22:00","CTA|SE","11559.00","12065.00"
"28/08/2023 22:00 - 28/08/2023 23:00","CTA|SE","11102.00","11547.00"
"28/08/2023 23:00 - 29/08/2023 00:00","CTA|SE","10846.00","11257.00"
"29/08/2023 00:00 - 29/08/2023 01:00","CTA|SE","10921.00","11166.00"
"29/08/2023 01:00 - 29/08/2023 02:00","CTA|SE","10708.00","11164.00"
"29/08/2023 02:00 - 29/08/2023 03:00","CTA|SE","10827.00","11287.00"
"29/08/2023 03:00 - 29/08/2023 04:00","CTA|SE","11073.00","11700.00"
"29/08/2023 04:00 - 29/08/2023 05:00","CTA|SE","11960.00","12727.00"
"29/08/2023 05:00 - 29/08/2023 06:00","CTA|SE","13281.00","13933.00"
"29/08/2023 06:00 - 29/08/2023 07:00","CTA|SE","13908.00","14358.00"
"29/08/2023 07:00 - 29/08/2023 08:00","CTA|SE","14127.00","14449.00"
"29/08/2023 08:00 - 29/08/2023 09:00","CTA|SE","14179.00","14470.00"
"29/08/2023 09:00 - 29/08/2023 10:00","CTA|SE","13924.00","14557.00"
"29/08/2023 10:00 - 29/08/2023 11:00","CTA|SE","13639.00","14604.00"
"29/08/2023 11:00 - 29/08/2023 12:00","CTA|SE","13555.00","14381.00"
"29/08/2023 12:00 - 29/08/2023 13:00","CTA|SE","13320.00","14223.00"
"29/08/2023 13:00 - 29/08/2023 14:00","CTA|SE","13679.00","14204.00"
"29/08/2023 14:00 - 29/08/2023 15:00","CTA|SE","13742.00","14117.00"
"29/08/2023 15:00 - 29/08/2023 16:00","CTA|SE","13904.00","14209.00"
"29/08/2023 16:00 - 29/08/2023 17:00","CTA|SE","13821.00","14029.00"
"29/08/2023 17:00 - 29/08/2023 18:00","CTA|SE","13562.00","13932.00"
"29/08/2023 18:00 - 29/08/2023 19:00","CTA|SE","13453.00","13851.00"
"29/08/2023 19:00 - 29/08/2023 20:00","CTA|SE","13050.00","13408.00"
"29/08/2023 20:00 - 29/08/2023 21:00","CTA|SE","12485.00","12674.00"
"29/08/2023 21:00 - 29/08/2023 22:00","CTA|SE","11861.00","11979.00"
"29/08/2023 22:00 - 29/08/2023 23:00","CTA|SE","11431.00","11522.00"
"29/08/2023 23:00 - 30/08/2023 00:00","CTA|SE","11218.00","11258.00"
"30/08/2023 00:00 - 30/08/2023 01:00","CTA|SE","11134.00","11229.00"
"30/08/2023 01:00 - 30/08/2023 02:00","CTA|SE","11014.00","11120.00"
"30/08/2023 02:00 - 30/08/2023 03:00","CTA|SE","11279.00","11240.00"
"30/08/2023 03:00 - 30/08/2023 04:00","CTA|SE","11233.00","11681.00"
"30/08/2023 04:00 - 30/08/2023 05:00","CTA|SE","12212.00","12717.00"
"30/08/2023 05:00 - 30/08/2023 06:00","CTA|SE","13610.00","13761.00"
"30/08/2023 06:00 - 30/08/2023 07:00","CTA|SE","13857.00","14232.00"
"30/08/2023 07:00 - 30/08/2023 08:00","CTA|SE","13700.00","14396.00"
"30/08/2023 08:00 - 30/08/2023 09:00","CTA|SE","13536.00","14404.00"
"30/08/2023 09:00 - 30/08/2023 10:00","CTA|SE","13720.00","14432.00"
"30/08/2023 10:00 - 30/08/2023 11:00","CTA|SE","13868.00","14344.00"
"30/08/2023 11:00 - 30/08/2023 12:00","CTA|SE","13802.00","14217.00"
"30/08/2023 12:00 - 30/08/2023 13:00","CTA|SE","13970.00","14143.00"
"30/08/2023 13:00 - 30/08/2023 14:00","CTA|SE","13927.00","14153.00"
"30/08/2023 14:00 - 30/08/2023 15:00","CTA|SE","13761.00","14042.00"
"30/08/2023 15:00 - 30/08/2023 16:00","CTA|SE","13886.00","14090.00"
"30/08/2023 16:00 - 30/08/2023 17:00","CTA|SE","13675.00","13966.00"
"30/08/2023 17:00 - 30/08/2023 18:00","CTA|SE","13758.00","13829.00"
"30/08/2023 18:00 - 30/08/2023 19:00","CTA|SE","13781.00","13794.00"
"30/08/2023 19:00 - 30/08/2023 20:00","CTA|SE","13314.00","13386.00"
"30/08/2023 20:00 - 30/08/2023 21:00","CTA|SE","12583.00","12649.00"
"30/08/2023 21:00 - 30/08/2023 22:00","CTA|SE","11955.00","12037.00"
"30/08/2023 22:00 - 30/08/2023 23:00","CTA|SE","11493.00","11497.00"
"30/08/2023 23:00 - 31/08/2023 00:00","CTA|SE","11033.00","11209.00"
"31/08/2023 00:00 - 31/08/2023 01:00","CTA|SE","11071.00","11133.00"
"31/08/2023 01:00 - 31/08/2023 02:00","CTA|SE","10906.00","11112.00"
"31/08/2023 02:00 - 31/08/2023 03:00","CTA|SE","10912.00","11249.00"
"31/08/2023 03:00 - 31/08/2023 04:00","CTA|SE","11244.00","11685.00"
"31/08/2023 04:00 - 31/08/2023 05:00","CTA|SE","12228.00","12781.00"
"31/08/2023 05:00 - 31/08/2023 06:00","CTA|SE","13233.00","13897.00"
"31/08/2023 06:00 - 31/08/2023 07:00","CTA|SE","13693.00","14217.00"
"31/08/2023 07:00 - 31/08/2023 08:00","CTA|SE","14004.00","14375.00"
"31/08/2023 08:00 - 31/08/2023 09:00","CTA|SE","14133.00","14397.00"
"31/08/2023 09:00 - 31/08/2023 10:00","CTA|SE","14130.00","14406.00"
"31/08/2023 10:00 - 31/08/2023 11:00","CTA|SE","14116.00","14350.00"
"31/08/2023 11:00 - 31/08/2023 12:00","CTA|SE","13801.00","14145.00"
"31/08/2023 12:00 - 31/08/2023 13:00","CTA|SE","13966.00","14115.00"
"31/08/2023 13:00 - 31/08/2023 14:00","CTA|SE","14011.00","14116.00"
"31/08/2023 14:00 - 31/08/2023 15:00","CTA|SE","14090.00","14054.00"
"31/08/2023 15:00 - 31/08/2023 16:00","CTA|SE","14085.00","14104.00"
"31/08/2023 16:00 - 31/08/2023 17:00","CTA|SE","13848.00","13980.00"
"31/08/2023 17:00 - 31/08/2023 18:00","CTA|SE","13674.00","13898.00"
"31/08/2023 18:00 - 31/08/2023 19:00","CTA|SE","13523.00","13904.00"
"31/08/2023 19:00 - 31/08/2023 20:00","CTA|SE","13153.00","13481.00"
"31/08/2023 20:00 - 31/08/2023 21:00","CTA|SE","12345.00","12734.00"
"31/08/2023 21:00 - 31/08/2023 22:00","CTA|SE","11513.00","12018.00"
"31/08/2023 22:00 - 31/08/2023 23:00","CTA|SE","11221.00","11511.00"
"31/08/2023 23:00 - 01/09/2023 00:00","CTA|SE","11146.00","11243.00"
"01/09/2023 00:00 - 01/09/2023 01:00","CTA|SE","11210.00","11137.00"
"01/09/2023 01:00 - 01/09/2023 02:00","CTA|SE","11016.00","11116.00"
"01/09/2023 02:00 - 01/09/2023 03:00","CTA|SE","10937.00","11220.00"
"01/09/2023 03:00 - 01/09/2023 04:00","CTA|SE","10976.00","11700.00"
"01/09/2023 04:00 - 01/09/2023 05:00","CTA|SE","12152.00","12737.00"
"01/09/2023 05:00 - 01/09/2023 06:00","CTA|SE","13396.00","13912.00"
"01/09/2023 06:00 - 01/09/2023 07:00","CTA|SE","14028.00","14209.00"
"01/09/2023 07:00 - 01/09/2023 08:00","CTA|SE","14424.00","14429.00"
"01/09/2023 08:00 - 01/09/2023 09:00","CTA|SE","14690.00","14457.00"
"01/09/2023 09:00 - 01/09/2023 10:00","CTA|SE","14638.00","14473.00"
"01/09/2023 10:00 - 01/09/2023 11:00","CTA|SE","14131.00","14413.00"
"01/09/2023 11:00 - 01/09/2023 12:00","CTA|SE","13658.00","14166.00"
"01/09/2023 12:00 - 01/09/2023 13:00","CTA|SE","13611.00","13914.00"
"01/09/2023 13:00 - 01/09/2023 14:00","CTA|SE","13475.00","13816.00"
"01/09/2023 14:00 - 01/09/2023 15:00","CTA|SE","13495.00","13630.00"
"01/09/2023 15:00 - 01/09/2023 16:00","CTA|SE","13754.00","13675.00"
"01/09/2023 16:00 - 01/09/2023 17:00","CTA|SE","13618.00","13538.00"
"01/09/2023 17:00 - 01/09/2023 18:00","CTA|SE","13331.00","13370.00"
"01/09/2023 18:00 - 01/09/2023 19:00","CTA|SE","13068.00","13265.00"
"01/09/2023 19:00 - 01/09/2023 20:00","CTA|SE","12706.00","12867.00"
"01/09/2023 20:00 - 01/09/2023 21:00","CTA|SE","12156.00","12297.00"
"01/09/2023 21:00 - 01/09/2023 22:00","CTA|SE","11521.00","11779.00"
"01/09/2023 22:00 - 01/09/2023 23:00","CTA|SE","11004.00","11292.00"
"01/09/2023 23:00 - 02/09/2023 00:00","CTA|SE","10569.00","11032.00"
"02/09/2023 00:00 - 02/09/2023 01:00","CTA|SE","10423.00","10860.00"
"02/09/2023 01:00 - 02/09/2023 02:00","CTA|SE","10468.00","10714.00"
"02/09/2023 02:00 - 02/09/2023 03:00","CTA|SE","10391.00","10745.00"
"02/09/2023 03:00 - 02/09/2023 04:00","CTA|SE","10283.00","10779.00"
"02/09/2023 04:00 - 02/09/2023 05:00","CTA|SE","10413.00","10916.00"
"02/09/2023 05:00 - 02/09/2023 06:00","CTA|SE","10926.00","11349.00"
"02/09/2023 06:00 - 02/09/2023 07:00","CTA|SE","11277.00","12052.00"
"02/09/2023 07:00 - 02/09/2023 08:00","CTA|SE","11798.00","12502.00"
"02/09/2023 08:00 - 02/09/2023 09:00","CTA|SE","12093.00","12733.00"
"02/09/2023 09:00 - 02/09/2023 10:00","CTA|SE","12169.00","12836.00"
"02/09/2023 10:00 - 02/09/2023 11:00","CTA|SE","11924.00","12806.00"
"02/09/2023 11:00 - 02/09/2023 12:00","CTA|SE","11598.00","12678.00"
"02/09/2023 12:00 - 02/09/2023 13:00","CTA|SE","11504.00","12609.00"
"02/09/2023 13:00 - 02/09/2023 14:00","CTA|SE","11603.00","12551.00"
"02/09/2023 14:00 - 02/09/2023 15:00","CTA|SE","11727.00","12711.00"
"02/09/2023 15:00 - 02/09/2023 16:00","CTA|SE","11943.00","12867.00"
"02/09/2023 16:00 - 02/09/2023 17:00","CTA|SE","12326.00","12865.00"
"02/09/2023 17:00 - 02/09/2023 18:00","CTA|SE","12146.00","12716.00"
"02/09/2023 18:00 - 02/09/2023 19:00","CTA|SE","12208.00","12659.00"
"02/09/2023 19:00 - 02/09/2023 20:00","CTA|SE","11754.00","12290.00"
"02/09/2023 20:00 - 02/09/2023 21:00","CTA|SE","11009.00","11862.00"
"02/09/2023 21:00 - 02/09/2023 22:00","CTA|SE","10449.00","11434.00"
"02/09/2023 22:00 - 02/09/2023 23:00","CTA|SE","10512.00","11063.00"
"02/09/2023 23:00 - 03/09/2023 00:00","CTA|SE","10214.00","10831.00"
"03/09/2023 00:00 - 03/09/2023 01:00","CTA|SE","10295.00","10704.00"
"03/09/2023 01:00 - 03/09/2023 02:00","CTA|SE","10537.00","10681.00"
"03/09/2023 02:00 - 03/09/2023 03:00","CTA|SE","10389.00","10687.00"
"03/09/2023 03:00 - 03/09/2023 04:00","CTA|SE","10144.00","10669.00"
"03/09/2023 04:00 - 03/09/2023 05:00","CTA|SE","10214.00","10725.00"
"03/09/2023 05:00 - 03/09/2023 06:00","CTA|SE","10508.00","10989.00"
"03/09/2023 06:00 - 03/09/2023 07:00","CTA|SE","11183.00","11712.00"
"03/09/2023 07:00 - 03/09/2023 08:00","CTA|SE","11932.00","12157.00"
"03/09/2023 08:00 - 03/09/2023 09:00","CTA|SE","12272.00","12463.00"
"03/09/2023 09:00 - 03/09/2023 10:00","CTA|SE","12383.00","12640.00"
"03/09/2023 10:00 - 03/09/2023 11:00","CTA|SE","12122.00","12629.00"
"03/09/2023 11:00 - 03/09/2023 12:00","CTA|SE","11908.00","12592.00"
"03/09/2023 12:00 - 03/09/2023 13:00","CTA|SE","12060.00","12565.00"
"03/09/2023 13:00 - 03/09/2023 14:00","CTA|SE","11936.00","12570.00"
"03/09/2023 14:00 - 03/09/2023 15:00","CTA|SE","12159.00","12787.00"
"03/09/2023 15:00 - 03/09/2023 16:00","CTA|SE","12387.00","13047.00"
"03/09/2023 16:00 - 03/09/2023 17:00","CTA|SE","12579.00","13150.00"
"03/09/2023 17:00 - 03/09/2023 18:00","CTA|SE","12580.00","13176.00"
"03/09/2023 18:00 - 03/09/2023 19:00","CTA|SE","12544.00","13090.00"
"03/09/2023 19:00 - 03/09/2023 20:00","CTA|SE","12394.00","12701.00"
"03/09/2023 20:00 - 03/09/2023 21:00","CTA|SE","11708.00","12136.00"
"03/09/2023 21:00 - 03/09/2023 22:00","CTA|SE","11304.00","11585.00"
"03/09/2023 22:00 - 03/09/2023 23:00","CTA|SE","10831.00","11195.00"
"03/09/2023 23:00 - 04/09/2023 00:00","CTA|SE","10643.00","10910.00"
"04/09/2023 00:00 - 04/09/2023 01:00","CTA|SE","10721.00","10838.00"
"04/09/2023 01:00 - 04/09/2023 02:00","CTA|SE","10554.00","10800.00"
"04/09/2023 02:00 - 04/09/2023 03:00","CTA|SE","10587.00","10927.00"
"04/09/2023 03:00 - 04/09/2023 04:00","CTA|SE","10929.00","11456.00"
"04/09/2023 04:00 - 04/09/2023 05:00","CTA|SE","12026.00","12588.00"
"04/09/2023 05:00 - 04/09/2023 06:00","CTA|SE","13673.00","13908.00"
"04/09/2023 06:00 - 04/09/2023 07:00","CTA|SE","14480.00","14326.00"
"04/09/2023 07:00 - 04/09/2023 08:00","CTA|SE","14956.00","14483.00"
"04/09/2023 08:00 - 04/09/2023 09:00","CTA|SE","14019.00","14473.00"
"04/09/2023 09:00 - 04/09/2023 10:00","CTA|SE","13951.00","14370.00"
"04/09/2023 10:00 - 04/09/2023 11:00","CTA|SE","14224.00","14277.00"
"04/09/2023 11:00 - 04/09/2023 12:00","CTA|SE","13840.00","14099.00"
"04/09/2023 12:00 - 04/09/2023 13:00","CTA|SE","13381.00","14058.00"
"04/09/2023 13:00 - 04/09/2023 14:00","CTA|SE","13363.00","14064.00"
"04/09/2023 14:00 - 04/09/2023 15:00","CTA|SE","13261.00","13969.00"
"04/09/2023 15:00 - 04/09/2023 16:00","CTA|SE","13362.00","14083.00"
"04/09/2023 16:00 - 04/09/2023 17:00","CTA|SE","13422.00","13982.00"
"04/09/2023 17:00 - 04/09/2023 18:00","CTA|SE","13468.00","13873.00"
"04/09/2023 18:00 - 04/09/2023 19:00","CTA|SE","13141.00","13861.00"
"04/09/2023 19:00 - 04/09/2023 20:00","CTA|SE","12884.00","13413.00"
"04/09/2023 20:00 - 04/09/2023 21:00","CTA|SE","12387.00","12598.00"
"04/09/2023 21:00 - 04/09/2023 22:00","CTA|SE","11479.00","11881.00"
"04/09/2023 22:00 - 04/09/2023 23:00","CTA|SE","11147.00","11407.00"
"04/09/2023 23:00 - 05/09/2023 00:00","CTA|SE","10949.00","11176.00"
"05/09/2023 00:00 - 05/09/2023 01:00","CTA|SE","10612.00","11074.00"
"05/09/2023 01:00 - 05/09/2023 02:00","CTA|SE","10497.00","11022.00"
"05/09/2023 02:00 - 05/09/2023 03:00","CTA|SE","10487.00","11125.00"
"05/09/2023 03:00 - 05/09/2023 04:00","CTA|SE","10904.00","11559.00"
"05/09/2023 04:00 - 05/09/2023 05:00","CTA|SE","12004.00","12705.00"
"05/09/2023 05:00 - 05/09/2023 06:00","CTA|SE","13004.00","13987.00"
"05/09/2023 06:00 - 05/09/2023 07:00","CTA|SE","13694.00","14345.00"
"05/09/2023 07:00 - 05/09/2023 08:00","CTA|SE","13859.00","14416.00"
"05/09/2023 08:00 - 05/09/2023 09:00","CTA|SE","13398.00","14398.00"
"05/09/2023 09:00 - 05/09/2023 10:00","CTA|SE","13066.00","14330.00"
"05/09/2023 10:00 - 05/09/2023 11:00","CTA|SE","13222.00","14260.00"
"05/09/2023 11:00 - 05/09/2023 12:00","CTA|SE","13064.00","14109.00"
"05/09/2023 12:00 - 05/09/2023 13:00","CTA|SE","12868.00","14047.00"
"05/09/2023 13:00 - 05/09/2023 14:00","CTA|SE","13214.00","14093.00"
"05/09/2023 14:00 - 05/09/2023 15:00","CTA|SE","13636.00","14050.00"
"05/09/2023 15:00 - 05/09/2023 16:00","CTA|SE","13910.00","14178.00"
"05/09/2023 16:00 - 05/09/2023 17:00","CTA|SE","14060.00","14101.00"
"05/09/2023 17:00 - 05/09/2023 18:00","CTA|SE","13962.00","13971.00"
"05/09/2023 18:00 - 05/09/2023 19:00","CTA|SE","14270.00","13950.00"
"05/09/2023 19:00 - 05/09/2023 20:00","CTA|SE","13573.00","13505.00"
"05/09/2023 20:00 - 05/09/2023 21:00","CTA|SE","12248.00","12704.00"
"05/09/2023 21:00 - 05/09/2023 22:00","CTA|SE","11626.00","11996.00"
"05/09/2023 22:00 - 05/09/2023 23:00","CTA|SE","11206.00","11379.00"
"05/09/2023 23:00 - 06/09/2023 00:00","CTA|SE","10709.00","11186.00"
"06/09/2023 00:00 - 06/09/2023 01:00","CTA|SE","10581.00","10978.00"
"06/09/2023 01:00 - 06/09/2023 02:00","CTA|SE","10434.00","10965.00"
"06/09/2023 02:00 - 06/09/2023 03:00","CTA|SE","10381.00","11096.00"
"06/09/2023 03:00 - 06/09/2023 04:00","CTA|SE","10763.00","11576.00"
"06/09/2023 04:00 - 06/09/2023 05:00","CTA|SE","11773.00","12777.00"
"06/09/2023 05:00 - 06/09/2023 06:00","CTA|SE","13283.00","14020.00"
"06/09/2023 06:00 - 06/09/2023 07:00","CTA|SE","14288.00","14404.00"
"06/09/2023 07:00 - 06/09/2023 08:00","CTA|SE","14675.00","14498.00"
"06/09/2023 08:00 - 06/09/2023 09:00","CTA|SE","14130.00","14445.00"
"06/09/2023 09:00 - 06/09/2023 10:00","CTA|SE","14102.00","14360.00"
"06/09/2023 10:00 - 06/09/2023 11:00","CTA|SE","14024.00","14305.00"
"06/09/2023 11:00 - 06/09/2023 12:00","CTA|SE","14586.00","14135.00"
"06/09/2023 12:00 - 06/09/2023 13:00","CTA|SE","14744.00","14085.00"
"06/09/2023 13:00 - 06/09/2023 14:00","CTA|SE","13498.00","14052.00"
"06/09/2023 14:00 - 06/09/2023 15:00","CTA|SE","13827.00","14022.00"
"06/09/2023 15:00 - 06/09/2023 16:00","CTA|SE","14087.00","14139.00"
"06/09/2023 16:00 - 06/09/2023 17:00","CTA|SE","14011.00","14076.00"
"06/09/2023 17:00 - 06/09/2023 18:00","CTA|SE","13760.00","14029.00"
"06/09/2023 18:00 - 06/09/2023 19:00","CTA|SE","13499.00","13961.00"
"06/09/2023 19:00 - 06/09/2023 20:00","CTA|SE","12851.00","13487.00"
"06/09/2023 20:00 - 06/09/2023 21:00","CTA|SE","12232.00","12665.00"
"06/09/2023 21:00 - 06/09/2023 22:00","CTA|SE","11448.00","12006.00"
"06/09/2023 22:00 - 06/09/2023 23:00","CTA|SE","11463.00","11522.00"
"06/09/2023 23:00 - 07/09/2023 00:00","CTA|SE","11266.00","11256.00"
"07/09/2023 00:00 - 07/09/2023 01:00","CTA|SE","10822.00","11153.00"
"07/09/2023 01:00 - 07/09/2023 02:00","CTA|SE","10687.00","11094.00"
"07/09/2023 02:00 - 07/09/2023 03:00","CTA|SE","11006.00","11131.00"
"07/09/2023 03:00 - 07/09/2023 04:00","CTA|SE","11587.00","11569.00"
"07/09/2023 04:00 - 07/09/2023 05:00","CTA|SE","12515.00","12717.00"
"07/09/2023 05:00 - 07/09/2023 06:00","CTA|SE","13081.00","14021.00"
"07/09/2023 06:00 - 07/09/2023 07:00","CTA|SE","13347.00","14313.00"
"07/09/2023 07:00 - 07/09/2023 08:00","CTA|SE","13755.00","14362.00"
"07/09/2023 08:00 - 07/09/2023 09:00","CTA|SE","13927.00","14298.00"
"07/09/2023 09:00 - 07/09/2023 10:00","CTA|SE","14247.00","14244.00"
"07/09/2023 10:00 - 07/09/2023 11:00","CTA|SE","14169.00","14174.00"
"07/09/2023 11:00 - 07/09/2023 12:00","CTA|SE","13867.00","14037.00"
"07/09/2023 12:00 - 07/09/2023 13:00","CTA|SE","13871.00","13987.00"
"07/09/2023 13:00 - 07/09/2023 14:00","CTA|SE","13876.00","13976.00"
"07/09/2023 14:00 - 07/09/2023 15:00","CTA|SE","13837.00","13947.00"
"07/09/2023 15:00 - 07/09/2023 16:00","CTA|SE","14074.00","14119.00"
"07/09/2023 16:00 - 07/09/2023 17:00","CTA|SE","14014.00","14036.00"
"07/09/2023 17:00 - 07/09/2023 18:00","CTA|SE","13977.00","14027.00"
"07/09/2023 18:00 - 07/09/2023 19:00","CTA|SE","13912.00","13934.00"
"07/09/2023 19:00 - 07/09/2023 20:00","CTA|SE","13045.00","13481.00"
"07/09/2023 20:00 - 07/09/2023 21:00","CTA|SE","12890.00","12635.00"
"07/09/2023 21:00 - 07/09/2023 22:00","CTA|SE","12285.00","11903.00"
"07/09/2023 22:00 - 07/09/2023 23:00","CTA|SE","11602.00","11467.00"
"07/09/2023 23:00 - 08/09/2023 00:00","CTA|SE","11215.00","11189.00"
"08/09/2023 00:00 - 08/09/2023 01:00","CTA|SE","10783.00","11082.00"
"08/09/2023 01:00 - 08/09/2023 02:00","CTA|SE","10628.00","11052.00"
"08/09/2023 02:00 - 08/09/2023 03:00","CTA|SE","10821.00","11141.00"
"08/09/2023 03:00 - 08/09/2023 04:00","CTA|SE","11241.00","11594.00"
"08/09/2023 04:00 - 08/09/2023 05:00","CTA|SE","12349.00","12746.00"
"08/09/2023 05:00 - 08/09/2023 06:00","CTA|SE","13553.00","13867.00"
"08/09/2023 06:00 - 08/09/2023 07:00","CTA|SE","14043.00","14309.00"
"08/09/2023 07:00 - 08/09/2023 08:00","CTA|SE","14119.00","14359.00"
"08/09/2023 08:00 - 08/09/2023 09:00","CTA|SE","14039.00","14283.00"
"08/09/2023 09:00 - 08/09/2023 10:00","CTA|SE","13879.00","14121.00"
"08/09/2023 10:00 - 08/09/2023 11:00","CTA|SE","13703.00","14017.00"
"08/09/2023 11:00 - 08/09/2023 12:00","CTA|SE","13445.00","13822.00"
"08/09/2023 12:00 - 08/09/2023 13:00","CTA|SE","13197.00","13508.00"
"08/09/2023 13:00 - 08/09/2023 14:00","CTA|SE","13160.00","13381.00"
"08/09/2023 14:00 - 08/09/2023 15:00","CTA|SE","13239.00","13344.00"
"08/09/2023 15:00 - 08/09/2023 16:00","CTA|SE","13561.00","13498.00"
"08/09/2023 16:00 - 08/09/2023 17:00","CTA|SE","13310.00","13380.00"
"08/09/2023 17:00 - 08/09/2023 18:00","CTA|SE","13103.00","13334.00"
"08/09/2023 18:00 - 08/09/2023 19:00","CTA|SE","12910.00","13136.00"
"08/09/2023 19:00 - 08/09/2023 20:00","CTA|SE","12451.00","12688.00"
"08/09/2023 20:00 - 08/09/2023 21:00","CTA|SE","12014.00","12033.00"
"08/09/2023 21:00 - 08/09/2023 22:00","CTA|SE","11416.00","11515.00"
"08/09/2023 22:00 - 08/09/2023 23:00","CTA|SE","10750.00","11068.00"
"08/09/2023 23:00 - 09/09/2023 00:00","CTA|SE","10461.00","10774.00"
"09/09/2023 00:00 - 09/09/2023 01:00","CTA|SE","10326.00","10719.00"
"09/09/2023 01:00 - 09/09/2023 02:00","CTA|SE","10026.00","10603.00"
"09/09/2023 02:00 - 09/09/2023 03:00","CTA|SE","9671.00","10524.00"
"09/09/2023 03:00 - 09/09/2023 04:00","CTA|SE","9662.00","10651.00"
"09/09/2023 04:00 - 09/09/2023 05:00","CTA|SE","9831.00","10800.00"
"09/09/2023 05:00 - 09/09/2023 06:00","CTA|SE","10069.00","11220.00"
"09/09/2023 06:00 - 09/09/2023 07:00","CTA|SE","10704.00","11803.00"
"09/09/2023 07:00 - 09/09/2023 08:00","CTA|SE","11567.00","12261.00"
"09/09/2023 08:00 - 09/09/2023 09:00","CTA|SE","12191.00","12452.00"
"09/09/2023 09:00 - 09/09/2023 10:00","CTA|SE","12245.00","12462.00"
"09/09/2023 10:00 - 09/09/2023 11:00","CTA|SE","11675.00","12289.00"
"09/09/2023 11:00 - 09/09/2023 12:00","CTA|SE","10998.00","12189.00"
"09/09/2023 12:00 - 09/09/2023 13:00","CTA|SE","11069.00","12133.00"
"09/09/2023 13:00 - 09/09/2023 14:00","CTA|SE","11242.00","12134.00"
"09/09/2023 14:00 - 09/09/2023 15:00","CTA|SE","11764.00","12273.00"
"09/09/2023 15:00 - 09/09/2023 16:00","CTA|SE","12145.00","12529.00"
"09/09/2023 16:00 - 09/09/2023 17:00","CTA|SE","12087.00","12607.00"
"09/09/2023 17:00 - 09/09/2023 18:00","CTA|SE","11854.00","12592.00"
"09/09/2023 18:00 - 09/09/2023 19:00","CTA|SE","11875.00","12525.00"
"09/09/2023 19:00 - 09/09/2023 20:00","CTA|SE","11161.00","12130.00"
"09/09/2023 20:00 - 09/09/2023 21:00","CTA|SE","10572.00","11673.00"
"09/09/2023 21:00 - 09/09/2023 22:00","CTA|SE","10357.00","11249.00"
"09/09/2023 22:00 - 09/09/2023 23:00","CTA|SE","9795.00","10676.00"
"09/09/2023 23:00 - 10/09/2023 00:00","CTA|SE","9765.00","10462.00"
"10/09/2023 00:00 - 10/09/2023 01:00","CTA|SE","10056.00","10340.00"
"10/09/2023 01:00 - 10/09/2023 02:00","CTA|SE","9843.00","10299.00"
"10/09/2023 02:00 - 10/09/2023 03:00","CTA|SE","9570.00","10309.00"
"10/09/2023 03:00 - 10/09/2023 04:00","CTA|SE","9829.00","10355.00"
"10/09/2023 04:00 - 10/09/2023 05:00","CTA|SE","10107.00","10400.00"
"10/09/2023 05:00 - 10/09/2023 06:00","CTA|SE","10150.00","10810.00"
"10/09/2023 06:00 - 10/09/2023 07:00","CTA|SE","10609.00","11372.00"
"10/09/2023 07:00 - 10/09/2023 08:00","CTA|SE","11110.00","11864.00"
"10/09/2023 08:00 - 10/09/2023 09:00","CTA|SE","11532.00","12118.00"
"10/09/2023 09:00 - 10/09/2023 10:00","CTA|SE","12001.00","12312.00"
"10/09/2023 10:00 - 10/09/2023 11:00","CTA|SE","12181.00","12158.00"
"10/09/2023 11:00 - 10/09/2023 12:00","CTA|SE","12024.00","12098.00"
"10/09/2023 12:00 - 10/09/2023 13:00","CTA|SE","11872.00","12066.00"
"10/09/2023 13:00 - 10/09/2023 14:00","CTA|SE","12175.00","12096.00"
"10/09/2023 14:00 - 10/09/2023 15:00","CTA|SE","12721.00","12294.00"
"10/09/2023 15:00 - 10/09/2023 16:00","CTA|SE","13271.00","12665.00"
"10/09/2023 16:00 - 10/09/2023 17:00","CTA|SE","13355.00","12869.00"
"10/09/2023 17:00 - 10/09/2023 18:00","CTA|SE","13199.00","13049.00"
"10/09/2023 18:00 - 10/09/2023 19:00","CTA|SE","13061.00","13025.00"
"10/09/2023 19:00 - 10/09/2023 20:00","CTA|SE","12411.00","12574.00"
"10/09/2023 20:00 - 10/09/2023 21:00","CTA|SE","11785.00","11986.00"
"10/09/2023 21:00 - 10/09/2023 22:00","CTA|SE","11203.00","11456.00"
"10/09/2023 22:00 - 10/09/2023 23:00","CTA|SE","10966.00","10921.00"
"10/09/2023 23:00 - 11/09/2023 00:00","CTA|SE","10652.00","10781.00"
"11/09/2023 00:00 - 11/09/2023 01:00","CTA|SE","10438.00","10711.00"
"11/09/2023 01:00 - 11/09/2023 02:00","CTA|SE","10380.00","10704.00"
"11/09/2023 02:00 - 11/09/2023 03:00","CTA|SE","10412.00","10820.00"
"11/09/2023 03:00 - 11/09/2023 04:00","CTA|SE","10566.00","11329.00"
"11/09/2023 04:00 - 11/09/2023 05:00","CTA|SE","11572.00","12651.00"
"11/09/2023 05:00 - 11/09/2023 06:00","CTA|SE","12886.00","13984.00"
"11/09/2023 06:00 - 11/09/2023 07:00","CTA|SE","13436.00","14411.00"
"11/09/2023 07:00 - 11/09/2023 08:00","CTA|SE","13753.00","14596.00"
"11/09/2023 08:00 - 11/09/2023 09:00","CTA|SE","14332.00","14545.00"
"11/09/2023 09:00 - 11/09/2023 10:00","CTA|SE","14711.00","14414.00"
"11/09/2023 10:00 - 11/09/2023 11:00","CTA|SE","14659.00","14299.00"
"11/09/2023 11:00 - 11/09/2023 12:00","CTA|SE","14000.00","14124.00"
"11/09/2023 12:00 - 11/09/2023 13:00","CTA|SE","13568.00","14084.00"
"11/09/2023 13:00 - 11/09/2023 14:00","CTA|SE","13536.00","13959.00"
"11/09/2023 14:00 - 11/09/2023 15:00","CTA|SE","13718.00","13869.00"
"11/09/2023 15:00 - 11/09/2023 16:00","CTA|SE","14075.00","14043.00"
"11/09/2023 16:00 - 11/09/2023 17:00","CTA|SE","14139.00","13944.00"
"11/09/2023 17:00 - 11/09/2023 18:00","CTA|SE","14304.00","13993.00"
"11/09/2023 18:00 - 11/09/2023 19:00","CTA|SE","14309.00","13886.00"
"11/09/2023 19:00 - 11/09/2023 20:00","CTA|SE","13207.00","13213.00"
"11/09/2023 20:00 - 11/09/2023 21:00","CTA|SE","12415.00","12418.00"
"11/09/2023 21:00 - 11/09/2023 22:00","CTA|SE","11644.00","11654.00"
"11/09/2023 22:00 - 11/09/2023 23:00","CTA|SE","11009.00","11227.00"
"11/09/2023 23:00 - 12/09/2023 00:00","CTA|SE","10691.00","10957.00"
"12/09/2023 00:00 - 12/09/2023 01:00","CTA|SE","10667.00","10780.00"
"12/09/2023 01:00 - 12/09/2023 02:00","CTA|SE","10944.00","10789.00"
"12/09/2023 02:00 - 12/09/2023 03:00","CTA|SE","10904.00","10999.00"
"12/09/2023 03:00 - 12/09/2023 04:00","CTA|SE","11115.00","11436.00"
"12/09/2023 04:00 - 12/09/2023 05:00","CTA|SE","12511.00","12754.00"
"12/09/2023 05:00 - 12/09/2023 06:00","CTA|SE","13932.00","13985.00"
"12/09/2023 06:00 - 12/09/2023 07:00","CTA|SE","14270.00","14385.00"
"12/09/2023 07:00 - 12/09/2023 08:00","CTA|SE","14356.00","14479.00"
"12/09/2023 08:00 - 12/09/2023 09:00","CTA|SE","14717.00","14496.00"
"12/09/2023 09:00 - 12/09/2023 10:00","CTA|SE","15184.00","14441.00"
"12/09/2023 10:00 - 12/09/2023 11:00","CTA|SE","14974.00","14399.00"
"12/09/2023 11:00 - 12/09/2023 12:00","CTA|SE","15050.00","14312.00"
"12/09/2023 12:00 - 12/09/2023 13:00","CTA|SE","14743.00","14273.00"
"12/09/2023 13:00 - 12/09/2023 14:00","CTA|SE","14631.00","14138.00"
"12/09/2023 14:00 - 12/09/2023 15:00","CTA|SE","14578.00","14137.00"
"12/09/2023 15:00 - 12/09/2023 16:00","CTA|SE","14640.00","14285.00"
"12/09/2023 16:00 - 12/09/2023 17:00","CTA|SE","14396.00","14177.00"
"12/09/2023 17:00 - 12/09/2023 18:00","CTA|SE","14421.00","14221.00"
"12/09/2023 18:00 - 12/09/2023 19:00","CTA|SE","14052.00","14074.00"
"12/09/2023 19:00 - 12/09/2023 20:00","CTA|SE","13293.00","13422.00"
"12/09/2023 20:00 - 12/09/2023 21:00","CTA|SE","12950.00","12645.00"
"12/09/2023 21:00 - 12/09/2023 22:00","CTA|SE","11968.00","11913.00"
"12/09/2023 22:00 - 12/09/2023 23:00","CTA|SE","11368.00","11458.00"
"12/09/2023 23:00 - 13/09/2023 00:00","CTA|SE","11199.00","11156.00"
"13/09/2023 00:00 - 13/09/2023 01:00","CTA|SE","11112.00","11103.00"
"13/09/2023 01:00 - 13/09/2023 02:00","CTA|SE","10831.00","11083.00"
"13/09/2023 02:00 - 13/09/2023 03:00","CTA|SE","10822.00","11200.00"
"13/09/2023 03:00 - 13/09/2023 04:00","CTA|SE","11058.00","11720.00"
"13/09/2023 04:00 - 13/09/2023 05:00","CTA|SE","12079.00","13036.00"
"13/09/2023 05:00 - 13/09/2023 06:00","CTA|SE","13323.00","14269.00"
"13/09/2023 06:00 - 13/09/2023 07:00","CTA|SE","14233.00","14770.00"
"13/09/2023 07:00 - 13/09/2023 08:00","CTA|SE","14425.00","14879.00"
"13/09/2023 08:00 - 13/09/2023 09:00","CTA|SE","14276.00","14913.00"
"13/09/2023 09:00 - 13/09/2023 10:00","CTA|SE","14344.00","14922.00"
"13/09/2023 10:00 - 13/09/2023 11:00","CTA|SE","14289.00","14856.00"
"13/09/2023 11:00 - 13/09/2023 12:00","CTA|SE","14228.00","14756.00"
"13/09/2023 12:00 - 13/09/2023 13:00","CTA|SE","14186.00","14766.00"
"13/09/2023 13:00 - 13/09/2023 14:00","CTA|SE","13991.00","14610.00"
"13/09/2023 14:00 - 13/09/2023 15:00","CTA|SE","13952.00","14584.00"
"13/09/2023 15:00 - 13/09/2023 16:00","CTA|SE","14148.00","14750.00"
"13/09/2023 16:00 - 13/09/2023 17:00","CTA|SE","14054.00","14616.00"
"13/09/2023 17:00 - 13/09/2023 18:00","CTA|SE","13574.00","14640.00"
"13/09/2023 18:00 - 13/09/2023 19:00","CTA|SE","12815.00","14456.00"
"13/09/2023 19:00 - 13/09/2023 20:00","CTA|SE","12192.00","13817.00"
"13/09/2023 20:00 - 13/09/2023 21:00","CTA|SE","11612.00","12983.00"
"13/09/2023 21:00 - 13/09/2023 22:00","CTA|SE","11335.00","12238.00"
"13/09/2023 22:00 - 13/09/2023 23:00","CTA|SE","10959.00","11761.00"
"13/09/2023 23:00 - 14/09/2023 00:00","CTA|SE","10736.00","11493.00"
"14/09/2023 00:00 - 14/09/2023 01:00","CTA|SE","10710.00","11441.00"
"14/09/2023 01:00 - 14/09/2023 02:00","CTA|SE","10567.00","11448.00"
"14/09/2023 02:00 - 14/09/2023 03:00","CTA|SE","10674.00","11567.00"
"14/09/2023 03:00 - 14/09/2023 04:00","CTA|SE","11319.00","12122.00"
"14/09/2023 04:00 - 14/09/2023 05:00","CTA|SE","12453.00","13425.00"
"14/09/2023 05:00 - 14/09/2023 06:00","CTA|SE","13289.00","14681.00"
"14/09/2023 06:00 - 14/09/2023 07:00","CTA|SE","14088.00","14988.00"
"14/09/2023 07:00 - 14/09/2023 08:00","CTA|SE","14343.00","15054.00"
"14/09/2023 08:00 - 14/09/2023 09:00","CTA|SE","14071.00","14995.00"
"14/09/2023 09:00 - 14/09/2023 10:00","CTA|SE","14055.00","14999.00"
"14/09/2023 10:00 - 14/09/2023 11:00","CTA|SE","13948.00","14905.00"
"14/09/2023 11:00 - 14/09/2023 12:00","CTA|SE","13903.00","14820.00"
"14/09/2023 12:00 - 14/09/2023 13:00","CTA|SE","13774.00","14693.00"
"14/09/2023 13:00 - 14/09/2023 14:00","CTA|SE","13883.00","14698.00"
"14/09/2023 14:00 - 14/09/2023 15:00","CTA|SE","13762.00","14647.00"
"14/09/2023 15:00 - 14/09/2023 16:00","CTA|SE","13857.00","14839.00"
"14/09/2023 16:00 - 14/09/2023 17:00","CTA|SE","13855.00","14718.00"
"14/09/2023 17:00 - 14/09/2023 18:00","CTA|SE","14067.00","14755.00"
"14/09/2023 18:00 - 14/09/2023 19:00","CTA|SE","13872.00","14593.00"
"14/09/2023 19:00 - 14/09/2023 20:00","CTA|SE","13296.00","14074.00"
"14/09/2023 20:00 - 14/09/2023 21:00","CTA|SE","12571.00","13238.00"
"14/09/2023 21:00 - 14/09/2023 22:00","CTA|SE","11967.00","12485.00"
"14/09/2023 22:00 - 14/09/2023 23:00","CTA|SE","11832.00","11882.00"
"14/09/2023 23:00 - 15/09/2023 00:00","CTA|SE","11653.00","11577.00"
"15/09/2023 00:00 - 15/09/2023 01:00","CTA|SE","11542.00","11447.00"
"15/09/2023 01:00 - 15/09/2023 02:00","CTA|SE","11177.00","11422.00"
"15/09/2023 02:00 - 15/09/2023 03:00","CTA|SE","11239.00","11529.00"
"15/09/2023 03:00 - 15/09/2023 04:00","CTA|SE","11702.00","12039.00"
"15/09/2023 04:00 - 15/09/2023 05:00","CTA|SE","12969.00","13238.00"
"15/09/2023 05:00 - 15/09/2023 06:00","CTA|SE","13810.00","14445.00"
"15/09/2023 06:00 - 15/09/2023 07:00","CTA|SE","13889.00","14882.00"
"15/09/2023 07:00 - 15/09/2023 08:00","CTA|SE","13981.00","14901.00"
"15/09/2023 08:00 - 15/09/2023 09:00","CTA|SE","13620.00","14888.00"
"15/09/2023 09:00 - 15/09/2023 10:00","CTA|SE","13745.00","14797.00"
"15/09/2023 10:00 - 15/09/2023 11:00","CTA|SE","13750.00","14682.00"
"15/09/2023 11:00 - 15/09/2023 12:00","CTA|SE","13876.00","14427.00"
"15/09/2023 12:00 - 15/09/2023 13:00","CTA|SE","13751.00","14210.00"
"15/09/2023 13:00 - 15/09/2023 14:00","CTA|SE","13338.00","13979.00"
"15/09/2023 14:00 - 15/09/2023 15:00","CTA|SE","13177.00","13869.00"
"15/09/2023 15:00 - 15/09/2023 16:00","CTA|SE","13514.00","14065.00"
"15/09/2023 16:00 - 15/09/2023 17:00","CTA|SE","13510.00","13866.00"
"15/09/2023 17:00 - 15/09/2023 18:00","CTA|SE","13342.00","13766.00"
"15/09/2023 18:00 - 15/09/2023 19:00","CTA|SE","12880.00","13466.00"
"15/09/2023 19:00 - 15/09/2023 20:00","CTA|SE","12443.00","12995.00"
"15/09/2023 20:00 - 15/09/2023 21:00","CTA|SE","11787.00","12346.00"
"15/09/2023 21:00 - 15/09/2023 22:00","CTA|SE","11529.00","11795.00"
"15/09/2023 22:00 - 15/09/2023 23:00","CTA|SE","10935.00","11185.00"
"15/09/2023 23:00 - 16/09/2023 00:00","CTA|SE","10438.00","10892.00"
"16/09/2023 00:00 - 16/09/2023 01:00","CTA|SE","10123.00","10771.00"
"16/09/2023 01:00 - 16/09/2023 02:00","CTA|SE","10159.00","10628.00"
"16/09/2023 02:00 - 16/09/2023 03:00","CTA|SE","10170.00","10588.00"
"16/09/2023 03:00 - 16/09/2023 04:00","CTA|SE","10271.00","10735.00"
"16/09/2023 04:00 - 16/09/2023 05:00","CTA|SE","10566.00","10901.00"
"16/09/2023 05:00 - 16/09/2023 06:00","CTA|SE","11056.00","11351.00"
"16/09/2023 06:00 - 16/09/2023 07:00","CTA|SE","11907.00","11976.00"
"16/09/2023 07:00 - 16/09/2023 08:00","CTA|SE","12575.00","12406.00"
"16/09/2023 08:00 - 16/09/2023 09:00","CTA|SE","12847.00","12609.00"
"16/09/2023 09:00 - 16/09/2023 10:00","CTA|SE","12823.00","12680.00"
"16/09/2023 10:00 - 16/09/2023 11:00","CTA|SE","12388.00","12585.00"
"16/09/2023 11:00 - 16/09/2023 12:00","CTA|SE","11741.00","12427.00"
"16/09/2023 12:00 - 16/09/2023 13:00","CTA|SE","11876.00","12338.00"
"16/09/2023 13:00 - 16/09/2023 14:00","CTA|SE","12049.00","12360.00"
"16/09/2023 14:00 - 16/09/2023 15:00","CTA|SE","12199.00","12564.00"
"16/09/2023 15:00 - 16/09/2023 16:00","CTA|SE","12495.00","12789.00"
"16/09/2023 16:00 - 16/09/2023 17:00","CTA|SE","12693.00","12899.00"
"16/09/2023 17:00 - 16/09/2023 18:00","CTA|SE","12830.00","12894.00"
"16/09/2023 18:00 - 16/09/2023 19:00","CTA|SE","12437.00","12733.00"
"16/09/2023 19:00 - 16/09/2023 20:00","CTA|SE","11858.00","12240.00"
"16/09/2023 20:00 - 16/09/2023 21:00","CTA|SE","11430.00","11794.00"
"16/09/2023 21:00 - 16/09/2023 22:00","CTA|SE","11377.00","11353.00"
"16/09/2023 22:00 - 16/09/2023 23:00","CTA|SE","11205.00","10867.00"
"16/09/2023 23:00 - 17/09/2023 00:00","CTA|SE","10565.00","10591.00"
"17/09/2023 00:00 - 17/09/2023 01:00","CTA|SE","10112.00","10447.00"
"17/09/2023 01:00 - 17/09/2023 02:00","CTA|SE","9970.00","10447.00"
"17/09/2023 02:00 - 17/09/2023 03:00","CTA|SE","10073.00","10458.00"
"17/09/2023 03:00 - 17/09/2023 04:00","CTA|SE","9883.00","10618.00"
"17/09/2023 04:00 - 17/09/2023 05:00","CTA|SE","10085.00","10799.00"
"17/09/2023 05:00 - 17/09/2023 06:00","CTA|SE","10200.00","11040.00"
"17/09/2023 06:00 - 17/09/2023 07:00","CTA|SE","10948.00","11658.00"
"17/09/2023 07:00 - 17/09/2023 08:00","CTA|SE","11755.00","12117.00"
"17/09/2023 08:00 - 17/09/2023 09:00","CTA|SE","12094.00","12381.00"
"17/09/2023 09:00 - 17/09/2023 10:00","CTA|SE","12120.00","12592.00"
"17/09/2023 10:00 - 17/09/2023 11:00","CTA|SE","12210.00","12525.00"
"17/09/2023 11:00 - 17/09/2023 12:00","CTA|SE","11720.00","12437.00"
"17/09/2023 12:00 - 17/09/2023 13:00","CTA|SE","11684.00","12370.00"
"17/09/2023 13:00 - 17/09/2023 14:00","CTA|SE","11759.00","12407.00"
"17/09/2023 14:00 - 17/09/2023 15:00","CTA|SE","12127.00","12683.00"
"17/09/2023 15:00 - 17/09/2023 16:00","CTA|SE","12909.00","13064.00"
"17/09/2023 16:00 - 17/09/2023 17:00","CTA|SE","13412.00","13278.00"
"17/09/2023 17:00 - 17/09/2023 18:00","CTA|SE","13204.00","13479.00"
"17/09/2023 18:00 - 17/09/2023 19:00","CTA|SE","12965.00","13447.00"
"17/09/2023 19:00 - 17/09/2023 20:00","CTA|SE","12695.00","12944.00"
"17/09/2023 20:00 - 17/09/2023 21:00","CTA|SE","12321.00","12374.00"
"17/09/2023 21:00 - 17/09/2023 22:00","CTA|SE","11806.00","11832.00"
"17/09/2023 22:00 - 17/09/2023 23:00","CTA|SE","11409.00","11465.00"
"17/09/2023 23:00 - 18/09/2023 00:00","CTA|SE","11236.00","11244.00"
"18/09/2023 00:00 - 18/09/2023 01:00","CTA|SE","11041.00","11184.00"
"18/09/2023 01:00 - 18/09/2023 02:00","CTA|SE","10859.00","11125.00"
"18/09/2023 02:00 - 18/09/2023 03:00","CTA|SE","10773.00","11268.00"
"18/09/2023 03:00 - 18/09/2023 04:00","CTA|SE","11012.00","11861.00"
"18/09/2023 04:00 - 18/09/2023 05:00","CTA|SE","12048.00","13210.00"
"18/09/2023 05:00 - 18/09/2023 06:00","CTA|SE","13169.00","14397.00"
"18/09/2023 06:00 - 18/09/2023 07:00","CTA|SE","13935.00","14746.00"
"18/09/2023 07:00 - 18/09/2023 08:00","CTA|SE","14411.00","14692.00"
"18/09/2023 08:00 - 18/09/2023 09:00","CTA|SE","14530.00","14703.00"
"18/09/2023 09:00 - 18/09/2023 10:00","CTA|SE","14424.00","14707.00"
"18/09/2023 10:00 - 18/09/2023 11:00","CTA|SE","14453.00","14709.00"
"18/09/2023 11:00 - 18/09/2023 12:00","CTA|SE","14380.00","14611.00"
"18/09/2023 12:00 - 18/09/2023 13:00","CTA|SE","14154.00","14530.00"
"18/09/2023 13:00 - 18/09/2023 14:00","CTA|SE","14284.00","14453.00"
"18/09/2023 14:00 - 18/09/2023 15:00","CTA|SE","14714.00","14389.00"
"18/09/2023 15:00 - 18/09/2023 16:00","CTA|SE","14883.00","14556.00"
"18/09/2023 16:00 - 18/09/2023 17:00","CTA|SE","14516.00","14512.00"
"18/09/2023 17:00 - 18/09/2023 18:00","CTA|SE","14331.00","14525.00"
"18/09/2023 18:00 - 18/09/2023 19:00","CTA|SE","14123.00","14225.00"
"18/09/2023 19:00 - 18/09/2023 20:00","CTA|SE","13516.00","13502.00"
"18/09/2023 20:00 - 18/09/2023 21:00","CTA|SE","12664.00","12700.00"
"18/09/2023 21:00 - 18/09/2023 22:00","CTA|SE","12408.00","11989.00"
"18/09/2023 22:00 - 18/09/2023 23:00","CTA|SE","11398.00","11487.00"
"18/09/2023 23:00 - 19/09/2023 00:00","CTA|SE","11064.00","11218.00"
"19/09/2023 00:00 - 19/09/2023 01:00","CTA|SE","11026.00","11092.00"
"19/09/2023 01:00 - 19/09/2023 02:00","CTA|SE","10725.00","11041.00"
"19/09/2023 02:00 - 19/09/2023 03:00","CTA|SE","10545.00","11200.00"
"19/09/2023 03:00 - 19/09/2023 04:00","CTA|SE","10963.00","11703.00"
"19/09/2023 04:00 - 19/09/2023 05:00","CTA|SE","12183.00","13021.00"
"19/09/2023 05:00 - 19/09/2023 06:00","CTA|SE","13571.00","14162.00"
"19/09/2023 06:00 - 19/09/2023 07:00","CTA|SE","14048.00","14560.00"
"19/09/2023 07:00 - 19/09/2023 08:00","CTA|SE","14280.00","14636.00"
"19/09/2023 08:00 - 19/09/2023 09:00","CTA|SE","14508.00","14693.00"
"19/09/2023 09:00 - 19/09/2023 10:00","CTA|SE","14336.00","14670.00"
"19/09/2023 10:00 - 19/09/2023 11:00","CTA|SE","14269.00","14621.00"
"19/09/2023 11:00 - 19/09/2023 12:00","CTA|SE","13972.00","14547.00"
"19/09/2023 12:00 - 19/09/2023 13:00","CTA|SE","14007.00","14400.00"
"19/09/2023 13:00 - 19/09/2023 14:00","CTA|SE","14214.00","14271.00"
"19/09/2023 14:00 - 19/09/2023 15:00","CTA|SE","14279.00","14212.00"
"19/09/2023 15:00 - 19/09/2023 16:00","CTA|SE","14432.00","14400.00"
"19/09/2023 16:00 - 19/09/2023 17:00","CTA|SE","14690.00","14420.00"
"19/09/2023 17:00 - 19/09/2023 18:00","CTA|SE","14678.00","14457.00"
"19/09/2023 18:00 - 19/09/2023 19:00","CTA|SE","13900.00","14160.00"
"19/09/2023 19:00 - 19/09/2023 20:00","CTA|SE","13329.00","13499.00"
"19/09/2023 20:00 - 19/09/2023 21:00","CTA|SE","12885.00","12742.00"
"19/09/2023 21:00 - 19/09/2023 22:00","CTA|SE","11810.00","12062.00"
"19/09/2023 22:00 - 19/09/2023 23:00","CTA|SE","10697.00","11562.00"
"19/09/2023 23:00 - 20/09/2023 00:00","CTA|SE","10292.00","11330.00"
"20/09/2023 00:00 - 20/09/2023 01:00","CTA|SE","10070.00","11234.00"
"20/09/2023 01:00 - 20/09/2023 02:00","CTA|SE","10177.00","11194.00"
"20/09/2023 02:00 - 20/09/2023 03:00","CTA|SE","9932.00","11269.00"
"20/09/2023 03:00 - 20/09/2023 04:00","CTA|SE","11197.00","11791.00"
"20/09/2023 04:00 - 20/09/2023 05:00","CTA|SE","12566.00","13099.00"
"20/09/2023 05:00 - 20/09/2023 06:00","CTA|SE","14163.00","14428.00"
"20/09/2023 06:00 - 20/09/2023 07:00","CTA|SE","14639.00","14753.00"
"20/09/2023 07:00 - 20/09/2023 08:00","CTA|SE","15078.00","14813.00"
"20/09/2023 08:00 - 20/09/2023 09:00","CTA|SE","15086.00","14837.00"
"20/09/2023 09:00 - 20/09/2023 10:00","CTA|SE","14376.00","14801.00"
"20/09/2023 10:00 - 20/09/2023 11:00","CTA|SE","14056.00","14755.00"
"20/09/2023 11:00 - 20/09/2023 12:00","CTA|SE","14222.00","14608.00"
"20/09/2023 12:00 - 20/09/2023 13:00","CTA|SE","13867.00","14553.00"
"20/09/2023 13:00 - 20/09/2023 14:00","CTA|SE","13942.00","14494.00"
"20/09/2023 14:00 - 20/09/2023 15:00","CTA|SE","14516.00","14439.00"
"20/09/2023 15:00 - 20/09/2023 16:00","CTA|SE","14274.00","14571.00"
"20/09/2023 16:00 - 20/09/2023 17:00","CTA|SE","13949.00","14515.00"
"20/09/2023 17:00 - 20/09/2023 18:00","CTA|SE","13867.00","14530.00"
"20/09/2023 18:00 - 20/09/2023 19:00","CTA|SE","13412.00","14180.00"
"20/09/2023 19:00 - 20/09/2023 20:00","CTA|SE","12875.00","13523.00"
"20/09/2023 20:00 - 20/09/2023 21:00","CTA|SE","12330.00","12680.00"
"20/09/2023 21:00 - 20/09/2023 22:00","CTA|SE","11800.00","12042.00"
"20/09/2023 22:00 - 20/09/2023 23:00","CTA|SE","11014.00","11513.00"
"20/09/2023 23:00 - 21/09/2023 00:00","CTA|SE","10604.00","11207.00"
"21/09/2023 00:00 - 21/09/2023 01:00","CTA|SE","10689.00","11036.00"
"21/09/2023 01:00 - 21/09/2023 02:00","CTA|SE","11006.00","11040.00"
"21/09/2023 02:00 - 21/09/2023 03:00","CTA|SE","11087.00","11127.00"
"21/09/2023 03:00 - 21/09/2023 04:00","CTA|SE","11551.00","11672.00"
"21/09/2023 04:00 - 21/09/2023 05:00","CTA|SE","13177.00","13005.00"
"21/09/2023 05:00 - 21/09/2023 06:00","CTA|SE","13965.00","14100.00"
"21/09/2023 06:00 - 21/09/2023 07:00","CTA|SE","14420.00","14474.00"
"21/09/2023 07:00 - 21/09/2023 08:00","CTA|SE","14406.00","14440.00"
"21/09/2023 08:00 - 21/09/2023 09:00","CTA|SE","14497.00","14425.00"
"21/09/2023 09:00 - 21/09/2023 10:00","CTA|SE","14041.00","14407.00"
"21/09/2023 10:00 - 21/09/2023 11:00","CTA|SE","13906.00","14305.00"
"21/09/2023 11:00 - 21/09/2023 12:00","CTA|SE","13598.00","14146.00"
"21/09/2023 12:00 - 21/09/2023 13:00","CTA|SE","13755.00","14076.00"
"21/09/2023 13:00 - 21/09/2023 14:00","CTA|SE","13937.00","14037.00"
"21/09/2023 14:00 - 21/09/2023 15:00","CTA|SE","14351.00","14025.00"
"21/09/2023 15:00 - 21/09/2023 16:00","CTA|SE","14797.00","14296.00"
"21/09/2023 16:00 - 21/09/2023 17:00","CTA|SE","14038.00","14301.00"
"21/09/2023 17:00 - 21/09/2023 18:00","CTA|SE","13797.00","14354.00"
"21/09/2023 18:00 - 21/09/2023 19:00","CTA|SE","13229.00","13965.00"
"21/09/2023 19:00 - 21/09/2023 20:00","CTA|SE","13001.00","13379.00"
"21/09/2023 20:00 - 21/09/2023 21:00","CTA|SE","12198.00","12575.00"
"21/09/2023 21:00 - 21/09/2023 22:00","CTA|SE","11321.00","11909.00"
"21/09/2023 22:00 - 21/09/2023 23:00","CTA|SE","10748.00","11160.00"
"21/09/2023 23:00 - 22/09/2023 00:00","CTA|SE","10334.00","10922.00"
"22/09/2023 00:00 - 22/09/2023 01:00","CTA|SE","10533.00","10852.00"
"22/09/2023 01:00 - 22/09/2023 02:00","CTA|SE","10259.00","10848.00"
"22/09/2023 02:00 - 22/09/2023 03:00","CTA|SE","10784.00","10940.00"
"22/09/2023 03:00 - 22/09/2023 04:00","CTA|SE","11770.00","11470.00"
"22/09/2023 04:00 - 22/09/2023 05:00","CTA|SE","12786.00","12872.00"
"22/09/2023 05:00 - 22/09/2023 06:00","CTA|SE","13930.00","14076.00"
"22/09/2023 06:00 - 22/09/2023 07:00","CTA|SE","14428.00","14399.00"
"22/09/2023 07:00 - 22/09/2023 08:00","CTA|SE","14776.00","14512.00"
"22/09/2023 08:00 - 22/09/2023 09:00","CTA|SE","14935.00","14546.00"
"22/09/2023 09:00 - 22/09/2023 10:00","CTA|SE","14982.00","14444.00"
"22/09/2023 10:00 - 22/09/2023 11:00","CTA|SE","14891.00","14336.00"
"22/09/2023 11:00 - 22/09/2023 12:00","CTA|SE","14378.00","14037.00"
"22/09/2023 12:00 - 22/09/2023 13:00","CTA|SE","13709.00","13799.00"
"22/09/2023 13:00 - 22/09/2023 14:00","CTA|SE","12959.00","13658.00"
"22/09/2023 14:00 - 22/09/2023 15:00","CTA|SE","12811.00","13714.00"
"22/09/2023 15:00 - 22/09/2023 16:00","CTA|SE","13543.00","13844.00"
"22/09/2023 16:00 - 22/09/2023 17:00","CTA|SE","13756.00","13724.00"
"22/09/2023 17:00 - 22/09/2023 18:00","CTA|SE","13837.00","13558.00"
"22/09/2023 18:00 - 22/09/2023 19:00","CTA|SE","13229.00","13040.00"
"22/09/2023 19:00 - 22/09/2023 20:00","CTA|SE","12616.00","12533.00"
"22/09/2023 20:00 - 22/09/2023 21:00","CTA|SE","12381.00","11945.00"
"22/09/2023 21:00 - 22/09/2023 22:00","CTA|SE","11767.00","11425.00"
"22/09/2023 22:00 - 22/09/2023 23:00","CTA|SE","11327.00","10931.00"
"22/09/2023 23:00 - 23/09/2023 00:00","CTA|SE","11109.00","10580.00"
"23/09/2023 00:00 - 23/09/2023 01:00","CTA|SE","10686.00","10432.00"
"23/09/2023 01:00 - 23/09/2023 02:00","CTA|SE","10345.00","10397.00"
"23/09/2023 02:00 - 23/09/2023 03:00","CTA|SE","10305.00","10422.00"
"23/09/2023 03:00 - 23/09/2023 04:00","CTA|SE","10347.00","10570.00"
"23/09/2023 04:00 - 23/09/2023 05:00","CTA|SE","10558.00","10816.00"
"23/09/2023 05:00 - 23/09/2023 06:00","CTA|SE","10734.00","11310.00"
"23/09/2023 06:00 - 23/09/2023 07:00","CTA|SE","11204.00","11967.00"
"23/09/2023 07:00 - 23/09/2023 08:00","CTA|SE","11613.00","12374.00"
"23/09/2023 08:00 - 23/09/2023 09:00","CTA|SE","12163.00","12613.00"
"23/09/2023 09:00 - 23/09/2023 10:00","CTA|SE","12481.00","12603.00"
"23/09/2023 10:00 - 23/09/2023 11:00","CTA|SE","12492.00","12523.00"
"23/09/2023 11:00 - 23/09/2023 12:00","CTA|SE","12537.00","12342.00"
"23/09/2023 12:00 - 23/09/2023 13:00","CTA|SE","12472.00","12228.00"
"23/09/2023 13:00 - 23/09/2023 14:00","CTA|SE","12365.00","12237.00"
"23/09/2023 14:00 - 23/09/2023 15:00","CTA|SE","12491.00","12440.00"
"23/09/2023 15:00 - 23/09/2023 16:00","CTA|SE","13367.00","12761.00"
"23/09/2023 16:00 - 23/09/2023 17:00","CTA|SE","13180.00","13030.00"
"23/09/2023 17:00 - 23/09/2023 18:00","CTA|SE","13279.00","13074.00"
"23/09/2023 18:00 - 23/09/2023 19:00","CTA|SE","12429.00","12805.00"
"23/09/2023 19:00 - 23/09/2023 20:00","CTA|SE","11711.00","12358.00"
"23/09/2023 20:00 - 23/09/2023 21:00","CTA|SE","11402.00","11840.00"
"23/09/2023 21:00 - 23/09/2023 22:00","CTA|SE","11298.00","11429.00"
"23/09/2023 22:00 - 23/09/2023 23:00","CTA|SE","11168.00","10891.00"
"23/09/2023 23:00 - 24/09/2023 00:00","CTA|SE","10898.00","10618.00"
"24/09/2023 00:00 - 24/09/2023 01:00","CTA|SE","10549.00","10545.00"
"24/09/2023 01:00 - 24/09/2023 02:00","CTA|SE","10503.00","10511.00"
"24/09/2023 02:00 - 24/09/2023 03:00","CTA|SE","10370.00","10486.00"
"24/09/2023 03:00 - 24/09/2023 04:00","CTA|SE","10232.00","10555.00"
"24/09/2023 04:00 - 24/09/2023 05:00","CTA|SE","10446.00","10795.00"
"24/09/2023 05:00 - 24/09/2023 06:00","CTA|SE","10764.00","11110.00"
"24/09/2023 06:00 - 24/09/2023 07:00","CTA|SE","11555.00","11746.00"
"24/09/2023 07:00 - 24/09/2023 08:00","CTA|SE","12207.00","12187.00"
"24/09/2023 08:00 - 24/09/2023 09:00","CTA|SE","12229.00","12458.00"
"24/09/2023 09:00 - 24/09/2023 10:00","CTA|SE","12050.00","12559.00"
"24/09/2023 10:00 - 24/09/2023 11:00","CTA|SE","12077.00","12489.00"
"24/09/2023 11:00 - 24/09/2023 12:00","CTA|SE","11837.00","12371.00"
"24/09/2023 12:00 - 24/09/2023 13:00","CTA|SE","11709.00","12294.00"
"24/09/2023 13:00 - 24/09/2023 14:00","CTA|SE","12032.00","12311.00"
"24/09/2023 14:00 - 24/09/2023 15:00","CTA|SE","12568.00","12598.00"
"24/09/2023 15:00 - 24/09/2023 16:00","CTA|SE","13549.00","13083.00"
"24/09/2023 16:00 - 24/09/2023 17:00","CTA|SE","14029.00","13416.00"
"24/09/2023 17:00 - 24/09/2023 18:00","CTA|SE","13675.00","13658.00"
"24/09/2023 18:00 - 24/09/2023 19:00","CTA|SE","12589.00","13454.00"
"24/09/2023 19:00 - 24/09/2023 20:00","CTA|SE","12100.00","12982.00"
"24/09/2023 20:00 - 24/09/2023 21:00","CTA|SE","12285.00","12337.00"
"24/09/2023 21:00 - 24/09/2023 22:00","CTA|SE","11474.00","11800.00"
"24/09/2023 22:00 - 24/09/2023 23:00","CTA|SE","10840.00","11268.00"
"24/09/2023 23:00 - 25/09/2023 00:00","CTA|SE","10217.00","11065.00"
"25/09/2023 00:00 - 25/09/2023 01:00","CTA|SE","10385.00","10936.00"
"25/09/2023 01:00 - 25/09/2023 02:00","CTA|SE","10883.00","10910.00"
"25/09/2023 02:00 - 25/09/2023 03:00","CTA|SE","10738.00","11037.00"
"25/09/2023 03:00 - 25/09/2023 04:00","CTA|SE","11298.00","11643.00"
"25/09/2023 04:00 - 25/09/2023 05:00","CTA|SE","12685.00","13128.00"
"25/09/2023 05:00 - 25/09/2023 06:00","CTA|SE","13711.00","14485.00"
"25/09/2023 06:00 - 25/09/2023 07:00","CTA|SE","14057.00","14849.00"
"25/09/2023 07:00 - 25/09/2023 08:00","CTA|SE","14220.00","14895.00"
"25/09/2023 08:00 - 25/09/2023 09:00","CTA|SE","14379.00","14917.00"
"25/09/2023 09:00 - 25/09/2023 10:00","CTA|SE","14426.00","14892.00"
"25/09/2023 10:00 - 25/09/2023 11:00","CTA|SE","14320.00","14776.00"
"25/09/2023 11:00 - 25/09/2023 12:00","CTA|SE","14214.00","14574.00"
"25/09/2023 12:00 - 25/09/2023 13:00","CTA|SE","13869.00","14419.00"
"25/09/2023 13:00 - 25/09/2023 14:00","CTA|SE","14050.00","14329.00"
"25/09/2023 14:00 - 25/09/2023 15:00","CTA|SE","14226.00","14348.00"
"25/09/2023 15:00 - 25/09/2023 16:00","CTA|SE","14714.00","14554.00"
"25/09/2023 16:00 - 25/09/2023 17:00","CTA|SE","14700.00","14519.00"
"25/09/2023 17:00 - 25/09/2023 18:00","CTA|SE","14750.00","14512.00"
"25/09/2023 18:00 - 25/09/2023 19:00","CTA|SE","14732.00","14090.00"
"25/09/2023 19:00 - 25/09/2023 20:00","CTA|SE","13785.00","13435.00"
"25/09/2023 20:00 - 25/09/2023 21:00","CTA|SE","12441.00","12634.00"
"25/09/2023 21:00 - 25/09/2023 22:00","CTA|SE","11639.00","11938.00"
"25/09/2023 22:00 - 25/09/2023 23:00","CTA|SE","11362.00","11631.00"
"25/09/2023 23:00 - 26/09/2023 00:00","CTA|SE","11361.00","11337.00"
"26/09/2023 00:00 - 26/09/2023 01:00","CTA|SE","11091.00","11279.00"
"26/09/2023 01:00 - 26/09/2023 02:00","CTA|SE","10559.00","11261.00"
"26/09/2023 02:00 - 26/09/2023 03:00","CTA|SE","10776.00","11349.00"
"26/09/2023 03:00 - 26/09/2023 04:00","CTA|SE","11749.00","11891.00"
"26/09/2023 04:00 - 26/09/2023 05:00","CTA|SE","12766.00","13369.00"
"26/09/2023 05:00 - 26/09/2023 06:00","CTA|SE","13995.00","14404.00"
"26/09/2023 06:00 - 26/09/2023 07:00","CTA|SE","14639.00","14699.00"
"26/09/2023 07:00 - 26/09/2023 08:00","CTA|SE","15297.00","14701.00"
"26/09/2023 08:00 - 26/09/2023 09:00","CTA|SE","14990.00","14671.00"
"26/09/2023 09:00 - 26/09/2023 10:00","CTA|SE","14710.00","14564.00"
"26/09/2023 10:00 - 26/09/2023 11:00","CTA|SE","13882.00","14414.00"
"26/09/2023 11:00 - 26/09/2023 12:00","CTA|SE","13685.00","14228.00"
"26/09/2023 12:00 - 26/09/2023 13:00","CTA|SE","13754.00","14067.00"
"26/09/2023 13:00 - 26/09/2023 14:00","CTA|SE","14069.00","14034.00"
"26/09/2023 14:00 - 26/09/2023 15:00","CTA|SE","14393.00","14102.00"
"26/09/2023 15:00 - 26/09/2023 16:00","CTA|SE","14711.00","14364.00"
"26/09/2023 16:00 - 26/09/2023 17:00","CTA|SE","14297.00","14377.00"
"26/09/2023 17:00 - 26/09/2023 18:00","CTA|SE","14182.00","14397.00"
"26/09/2023 18:00 - 26/09/2023 19:00","CTA|SE","13905.00","13991.00"
"26/09/2023 19:00 - 26/09/2023 20:00","CTA|SE","13303.00","13368.00"
"26/09/2023 20:00 - 26/09/2023 21:00","CTA|SE","12469.00","12595.00"
"26/09/2023 21:00 - 26/09/2023 22:00","CTA|SE","11706.00","11899.00"
"26/09/2023 22:00 - 26/09/2023 23:00","CTA|SE","11297.00","11381.00"
"26/09/2023 23:00 - 27/09/2023 00:00","CTA|SE","11418.00","11070.00"
"27/09/2023 00:00 - 27/09/2023 01:00","CTA|SE","11217.00","10907.00"
"27/09/2023 01:00 - 27/09/2023 02:00","CTA|SE","11070.00","10886.00"
"27/09/2023 02:00 - 27/09/2023 03:00","CTA|SE","10810.00","11032.00"
"27/09/2023 03:00 - 27/09/2023 04:00","CTA|SE","11323.00","11587.00"
"27/09/2023 04:00 - 27/09/2023 05:00","CTA|SE","12959.00","13046.00"
"27/09/2023 05:00 - 27/09/2023 06:00","CTA|SE","14191.00","14252.00"
"27/09/2023 06:00 - 27/09/2023 07:00","CTA|SE","14537.00","14551.00"
"27/09/2023 07:00 - 27/09/2023 08:00","CTA|SE","14609.00","14552.00"
"27/09/2023 08:00 - 27/09/2023 09:00","CTA|SE","14512.00","14557.00"
"27/09/2023 09:00 - 27/09/2023 10:00","CTA|SE","14463.00","14453.00"
"27/09/2023 10:00 - 27/09/2023 11:00","CTA|SE","14173.00","14319.00"
"27/09/2023 11:00 - 27/09/2023 12:00","CTA|SE","14361.00","14177.00"
"27/09/2023 12:00 - 27/09/2023 13:00","CTA|SE","14528.00","14051.00"
"27/09/2023 13:00 - 27/09/2023 14:00","CTA|SE","14616.00","14033.00"
"27/09/2023 14:00 - 27/09/2023 15:00","CTA|SE","14297.00","14097.00"
"27/09/2023 15:00 - 27/09/2023 16:00","CTA|SE","14232.00","14371.00"
"27/09/2023 16:00 - 27/09/2023 17:00","CTA|SE","14420.00","14347.00"
"27/09/2023 17:00 - 27/09/2023 18:00","CTA|SE","14601.00","14376.00"
"27/09/2023 18:00 - 27/09/2023 19:00","CTA|SE","13977.00","13993.00"
"27/09/2023 19:00 - 27/09/2023 20:00","CTA|SE","13103.00","13358.00"
"27/09/2023 20:00 - 27/09/2023 21:00","CTA|SE","12820.00","12594.00"
"27/09/2023 21:00 - 27/09/2023 22:00","CTA|SE","12052.00","11900.00"
"27/09/2023 22:00 - 27/09/2023 23:00","CTA|SE","11363.00","11438.00"
"27/09/2023 23:00 - 28/09/2023 00:00","CTA|SE","11127.00","11187.00"
"28/09/2023 00:00 - 28/09/2023 01:00","CTA|SE","10774.00","11047.00"
"28/09/2023 01:00 - 28/09/2023 02:00","CTA|SE","10803.00","11016.00"
"28/09/2023 02:00 - 28/09/2023 03:00","CTA|SE","11313.00","11202.00"
"28/09/2023 03:00 - 28/09/2023 04:00","CTA|SE","11441.00","11794.00"
"28/09/2023 04:00 - 28/09/2023 05:00","CTA|SE","12928.00","13235.00"
"28/09/2023 05:00 - 28/09/2023 06:00","CTA|SE","13910.00","14465.00"
"28/09/2023 06:00 - 28/09/2023 07:00","CTA|SE","13766.00","14820.00"
"28/09/2023 07:00 - 28/09/2023 08:00","CTA|SE","13728.00","14777.00"
"28/09/2023 08:00 - 28/09/2023 09:00","CTA|SE","13930.00","14807.00"
"28/09/2023 09:00 - 28/09/2023 10:00","CTA|SE","14272.00","14711.00"
"28/09/2023 10:00 - 28/09/2023 11:00","CTA|SE","14124.00","14582.00"
"28/09/2023 11:00 - 28/09/2023 12:00","CTA|SE","14162.00","14486.00"
"28/09/2023 12:00 - 28/09/2023 13:00","CTA|SE","13954.00","14399.00"
"28/09/2023 13:00 - 28/09/2023 14:00","CTA|SE","13772.00","14370.00"
"28/09/2023 14:00 - 28/09/2023 15:00","CTA|SE","13716.00","14341.00"
"28/09/2023 15:00 - 28/09/2023 16:00","CTA|SE","14430.00","14549.00"
"28/09/2023 16:00 - 28/09/2023 17:00","CTA|SE","13945.00","14564.00"
"28/09/2023 17:00 - 28/09/2023 18:00","CTA|SE","14313.00","14530.00"
"28/09/2023 18:00 - 28/09/2023 19:00","CTA|SE","13752.00","14097.00"
"28/09/2023 19:00 - 28/09/2023 20:00","CTA|SE","13126.00","13498.00"
"28/09/2023 20:00 - 28/09/2023 21:00","CTA|SE","12496.00","12649.00"
"28/09/2023 21:00 - 28/09/2023 22:00","CTA|SE","11852.00","11988.00"
"28/09/2023 22:00 - 28/09/2023 23:00","CTA|SE","11027.00","11451.00"
"28/09/2023 23:00 - 29/09/2023 00:00","CTA|SE","10798.00","11149.00"
"29/09/2023 00:00 - 29/09/2023 01:00","CTA|SE","10988.00","11019.00"
"29/09/2023 01:00 - 29/09/2023 02:00","CTA|SE","10852.00","10947.00"
"29/09/2023 02:00 - 29/09/2023 03:00","CTA|SE","11054.00","11040.00"
"29/09/2023 03:00 - 29/09/2023 04:00","CTA|SE","11698.00","11587.00"
"29/09/2023 04:00 - 29/09/2023 05:00","CTA|SE","12963.00","12973.00"
"29/09/2023 05:00 - 29/09/2023 06:00","CTA|SE","14168.00","14157.00"
"29/09/2023 06:00 - 29/09/2023 07:00","CTA|SE","14161.00","14551.00"
"29/09/2023 07:00 - 29/09/2023 08:00","CTA|SE","14342.00","14613.00"
"29/09/2023 08:00 - 29/09/2023 09:00","CTA|SE","14877.00","14638.00"
"29/09/2023 09:00 - 29/09/2023 10:00","CTA|SE","15042.00","14595.00"
"29/09/2023 10:00 - 29/09/2023 11:00","CTA|SE","14927.00","14401.00"
"29/09/2023 11:00 - 29/09/2023 12:00","CTA|SE","14501.00","14127.00"
"29/09/2023 12:00 - 29/09/2023 13:00","CTA|SE","14062.00","13878.00"
"29/09/2023 13:00 - 29/09/2023 14:00","CTA|SE","13831.00","13774.00"
"29/09/2023 14:00 - 29/09/2023 15:00","CTA|SE","14018.00","13641.00"
"29/09/2023 15:00 - 29/09/2023 16:00","CTA|SE","14204.00","13899.00"
"29/09/2023 16:00 - 29/09/2023 17:00","CTA|SE","14004.00","13873.00"
"29/09/2023 17:00 - 29/09/2023 18:00","CTA|SE","13863.00","13805.00"
"29/09/2023 18:00 - 29/09/2023 19:00","CTA|SE","13216.00","13244.00"
"29/09/2023 19:00 - 29/09/2023 20:00","CTA|SE","12644.00","12643.00"
"29/09/2023 20:00 - 29/09/2023 21:00","CTA|SE","12142.00","12033.00"
"29/09/2023 21:00 - 29/09/2023 22:00","CTA|SE","11676.00","11541.00"
"29/09/2023 22:00 - 29/09/2023 23:00","CTA|SE","11053.00","11035.00"
"29/09/2023 23:00 - 30/09/2023 00:00","CTA|SE","10900.00","10745.00"
"30/09/2023 00:00 - 30/09/2023 01:00","CTA|SE","10716.00","10639.00"
"30/09/2023 01:00 - 30/09/2023 02:00","CTA|SE","10488.00","10493.00"
"30/09/2023 02:00 - 30/09/2023 03:00","CTA|SE","10365.00","10501.00"
"30/09/2023 03:00 - 30/09/2023 04:00","CTA|SE","10718.00","10669.00"
"30/09/2023 04:00 - 30/09/2023 05:00","CTA|SE","11141.00","10929.00"
"30/09/2023 05:00 - 30/09/2023 06:00","CTA|SE","11191.00","11362.00"
"30/09/2023 06:00 - 30/09/2023 07:00","CTA|SE","11794.00","11992.00"
"30/09/2023 07:00 - 30/09/2023 08:00","CTA|SE","12603.00","12389.00"
"30/09/2023 08:00 - 30/09/2023 09:00","CTA|SE","12776.00","12626.00"
"30/09/2023 09:00 - 30/09/2023 10:00","CTA|SE","12468.00","12639.00"
"30/09/2023 10:00 - 30/09/2023 11:00","CTA|SE","12428.00","12506.00"
"30/09/2023 11:00 - 30/09/2023 12:00","CTA|SE","12393.00","12384.00"
"30/09/2023 12:00 - 30/09/2023 13:00","CTA|SE","12169.00","12273.00"
"30/09/2023 13:00 - 30/09/2023 14:00","CTA|SE","12099.00","12300.00"
"30/09/2023 14:00 - 30/09/2023 15:00","CTA|SE","12611.00","12512.00"
"30/09/2023 15:00 - 30/09/2023 16:00","CTA|SE","13069.00","12964.00"
"30/09/2023 16:00 - 30/09/2023 17:00","CTA|SE","13119.00","13254.00"
"30/09/2023 17:00 - 30/09/2023 18:00","CTA|SE","13377.00","13207.00"
"30/09/2023 18:00 - 30/09/2023 19:00","CTA|SE","12876.00","12793.00"
"30/09/2023 19:00 - 30/09/2023 20:00","CTA|SE","12396.00","12343.00"
"30/09/2023 20:00 - 30/09/2023 21:00","CTA|SE","11927.00","11861.00"
"30/09/2023 21:00 - 30/09/2023 22:00","CTA|SE","11448.00","11411.00"
"30/09/2023 22:00 - 30/09/2023 23:00","CTA|SE","11069.00","11031.00"
"30/09/2023 23:00 - 01/10/2023 00:00","CTA|SE","10949.00","10834.00"
"01/10/2023 00:00 - 01/10/2023 01:00","CTA|SE","10680.00","10697.00"
"01/10/2023 01:00 - 01/10/2023 02:00","CTA|SE","10462.00","10610.00"
"01/10/2023 02:00 - 01/10/2023 03:00","CTA|SE","10403.00","10606.00"
"01/10/2023 03:00 - 01/10/2023 04:00","CTA|SE","10659.00","10756.00"
"01/10/2023 04:00 - 01/10/2023 05:00","CTA|SE","10905.00","11090.00"
"01/10/2023 05:00 - 01/10/2023 06:00","CTA|SE","10684.00","11369.00"
"01/10/2023 06:00 - 01/10/2023 07:00","CTA|SE","11257.00","11851.00"
"01/10/2023 07:00 - 01/10/2023 08:00","CTA|SE","11721.00","12248.00"
"01/10/2023 08:00 - 01/10/2023 09:00","CTA|SE","12161.00","12456.00"
"01/10/2023 09:00 - 01/10/2023 10:00","CTA|SE","12011.00","12492.00"
"01/10/2023 10:00 - 01/10/2023 11:00","CTA|SE","12020.00","12393.00"
"01/10/2023 11:00 - 01/10/2023 12:00","CTA|SE","12159.00","12342.00"
"01/10/2023 12:00 - 01/10/2023 13:00","CTA|SE","12111.00","12272.00"
"01/10/2023 13:00 - 01/10/2023 14:00","CTA|SE","12112.00","12339.00"
"01/10/2023 14:00 - 01/10/2023 15:00","CTA|SE","13014.00","12687.00"
"01/10/2023 15:00 - 01/10/2023 16:00","CTA|SE","13689.00","13259.00"
"01/10/2023 16:00 - 01/10/2023 17:00","CTA|SE","13686.00","13673.00"
"01/10/2023 17:00 - 01/10/2023 18:00","CTA|SE","13411.00","13798.00"
"01/10/2023 18:00 - 01/10/2023 19:00","CTA|SE","12779.00","13407.00"
"01/10/2023 19:00 - 01/10/2023 20:00","CTA|SE","12680.00","12960.00"
"01/10/2023 20:00 - 01/10/2023 21:00","CTA|SE","12460.00","12372.00"
"01/10/2023 21:00 - 01/10/2023 22:00","CTA|SE","11677.00","11830.00"
"01/10/2023 22:00 - 01/10/2023 23:00","CTA|SE","11084.00","11476.00"
"01/10/2023 23:00 - 02/10/2023 00:00","CTA|SE","11013.00","11210.00"
"02/10/2023 00:00 - 02/10/2023 01:00","CTA|SE","10825.00","11122.00"
"02/10/2023 01:00 - 02/10/2023 02:00","CTA|SE","10730.00","11171.00"
"02/10/2023 02:00 - 02/10/2023 03:00","CTA|SE","10731.00","11331.00"
"02/10/2023 03:00 - 02/10/2023 04:00","CTA|SE","11323.00","11877.00"
"02/10/2023 04:00 - 02/10/2023 05:00","CTA|SE","13018.00","13291.00"
"02/10/2023 05:00 - 02/10/2023 06:00","CTA|SE","14279.00","14694.00"
"02/10/2023 06:00 - 02/10/2023 07:00","CTA|SE","14715.00","15064.00"
"02/10/2023 07:00 - 02/10/2023 08:00","CTA|SE","14836.00","15117.00"
"02/10/2023 08:00 - 02/10/2023 09:00","CTA|SE","15283.00","15166.00"
"02/10/2023 09:00 - 02/10/2023 10:00","CTA|SE","15454.00","15135.00"
"02/10/2023 10:00 - 02/10/2023 11:00","CTA|SE","15459.00","15012.00"
"02/10/2023 11:00 - 02/10/2023 12:00","CTA|SE","15113.00","14868.00"
"02/10/2023 12:00 - 02/10/2023 13:00","CTA|SE","14662.00","14803.00"
"02/10/2023 13:00 - 02/10/2023 14:00","CTA|SE","14599.00","14780.00"
"02/10/2023 14:00 - 02/10/2023 15:00","CTA|SE","14584.00","14737.00"
"02/10/2023 15:00 - 02/10/2023 16:00","CTA|SE","14773.00","14944.00"
"02/10/2023 16:00 - 02/10/2023 17:00","CTA|SE","14701.00","15039.00"
"02/10/2023 17:00 - 02/10/2023 18:00","CTA|SE","14648.00","15012.00"
"02/10/2023 18:00 - 02/10/2023 19:00","CTA|SE","13957.00","14519.00"
"02/10/2023 19:00 - 02/10/2023 20:00","CTA|SE","13342.00","13858.00"
"02/10/2023 20:00 - 02/10/2023 21:00","CTA|SE","12434.00","13033.00"
"02/10/2023 21:00 - 02/10/2023 22:00","CTA|SE","11795.00","12343.00"
"02/10/2023 22:00 - 02/10/2023 23:00","CTA|SE","11538.00","11790.00"
"02/10/2023 23:00 - 03/10/2023 00:00","CTA|SE","11187.00","11540.00"
"03/10/2023 00:00 - 03/10/2023 01:00","CTA|SE","10875.00","11363.00"
"03/10/2023 01:00 - 03/10/2023 02:00","CTA|SE","10803.00","11344.00"
"03/10/2023 02:00 - 03/10/2023 03:00","CTA|SE","11205.00","11420.00"
"03/10/2023 03:00 - 03/10/2023 04:00","CTA|SE","12082.00","11939.00"
"03/10/2023 04:00 - 03/10/2023 05:00","CTA|SE","13525.00","13468.00"
"03/10/2023 05:00 - 03/10/2023 06:00","CTA|SE","14762.00","14756.00"
"03/10/2023 06:00 - 03/10/2023 07:00","CTA|SE","14827.00","15141.00"
"03/10/2023 07:00 - 03/10/2023 08:00","CTA|SE","14714.00","15129.00"
"03/10/2023 08:00 - 03/10/2023 09:00","CTA|SE","15024.00","15117.00"
"03/10/2023 09:00 - 03/10/2023 10:00","CTA|SE","15202.00","15098.00"
"03/10/2023 10:00 - 03/10/2023 11:00","CTA|SE","15229.00","15023.00"
"03/10/2023 11:00 - 03/10/2023 12:00","CTA|SE","15219.00","14925.00"
"03/10/2023 12:00 - 03/10/2023 13:00","CTA|SE","15192.00","14873.00"
"03/10/2023 13:00 - 03/10/2023 14:00","CTA|SE","15401.00","14892.00"
"03/10/2023 14:00 - 03/10/2023 15:00","CTA|SE","15522.00","14841.00"
"03/10/2023 15:00 - 03/10/2023 16:00","CTA|SE","15795.00","15055.00"
"03/10/2023 16:00 - 03/10/2023 17:00","CTA|SE","15933.00","15118.00"
"03/10/2023 17:00 - 03/10/2023 18:00","CTA|SE","15617.00","15077.00"
"03/10/2023 18:00 - 03/10/2023 19:00","CTA|SE","14693.00","14583.00"
"03/10/2023 19:00 - 03/10/2023 20:00","CTA|SE","13844.00","13906.00"
"03/10/2023 20:00 - 03/10/2023 21:00","CTA|SE","12888.00","13089.00"
"03/10/2023 21:00 - 03/10/2023 22:00","CTA|SE","12125.00","12420.00"
"03/10/2023 22:00 - 03/10/2023 23:00","CTA|SE","11749.00","12043.00"
"03/10/2023 23:00 - 04/10/2023 00:00","CTA|SE","11632.00","11819.00"
"04/10/2023 00:00 - 04/10/2023 01:00","CTA|SE","11664.00","11655.00"
"04/10/2023 01:00 - 04/10/2023 02:00","CTA|SE","11598.00","11659.00"
"04/10/2023 02:00 - 04/10/2023 03:00","CTA|SE","11685.00","11742.00"
"04/10/2023 03:00 - 04/10/2023 04:00","CTA|SE","12219.00","12336.00"
"04/10/2023 04:00 - 04/10/2023 05:00","CTA|SE","13417.00","13809.00"
"04/10/2023 05:00 - 04/10/2023 06:00","CTA|SE","14642.00","14952.00"
"04/10/2023 06:00 - 04/10/2023 07:00","CTA|SE","14597.00","15233.00"
"04/10/2023 07:00 - 04/10/2023 08:00","CTA|SE","14476.00","15155.00"
"04/10/2023 08:00 - 04/10/2023 09:00","CTA|SE","14317.00","15148.00"
"04/10/2023 09:00 - 04/10/2023 10:00","CTA|SE","14659.00","15060.00"
"04/10/2023 10:00 - 04/10/2023 11:00","CTA|SE","14661.00","14926.00"
"04/10/2023 11:00 - 04/10/2023 12:00","CTA|SE","14525.00","14745.00"
"04/10/2023 12:00 - 04/10/2023 13:00","CTA|SE","14520.00","14610.00"
"04/10/2023 13:00 - 04/10/2023 14:00","CTA|SE","14614.00","14618.00"
"04/10/2023 14:00 - 04/10/2023 15:00","CTA|SE","14662.00","14662.00"
"04/10/2023 15:00 - 04/10/2023 16:00","CTA|SE","15049.00","14977.00"
"04/10/2023 16:00 - 04/10/2023 17:00","CTA|SE","14893.00","15120.00"
"04/10/2023 17:00 - 04/10/2023 18:00","CTA|SE","14615.00","15088.00"
"04/10/2023 18:00 - 04/10/2023 19:00","CTA|SE","14012.00","14630.00"
"04/10/2023 19:00 - 04/10/2023 20:00","CTA|SE","13813.00","14022.00"
"04/10/2023 20:00 - 04/10/2023 21:00","CTA|SE","13242.00","13193.00"
"04/10/2023 21:00 - 04/10/2023 22:00","CTA|SE","12585.00","12495.00"
"04/10/2023 22:00 - 04/10/2023 23:00","CTA|SE","12284.00","12052.00"
"04/10/2023 23:00 - 05/10/2023 00:00","CTA|SE","11701.00","11820.00"
"05/10/2023 00:00 - 05/10/2023 01:00","CTA|SE","11493.00","11711.00"
"05/10/2023 01:00 - 05/10/2023 02:00","CTA|SE","11323.00","11675.00"
"05/10/2023 02:00 - 05/10/2023 03:00","CTA|SE","11694.00","11786.00"
"05/10/2023 03:00 - 05/10/2023 04:00","CTA|SE","12053.00","12430.00"
"05/10/2023 04:00 - 05/10/2023 05:00","CTA|SE","13666.00","13975.00"
"05/10/2023 05:00 - 05/10/2023 06:00","CTA|SE","14650.00","15191.00"
"05/10/2023 06:00 - 05/10/2023 07:00","CTA|SE","15079.00","15535.00"
"05/10/2023 07:00 - 05/10/2023 08:00","CTA|SE","15150.00","15559.00"
"05/10/2023 08:00 - 05/10/2023 09:00","CTA|SE","15356.00","15646.00"
"05/10/2023 09:00 - 05/10/2023 10:00","CTA|SE","15107.00","15535.00"
"05/10/2023 10:00 - 05/10/2023 11:00","CTA|SE","14427.00","15365.00"
"05/10/2023 11:00 - 05/10/2023 12:00","CTA|SE","14049.00","15158.00"
"05/10/2023 12:00 - 05/10/2023 13:00","CTA|SE","14189.00","15061.00"
"05/10/2023 13:00 - 05/10/2023 14:00","CTA|SE","14186.00","15077.00"
"05/10/2023 14:00 - 05/10/2023 15:00","CTA|SE","14696.00","15132.00"
"05/10/2023 15:00 - 05/10/2023 16:00","CTA|SE","15249.00","15498.00"
"05/10/2023 16:00 - 05/10/2023 17:00","CTA|SE","15239.00","15676.00"
"05/10/2023 17:00 - 05/10/2023 18:00","CTA|SE","15052.00","15644.00"
"05/10/2023 18:00 - 05/10/2023 19:00","CTA|SE","14876.00","15135.00"
"05/10/2023 19:00 - 05/10/2023 20:00","CTA|SE","14598.00","14514.00"
"05/10/2023 20:00 - 05/10/2023 21:00","CTA|SE","13972.00","13651.00"
"05/10/2023 21:00 - 05/10/2023 22:00","CTA|SE","13472.00","13038.00"
"05/10/2023 22:00 - 05/10/2023 23:00","CTA|SE","13295.00","12730.00"
"05/10/2023 23:00 - 06/10/2023 00:00","CTA|SE","13034.00","12384.00"
"06/10/2023 00:00 - 06/10/2023 01:00","CTA|SE","12703.00","12290.00"
"06/10/2023 01:00 - 06/10/2023 02:00","CTA|SE","12832.00","12112.00"
"06/10/2023 02:00 - 06/10/2023 03:00","CTA|SE","12934.00","12203.00"
"06/10/2023 03:00 - 06/10/2023 04:00","CTA|SE","12921.00","12751.00"
"06/10/2023 04:00 - 06/10/2023 05:00","CTA|SE","13865.00","14182.00"
"06/10/2023 05:00 - 06/10/2023 06:00","CTA|SE","14755.00","15397.00"
"06/10/2023 06:00 - 06/10/2023 07:00","CTA|SE","14743.00","15698.00"
"06/10/2023 07:00 - 06/10/2023 08:00","CTA|SE","14666.00","15736.00"
"06/10/2023 08:00 - 06/10/2023 09:00","CTA|SE","14509.00","15729.00"
"06/10/2023 09:00 - 06/10/2023 10:00","CTA|SE","14928.00","15682.00"
"06/10/2023 10:00 - 06/10/2023 11:00","CTA|SE","15058.00","15557.00"
"06/10/2023 11:00 - 06/10/2023 12:00","CTA|SE","15225.00","15293.00"
"06/10/2023 12:00 - 06/10/2023 13:00","CTA|SE","14890.00","15046.00"
"06/10/2023 13:00 - 06/10/2023 14:00","CTA|SE","14678.00","14801.00"
"06/10/2023 14:00 - 06/10/2023 15:00","CTA|SE","14754.00","14715.00"
"06/10/2023 15:00 - 06/10/2023 16:00","CTA|SE","15100.00","14962.00"
"06/10/2023 16:00 - 06/10/2023 17:00","CTA|SE","15181.00","14959.00"
"06/10/2023 17:00 - 06/10/2023 18:00","CTA|SE","14859.00","14725.00"
"06/10/2023 18:00 - 06/10/2023 19:00","CTA|SE","14219.00","14046.00"
"06/10/2023 19:00 - 06/10/2023 20:00","CTA|SE","13425.00","13469.00"
"06/10/2023 20:00 - 06/10/2023 21:00","CTA|SE","12922.00","12914.00"
"06/10/2023 21:00 - 06/10/2023 22:00","CTA|SE","12143.00","12394.00"
"06/10/2023 22:00 - 06/10/2023 23:00","CTA|SE","11837.00","11761.00"
"06/10/2023 23:00 - 07/10/2023 00:00","CTA|SE","11821.00","11514.00"
"07/10/2023 00:00 - 07/10/2023 01:00","CTA|SE","11803.00","11387.00"
"07/10/2023 01:00 - 07/10/2023 02:00","CTA|SE","11883.00","11333.00"
"07/10/2023 02:00 - 07/10/2023 03:00","CTA|SE","11810.00","11416.00"
"07/10/2023 03:00 - 07/10/2023 04:00","CTA|SE","11763.00","11591.00"
"07/10/2023 04:00 - 07/10/2023 05:00","CTA|SE","12274.00","12007.00"
"07/10/2023 05:00 - 07/10/2023 06:00","CTA|SE","12742.00","12394.00"
"07/10/2023 06:00 - 07/10/2023 07:00","CTA|SE","13130.00","13028.00"
"07/10/2023 07:00 - 07/10/2023 08:00","CTA|SE","13733.00","13356.00"
"07/10/2023 08:00 - 07/10/2023 09:00","CTA|SE","13685.00","13514.00"
"07/10/2023 09:00 - 07/10/2023 10:00","CTA|SE","13641.00","13546.00"
"07/10/2023 10:00 - 07/10/2023 11:00","CTA|SE","13487.00","13442.00"
"07/10/2023 11:00 - 07/10/2023 12:00","CTA|SE","13314.00","13265.00"
"07/10/2023 12:00 - 07/10/2023 13:00","CTA|SE","13211.00","13132.00"
"07/10/2023 13:00 - 07/10/2023 14:00","CTA|SE","13313.00","13201.00"
"07/10/2023 14:00 - 07/10/2023 15:00","CTA|SE","13986.00","13484.00"
"07/10/2023 15:00 - 07/10/2023 16:00","CTA|SE","14831.00","13975.00"
"07/10/2023 16:00 - 07/10/2023 17:00","CTA|SE","15028.00","14451.00"
"07/10/2023 17:00 - 07/10/2023 18:00","CTA|SE","14477.00","14496.00"
"07/10/2023 18:00 - 07/10/2023 19:00","CTA|SE","13905.00","14043.00"
"07/10/2023 19:00 - 07/10/2023 20:00","CTA|SE","13591.00","13523.00"
"07/10/2023 20:00 - 07/10/2023 21:00","CTA|SE","13094.00","13081.00"
"07/10/2023 21:00 - 07/10/2023 22:00","CTA|SE","12653.00","12630.00"
"07/10/2023 22:00 - 07/10/2023 23:00","CTA|SE","12421.00","12358.00"
"07/10/2023 23:00 - 08/10/2023 00:00","CTA|SE","12462.00","12221.00"
"08/10/2023 00:00 - 08/10/2023 01:00","CTA|SE","12215.00","12167.00"
"08/10/2023 01:00 - 08/10/2023 02:00","CTA|SE","12143.00","12117.00"
"08/10/2023 02:00 - 08/10/2023 03:00","CTA|SE","12171.00","12142.00"
"08/10/2023 03:00 - 08/10/2023 04:00","CTA|SE","12373.00","12214.00"
"08/10/2023 04:00 - 08/10/2023 05:00","CTA|SE","12869.00","12585.00"
"08/10/2023 05:00 - 08/10/2023 06:00","CTA|SE","13090.00","12659.00"
"08/10/2023 06:00 - 08/10/2023 07:00","CTA|SE","13261.00","13286.00"
"08/10/2023 07:00 - 08/10/2023 08:00","CTA|SE","13940.00","13525.00"
"08/10/2023 08:00 - 08/10/2023 09:00","CTA|SE","13998.00","13671.00"
"08/10/2023 09:00 - 08/10/2023 10:00","CTA|SE","13723.00","13689.00"
"08/10/2023 10:00 - 08/10/2023 11:00","CTA|SE","13516.00","13648.00"
"08/10/2023 11:00 - 08/10/2023 12:00","CTA|SE","13406.00","13507.00"
"08/10/2023 12:00 - 08/10/2023 13:00","CTA|SE","13295.00","13439.00"
"08/10/2023 13:00 - 08/10/2023 14:00","CTA|SE","13634.00","13486.00"
"08/10/2023 14:00 - 08/10/2023 15:00","CTA|SE","14148.00","13811.00"
"08/10/2023 15:00 - 08/10/2023 16:00","CTA|SE","15332.00","14403.00"
"08/10/2023 16:00 - 08/10/2023 17:00","CTA|SE","15975.00","14897.00"
"08/10/2023 17:00 - 08/10/2023 18:00","CTA|SE","15637.00","15016.00"
"08/10/2023 18:00 - 08/10/2023 19:00","CTA|SE","15430.00","14639.00"
"08/10/2023 19:00 - 08/10/2023 20:00","CTA|SE","15115.00","14159.00"
"08/10/2023 20:00 - 08/10/2023 21:00","CTA|SE","14637.00","13564.00"
"08/10/2023 21:00 - 08/10/2023 22:00","CTA|SE","14046.00","13002.00"
"08/10/2023 22:00 - 08/10/2023 23:00","CTA|SE","13675.00","12928.00"
"08/10/2023 23:00 - 09/10/2023 00:00","CTA|SE","13490.00","12766.00"
"09/10/2023 00:00 - 09/10/2023 01:00","CTA|SE","13430.00","12670.00"
"09/10/2023 01:00 - 09/10/2023 02:00","CTA|SE","13768.00","12657.00"
"09/10/2023 02:00 - 09/10/2023 03:00","CTA|SE","14002.00","12835.00"
"09/10/2023 03:00 - 09/10/2023 04:00","CTA|SE","14853.00","13405.00"
"09/10/2023 04:00 - 09/10/2023 05:00","CTA|SE","16083.00","14843.00"
"09/10/2023 05:00 - 09/10/2023 06:00","CTA|SE","16963.00","16128.00"
"09/10/2023 06:00 - 09/10/2023 07:00","CTA|SE","17295.00","16410.00"
"09/10/2023 07:00 - 09/10/2023 08:00","CTA|SE","16831.00","16384.00"
"09/10/2023 08:00 - 09/10/2023 09:00","CTA|SE","16213.00","16198.00"
"09/10/2023 09:00 - 09/10/2023 10:00","CTA|SE","15711.00","16004.00"
"09/10/2023 10:00 - 09/10/2023 11:00","CTA|SE","15471.00","15787.00"
"09/10/2023 11:00 - 09/10/2023 12:00","CTA|SE","15176.00","15628.00"
"09/10/2023 12:00 - 09/10/2023 13:00","CTA|SE","14910.00","15583.00"
"09/10/2023 13:00 - 09/10/2023 14:00","CTA|SE","14829.00","15608.00"
"09/10/2023 14:00 - 09/10/2023 15:00","CTA|SE","15081.00","15655.00"
"09/10/2023 15:00 - 09/10/2023 16:00","CTA|SE","15692.00","16021.00"
"09/10/2023 16:00 - 09/10/2023 17:00","CTA|SE","16392.00","16256.00"
"09/10/2023 17:00 - 09/10/2023 18:00","CTA|SE","16223.00","16216.00"
"09/10/2023 18:00 - 09/10/2023 19:00","CTA|SE","15979.00","15757.00"
"09/10/2023 19:00 - 09/10/2023 20:00","CTA|SE","15698.00","15160.00"
"09/10/2023 20:00 - 09/10/2023 21:00","CTA|SE","15514.00","14389.00"
"09/10/2023 21:00 - 09/10/2023 22:00","CTA|SE","14884.00","13675.00"
"09/10/2023 22:00 - 09/10/2023 23:00","CTA|SE","14267.00","13545.00"
"09/10/2023 23:00 - 10/10/2023 00:00","CTA|SE","14106.00","13282.00"
"10/10/2023 00:00 - 10/10/2023 01:00","CTA|SE","14035.00","13235.00"
"10/10/2023 01:00 - 10/10/2023 02:00","CTA|SE","13874.00","13209.00"
"10/10/2023 02:00 - 10/10/2023 03:00","CTA|SE","14192.00","13300.00"
"10/10/2023 03:00 - 10/10/2023 04:00","CTA|SE","14503.00","13886.00"
"10/10/2023 04:00 - 10/10/2023 05:00","CTA|SE","15964.00","15344.00"
"10/10/2023 05:00 - 10/10/2023 06:00","CTA|SE","16654.00","16146.00"
"10/10/2023 06:00 - 10/10/2023 07:00","CTA|SE","16318.00","16473.00"
"10/10/2023 07:00 - 10/10/2023 08:00","CTA|SE","16290.00","16329.00"
"10/10/2023 08:00 - 10/10/2023 09:00","CTA|SE","16422.00","16137.00"
"10/10/2023 09:00 - 10/10/2023 10:00","CTA|SE","16190.00","15961.00"
"10/10/2023 10:00 - 10/10/2023 11:00","CTA|SE","15635.00","15688.00"
"10/10/2023 11:00 - 10/10/2023 12:00","CTA|SE","15339.00","15519.00"
"10/10/2023 12:00 - 10/10/2023 13:00","CTA|SE","15102.00","15437.00"
"10/10/2023 13:00 - 10/10/2023 14:00","CTA|SE","15276.00","15478.00"
"10/10/2023 14:00 - 10/10/2023 15:00","CTA|SE","15405.00","15503.00"
"10/10/2023 15:00 - 10/10/2023 16:00","CTA|SE","16043.00","15922.00"
"10/10/2023 16:00 - 10/10/2023 17:00","CTA|SE","15926.00","16119.00"
"10/10/2023 17:00 - 10/10/2023 18:00","CTA|SE","15327.00","15987.00"
"10/10/2023 18:00 - 10/10/2023 19:00","CTA|SE","14859.00","15391.00"
"10/10/2023 19:00 - 10/10/2023 20:00","CTA|SE","14030.00","14724.00"
"10/10/2023 20:00 - 10/10/2023 21:00","CTA|SE","13546.00","13895.00"
"10/10/2023 21:00 - 10/10/2023 22:00","CTA|SE","12973.00","13224.00"
"10/10/2023 22:00 - 10/10/2023 23:00","CTA|SE","12746.00","12927.00"
"10/10/2023 23:00 - 11/10/2023 00:00","CTA|SE","12285.00","12631.00"
"11/10/2023 00:00 - 11/10/2023 01:00","CTA|SE","12343.00","12499.00"
"11/10/2023 01:00 - 11/10/2023 02:00","CTA|SE","12261.00","12438.00"
"11/10/2023 02:00 - 11/10/2023 03:00","CTA|SE","12116.00","12593.00"
"11/10/2023 03:00 - 11/10/2023 04:00","CTA|SE","12591.00","13090.00"
"11/10/2023 04:00 - 11/10/2023 05:00","CTA|SE","14107.00","14432.00"
"11/10/2023 05:00 - 11/10/2023 06:00","CTA|SE","14832.00","15431.00"
"11/10/2023 06:00 - 11/10/2023 07:00","CTA|SE","15102.00","15553.00"
"11/10/2023 07:00 - 11/10/2023 08:00","CTA|SE","15097.00","15455.00"
"11/10/2023 08:00 - 11/10/2023 09:00","CTA|SE","15471.00","15458.00"
"11/10/2023 09:00 - 11/10/2023 10:00","CTA|SE","14929.00","15453.00"
"11/10/2023 10:00 - 11/10/2023 11:00","CTA|SE","14977.00","15344.00"
"11/10/2023 11:00 - 11/10/2023 12:00","CTA|SE","15221.00","15151.00"
"11/10/2023 12:00 - 11/10/2023 13:00","CTA|SE","15214.00","14998.00"
"11/10/2023 13:00 - 11/10/2023 14:00","CTA|SE","15390.00","15014.00"
"11/10/2023 14:00 - 11/10/2023 15:00","CTA|SE","15514.00","15104.00"
"11/10/2023 15:00 - 11/10/2023 16:00","CTA|SE","15461.00","15445.00"
"11/10/2023 16:00 - 11/10/2023 17:00","CTA|SE","15826.00","15716.00"
"11/10/2023 17:00 - 11/10/2023 18:00","CTA|SE","15470.00","15629.00"
"11/10/2023 18:00 - 11/10/2023 19:00","CTA|SE","15298.00","15187.00"
"11/10/2023 19:00 - 11/10/2023 20:00","CTA|SE","14237.00","14611.00"
"11/10/2023 20:00 - 11/10/2023 21:00","CTA|SE","13754.00","13949.00"
"11/10/2023 21:00 - 11/10/2023 22:00","CTA|SE","13000.00","13276.00"
"11/10/2023 22:00 - 11/10/2023 23:00","CTA|SE","12776.00","12731.00"
"11/10/2023 23:00 - 12/10/2023 00:00","CTA|SE","12690.00","12534.00"
"12/10/2023 00:00 - 12/10/2023 01:00","CTA|SE","11956.00","12481.00"
"12/10/2023 01:00 - 12/10/2023 02:00","CTA|SE","11899.00","12421.00"
"12/10/2023 02:00 - 12/10/2023 03:00","CTA|SE","12265.00","12510.00"
"12/10/2023 03:00 - 12/10/2023 04:00","CTA|SE","12827.00","13082.00"
"12/10/2023 04:00 - 12/10/2023 05:00","CTA|SE","14628.00","14456.00"
"12/10/2023 05:00 - 12/10/2023 06:00","CTA|SE","15902.00","15774.00"
"12/10/2023 06:00 - 12/10/2023 07:00","CTA|SE","15470.00","15849.00"
"12/10/2023 07:00 - 12/10/2023 08:00","CTA|SE","15723.00","15679.00"
"12/10/2023 08:00 - 12/10/2023 09:00","CTA|SE","15870.00","15626.00"
"12/10/2023 09:00 - 12/10/2023 10:00","CTA|SE","15798.00","15570.00"
"12/10/2023 10:00 - 12/10/2023 11:00","CTA|SE","15152.00","15371.00"
"12/10/2023 11:00 - 12/10/2023 12:00","CTA|SE","15078.00","15194.00"
"12/10/2023 12:00 - 12/10/2023 13:00","CTA|SE","14900.00","15059.00"
"12/10/2023 13:00 - 12/10/2023 14:00","CTA|SE","15087.00","15089.00"
"12/10/2023 14:00 - 12/10/2023 15:00","CTA|SE","15175.00","15244.00"
"12/10/2023 15:00 - 12/10/2023 16:00","CTA|SE","15571.00","15597.00"
"12/10/2023 16:00 - 12/10/2023 17:00","CTA|SE","16103.00","15740.00"
"12/10/2023 17:00 - 12/10/2023 18:00","CTA|SE","16028.00","15628.00"
"12/10/2023 18:00 - 12/10/2023 19:00","CTA|SE","15294.00","15256.00"
"12/10/2023 19:00 - 12/10/2023 20:00","CTA|SE","14789.00","14698.00"
"12/10/2023 20:00 - 12/10/2023 21:00","CTA|SE","14104.00","13979.00"
"12/10/2023 21:00 - 12/10/2023 22:00","CTA|SE","13546.00","13398.00"
"12/10/2023 22:00 - 12/10/2023 23:00","CTA|SE","13198.00","12857.00"
"12/10/2023 23:00 - 13/10/2023 00:00","CTA|SE","13104.00","12588.00"
"13/10/2023 00:00 - 13/10/2023 01:00","CTA|SE","12801.00","12510.00"
"13/10/2023 01:00 - 13/10/2023 02:00","CTA|SE","12663.00","12486.00"
"13/10/2023 02:00 - 13/10/2023 03:00","CTA|SE","12393.00","12628.00"
"13/10/2023 03:00 - 13/10/2023 04:00","CTA|SE","13781.00","13296.00"
"13/10/2023 04:00 - 13/10/2023 05:00","CTA|SE","15605.00","14664.00"
"13/10/2023 05:00 - 13/10/2023 06:00","CTA|SE","16626.00","15743.00"
"13/10/2023 06:00 - 13/10/2023 07:00","CTA|SE","16810.00","15995.00"
"13/10/2023 07:00 - 13/10/2023 08:00","CTA|SE","16311.00","16035.00"
"13/10/2023 08:00 - 13/10/2023 09:00","CTA|SE","16267.00","15959.00"
"13/10/2023 09:00 - 13/10/2023 10:00","CTA|SE","15981.00","15757.00"
"13/10/2023 10:00 - 13/10/2023 11:00","CTA|SE","15684.00","15508.00"
"13/10/2023 11:00 - 13/10/2023 12:00","CTA|SE","15495.00","15251.00"
"13/10/2023 12:00 - 13/10/2023 13:00","CTA|SE","15289.00","15010.00"
"13/10/2023 13:00 - 13/10/2023 14:00","CTA|SE","15406.00","14965.00"
"13/10/2023 14:00 - 13/10/2023 15:00","CTA|SE","15702.00","15119.00"
"13/10/2023 15:00 - 13/10/2023 16:00","CTA|SE","15729.00","15489.00"
"13/10/2023 16:00 - 13/10/2023 17:00","CTA|SE","15677.00","15540.00"
"13/10/2023 17:00 - 13/10/2023 18:00","CTA|SE","15005.00","15152.00"
"13/10/2023 18:00 - 13/10/2023 19:00","CTA|SE","14560.00","14467.00"
"13/10/2023 19:00 - 13/10/2023 20:00","CTA|SE","14019.00","13673.00"
"13/10/2023 20:00 - 13/10/2023 21:00","CTA|SE","13456.00","13067.00"
"13/10/2023 21:00 - 13/10/2023 22:00","CTA|SE","12920.00","12644.00"
"13/10/2023 22:00 - 13/10/2023 23:00","CTA|SE","12337.00","12314.00"
"13/10/2023 23:00 - 14/10/2023 00:00","CTA|SE","12048.00","12036.00"
"14/10/2023 00:00 - 14/10/2023 01:00","CTA|SE","11884.00","11920.00"
"14/10/2023 01:00 - 14/10/2023 02:00","CTA|SE","11374.00","11852.00"
"14/10/2023 02:00 - 14/10/2023 03:00","CTA|SE","11377.00","11922.00"
"14/10/2023 03:00 - 14/10/2023 04:00","CTA|SE","11501.00","12097.00"
"14/10/2023 04:00 - 14/10/2023 05:00","CTA|SE","12123.00","12533.00"
"14/10/2023 05:00 - 14/10/2023 06:00","CTA|SE","12785.00","12899.00"
"14/10/2023 06:00 - 14/10/2023 07:00","CTA|SE","13288.00","13383.00"
"14/10/2023 07:00 - 14/10/2023 08:00","CTA|SE","13590.00","13709.00"
"14/10/2023 08:00 - 14/10/2023 09:00","CTA|SE","13706.00","13830.00"
"14/10/2023 09:00 - 14/10/2023 10:00","CTA|SE","13876.00","13873.00"
"14/10/2023 10:00 - 14/10/2023 11:00","CTA|SE","13699.00","13824.00"
"14/10/2023 11:00 - 14/10/2023 12:00","CTA|SE","13491.00","13772.00"
"14/10/2023 12:00 - 14/10/2023 13:00","CTA|SE","13633.00","13715.00"
"14/10/2023 13:00 - 14/10/2023 14:00","CTA|SE","13906.00","13806.00"
"14/10/2023 14:00 - 14/10/2023 15:00","CTA|SE","14624.00","14077.00"
"14/10/2023 15:00 - 14/10/2023 16:00","CTA|SE","15171.00","14518.00"
"14/10/2023 16:00 - 14/10/2023 17:00","CTA|SE","15342.00","15019.00"
"14/10/2023 17:00 - 14/10/2023 18:00","CTA|SE","14968.00","14866.00"
"14/10/2023 18:00 - 14/10/2023 19:00","CTA|SE","14623.00","14253.00"
"14/10/2023 19:00 - 14/10/2023 20:00","CTA|SE","13867.00","13695.00"
"14/10/2023 20:00 - 14/10/2023 21:00","CTA|SE","13356.00","13237.00"
"14/10/2023 21:00 - 14/10/2023 22:00","CTA|SE","13078.00","12837.00"
"14/10/2023 22:00 - 14/10/2023 23:00","CTA|SE","12524.00","12464.00"
"14/10/2023 23:00 - 15/10/2023 00:00","CTA|SE","12109.00","12291.00"
"15/10/2023 00:00 - 15/10/2023 01:00","CTA|SE","11945.00","12185.00"
"15/10/2023 01:00 - 15/10/2023 02:00","CTA|SE","11745.00","12035.00"
"15/10/2023 02:00 - 15/10/2023 03:00","CTA|SE","11903.00","12084.00"
"15/10/2023 03:00 - 15/10/2023 04:00","CTA|SE","12131.00","12279.00"
"15/10/2023 04:00 - 15/10/2023 05:00","CTA|SE","12532.00","12626.00"
"15/10/2023 05:00 - 15/10/2023 06:00","CTA|SE","12997.00","13014.00"
"15/10/2023 06:00 - 15/10/2023 07:00","CTA|SE","13642.00","13400.00"
"15/10/2023 07:00 - 15/10/2023 08:00","CTA|SE","14231.00","13786.00"
"15/10/2023 08:00 - 15/10/2023 09:00","CTA|SE","13979.00","13974.00"
"15/10/2023 09:00 - 15/10/2023 10:00","CTA|SE","13788.00","13994.00"
"15/10/2023 10:00 - 15/10/2023 11:00","CTA|SE","14002.00","13967.00"
"15/10/2023 11:00 - 15/10/2023 12:00","CTA|SE","13719.00","13831.00"
"15/10/2023 12:00 - 15/10/2023 13:00","CTA|SE","13640.00","13792.00"
"15/10/2023 13:00 - 15/10/2023 14:00","CTA|SE","13607.00","13943.00"
"15/10/2023 14:00 - 15/10/2023 15:00","CTA|SE","14179.00","14315.00"
"15/10/2023 15:00 - 15/10/2023 16:00","CTA|SE","15245.00","14974.00"
"15/10/2023 16:00 - 15/10/2023 17:00","CTA|SE","16076.00","15514.00"
"15/10/2023 17:00 - 15/10/2023 18:00","CTA|SE","15860.00","15489.00"
"15/10/2023 18:00 - 15/10/2023 19:00","CTA|SE","15230.00","15045.00"
"15/10/2023 19:00 - 15/10/2023 20:00","CTA|SE","14839.00","14630.00"
"15/10/2023 20:00 - 15/10/2023 21:00","CTA|SE","14593.00","13996.00"
"15/10/2023 21:00 - 15/10/2023 22:00","CTA|SE","14294.00","13494.00"
"15/10/2023 22:00 - 15/10/2023 23:00","CTA|SE","13726.00","13322.00"
"15/10/2023 23:00 - 16/10/2023 00:00","CTA|SE","13637.00","13053.00"
"16/10/2023 00:00 - 16/10/2023 01:00","CTA|SE","13723.00","13011.00"
"16/10/2023 01:00 - 16/10/2023 02:00","CTA|SE","13711.00","13019.00"
"16/10/2023 02:00 - 16/10/2023 03:00","CTA|SE","13893.00","13199.00"
"16/10/2023 03:00 - 16/10/2023 04:00","CTA|SE","14313.00","13910.00"
"16/10/2023 04:00 - 16/10/2023 05:00","CTA|SE","15935.00","15473.00"
"16/10/2023 05:00 - 16/10/2023 06:00","CTA|SE","17541.00","16751.00"
"16/10/2023 06:00 - 16/10/2023 07:00","CTA|SE","17477.00","16961.00"
"16/10/2023 07:00 - 16/10/2023 08:00","CTA|SE","17350.00","16907.00"
"16/10/2023 08:00 - 16/10/2023 09:00","CTA|SE","16870.00","16718.00"
"16/10/2023 09:00 - 16/10/2023 10:00","CTA|SE","16586.00","16462.00"
"16/10/2023 10:00 - 16/10/2023 11:00","CTA|SE","16244.00","16179.00"
"16/10/2023 11:00 - 16/10/2023 12:00","CTA|SE","15978.00","15956.00"
"16/10/2023 12:00 - 16/10/2023 13:00","CTA|SE","15683.00","15857.00"
"16/10/2023 13:00 - 16/10/2023 14:00","CTA|SE","15503.00","15951.00"
"16/10/2023 14:00 - 16/10/2023 15:00","CTA|SE","15814.00","16090.00"
"16/10/2023 15:00 - 16/10/2023 16:00","CTA|SE","16423.00","16526.00"
"16/10/2023 16:00 - 16/10/2023 17:00","CTA|SE","16896.00","16790.00"
"16/10/2023 17:00 - 16/10/2023 18:00","CTA|SE","16161.00","16663.00"
"16/10/2023 18:00 - 16/10/2023 19:00","CTA|SE","15222.00","16183.00"
"16/10/2023 19:00 - 16/10/2023 20:00","CTA|SE","15254.00","15587.00"
"16/10/2023 20:00 - 16/10/2023 21:00","CTA|SE","15071.00","14830.00"
"16/10/2023 21:00 - 16/10/2023 22:00","CTA|SE","14363.00","14138.00"
"16/10/2023 22:00 - 16/10/2023 23:00","CTA|SE","14083.00","13783.00"
"16/10/2023 23:00 - 17/10/2023 00:00","CTA|SE","13877.00","13558.00"
"17/10/2023 00:00 - 17/10/2023 01:00","CTA|SE","13742.00","13472.00"
"17/10/2023 01:00 - 17/10/2023 02:00","CTA|SE","13678.00","13405.00"
"17/10/2023 02:00 - 17/10/2023 03:00","CTA|SE","13902.00","13557.00"
"17/10/2023 03:00 - 17/10/2023 04:00","CTA|SE","14298.00","14054.00"
"17/10/2023 04:00 - 17/10/2023 05:00","CTA|SE","15859.00","15646.00"
"17/10/2023 05:00 - 17/10/2023 06:00","CTA|SE","16708.00","16568.00"
"17/10/2023 06:00 - 17/10/2023 07:00","CTA|SE","16678.00","16795.00"
"17/10/2023 07:00 - 17/10/2023 08:00","CTA|SE","16416.00","16671.00"
"17/10/2023 08:00 - 17/10/2023 09:00","CTA|SE","16223.00","16543.00"
"17/10/2023 09:00 - 17/10/2023 10:00","CTA|SE","16084.00","16279.00"
"17/10/2023 10:00 - 17/10/2023 11:00","CTA|SE","15772.00","16019.00"
"17/10/2023 11:00 - 17/10/2023 12:00","CTA|SE","15578.00","15834.00"
"17/10/2023 12:00 - 17/10/2023 13:00","CTA|SE","15581.00","15760.00"
"17/10/2023 13:00 - 17/10/2023 14:00","CTA|SE","15795.00","15854.00"
"17/10/2023 14:00 - 17/10/2023 15:00","CTA|SE","16062.00","16022.00"
"17/10/2023 15:00 - 17/10/2023 16:00","CTA|SE","16632.00","16451.00"
"17/10/2023 16:00 - 17/10/2023 17:00","CTA|SE","16871.00","16711.00"
"17/10/2023 17:00 - 17/10/2023 18:00","CTA|SE","16510.00","16524.00"
"17/10/2023 18:00 - 17/10/2023 19:00","CTA|SE","16097.00","15949.00"
"17/10/2023 19:00 - 17/10/2023 20:00","CTA|SE","15565.00","15316.00"
"17/10/2023 20:00 - 17/10/2023 21:00","CTA|SE","15346.00","14514.00"
"17/10/2023 21:00 - 17/10/2023 22:00","CTA|SE","14181.00","13851.00"
"17/10/2023 22:00 - 17/10/2023 23:00","CTA|SE","13612.00","13519.00"
"17/10/2023 23:00 - 18/10/2023 00:00","CTA|SE","13581.00","13320.00"
"18/10/2023 00:00 - 18/10/2023 01:00","CTA|SE","13470.00","13247.00"
"18/10/2023 01:00 - 18/10/2023 02:00","CTA|SE","13331.00","13256.00"
"18/10/2023 02:00 - 18/10/2023 03:00","CTA|SE","13380.00","13382.00"
"18/10/2023 03:00 - 18/10/2023 04:00","CTA|SE","13918.00","13924.00"
"18/10/2023 04:00 - 18/10/2023 05:00","CTA|SE","15436.00","15544.00"
"18/10/2023 05:00 - 18/10/2023 06:00","CTA|SE","16577.00","16632.00"
"18/10/2023 06:00 - 18/10/2023 07:00","CTA|SE","16685.00","16831.00"
"18/10/2023 07:00 - 18/10/2023 08:00","CTA|SE","16547.00","16739.00"
"18/10/2023 08:00 - 18/10/2023 09:00","CTA|SE","16206.00","16650.00"
"18/10/2023 09:00 - 18/10/2023 10:00","CTA|SE","16146.00","16528.00"
"18/10/2023 10:00 - 18/10/2023 11:00","CTA|SE","15807.00","16480.00"
"18/10/2023 11:00 - 18/10/2023 12:00","CTA|SE","15859.00","16301.00"
"18/10/2023 12:00 - 18/10/2023 13:00","CTA|SE","16220.00","16276.00"
"18/10/2023 13:00 - 18/10/2023 14:00","CTA|SE","15961.00","16351.00"
"18/10/2023 14:00 - 18/10/2023 15:00","CTA|SE","16157.00","16491.00"
"18/10/2023 15:00 - 18/10/2023 16:00","CTA|SE","16388.00","16875.00"
"18/10/2023 16:00 - 18/10/2023 17:00","CTA|SE","16561.00","17145.00"
"18/10/2023 17:00 - 18/10/2023 18:00","CTA|SE","16596.00","16976.00"
"18/10/2023 18:00 - 18/10/2023 19:00","CTA|SE","15938.00","16452.00"
"18/10/2023 19:00 - 18/10/2023 20:00","CTA|SE","15423.00","15804.00"
"18/10/2023 20:00 - 18/10/2023 21:00","CTA|SE","15076.00","15051.00"
"18/10/2023 21:00 - 18/10/2023 22:00","CTA|SE","14611.00","14374.00"
"18/10/2023 22:00 - 18/10/2023 23:00","CTA|SE","14088.00","14103.00"
"18/10/2023 23:00 - 19/10/2023 00:00","CTA|SE","13801.00","13875.00"
"19/10/2023 00:00 - 19/10/2023 01:00","CTA|SE","13631.00","13815.00"
"19/10/2023 01:00 - 19/10/2023 02:00","CTA|SE","13446.00","13854.00"
"19/10/2023 02:00 - 19/10/2023 03:00","CTA|SE","13677.00","13920.00"
"19/10/2023 03:00 - 19/10/2023 04:00","CTA|SE","14172.00","14480.00"
"19/10/2023 04:00 - 19/10/2023 05:00","CTA|SE","16247.00","15957.00"
"19/10/2023 05:00 - 19/10/2023 06:00","CTA|SE","18008.00","17104.00"
"19/10/2023 06:00 - 19/10/2023 07:00","CTA|SE","18373.00","17234.00"
"19/10/2023 07:00 - 19/10/2023 08:00","CTA|SE","18346.00","17249.00"
"19/10/2023 08:00 - 19/10/2023 09:00","CTA|SE","18446.00","17226.00"
"19/10/2023 09:00 - 19/10/2023 10:00","CTA|SE","18521.00","17077.00"
"19/10/2023 10:00 - 19/10/2023 11:00","CTA|SE","18263.00","16892.00"
"19/10/2023 11:00 - 19/10/2023 12:00","CTA|SE","18085.00","16798.00"
"19/10/2023 12:00 - 19/10/2023 13:00","CTA|SE","17769.00","16765.00"
"19/10/2023 13:00 - 19/10/2023 14:00","CTA|SE","17863.00","16880.00"
"19/10/2023 14:00 - 19/10/2023 15:00","CTA|SE","18231.00","17039.00"
"19/10/2023 15:00 - 19/10/2023 16:00","CTA|SE","18793.00","17465.00"
"19/10/2023 16:00 - 19/10/2023 17:00","CTA|SE","18750.00","17725.00"
"19/10/2023 17:00 - 19/10/2023 18:00","CTA|SE","18566.00","17469.00"
"19/10/2023 18:00 - 19/10/2023 19:00","CTA|SE","18214.00","16968.00"
"19/10/2023 19:00 - 19/10/2023 20:00","CTA|SE","17350.00","16319.00"
"19/10/2023 20:00 - 19/10/2023 21:00","CTA|SE","16233.00","15606.00"
"19/10/2023 21:00 - 19/10/2023 22:00","CTA|SE","15547.00","15000.00"
"19/10/2023 22:00 - 19/10/2023 23:00","CTA|SE","15032.00","14619.00"
"19/10/2023 23:00 - 20/10/2023 00:00","CTA|SE","14864.00","14276.00"
"20/10/2023 00:00 - 20/10/2023 01:00","CTA|SE","14600.00","14143.00"
"20/10/2023 01:00 - 20/10/2023 02:00","CTA|SE","14457.00","14154.00"
"20/10/2023 02:00 - 20/10/2023 03:00","CTA|SE","14504.00","14154.00"
"20/10/2023 03:00 - 20/10/2023 04:00","CTA|SE","14866.00","14793.00"
"20/10/2023 04:00 - 20/10/2023 05:00","CTA|SE","16606.00","16164.00"
"20/10/2023 05:00 - 20/10/2023 06:00","CTA|SE","17996.00","17203.00"
"20/10/2023 06:00 - 20/10/2023 07:00","CTA|SE","18479.00","17446.00"
"20/10/2023 07:00 - 20/10/2023 08:00","CTA|SE","18337.00","17548.00"
"20/10/2023 08:00 - 20/10/2023 09:00","CTA|SE","17729.00","17555.00"
"20/10/2023 09:00 - 20/10/2023 10:00","CTA|SE","17786.00","17422.00"
"20/10/2023 10:00 - 20/10/2023 11:00","CTA|SE","17869.00","17360.00"
"20/10/2023 11:00 - 20/10/2023 12:00","CTA|SE","17350.00","17060.00"
"20/10/2023 12:00 - 20/10/2023 13:00","CTA|SE","16005.00","16868.00"
"20/10/2023 13:00 - 20/10/2023 14:00","CTA|SE","15554.00","16776.00"
"20/10/2023 14:00 - 20/10/2023 15:00","CTA|SE","15754.00","16838.00"
"20/10/2023 15:00 - 20/10/2023 16:00","CTA|SE","16135.00","17200.00"
"20/10/2023 16:00 - 20/10/2023 17:00","CTA|SE","16373.00","17296.00"
"20/10/2023 17:00 - 20/10/2023 18:00","CTA|SE","16000.00","16951.00"
"20/10/2023 18:00 - 20/10/2023 19:00","CTA|SE","15382.00","16333.00"
"20/10/2023 19:00 - 20/10/2023 20:00","CTA|SE","15557.00","15697.00"
"20/10/2023 20:00 - 20/10/2023 21:00","CTA|SE","15177.00","15207.00"
"20/10/2023 21:00 - 20/10/2023 22:00","CTA|SE","14517.00","14743.00"
"20/10/2023 22:00 - 20/10/2023 23:00","CTA|SE","14412.00","14223.00"
"20/10/2023 23:00 - 21/10/2023 00:00","CTA|SE","13980.00","13877.00"
"21/10/2023 00:00 - 21/10/2023 01:00","CTA|SE","13656.00","13760.00"
"21/10/2023 01:00 - 21/10/2023 02:00","CTA|SE","13746.00","13688.00"
"21/10/2023 02:00 - 21/10/2023 03:00","CTA|SE","13699.00","13678.00"
"21/10/2023 03:00 - 21/10/2023 04:00","CTA|SE","13742.00","13784.00"
"21/10/2023 04:00 - 21/10/2023 05:00","CTA|SE","14040.00","14303.00"
"21/10/2023 05:00 - 21/10/2023 06:00","CTA|SE","14622.00","14675.00"
"21/10/2023 06:00 - 21/10/2023 07:00","CTA|SE","15108.00","15233.00"
"21/10/2023 07:00 - 21/10/2023 08:00","CTA|SE","15760.00","15654.00"
"21/10/2023 08:00 - 21/10/2023 09:00","CTA|SE","16234.00","15854.00"
"21/10/2023 09:00 - 21/10/2023 10:00","CTA|SE","16486.00","15896.00"
"21/10/2023 10:00 - 21/10/2023 11:00","CTA|SE","16360.00","15905.00"
"21/10/2023 11:00 - 21/10/2023 12:00","CTA|SE","15978.00","15807.00"
"21/10/2023 12:00 - 21/10/2023 13:00","CTA|SE","15769.00","15710.00"
"21/10/2023 13:00 - 21/10/2023 14:00","CTA|SE","16163.00","15736.00"
"21/10/2023 14:00 - 21/10/2023 15:00","CTA|SE","16564.00","15860.00"
"21/10/2023 15:00 - 21/10/2023 16:00","CTA|SE","16965.00","16305.00"
"21/10/2023 16:00 - 21/10/2023 17:00","CTA|SE","17112.00","16583.00"
"21/10/2023 17:00 - 21/10/2023 18:00","CTA|SE","16768.00","16218.00"
"21/10/2023 18:00 - 21/10/2023 19:00","CTA|SE","16180.00","15645.00"
"21/10/2023 19:00 - 21/10/2023 20:00","CTA|SE","15513.00","15132.00"
"21/10/2023 20:00 - 21/10/2023 21:00","CTA|SE","15139.00","14635.00"
"21/10/2023 21:00 - 21/10/2023 22:00","CTA|SE","14353.00","14182.00"
"21/10/2023 22:00 - 21/10/2023 23:00","CTA|SE","13828.00","13646.00"
"21/10/2023 23:00 - 22/10/2023 00:00","CTA|SE","13651.00","13370.00"
"22/10/2023 00:00 - 22/10/2023 01:00","CTA|SE","13326.00","13250.00"
"22/10/2023 01:00 - 22/10/2023 02:00","CTA|SE","12940.00","13157.00"
"22/10/2023 02:00 - 22/10/2023 03:00","CTA|SE","12811.00","13084.00"
"22/10/2023 03:00 - 22/10/2023 04:00","CTA|SE","12809.00","13198.00"
"22/10/2023 04:00 - 22/10/2023 05:00","CTA|SE","13148.00","13475.00"
"22/10/2023 05:00 - 22/10/2023 06:00","CTA|SE","13721.00","13725.00"
"22/10/2023 06:00 - 22/10/2023 07:00","CTA|SE","14117.00","14224.00"
"22/10/2023 07:00 - 22/10/2023 08:00","CTA|SE","14653.00","14792.00"
"22/10/2023 08:00 - 22/10/2023 09:00","CTA|SE","15077.00","15029.00"
"22/10/2023 09:00 - 22/10/2023 10:00","CTA|SE","15451.00","15130.00"
"22/10/2023 10:00 - 22/10/2023 11:00","CTA|SE","15231.00","15153.00"
"22/10/2023 11:00 - 22/10/2023 12:00","CTA|SE","15031.00","15063.00"
"22/10/2023 12:00 - 22/10/2023 13:00","CTA|SE","15062.00","14904.00"
"22/10/2023 13:00 - 22/10/2023 14:00","CTA|SE","15125.00","14945.00"
"22/10/2023 14:00 - 22/10/2023 15:00","CTA|SE","15491.00","15233.00"
"22/10/2023 15:00 - 22/10/2023 16:00","CTA|SE","16210.00","15885.00"
"22/10/2023 16:00 - 22/10/2023 17:00","CTA|SE","16506.00","16324.00"
"22/10/2023 17:00 - 22/10/2023 18:00","CTA|SE","16286.00","16109.00"
"22/10/2023 18:00 - 22/10/2023 19:00","CTA|SE","15740.00","15556.00"
"22/10/2023 19:00 - 22/10/2023 20:00","CTA|SE","15242.00","15057.00"
"22/10/2023 20:00 - 22/10/2023 21:00","CTA|SE","14728.00","14452.00"
"22/10/2023 21:00 - 22/10/2023 22:00","CTA|SE","14166.00","13919.00"
"22/10/2023 22:00 - 22/10/2023 23:00","CTA|SE","13527.00","13555.00"
"22/10/2023 23:00 - 23/10/2023 00:00","CTA|SE","13398.00","13340.00"
"23/10/2023 00:00 - 23/10/2023 01:00","CTA|SE","13335.00","13247.00"
"23/10/2023 01:00 - 23/10/2023 02:00","CTA|SE","13096.00","13231.00"
"23/10/2023 02:00 - 23/10/2023 03:00","CTA|SE","13354.00","13371.00"
"23/10/2023 03:00 - 23/10/2023 04:00","CTA|SE","13933.00","14024.00"
"23/10/2023 04:00 - 23/10/2023 05:00","CTA|SE","15450.00","15658.00"
"23/10/2023 05:00 - 23/10/2023 06:00","CTA|SE","17024.00","16909.00"
"23/10/2023 06:00 - 23/10/2023 07:00","CTA|SE","17298.00","17180.00"
"23/10/2023 07:00 - 23/10/2023 08:00","CTA|SE","17159.00","17248.00"
"23/10/2023 08:00 - 23/10/2023 09:00","CTA|SE","16842.00","17288.00"
"23/10/2023 09:00 - 23/10/2023 10:00","CTA|SE","16888.00","17179.00"
"23/10/2023 10:00 - 23/10/2023 11:00","CTA|SE","16937.00","17055.00"
"23/10/2023 11:00 - 23/10/2023 12:00","CTA|SE","16596.00","16861.00"
"23/10/2023 12:00 - 23/10/2023 13:00","CTA|SE","16828.00","16668.00"
"23/10/2023 13:00 - 23/10/2023 14:00","CTA|SE","16774.00","16584.00"
"23/10/2023 14:00 - 23/10/2023 15:00","CTA|SE","16901.00","16657.00"
"23/10/2023 15:00 - 23/10/2023 16:00","CTA|SE","17503.00","17030.00"
"23/10/2023 16:00 - 23/10/2023 17:00","CTA|SE","17681.00","17217.00"
"23/10/2023 17:00 - 23/10/2023 18:00","CTA|SE","17205.00","16932.00"
"23/10/2023 18:00 - 23/10/2023 19:00","CTA|SE","16799.00","16389.00"
"23/10/2023 19:00 - 23/10/2023 20:00","CTA|SE","16182.00","15812.00"
"23/10/2023 20:00 - 23/10/2023 21:00","CTA|SE","15293.00","15133.00"
"23/10/2023 21:00 - 23/10/2023 22:00","CTA|SE","14610.00","14362.00"
"23/10/2023 22:00 - 23/10/2023 23:00","CTA|SE","14020.00","13819.00"
"23/10/2023 23:00 - 24/10/2023 00:00","CTA|SE","13860.00","13550.00"
"24/10/2023 00:00 - 24/10/2023 01:00","CTA|SE","13823.00","13476.00"
"24/10/2023 01:00 - 24/10/2023 02:00","CTA|SE","13709.00","13483.00"
"24/10/2023 02:00 - 24/10/2023 03:00","CTA|SE","13813.00","13590.00"
"24/10/2023 03:00 - 24/10/2023 04:00","CTA|SE","14345.00","14135.00"
"24/10/2023 04:00 - 24/10/2023 05:00","CTA|SE","15780.00","15593.00"
"24/10/2023 05:00 - 24/10/2023 06:00","CTA|SE","16988.00","16918.00"
"24/10/2023 06:00 - 24/10/2023 07:00","CTA|SE","17245.00","17139.00"
"24/10/2023 07:00 - 24/10/2023 08:00","CTA|SE","17295.00","17226.00"
"24/10/2023 08:00 - 24/10/2023 09:00","CTA|SE","17295.00","17260.00"
"24/10/2023 09:00 - 24/10/2023 10:00","CTA|SE","17270.00","17133.00"
"24/10/2023 10:00 - 24/10/2023 11:00","CTA|SE","17200.00","16983.00"
"24/10/2023 11:00 - 24/10/2023 12:00","CTA|SE","16974.00","16889.00"
"24/10/2023 12:00 - 24/10/2023 13:00","CTA|SE","16996.00","16735.00"
"24/10/2023 13:00 - 24/10/2023 14:00","CTA|SE","17084.00","16697.00"
"24/10/2023 14:00 - 24/10/2023 15:00","CTA|SE","17224.00","16886.00"
"24/10/2023 15:00 - 24/10/2023 16:00","CTA|SE","17863.00","17261.00"
"24/10/2023 16:00 - 24/10/2023 17:00","CTA|SE","17898.00","17437.00"
"24/10/2023 17:00 - 24/10/2023 18:00","CTA|SE","17594.00","17225.00"
"24/10/2023 18:00 - 24/10/2023 19:00","CTA|SE","17085.00","16665.00"
"24/10/2023 19:00 - 24/10/2023 20:00","CTA|SE","16340.00","16081.00"
"24/10/2023 20:00 - 24/10/2023 21:00","CTA|SE","15645.00","15452.00"
"24/10/2023 21:00 - 24/10/2023 22:00","CTA|SE","15159.00","14739.00"
"24/10/2023 22:00 - 24/10/2023 23:00","CTA|SE","14351.00","14270.00"
"24/10/2023 23:00 - 25/10/2023 00:00","CTA|SE","14027.00","14028.00"
"25/10/2023 00:00 - 25/10/2023 01:00","CTA|SE","13810.00","13929.00"
"25/10/2023 01:00 - 25/10/2023 02:00","CTA|SE","13693.00","13872.00"
"25/10/2023 02:00 - 25/10/2023 03:00","CTA|SE","13779.00","13982.00"
"25/10/2023 03:00 - 25/10/2023 04:00","CTA|SE","14504.00","14570.00"
"25/10/2023 04:00 - 25/10/2023 05:00","CTA|SE","16418.00","15980.00"
"25/10/2023 05:00 - 25/10/2023 06:00","CTA|SE","17817.00","17129.00"
"25/10/2023 06:00 - 25/10/2023 07:00","CTA|SE","17843.00","17378.00"
"25/10/2023 07:00 - 25/10/2023 08:00","CTA|SE","17800.00","17475.00"
"25/10/2023 08:00 - 25/10/2023 09:00","CTA|SE","18112.00","17550.00"
"25/10/2023 09:00 - 25/10/2023 10:00","CTA|SE","18126.00","17494.00"
"25/10/2023 10:00 - 25/10/2023 11:00","CTA|SE","18061.00","17480.00"
"25/10/2023 11:00 - 25/10/2023 12:00","CTA|SE","17848.00","17303.00"
"25/10/2023 12:00 - 25/10/2023 13:00","CTA|SE","17810.00","17203.00"
"25/10/2023 13:00 - 25/10/2023 14:00","CTA|SE","17931.00","17282.00"
"25/10/2023 14:00 - 25/10/2023 15:00","CTA|SE","17750.00","17307.00"
"25/10/2023 15:00 - 25/10/2023 16:00","CTA|SE","18186.00","17656.00"
"25/10/2023 16:00 - 25/10/2023 17:00","CTA|SE","18194.00","17761.00"
"25/10/2023 17:00 - 25/10/2023 18:00","CTA|SE","17494.00","17516.00"
"25/10/2023 18:00 - 25/10/2023 19:00","CTA|SE","17054.00","17008.00"
"25/10/2023 19:00 - 25/10/2023 20:00","CTA|SE","16624.00","16332.00"
"25/10/2023 20:00 - 25/10/2023 21:00","CTA|SE","15759.00","15623.00"
"25/10/2023 21:00 - 25/10/2023 22:00","CTA|SE","14902.00","14887.00"
"25/10/2023 22:00 - 25/10/2023 23:00","CTA|SE","14387.00","14469.00"
"25/10/2023 23:00 - 26/10/2023 00:00","CTA|SE","14219.00","14193.00"
"26/10/2023 00:00 - 26/10/2023 01:00","CTA|SE","14282.00","14040.00"
"26/10/2023 01:00 - 26/10/2023 02:00","CTA|SE","13939.00","13987.00"
"26/10/2023 02:00 - 26/10/2023 03:00","CTA|SE","14008.00","14131.00"
"26/10/2023 03:00 - 26/10/2023 04:00","CTA|SE","14795.00","14729.00"
"26/10/2023 04:00 - 26/10/2023 05:00","CTA|SE","16371.00","16286.00"
"26/10/2023 05:00 - 26/10/2023 06:00","CTA|SE","17765.00","17423.00"
"26/10/2023 06:00 - 26/10/2023 07:00","CTA|SE","17903.00","17653.00"
"26/10/2023 07:00 - 26/10/2023 08:00","CTA|SE","18236.00","17682.00"
"26/10/2023 08:00 - 26/10/2023 09:00","CTA|SE","18276.00","17651.00"
"26/10/2023 09:00 - 26/10/2023 10:00","CTA|SE","18252.00","17642.00"
"26/10/2023 10:00 - 26/10/2023 11:00","CTA|SE","18204.00","17535.00"
"26/10/2023 11:00 - 26/10/2023 12:00","CTA|SE","18172.00","17404.00"
"26/10/2023 12:00 - 26/10/2023 13:00","CTA|SE","18159.00","17316.00"
"26/10/2023 13:00 - 26/10/2023 14:00","CTA|SE","18164.00","17366.00"
"26/10/2023 14:00 - 26/10/2023 15:00","CTA|SE","18105.00","17374.00"
"26/10/2023 15:00 - 26/10/2023 16:00","CTA|SE","18626.00","17803.00"
"26/10/2023 16:00 - 26/10/2023 17:00","CTA|SE","18689.00","17876.00"
"26/10/2023 17:00 - 26/10/2023 18:00","CTA|SE","18171.00","17716.00"
"26/10/2023 18:00 - 26/10/2023 19:00","CTA|SE","17678.00","17103.00"
"26/10/2023 19:00 - 26/10/2023 20:00","CTA|SE","16992.00","16455.00"
"26/10/2023 20:00 - 26/10/2023 21:00","CTA|SE","16446.00","15667.00"
"26/10/2023 21:00 - 26/10/2023 22:00","CTA|SE","15462.00","15030.00"
"26/10/2023 22:00 - 26/10/2023 23:00","CTA|SE","14850.00","14441.00"
"26/10/2023 23:00 - 27/10/2023 00:00","CTA|SE","14577.00","14168.00"
"27/10/2023 00:00 - 27/10/2023 01:00","CTA|SE","14457.00","14059.00"
"27/10/2023 01:00 - 27/10/2023 02:00","CTA|SE","14281.00","14101.00"
"27/10/2023 02:00 - 27/10/2023 03:00","CTA|SE","14386.00","14165.00"
"27/10/2023 03:00 - 27/10/2023 04:00","CTA|SE","15154.00","14763.00"
"27/10/2023 04:00 - 27/10/2023 05:00","CTA|SE","16403.00","16290.00"
"27/10/2023 05:00 - 27/10/2023 06:00","CTA|SE","17957.00","17451.00"
"27/10/2023 06:00 - 27/10/2023 07:00","CTA|SE","18307.00","17706.00"
"27/10/2023 07:00 - 27/10/2023 08:00","CTA|SE","18501.00","17895.00"
"27/10/2023 08:00 - 27/10/2023 09:00","CTA|SE","18761.00","17888.00"
"27/10/2023 09:00 - 27/10/2023 10:00","CTA|SE","18515.00","17818.00"
"27/10/2023 10:00 - 27/10/2023 11:00","CTA|SE","18248.00","17723.00"
"27/10/2023 11:00 - 27/10/2023 12:00","CTA|SE","17909.00","17461.00"
"27/10/2023 12:00 - 27/10/2023 13:00","CTA|SE","17663.00","17119.00"
"27/10/2023 13:00 - 27/10/2023 14:00","CTA|SE","17388.00","16959.00"
"27/10/2023 14:00 - 27/10/2023 15:00","CTA|SE","17596.00","17039.00"
"27/10/2023 15:00 - 27/10/2023 16:00","CTA|SE","18111.00","17361.00"
"27/10/2023 16:00 - 27/10/2023 17:00","CTA|SE","18023.00","17446.00"
"27/10/2023 17:00 - 27/10/2023 18:00","CTA|SE","17323.00","17058.00"
"27/10/2023 18:00 - 27/10/2023 19:00","CTA|SE","16880.00","16432.00"
"27/10/2023 19:00 - 27/10/2023 20:00","CTA|SE","16289.00","16000.00"
"27/10/2023 20:00 - 27/10/2023 21:00","CTA|SE","15728.00","15358.00"
"27/10/2023 21:00 - 27/10/2023 22:00","CTA|SE","15196.00","14741.00"
"27/10/2023 22:00 - 27/10/2023 23:00","CTA|SE","14755.00","14323.00"
"27/10/2023 23:00 - 28/10/2023 00:00","CTA|SE","14491.00","14029.00"
"28/10/2023 00:00 - 28/10/2023 01:00","CTA|SE","14275.00","13921.00"
"28/10/2023 01:00 - 28/10/2023 02:00","CTA|SE","14124.00","13839.00"
"28/10/2023 02:00 - 28/10/2023 03:00","CTA|SE","14027.00","13821.00"
"28/10/2023 03:00 - 28/10/2023 04:00","CTA|SE","14107.00","13905.00"
"28/10/2023 04:00 - 28/10/2023 05:00","CTA|SE","14659.00","14460.00"
"28/10/2023 05:00 - 28/10/2023 06:00","CTA|SE","15100.00","14892.00"
"28/10/2023 06:00 - 28/10/2023 07:00","CTA|SE","15542.00","15434.00"
"28/10/2023 07:00 - 28/10/2023 08:00","CTA|SE","15985.00","15867.00"
"28/10/2023 08:00 - 28/10/2023 09:00","CTA|SE","16406.00","16087.00"
"28/10/2023 09:00 - 28/10/2023 10:00","CTA|SE","16454.00","16146.00"
"28/10/2023 10:00 - 28/10/2023 11:00","CTA|SE","16190.00","16098.00"
"28/10/2023 11:00 - 28/10/2023 12:00","CTA|SE","16210.00","15930.00"
"28/10/2023 12:00 - 28/10/2023 13:00","CTA|SE","16288.00","15819.00"
"28/10/2023 13:00 - 28/10/2023 14:00","CTA|SE","16411.00","15907.00"
"28/10/2023 14:00 - 28/10/2023 15:00","CTA|SE","16630.00","16160.00"
"28/10/2023 15:00 - 28/10/2023 16:00","CTA|SE","16944.00","16808.00"
"28/10/2023 16:00 - 28/10/2023 17:00","CTA|SE","16831.00","17065.00"
"28/10/2023 17:00 - 28/10/2023 18:00","CTA|SE","16737.00","16804.00"
"28/10/2023 18:00 - 28/10/2023 19:00","CTA|SE","16280.00","16227.00"
"28/10/2023 19:00 - 28/10/2023 20:00","CTA|SE","15627.00","15716.00"
"28/10/2023 20:00 - 28/10/2023 21:00","CTA|SE","15023.00","15380.00"
"28/10/2023 21:00 - 28/10/2023 22:00","CTA|SE","14770.00","14857.00"
"28/10/2023 22:00 - 28/10/2023 23:00","CTA|SE","14157.00","14229.00"
"28/10/2023 23:00 - 29/10/2023 00:00","CTA|SE","13956.00","14051.00"
"29/10/2023 00:00 - 29/10/2023 01:00","CTA|SE","13637.00","13931.00"
"29/10/2023 01:00 - 29/10/2023 02:00","CTA|SE","13318.00","13866.00"
"29/10/2023 02:00 - 29/10/2023 03:00","CTA|SE","13311.00","13821.00"
"29/10/2023 03:00 - 29/10/2023 04:00","CTA|SE","13576.00","13821.00"
"29/10/2023 04:00 - 29/10/2023 05:00","CTA|SE","13775.00","13972.00"
"29/10/2023 05:00 - 29/10/2023 06:00","CTA|SE","14282.00","14377.00"
"29/10/2023 06:00 - 29/10/2023 07:00","CTA|SE","14656.00","14658.00"
"29/10/2023 07:00 - 29/10/2023 08:00","CTA|SE","15244.00","15176.00"
"29/10/2023 08:00 - 29/10/2023 09:00","CTA|SE","15767.00","15625.00"
"29/10/2023 09:00 - 29/10/2023 10:00","CTA|SE","15917.00","16021.00"
"29/10/2023 10:00 - 29/10/2023 11:00","CTA|SE","16062.00","16331.00"
"29/10/2023 11:00 - 29/10/2023 12:00","CTA|SE","16240.00","16380.00"
"29/10/2023 12:00 - 29/10/2023 13:00","CTA|SE","16418.00","16337.00"
"29/10/2023 13:00 - 29/10/2023 14:00","CTA|SE","16532.00","16335.00"
"29/10/2023 14:00 - 29/10/2023 15:00","CTA|SE","16818.00","16573.00"
"29/10/2023 15:00 - 29/10/2023 16:00","CTA|SE","17379.00","17160.00"
"29/10/2023 16:00 - 29/10/2023 17:00","CTA|SE","17736.00","17609.00"
"29/10/2023 17:00 - 29/10/2023 18:00","CTA|SE","17552.00","17439.00"
"29/10/2023 18:00 - 29/10/2023 19:00","CTA|SE","17109.00","17075.00"
"29/10/2023 19:00 - 29/10/2023 20:00","CTA|SE","16702.00","16408.00"
"29/10/2023 20:00 - 29/10/2023 21:00","CTA|SE","16060.00","15795.00"
"29/10/2023 21:00 - 29/10/2023 22:00","CTA|SE","15568.00","15165.00"
"29/10/2023 22:00 - 29/10/2023 23:00","CTA|SE","15148.00","14702.00"
"29/10/2023 23:00 - 30/10/2023 00:00","CTA|SE","14457.00","14180.00"
"30/10/2023 00:00 - 30/10/2023 01:00","CTA|SE","14311.00","13988.00"
"30/10/2023 01:00 - 30/10/2023 02:00","CTA|SE","14134.00","13862.00"
"30/10/2023 02:00 - 30/10/2023 03:00","CTA|SE","14110.00","13792.00"
"30/10/2023 03:00 - 30/10/2023 04:00","CTA|SE","14246.00","13982.00"
"30/10/2023 04:00 - 30/10/2023 05:00","CTA|SE","14853.00","14698.00"
"30/10/2023 05:00 - 30/10/2023 06:00","CTA|SE","16250.00","16226.00"
"30/10/2023 06:00 - 30/10/2023 07:00","CTA|SE","17231.00","17555.00"
"30/10/2023 07:00 - 30/10/2023 08:00","CTA|SE","17753.00","17962.00"
"30/10/2023 08:00 - 30/10/2023 09:00","CTA|SE","17769.00","18073.00"
"30/10/2023 09:00 - 30/10/2023 10:00","CTA|SE","17798.00","18253.00"
"30/10/2023 10:00 - 30/10/2023 11:00","CTA|SE","17928.00","18274.00"
"30/10/2023 11:00 - 30/10/2023 12:00","CTA|SE","17844.00","18248.00"
"30/10/2023 12:00 - 30/10/2023 13:00","CTA|SE","17617.00","18142.00"
"30/10/2023 13:00 - 30/10/2023 14:00","CTA|SE","17735.00","18079.00"
"30/10/2023 14:00 - 30/10/2023 15:00","CTA|SE","17718.00","18274.00"
"30/10/2023 15:00 - 30/10/2023 16:00","CTA|SE","18205.00","18461.00"
"30/10/2023 16:00 - 30/10/2023 17:00","CTA|SE","18397.00","18699.00"
"30/10/2023 17:00 - 30/10/2023 18:00","CTA|SE","18086.00","18371.00"
"30/10/2023 18:00 - 30/10/2023 19:00","CTA|SE","17431.00","17829.00"
"30/10/2023 19:00 - 30/10/2023 20:00","CTA|SE","16977.00","17257.00"
"30/10/2023 20:00 - 30/10/2023 21:00","CTA|SE","16113.00","16523.00"
"30/10/2023 21:00 - 30/10/2023 22:00","CTA|SE","15445.00","15797.00"
"30/10/2023 22:00 - 30/10/2023 23:00","CTA|SE","14939.00","15036.00"
"30/10/2023 23:00 - 31/10/2023 00:00","CTA|SE","14585.00","14199.00"
"31/10/2023 00:00 - 31/10/2023 01:00","CTA|SE","14376.00","13865.00"
"31/10/2023 01:00 - 31/10/2023 02:00","CTA|SE","14399.00","13764.00"
"31/10/2023 02:00 - 31/10/2023 03:00","CTA|SE","14256.00","13704.00"
"31/10/2023 03:00 - 31/10/2023 04:00","CTA|SE","14311.00","13935.00"
"31/10/2023 04:00 - 31/10/2023 05:00","CTA|SE","14746.00","14573.00"
"31/10/2023 05:00 - 31/10/2023 06:00","CTA|SE","16033.00","16082.00"
"31/10/2023 06:00 - 31/10/2023 07:00","CTA|SE","17085.00","17337.00"
"31/10/2023 07:00 - 31/10/2023 08:00","CTA|SE","17630.00","17664.00"
"31/10/2023 08:00 - 31/10/2023 09:00","CTA|SE","17692.00","17745.00"
"31/10/2023 09:00 - 31/10/2023 10:00","CTA|SE","17701.00","17920.00"
"31/10/2023 10:00 - 31/10/2023 11:00","CTA|SE","17771.00","17971.00"
"31/10/2023 11:00 - 31/10/2023 12:00","CTA|SE","17749.00","17973.00"
"31/10/2023 12:00 - 31/10/2023 13:00","CTA|SE","17696.00","17932.00"
"31/10/2023 13:00 - 31/10/2023 14:00","CTA|SE","17813.00","17951.00"
"31/10/2023 14:00 - 31/10/2023 15:00","CTA|SE","18338.00","18245.00"
"31/10/2023 15:00 - 31/10/2023 16:00","CTA|SE","18648.00","18530.00"
"31/10/2023 16:00 - 31/10/2023 17:00","CTA|SE","18850.00","18790.00"
"31/10/2023 17:00 - 31/10/2023 18:00","CTA|SE","18521.00","18527.00"
"31/10/2023 18:00 - 31/10/2023 19:00","CTA|SE","18004.00","18071.00"
"31/10/2023 19:00 - 31/10/2023 20:00","CTA|SE","17746.00","17533.00"
"31/10/2023 20:00 - 31/10/2023 21:00","CTA|SE","17252.00","16857.00"
"31/10/2023 21:00 - 31/10/2023 22:00","CTA|SE","16831.00","16053.00"
"31/10/2023 22:00 - 31/10/2023 23:00","CTA|SE","16427.00","15302.00"
"31/10/2023 23:00 - 01/11/2023 00:00","CTA|SE","16318.00","14731.00"
"01/11/2023 00:00 - 01/11/2023 01:00","CTA|SE","15882.00","14561.00"
"01/11/2023 01:00 - 01/11/2023 02:00","CTA|SE","15591.00","14477.00"
"01/11/2023 02:00 - 01/11/2023 03:00","CTA|SE","15913.00","14516.00"
"01/11/2023 03:00 - 01/11/2023 04:00","CTA|SE","15665.00","14657.00"
"01/11/2023 04:00 - 01/11/2023 05:00","CTA|SE","16032.00","15270.00"
"01/11/2023 05:00 - 01/11/2023 06:00","CTA|SE","17634.00","16717.00"
"01/11/2023 06:00 - 01/11/2023 07:00","CTA|SE","18821.00","17983.00"
"01/11/2023 07:00 - 01/11/2023 08:00","CTA|SE","18844.00","18333.00"
"01/11/2023 08:00 - 01/11/2023 09:00","CTA|SE","18776.00","18458.00"
"01/11/2023 09:00 - 01/11/2023 10:00","CTA|SE","18620.00","18532.00"
"01/11/2023 10:00 - 01/11/2023 11:00","CTA|SE","18581.00","18487.00"
"01/11/2023 11:00 - 01/11/2023 12:00","CTA|SE","18762.00","18400.00"
"01/11/2023 12:00 - 01/11/2023 13:00","CTA|SE","18541.00","18355.00"
"01/11/2023 13:00 - 01/11/2023 14:00","CTA|SE","18820.00","18407.00"
"01/11/2023 14:00 - 01/11/2023 15:00","CTA|SE","18859.00","18694.00"
"01/11/2023 15:00 - 01/11/2023 16:00","CTA|SE","19063.00","19003.00"
"01/11/2023 16:00 - 01/11/2023 17:00","CTA|SE","19393.00","19188.00"
"01/11/2023 17:00 - 01/11/2023 18:00","CTA|SE","19278.00","18899.00"
"01/11/2023 18:00 - 01/11/2023 19:00","CTA|SE","19077.00","18401.00"
"01/11/2023 19:00 - 01/11/2023 20:00","CTA|SE","18646.00","17804.00"
"01/11/2023 20:00 - 01/11/2023 21:00","CTA|SE","17797.00","17210.00"
"01/11/2023 21:00 - 01/11/2023 22:00","CTA|SE","17346.00","16401.00"
"01/11/2023 22:00 - 01/11/2023 23:00","CTA|SE","16715.00","15724.00"
"01/11/2023 23:00 - 02/11/2023 00:00","CTA|SE","15984.00","15212.00"
"02/11/2023 00:00 - 02/11/2023 01:00","CTA|SE","15192.00","14955.00"
"02/11/2023 01:00 - 02/11/2023 02:00","CTA|SE","14697.00","14862.00"
"02/11/2023 02:00 - 02/11/2023 03:00","CTA|SE","14468.00","14750.00"
"02/11/2023 03:00 - 02/11/2023 04:00","CTA|SE","14269.00","14913.00"
"02/11/2023 04:00 - 02/11/2023 05:00","CTA|SE","14873.00","15382.00"
"02/11/2023 05:00 - 02/11/2023 06:00","CTA|SE","16514.00","16840.00"
"02/11/2023 06:00 - 02/11/2023 07:00","CTA|SE","17502.00","17846.00"
"02/11/2023 07:00 - 02/11/2023 08:00","CTA|SE","17985.00","18213.00"
"02/11/2023 08:00 - 02/11/2023 09:00","CTA|SE","18437.00","18341.00"
"02/11/2023 09:00 - 02/11/2023 10:00","CTA|SE","18287.00","18440.00"
"02/11/2023 10:00 - 02/11/2023 11:00","CTA|SE","18233.00","18432.00"
"02/11/2023 11:00 - 02/11/2023 12:00","CTA|SE","18309.00","18426.00"
"02/11/2023 12:00 - 02/11/2023 13:00","CTA|SE","18216.00","18359.00"
"02/11/2023 13:00 - 02/11/2023 14:00","CTA|SE","18060.00","18417.00"
"02/11/2023 14:00 - 02/11/2023 15:00","CTA|SE","18254.00","18651.00"
"02/11/2023 15:00 - 02/11/2023 16:00","CTA|SE","18214.00","18874.00"
"02/11/2023 16:00 - 02/11/2023 17:00","CTA|SE","18723.00","18987.00"
"02/11/2023 17:00 - 02/11/2023 18:00","CTA|SE","18054.00","18568.00"
"02/11/2023 18:00 - 02/11/2023 19:00","CTA|SE","17810.00","17949.00"
"02/11/2023 19:00 - 02/11/2023 20:00","CTA|SE","16894.00","17379.00"
"02/11/2023 20:00 - 02/11/2023 21:00","CTA|SE","16076.00","16627.00"
"02/11/2023 21:00 - 02/11/2023 22:00","CTA|SE","15378.00","15890.00"
"02/11/2023 22:00 - 02/11/2023 23:00","CTA|SE","14919.00","15121.00"
"02/11/2023 23:00 - 03/11/2023 00:00","CTA|SE","14395.00","14346.00"
"03/11/2023 00:00 - 03/11/2023 01:00","CTA|SE","13825.00","13954.00"
"03/11/2023 01:00 - 03/11/2023 02:00","CTA|SE","13459.00","13825.00"
"03/11/2023 02:00 - 03/11/2023 03:00","CTA|SE","13437.00","13817.00"
"03/11/2023 03:00 - 03/11/2023 04:00","CTA|SE","13403.00","13891.00"
"03/11/2023 04:00 - 03/11/2023 05:00","CTA|SE","14052.00","14512.00"
"03/11/2023 05:00 - 03/11/2023 06:00","CTA|SE","15557.00","15813.00"
"03/11/2023 06:00 - 03/11/2023 07:00","CTA|SE","16494.00","16935.00"
"03/11/2023 07:00 - 03/11/2023 08:00","CTA|SE","16950.00","17326.00"
"03/11/2023 08:00 - 03/11/2023 09:00","CTA|SE","17151.00","17470.00"
"03/11/2023 09:00 - 03/11/2023 10:00","CTA|SE","17322.00","17567.00"
"03/11/2023 10:00 - 03/11/2023 11:00","CTA|SE","17456.00","17494.00"
"03/11/2023 11:00 - 03/11/2023 12:00","CTA|SE","17326.00","17401.00"
"03/11/2023 12:00 - 03/11/2023 13:00","CTA|SE","17380.00","17212.00"
"03/11/2023 13:00 - 03/11/2023 14:00","CTA|SE","17215.00","17069.00"
"03/11/2023 14:00 - 03/11/2023 15:00","CTA|SE","17640.00","16998.00"
"03/11/2023 15:00 - 03/11/2023 16:00","CTA|SE","18710.00","17303.00"
"03/11/2023 16:00 - 03/11/2023 17:00","CTA|SE","18453.00","17513.00"
"03/11/2023 17:00 - 03/11/2023 18:00","CTA|SE","17308.00","17189.00"
"03/11/2023 18:00 - 03/11/2023 19:00","CTA|SE","16641.00","16611.00"
"03/11/2023 19:00 - 03/11/2023 20:00","CTA|SE","15993.00","15874.00"
"03/11/2023 20:00 - 03/11/2023 21:00","CTA|SE","15532.00","15297.00"
"03/11/2023 21:00 - 03/11/2023 22:00","CTA|SE","15062.00","14686.00"
"03/11/2023 22:00 - 03/11/2023 23:00","CTA|SE","14397.00","14204.00"
"03/11/2023 23:00 - 04/11/2023 00:00","CTA|SE","13660.00","13657.00"
"04/11/2023 00:00 - 04/11/2023 01:00","CTA|SE","13264.00","13382.00"
"04/11/2023 01:00 - 04/11/2023 02:00","CTA|SE","13088.00","13245.00"
"04/11/2023 02:00 - 04/11/2023 03:00","CTA|SE","12908.00","13188.00"
"04/11/2023 03:00 - 04/11/2023 04:00","CTA|SE","12765.00","13181.00"
"04/11/2023 04:00 - 04/11/2023 05:00","CTA|SE","12926.00","13346.00"
"04/11/2023 05:00 - 04/11/2023 06:00","CTA|SE","13373.00","13761.00"
"04/11/2023 06:00 - 04/11/2023 07:00","CTA|SE","13892.00","14222.00"
"04/11/2023 07:00 - 04/11/2023 08:00","CTA|SE","14410.00","14661.00"
"04/11/2023 08:00 - 04/11/2023 09:00","CTA|SE","15114.00","15137.00"
"04/11/2023 09:00 - 04/11/2023 10:00","CTA|SE","15698.00","15422.00"
"04/11/2023 10:00 - 04/11/2023 11:00","CTA|SE","15877.00","15551.00"
"04/11/2023 11:00 - 04/11/2023 12:00","CTA|SE","15921.00","15479.00"
"04/11/2023 12:00 - 04/11/2023 13:00","CTA|SE","16153.00","15448.00"
"04/11/2023 13:00 - 04/11/2023 14:00","CTA|SE","15692.00","15448.00"
"04/11/2023 14:00 - 04/11/2023 15:00","CTA|SE","15826.00","15606.00"
"04/11/2023 15:00 - 04/11/2023 16:00","CTA|SE","16211.00","16079.00"
"04/11/2023 16:00 - 04/11/2023 17:00","CTA|SE","16674.00","16226.00"
"04/11/2023 17:00 - 04/11/2023 18:00","CTA|SE","16580.00","16028.00"
"04/11/2023 18:00 - 04/11/2023 19:00","CTA|SE","15906.00","15604.00"
"04/11/2023 19:00 - 04/11/2023 20:00","CTA|SE","15356.00","15189.00"
"04/11/2023 20:00 - 04/11/2023 21:00","CTA|SE","14987.00","14694.00"
"04/11/2023 21:00 - 04/11/2023 22:00","CTA|SE","14499.00","14248.00"
"04/11/2023 22:00 - 04/11/2023 23:00","CTA|SE","14238.00","13747.00"
"04/11/2023 23:00 - 05/11/2023 00:00","CTA|SE","14152.00","13320.00"
"05/11/2023 00:00 - 05/11/2023 01:00","CTA|SE","13893.00","13135.00"
"05/11/2023 01:00 - 05/11/2023 02:00","CTA|SE","13648.00","12979.00"
"05/11/2023 02:00 - 05/11/2023 03:00","CTA|SE","13129.00","12895.00"
"05/11/2023 03:00 - 05/11/2023 04:00","CTA|SE","13011.00","12906.00"
"05/11/2023 04:00 - 05/11/2023 05:00","CTA|SE","13116.00","13020.00"
"05/11/2023 05:00 - 05/11/2023 06:00","CTA|SE","13326.00","13410.00"
"05/11/2023 06:00 - 05/11/2023 07:00","CTA|SE","13456.00","13980.00"
"05/11/2023 07:00 - 05/11/2023 08:00","CTA|SE","14053.00","14392.00"
"05/11/2023 08:00 - 05/11/2023 09:00","CTA|SE","14727.00","14794.00"
"05/11/2023 09:00 - 05/11/2023 10:00","CTA|SE","15271.00","15161.00"
"05/11/2023 10:00 - 05/11/2023 11:00","CTA|SE","15579.00","15402.00"
"05/11/2023 11:00 - 05/11/2023 12:00","CTA|SE","15798.00","15434.00"
"05/11/2023 12:00 - 05/11/2023 13:00","CTA|SE","15764.00","15417.00"
"05/11/2023 13:00 - 05/11/2023 14:00","CTA|SE","15764.00","15474.00"
"05/11/2023 14:00 - 05/11/2023 15:00","CTA|SE","15824.00","15674.00"
"05/11/2023 15:00 - 05/11/2023 16:00","CTA|SE","16376.00","16189.00"
"05/11/2023 16:00 - 05/11/2023 17:00","CTA|SE","16917.00","16533.00"
"05/11/2023 17:00 - 05/11/2023 18:00","CTA|SE","16759.00","16432.00"
"05/11/2023 18:00 - 05/11/2023 19:00","CTA|SE","16152.00","16075.00"
"05/11/2023 19:00 - 05/11/2023 20:00","CTA|SE","15591.00","15584.00"
"05/11/2023 20:00 - 05/11/2023 21:00","CTA|SE","14821.00","15091.00"
"05/11/2023 21:00 - 05/11/2023 22:00","CTA|SE","13961.00","14492.00"
"05/11/2023 22:00 - 05/11/2023 23:00","CTA|SE","13361.00","13906.00"
"05/11/2023 23:00 - 06/11/2023 00:00","CTA|SE","13331.00","13534.00"
"06/11/2023 00:00 - 06/11/2023 01:00","CTA|SE","13144.00","13359.00"
"06/11/2023 01:00 - 06/11/2023 02:00","CTA|SE","12964.00","13251.00"
"06/11/2023 02:00 - 06/11/2023 03:00","CTA|SE","13023.00","13286.00"
"06/11/2023 03:00 - 06/11/2023 04:00","CTA|SE","13165.00","13397.00"
"06/11/2023 04:00 - 06/11/2023 05:00","CTA|SE","13822.00","13944.00"
"06/11/2023 05:00 - 06/11/2023 06:00","CTA|SE","15631.00","15417.00"
"06/11/2023 06:00 - 06/11/2023 07:00","CTA|SE","16788.00","16557.00"
"06/11/2023 07:00 - 06/11/2023 08:00","CTA|SE","16814.00","17134.00"
"06/11/2023 08:00 - 06/11/2023 09:00","CTA|SE","16774.00","17243.00"
"06/11/2023 09:00 - 06/11/2023 10:00","CTA|SE","16666.00","17391.00"
"06/11/2023 10:00 - 06/11/2023 11:00","CTA|SE","16818.00","17409.00"
"06/11/2023 11:00 - 06/11/2023 12:00","CTA|SE","16886.00","17392.00"
"06/11/2023 12:00 - 06/11/2023 13:00","CTA|SE","16830.00","17322.00"
"06/11/2023 13:00 - 06/11/2023 14:00","CTA|SE","16793.00","17342.00"
"06/11/2023 14:00 - 06/11/2023 15:00","CTA|SE","17067.00","17463.00"
"06/11/2023 15:00 - 06/11/2023 16:00","CTA|SE","17413.00","17713.00"
"06/11/2023 16:00 - 06/11/2023 17:00","CTA|SE","17707.00","17877.00"
"06/11/2023 17:00 - 06/11/2023 18:00","CTA|SE","17275.00","17570.00"
"06/11/2023 18:00 - 06/11/2023 19:00","CTA|SE","16703.00","17119.00"
"06/11/2023 19:00 - 06/11/2023 20:00","CTA|SE","16275.00","16507.00"
"06/11/2023 20:00 - 06/11/2023 21:00","CTA|SE","15569.00","15760.00"
"06/11/2023 21:00 - 06/11/2023 22:00","CTA|SE","14875.00","15049.00"
"06/11/2023 22:00 - 06/11/2023 23:00","CTA|SE","14339.00","14432.00"
"06/11/2023 23:00 - 07/11/2023 00:00","CTA|SE","13802.00","13872.00"
"07/11/2023 00:00 - 07/11/2023 01:00","CTA|SE","13566.00","13577.00"
"07/11/2023 01:00 - 07/11/2023 02:00","CTA|SE","13409.00","13506.00"
"07/11/2023 02:00 - 07/11/2023 03:00","CTA|SE","13275.00","13526.00"
"07/11/2023 03:00 - 07/11/2023 04:00","CTA|SE","13482.00","13648.00"
"07/11/2023 04:00 - 07/11/2023 05:00","CTA|SE","14153.00","14227.00"
"07/11/2023 05:00 - 07/11/2023 06:00","CTA|SE","15737.00","15690.00"
"07/11/2023 06:00 - 07/11/2023 07:00","CTA|SE","17011.00","16885.00"
"07/11/2023 07:00 - 07/11/2023 08:00","CTA|SE","17037.00","17248.00"
"07/11/2023 08:00 - 07/11/2023 09:00","CTA|SE","17043.00","17305.00"
"07/11/2023 09:00 - 07/11/2023 10:00","CTA|SE","17200.00","17517.00"
"07/11/2023 10:00 - 07/11/2023 11:00","CTA|SE","17074.00","17514.00"
"07/11/2023 11:00 - 07/11/2023 12:00","CTA|SE","16889.00","17487.00"
"07/11/2023 12:00 - 07/11/2023 13:00","CTA|SE","16835.00","17418.00"
"07/11/2023 13:00 - 07/11/2023 14:00","CTA|SE","16914.00","17463.00"
"07/11/2023 14:00 - 07/11/2023 15:00","CTA|SE","17418.00","17670.00"
"07/11/2023 15:00 - 07/11/2023 16:00","CTA|SE","17869.00","17933.00"
"07/11/2023 16:00 - 07/11/2023 17:00","CTA|SE","18053.00","18074.00"
"07/11/2023 17:00 - 07/11/2023 18:00","CTA|SE","17655.00","17779.00"
"07/11/2023 18:00 - 07/11/2023 19:00","CTA|SE","17130.00","17376.00"
"07/11/2023 19:00 - 07/11/2023 20:00","CTA|SE","16635.00","16790.00"
"07/11/2023 20:00 - 07/11/2023 21:00","CTA|SE","15926.00","16092.00"
"07/11/2023 21:00 - 07/11/2023 22:00","CTA|SE","15191.00","15342.00"
"07/11/2023 22:00 - 07/11/2023 23:00","CTA|SE","14453.00","14693.00"
"07/11/2023 23:00 - 08/11/2023 00:00","CTA|SE","14134.00","14032.00"
"08/11/2023 00:00 - 08/11/2023 01:00","CTA|SE","13971.00","13765.00"
"08/11/2023 01:00 - 08/11/2023 02:00","CTA|SE","13909.00","13654.00"
"08/11/2023 02:00 - 08/11/2023 03:00","CTA|SE","13672.00","13584.00"
"08/11/2023 03:00 - 08/11/2023 04:00","CTA|SE","13659.00","13755.00"
"08/11/2023 04:00 - 08/11/2023 05:00","CTA|SE","14382.00","14379.00"
"08/11/2023 05:00 - 08/11/2023 06:00","CTA|SE","15987.00","15868.00"
"08/11/2023 06:00 - 08/11/2023 07:00","CTA|SE","17272.00","17123.00"
"08/11/2023 07:00 - 08/11/2023 08:00","CTA|SE","17344.00","17369.00"
"08/11/2023 08:00 - 08/11/2023 09:00","CTA|SE","17466.00","17412.00"
"08/11/2023 09:00 - 08/11/2023 10:00","CTA|SE","17497.00","17464.00"
"08/11/2023 10:00 - 08/11/2023 11:00","CTA|SE","17098.00","17607.00"
"08/11/2023 11:00 - 08/11/2023 12:00","CTA|SE","17103.00","17602.00"
"08/11/2023 12:00 - 08/11/2023 13:00","CTA|SE","17065.00","17454.00"
"08/11/2023 13:00 - 08/11/2023 14:00","CTA|SE","17390.00","17510.00"
"08/11/2023 14:00 - 08/11/2023 15:00","CTA|SE","17791.00","17708.00"
"08/11/2023 15:00 - 08/11/2023 16:00","CTA|SE","18086.00","18086.00"
"08/11/2023 16:00 - 08/11/2023 17:00","CTA|SE","18393.00","18198.00"
"08/11/2023 17:00 - 08/11/2023 18:00","CTA|SE","18103.00","17774.00"
"08/11/2023 18:00 - 08/11/2023 19:00","CTA|SE","17533.00","17360.00"
"08/11/2023 19:00 - 08/11/2023 20:00","CTA|SE","16882.00","16847.00"
"08/11/2023 20:00 - 08/11/2023 21:00","CTA|SE","16263.00","16068.00"
"08/11/2023 21:00 - 08/11/2023 22:00","CTA|SE","15541.00","15309.00"
"08/11/2023 22:00 - 08/11/2023 23:00","CTA|SE","14808.00","14664.00"
"08/11/2023 23:00 - 09/11/2023 00:00","CTA|SE","14225.00","14100.00"
"09/11/2023 00:00 - 09/11/2023 01:00","CTA|SE","13903.00","13793.00"
"09/11/2023 01:00 - 09/11/2023 02:00","CTA|SE","13681.00","13715.00"
"09/11/2023 02:00 - 09/11/2023 03:00","CTA|SE","13730.00","13713.00"
"09/11/2023 03:00 - 09/11/2023 04:00","CTA|SE","13834.00","13855.00"
"09/11/2023 04:00 - 09/11/2023 05:00","CTA|SE","14501.00","14393.00"
"09/11/2023 05:00 - 09/11/2023 06:00","CTA|SE","16186.00","15975.00"
"09/11/2023 06:00 - 09/11/2023 07:00","CTA|SE","17749.00","17116.00"
"09/11/2023 07:00 - 09/11/2023 08:00","CTA|SE","17755.00","17373.00"
"09/11/2023 08:00 - 09/11/2023 09:00","CTA|SE","17990.00","17499.00"
"09/11/2023 09:00 - 09/11/2023 10:00","CTA|SE","18111.00","17591.00"
"09/11/2023 10:00 - 09/11/2023 11:00","CTA|SE","18000.00","17599.00"
"09/11/2023 11:00 - 09/11/2023 12:00","CTA|SE","18010.00","17567.00"
"09/11/2023 12:00 - 09/11/2023 13:00","CTA|SE","17947.00","17523.00"
"09/11/2023 13:00 - 09/11/2023 14:00","CTA|SE","17799.00","17522.00"
"09/11/2023 14:00 - 09/11/2023 15:00","CTA|SE","18077.00","17696.00"
"09/11/2023 15:00 - 09/11/2023 16:00","CTA|SE","18421.00","17958.00"
"09/11/2023 16:00 - 09/11/2023 17:00","CTA|SE","18686.00","18072.00"
"09/11/2023 17:00 - 09/11/2023 18:00","CTA|SE","18262.00","17695.00"
"09/11/2023 18:00 - 09/11/2023 19:00","CTA|SE","17813.00","17198.00"
"09/11/2023 19:00 - 09/11/2023 20:00","CTA|SE","17546.00","16707.00"
"09/11/2023 20:00 - 09/11/2023 21:00","CTA|SE","16899.00","15945.00"
"09/11/2023 21:00 - 09/11/2023 22:00","CTA|SE","16079.00","15216.00"
"09/11/2023 22:00 - 09/11/2023 23:00","CTA|SE","15338.00","14551.00"
"09/11/2023 23:00 - 10/11/2023 00:00","CTA|SE","14838.00","13948.00"
"10/11/2023 00:00 - 10/11/2023 01:00","CTA|SE","14643.00","13691.00"
"10/11/2023 01:00 - 10/11/2023 02:00","CTA|SE","14555.00","13539.00"
"10/11/2023 02:00 - 10/11/2023 03:00","CTA|SE","14670.00","13494.00"
"10/11/2023 03:00 - 10/11/2023 04:00","CTA|SE","14590.00","13641.00"
"10/11/2023 04:00 - 10/11/2023 05:00","CTA|SE","15083.00","14220.00"
"10/11/2023 05:00 - 10/11/2023 06:00","CTA|SE","16791.00","15709.00"
"10/11/2023 06:00 - 10/11/2023 07:00","CTA|SE","17715.00","16998.00"
"10/11/2023 07:00 - 10/11/2023 08:00","CTA|SE","17987.00","17337.00"
"10/11/2023 08:00 - 10/11/2023 09:00","CTA|SE","17951.00","17309.00"
"10/11/2023 09:00 - 10/11/2023 10:00","CTA|SE","18019.00","17392.00"
"10/11/2023 10:00 - 10/11/2023 11:00","CTA|SE","18023.00","17357.00"
"10/11/2023 11:00 - 10/11/2023 12:00","CTA|SE","17828.00","17252.00"
"10/11/2023 12:00 - 10/11/2023 13:00","CTA|SE","17382.00","16987.00"
"10/11/2023 13:00 - 10/11/2023 14:00","CTA|SE","17472.00","16944.00"
"10/11/2023 14:00 - 10/11/2023 15:00","CTA|SE","17539.00","17157.00"
"10/11/2023 15:00 - 10/11/2023 16:00","CTA|SE","18081.00","17422.00"
"10/11/2023 16:00 - 10/11/2023 17:00","CTA|SE","18438.00","17562.00"
"10/11/2023 17:00 - 10/11/2023 18:00","CTA|SE","18035.00","17187.00"
"10/11/2023 18:00 - 10/11/2023 19:00","CTA|SE","17362.00","16627.00"
"10/11/2023 19:00 - 10/11/2023 20:00","CTA|SE","16553.00","16045.00"
"10/11/2023 20:00 - 10/11/2023 21:00","CTA|SE","15900.00","15470.00"
"10/11/2023 21:00 - 10/11/2023 22:00","CTA|SE","15242.00","14835.00"
"10/11/2023 22:00 - 10/11/2023 23:00","CTA|SE","14825.00","14313.00"
"10/11/2023 23:00 - 11/11/2023 00:00","CTA|SE","14300.00","13878.00"
"11/11/2023 00:00 - 11/11/2023 01:00","CTA|SE","14097.00","13624.00"
"11/11/2023 01:00 - 11/11/2023 02:00","CTA|SE","13719.00","13496.00"
"11/11/2023 02:00 - 11/11/2023 03:00","CTA|SE","13550.00","13433.00"
"11/11/2023 03:00 - 11/11/2023 04:00","CTA|SE","13632.00","13453.00"
"11/11/2023 04:00 - 11/11/2023 05:00","CTA|SE","13890.00","13587.00"
"11/11/2023 05:00 - 11/11/2023 06:00","CTA|SE","14188.00","14036.00"
"11/11/2023 06:00 - 11/11/2023 07:00","CTA|SE","14515.00","14502.00"
"11/11/2023 07:00 - 11/11/2023 08:00","CTA|SE","14916.00","15027.00"
"11/11/2023 08:00 - 11/11/2023 09:00","CTA|SE","15602.00","15512.00"
"11/11/2023 09:00 - 11/11/2023 10:00","CTA|SE","15948.00","15823.00"
"11/11/2023 10:00 - 11/11/2023 11:00","CTA|SE","16044.00","15977.00"
"11/11/2023 11:00 - 11/11/2023 12:00","CTA|SE","15960.00","16005.00"
"11/11/2023 12:00 - 11/11/2023 13:00","CTA|SE","15819.00","16019.00"
"11/11/2023 13:00 - 11/11/2023 14:00","CTA|SE","16061.00","16043.00"
"11/11/2023 14:00 - 11/11/2023 15:00","CTA|SE","16447.00","16267.00"
"11/11/2023 15:00 - 11/11/2023 16:00","CTA|SE","16898.00","16716.00"
"11/11/2023 16:00 - 11/11/2023 17:00","CTA|SE","17062.00","16848.00"
"11/11/2023 17:00 - 11/11/2023 18:00","CTA|SE","16684.00","16628.00"
"11/11/2023 18:00 - 11/11/2023 19:00","CTA|SE","16480.00","16253.00"
"11/11/2023 19:00 - 11/11/2023 20:00","CTA|SE","16208.00","15691.00"
"11/11/2023 20:00 - 11/11/2023 21:00","CTA|SE","15695.00","15218.00"
"11/11/2023 21:00 - 11/11/2023 22:00","CTA|SE","15344.00","14706.00"
"11/11/2023 22:00 - 11/11/2023 23:00","CTA|SE","14995.00","14279.00"
"11/11/2023 23:00 - 12/11/2023 00:00","CTA|SE","14730.00","13948.00"
"12/11/2023 00:00 - 12/11/2023 01:00","CTA|SE","14372.00","13744.00"
"12/11/2023 01:00 - 12/11/2023 02:00","CTA|SE","14163.00","13640.00"
"12/11/2023 02:00 - 12/11/2023 03:00","CTA|SE","13905.00","13491.00"
"12/11/2023 03:00 - 12/11/2023 04:00","CTA|SE","13690.00","13537.00"
"12/11/2023 04:00 - 12/11/2023 05:00","CTA|SE","13986.00","13641.00"
"12/11/2023 05:00 - 12/11/2023 06:00","CTA|SE","14495.00","14043.00"
"12/11/2023 06:00 - 12/11/2023 07:00","CTA|SE","14905.00","14427.00"
"12/11/2023 07:00 - 12/11/2023 08:00","CTA|SE","15319.00","14986.00"
"12/11/2023 08:00 - 12/11/2023 09:00","CTA|SE","15832.00","15470.00"
"12/11/2023 09:00 - 12/11/2023 10:00","CTA|SE","16160.00","15839.00"
"12/11/2023 10:00 - 12/11/2023 11:00","CTA|SE","16448.00","16152.00"
"12/11/2023 11:00 - 12/11/2023 12:00","CTA|SE","16673.00","16244.00"
"12/11/2023 12:00 - 12/11/2023 13:00","CTA|SE","16823.00","16274.00"
"12/11/2023 13:00 - 12/11/2023 14:00","CTA|SE","17218.00","16347.00"
"12/11/2023 14:00 - 12/11/2023 15:00","CTA|SE","17583.00","16604.00"
"12/11/2023 15:00 - 12/11/2023 16:00","CTA|SE","18048.00","17134.00"
"12/11/2023 16:00 - 12/11/2023 17:00","CTA|SE","18395.00","17391.00"
"12/11/2023 17:00 - 12/11/2023 18:00","CTA|SE","18106.00","17206.00"
"12/11/2023 18:00 - 12/11/2023 19:00","CTA|SE","17913.00","16966.00"
"12/11/2023 19:00 - 12/11/2023 20:00","CTA|SE","17490.00","16465.00"
"12/11/2023 20:00 - 12/11/2023 21:00","CTA|SE","16905.00","16003.00"
"12/11/2023 21:00 - 12/11/2023 22:00","CTA|SE","16387.00","15480.00"
"12/11/2023 22:00 - 12/11/2023 23:00","CTA|SE","16076.00","14971.00"
"12/11/2023 23:00 - 13/11/2023 00:00","CTA|SE","15814.00","14584.00"
"13/11/2023 00:00 - 13/11/2023 01:00","CTA|SE","15584.00","14476.00"
"13/11/2023 01:00 - 13/11/2023 02:00","CTA|SE","15413.00","14440.00"
"13/11/2023 02:00 - 13/11/2023 03:00","CTA|SE","15424.00","14502.00"
"13/11/2023 03:00 - 13/11/2023 04:00","CTA|SE","15630.00","14680.00"
"13/11/2023 04:00 - 13/11/2023 05:00","CTA|SE","16351.00","15343.00"
"13/11/2023 05:00 - 13/11/2023 06:00","CTA|SE","17883.00","16889.00"
"13/11/2023 06:00 - 13/11/2023 07:00","CTA|SE","19222.00","18241.00"
"13/11/2023 07:00 - 13/11/2023 08:00","CTA|SE","19374.00","18474.00"
"13/11/2023 08:00 - 13/11/2023 09:00","CTA|SE","19264.00","18523.00"
"13/11/2023 09:00 - 13/11/2023 10:00","CTA|SE","19541.00","18570.00"
"13/11/2023 10:00 - 13/11/2023 11:00","CTA|SE","19583.00","18525.00"
"13/11/2023 11:00 - 13/11/2023 12:00","CTA|SE","19556.00","18527.00"
"13/11/2023 12:00 - 13/11/2023 13:00","CTA|SE","19429.00","18510.00"
"13/11/2023 13:00 - 13/11/2023 14:00","CTA|SE","19555.00","18543.00"
"13/11/2023 14:00 - 13/11/2023 15:00","CTA|SE","19696.00","18776.00"
"13/11/2023 15:00 - 13/11/2023 16:00","CTA|SE","20267.00","19126.00"
"13/11/2023 16:00 - 13/11/2023 17:00","CTA|SE","20396.00","19283.00"
"13/11/2023 17:00 - 13/11/2023 18:00","CTA|SE","20157.00","18847.00"
"13/11/2023 18:00 - 13/11/2023 19:00","CTA|SE","19829.00","18491.00"
"13/11/2023 19:00 - 13/11/2023 20:00","CTA|SE","19245.00","18004.00"
"13/11/2023 20:00 - 13/11/2023 21:00","CTA|SE","18362.00","17370.00"
"13/11/2023 21:00 - 13/11/2023 22:00","CTA|SE","17576.00","16580.00"
"13/11/2023 22:00 - 13/11/2023 23:00","CTA|SE","16987.00","16073.00"
"13/11/2023 23:00 - 14/11/2023 00:00","CTA|SE","16198.00","15641.00"
"14/11/2023 00:00 - 14/11/2023 01:00","CTA|SE","15748.00","15312.00"
"14/11/2023 01:00 - 14/11/2023 02:00","CTA|SE","15450.00","15169.00"
"14/11/2023 02:00 - 14/11/2023 03:00","CTA|SE","15341.00","15163.00"
"14/11/2023 03:00 - 14/11/2023 04:00","CTA|SE","15305.00","15361.00"
"14/11/2023 04:00 - 14/11/2023 05:00","CTA|SE","15976.00","15912.00"
"14/11/2023 05:00 - 14/11/2023 06:00","CTA|SE","17654.00","17426.00"
"14/11/2023 06:00 - 14/11/2023 07:00","CTA|SE","18939.00","18451.00"
"14/11/2023 07:00 - 14/11/2023 08:00","CTA|SE","18907.00","18718.00"
"14/11/2023 08:00 - 14/11/2023 09:00","CTA|SE","18947.00","18838.00"
"14/11/2023 09:00 - 14/11/2023 10:00","CTA|SE","18993.00","18950.00"
"14/11/2023 10:00 - 14/11/2023 11:00","CTA|SE","18759.00","18971.00"
"14/11/2023 11:00 - 14/11/2023 12:00","CTA|SE","18962.00","18965.00"
"14/11/2023 12:00 - 14/11/2023 13:00","CTA|SE","18968.00","18937.00"
"14/11/2023 13:00 - 14/11/2023 14:00","CTA|SE","19628.00","18967.00"
"14/11/2023 14:00 - 14/11/2023 15:00","CTA|SE","20121.00","19245.00"
"14/11/2023 15:00 - 14/11/2023 16:00","CTA|SE","20188.00","19502.00"
"14/11/2023 16:00 - 14/11/2023 17:00","CTA|SE","20430.00","19686.00"
"14/11/2023 17:00 - 14/11/2023 18:00","CTA|SE","20141.00","19277.00"
"14/11/2023 18:00 - 14/11/2023 19:00","CTA|SE","19512.00","18903.00"
"14/11/2023 19:00 - 14/11/2023 20:00","CTA|SE","18922.00","18454.00"
"14/11/2023 20:00 - 14/11/2023 21:00","CTA|SE","18210.00","17789.00"
"14/11/2023 21:00 - 14/11/2023 22:00","CTA|SE","17715.00","17011.00"
"14/11/2023 22:00 - 14/11/2023 23:00","CTA|SE","17075.00","16323.00"
"14/11/2023 23:00 - 15/11/2023 00:00","CTA|SE","16004.00","16005.00"
"15/11/2023 00:00 - 15/11/2023 01:00","CTA|SE","15735.00","15806.00"
"15/11/2023 01:00 - 15/11/2023 02:00","CTA|SE","15788.00","15669.00"
"15/11/2023 02:00 - 15/11/2023 03:00","CTA|SE","15684.00","15758.00"
"15/11/2023 03:00 - 15/11/2023 04:00","CTA|SE","15971.00","15856.00"
"15/11/2023 04:00 - 15/11/2023 05:00","CTA|SE","16623.00","16486.00"
"15/11/2023 05:00 - 15/11/2023 06:00","CTA|SE","18502.00","18070.00"
"15/11/2023 06:00 - 15/11/2023 07:00","CTA|SE","19906.00","19153.00"
"15/11/2023 07:00 - 15/11/2023 08:00","CTA|SE","19931.00","19450.00"
"15/11/2023 08:00 - 15/11/2023 09:00","CTA|SE","19776.00","19517.00"
"15/11/2023 09:00 - 15/11/2023 10:00","CTA|SE","19671.00","19594.00"
"15/11/2023 10:00 - 15/11/2023 11:00","CTA|SE","19530.00","19595.00"
"15/11/2023 11:00 - 15/11/2023 12:00","CTA|SE","19432.00","19582.00"
"15/11/2023 12:00 - 15/11/2023 13:00","CTA|SE","19380.00","19569.00"
"15/11/2023 13:00 - 15/11/2023 14:00","CTA|SE","19638.00","19609.00"
"15/11/2023 14:00 - 15/11/2023 15:00","CTA|SE","20014.00","19855.00"
"15/11/2023 15:00 - 15/11/2023 16:00","CTA|SE","20306.00","20098.00"
"15/11/2023 16:00 - 15/11/2023 17:00","CTA|SE","20369.00","20276.00"
"15/11/2023 17:00 - 15/11/2023 18:00","CTA|SE","19936.00","19900.00"
"15/11/2023 18:00 - 15/11/2023 19:00","CTA|SE","19593.00","19453.00"
"15/11/2023 19:00 - 15/11/2023 20:00","CTA|SE","19165.00","18974.00"
"15/11/2023 20:00 - 15/11/2023 21:00","CTA|SE","18311.00","18394.00"
"15/11/2023 21:00 - 15/11/2023 22:00","CTA|SE","17425.00","17662.00"
"15/11/2023 22:00 - 15/11/2023 23:00","CTA|SE","16548.00","16928.00"
"15/11/2023 23:00 - 16/11/2023 00:00","CTA|SE","16027.00","16386.00"
"16/11/2023 00:00 - 16/11/2023 01:00","CTA|SE","15885.00","16110.00"
"16/11/2023 01:00 - 16/11/2023 02:00","CTA|SE","15842.00","16030.00"
"16/11/2023 02:00 - 16/11/2023 03:00","CTA|SE","15748.00","16065.00"
"16/11/2023 03:00 - 16/11/2023 04:00","CTA|SE","15773.00","16185.00"
"16/11/2023 04:00 - 16/11/2023 05:00","CTA|SE","16461.00","16900.00"
"16/11/2023 05:00 - 16/11/2023 06:00","CTA|SE","18169.00","18490.00"
"16/11/2023 06:00 - 16/11/2023 07:00","CTA|SE","19464.00","19699.00"
"16/11/2023 07:00 - 16/11/2023 08:00","CTA|SE","19621.00","19983.00"
"16/11/2023 08:00 - 16/11/2023 09:00","CTA|SE","19688.00","20018.00"
"16/11/2023 09:00 - 16/11/2023 10:00","CTA|SE","19638.00","20058.00"
"16/11/2023 10:00 - 16/11/2023 11:00","CTA|SE","19528.00","20014.00"
"16/11/2023 11:00 - 16/11/2023 12:00","CTA|SE","19230.00","19895.00"
"16/11/2023 12:00 - 16/11/2023 13:00","CTA|SE","18735.00","19889.00"
"16/11/2023 13:00 - 16/11/2023 14:00","CTA|SE","18619.00","19933.00"
"16/11/2023 14:00 - 16/11/2023 15:00","CTA|SE","19199.00","20213.00"
"16/11/2023 15:00 - 16/11/2023 16:00","CTA|SE","19764.00","20595.00"
"16/11/2023 16:00 - 16/11/2023 17:00","CTA|SE","19822.00","20730.00"
"16/11/2023 17:00 - 16/11/2023 18:00","CTA|SE","19687.00","20333.00"
"16/11/2023 18:00 - 16/11/2023 19:00","CTA|SE","19790.00","19858.00"
"16/11/2023 19:00 - 16/11/2023 20:00","CTA|SE","19399.00","19302.00"
"16/11/2023 20:00 - 16/11/2023 21:00","CTA|SE","18437.00","18615.00"
"16/11/2023 21:00 - 16/11/2023 22:00","CTA|SE","17915.00","17891.00"
"16/11/2023 22:00 - 16/11/2023 23:00","CTA|SE","17387.00","17186.00"
"16/11/2023 23:00 - 17/11/2023 00:00","CTA|SE","16470.00","16551.00"
"17/11/2023 00:00 - 17/11/2023 01:00","CTA|SE","16007.00","16317.00"
"17/11/2023 01:00 - 17/11/2023 02:00","CTA|SE","15813.00","16182.00"
"17/11/2023 02:00 - 17/11/2023 03:00","CTA|SE","15835.00","16128.00"
"17/11/2023 03:00 - 17/11/2023 04:00","CTA|SE","16141.00","16282.00"
"17/11/2023 04:00 - 17/11/2023 05:00","CTA|SE","16749.00","16911.00"
"17/11/2023 05:00 - 17/11/2023 06:00","CTA|SE","18467.00","18416.00"
"17/11/2023 06:00 - 17/11/2023 07:00","CTA|SE","19686.00","19640.00"
"17/11/2023 07:00 - 17/11/2023 08:00","CTA|SE","20039.00","19927.00"
"17/11/2023 08:00 - 17/11/2023 09:00","CTA|SE","20391.00","20029.00"
"17/11/2023 09:00 - 17/11/2023 10:00","CTA|SE","20249.00","20060.00"
"17/11/2023 10:00 - 17/11/2023 11:00","CTA|SE","20010.00","19998.00"
"17/11/2023 11:00 - 17/11/2023 12:00","CTA|SE","19706.00","19876.00"
"17/11/2023 12:00 - 17/11/2023 13:00","CTA|SE","19349.00","19599.00"
"17/11/2023 13:00 - 17/11/2023 14:00","CTA|SE","19321.00","19527.00"
"17/11/2023 14:00 - 17/11/2023 15:00","CTA|SE","19418.00","19733.00"
"17/11/2023 15:00 - 17/11/2023 16:00","CTA|SE","19765.00","20108.00"
"17/11/2023 16:00 - 17/11/2023 17:00","CTA|SE","19854.00","20211.00"
"17/11/2023 17:00 - 17/11/2023 18:00","CTA|SE","19477.00","19829.00"
"17/11/2023 18:00 - 17/11/2023 19:00","CTA|SE","19121.00","19297.00"
"17/11/2023 19:00 - 17/11/2023 20:00","CTA|SE","18598.00","18711.00"
"17/11/2023 20:00 - 17/11/2023 21:00","CTA|SE","18130.00","18059.00"
"17/11/2023 21:00 - 17/11/2023 22:00","CTA|SE","17515.00","17594.00"
"17/11/2023 22:00 - 17/11/2023 23:00","CTA|SE","16896.00","17055.00"
"17/11/2023 23:00 - 18/11/2023 00:00","CTA|SE","16252.00","16353.00"
"18/11/2023 00:00 - 18/11/2023 01:00","CTA|SE","16228.00","16115.00"
"18/11/2023 01:00 - 18/11/2023 02:00","CTA|SE","16377.00","15961.00"
"18/11/2023 02:00 - 18/11/2023 03:00","CTA|SE","16347.00","15798.00"
"18/11/2023 03:00 - 18/11/2023 04:00","CTA|SE","16320.00","15861.00"
"18/11/2023 04:00 - 18/11/2023 05:00","CTA|SE","16342.00","16100.00"
"18/11/2023 05:00 - 18/11/2023 06:00","CTA|SE","16647.00","16474.00"
"18/11/2023 06:00 - 18/11/2023 07:00","CTA|SE","17436.00","16944.00"
"18/11/2023 07:00 - 18/11/2023 08:00","CTA|SE","18011.00","17457.00"
"18/11/2023 08:00 - 18/11/2023 09:00","CTA|SE","18733.00","17797.00"
"18/11/2023 09:00 - 18/11/2023 10:00","CTA|SE","18878.00","18074.00"
"18/11/2023 10:00 - 18/11/2023 11:00","CTA|SE","18747.00","18074.00"
"18/11/2023 11:00 - 18/11/2023 12:00","CTA|SE","18607.00","18034.00"
"18/11/2023 12:00 - 18/11/2023 13:00","CTA|SE","18375.00","18018.00"
"18/11/2023 13:00 - 18/11/2023 14:00","CTA|SE","18464.00","18244.00"
"18/11/2023 14:00 - 18/11/2023 15:00","CTA|SE","19145.00","18582.00"
"18/11/2023 15:00 - 18/11/2023 16:00","CTA|SE","19580.00","19050.00"
"18/11/2023 16:00 - 18/11/2023 17:00","CTA|SE","19877.00","19156.00"
"18/11/2023 17:00 - 18/11/2023 18:00","CTA|SE","19762.00","18937.00"
"18/11/2023 18:00 - 18/11/2023 19:00","CTA|SE","19070.00","18491.00"
"18/11/2023 19:00 - 18/11/2023 20:00","CTA|SE","18406.00","18086.00"
"18/11/2023 20:00 - 18/11/2023 21:00","CTA|SE","17857.00","17601.00"
"18/11/2023 21:00 - 18/11/2023 22:00","CTA|SE","17661.00","17110.00"
"18/11/2023 22:00 - 18/11/2023 23:00","CTA|SE","17419.00","16770.00"
"18/11/2023 23:00 - 19/11/2023 00:00","CTA|SE","16891.00","16182.00"
"19/11/2023 00:00 - 19/11/2023 01:00","CTA|SE","16588.00","15980.00"
"19/11/2023 01:00 - 19/11/2023 02:00","CTA|SE","16331.00","15814.00"
"19/11/2023 02:00 - 19/11/2023 03:00","CTA|SE","16200.00","15762.00"
"19/11/2023 03:00 - 19/11/2023 04:00","CTA|SE","16210.00","15745.00"
"19/11/2023 04:00 - 19/11/2023 05:00","CTA|SE","16429.00","15802.00"
"19/11/2023 05:00 - 19/11/2023 06:00","CTA|SE","16839.00","16159.00"
"19/11/2023 06:00 - 19/11/2023 07:00","CTA|SE","17128.00","16301.00"
"19/11/2023 07:00 - 19/11/2023 08:00","CTA|SE","17345.00","16968.00"
"19/11/2023 08:00 - 19/11/2023 09:00","CTA|SE","17876.00","17286.00"
"19/11/2023 09:00 - 19/11/2023 10:00","CTA|SE","17902.00","17640.00"
"19/11/2023 10:00 - 19/11/2023 11:00","CTA|SE","18158.00","17868.00"
"19/11/2023 11:00 - 19/11/2023 12:00","CTA|SE","18437.00","17955.00"
"19/11/2023 12:00 - 19/11/2023 13:00","CTA|SE","18271.00","17983.00"
"19/11/2023 13:00 - 19/11/2023 14:00","CTA|SE","18407.00","18083.00"
"19/11/2023 14:00 - 19/11/2023 15:00","CTA|SE","18775.00","18342.00"
"19/11/2023 15:00 - 19/11/2023 16:00","CTA|SE","19320.00","18849.00"
"19/11/2023 16:00 - 19/11/2023 17:00","CTA|SE","19573.00","19025.00"
"19/11/2023 17:00 - 19/11/2023 18:00","CTA|SE","19258.00","18790.00"
"19/11/2023 18:00 - 19/11/2023 19:00","CTA|SE","18970.00","18430.00"
"19/11/2023 19:00 - 19/11/2023 20:00","CTA|SE","18262.00","17960.00"
"19/11/2023 20:00 - 19/11/2023 21:00","CTA|SE","17404.00","17487.00"
"19/11/2023 21:00 - 19/11/2023 22:00","CTA|SE","16982.00","16908.00"
"19/11/2023 22:00 - 19/11/2023 23:00","CTA|SE","16550.00","16355.00"
"19/11/2023 23:00 - 20/11/2023 00:00","CTA|SE","16375.00","16196.00"
"20/11/2023 00:00 - 20/11/2023 01:00","CTA|SE","16271.00","15957.00"
"20/11/2023 01:00 - 20/11/2023 02:00","CTA|SE","16312.00","15885.00"
"20/11/2023 02:00 - 20/11/2023 03:00","CTA|SE","16424.00","15895.00"
"20/11/2023 03:00 - 20/11/2023 04:00","CTA|SE","16723.00","16091.00"
"20/11/2023 04:00 - 20/11/2023 05:00","CTA|SE","17413.00","16738.00"
"20/11/2023 05:00 - 20/11/2023 06:00","CTA|SE","19136.00","18224.00"
"20/11/2023 06:00 - 20/11/2023 07:00","CTA|SE","20258.00","19510.00"
"20/11/2023 07:00 - 20/11/2023 08:00","CTA|SE","20444.00","19906.00"
"20/11/2023 08:00 - 20/11/2023 09:00","CTA|SE","20463.00","19953.00"
"20/11/2023 09:00 - 20/11/2023 10:00","CTA|SE","20499.00","19974.00"
"20/11/2023 10:00 - 20/11/2023 11:00","CTA|SE","20669.00","19962.00"
"20/11/2023 11:00 - 20/11/2023 12:00","CTA|SE","20358.00","19912.00"
"20/11/2023 12:00 - 20/11/2023 13:00","CTA|SE","20209.00","19712.00"
"20/11/2023 13:00 - 20/11/2023 14:00","CTA|SE","20241.00","19816.00"
"20/11/2023 14:00 - 20/11/2023 15:00","CTA|SE","20682.00","20095.00"
"20/11/2023 15:00 - 20/11/2023 16:00","CTA|SE","20916.00","20346.00"
"20/11/2023 16:00 - 20/11/2023 17:00","CTA|SE","21235.00","20435.00"
"20/11/2023 17:00 - 20/11/2023 18:00","CTA|SE","20636.00","20162.00"
"20/11/2023 18:00 - 20/11/2023 19:00","CTA|SE","20205.00","19610.00"
"20/11/2023 19:00 - 20/11/2023 20:00","CTA|SE","19764.00","19035.00"
"20/11/2023 20:00 - 20/11/2023 21:00","CTA|SE","19080.00","18410.00"
"20/11/2023 21:00 - 20/11/2023 22:00","CTA|SE","18118.00","17700.00"
"20/11/2023 22:00 - 20/11/2023 23:00","CTA|SE","17101.00","17126.00"
"20/11/2023 23:00 - 21/11/2023 00:00","CTA|SE","16624.00","16562.00"
"21/11/2023 00:00 - 21/11/2023 01:00","CTA|SE","16381.00","16327.00"
"21/11/2023 01:00 - 21/11/2023 02:00","CTA|SE","16225.00","16255.00"
"21/11/2023 02:00 - 21/11/2023 03:00","CTA|SE","16138.00","16255.00"
"21/11/2023 03:00 - 21/11/2023 04:00","CTA|SE","16277.00","16413.00"
"21/11/2023 04:00 - 21/11/2023 05:00","CTA|SE","16920.00","16985.00"
"21/11/2023 05:00 - 21/11/2023 06:00","CTA|SE","18577.00","18498.00"
"21/11/2023 06:00 - 21/11/2023 07:00","CTA|SE","19750.00","19797.00"
"21/11/2023 07:00 - 21/11/2023 08:00","CTA|SE","19568.00","19963.00"
"21/11/2023 08:00 - 21/11/2023 09:00","CTA|SE","19679.00","20042.00"
"21/11/2023 09:00 - 21/11/2023 10:00","CTA|SE","19824.00","20062.00"
"21/11/2023 10:00 - 21/11/2023 11:00","CTA|SE","20048.00","20078.00"
"21/11/2023 11:00 - 21/11/2023 12:00","CTA|SE","19828.00","20032.00"
"21/11/2023 12:00 - 21/11/2023 13:00","CTA|SE","19563.00","19923.00"
"21/11/2023 13:00 - 21/11/2023 14:00","CTA|SE","19725.00","20019.00"
"21/11/2023 14:00 - 21/11/2023 15:00","CTA|SE","20172.00","20321.00"
"21/11/2023 15:00 - 21/11/2023 16:00","CTA|SE","20768.00","20592.00"
"21/11/2023 16:00 - 21/11/2023 17:00","CTA|SE","21027.00","20738.00"
"21/11/2023 17:00 - 21/11/2023 18:00","CTA|SE","20690.00","20411.00"
"21/11/2023 18:00 - 21/11/2023 19:00","CTA|SE","20288.00","20053.00"
"21/11/2023 19:00 - 21/11/2023 20:00","CTA|SE","19602.00","19476.00"
"21/11/2023 20:00 - 21/11/2023 21:00","CTA|SE","19387.00","18871.00"
"21/11/2023 21:00 - 21/11/2023 22:00","CTA|SE","18440.00","18195.00"
"21/11/2023 22:00 - 21/11/2023 23:00","CTA|SE","17985.00","17524.00"
"21/11/2023 23:00 - 22/11/2023 00:00","CTA|SE","16988.00","17005.00"
"22/11/2023 00:00 - 22/11/2023 01:00","CTA|SE","16840.00","16653.00"
"22/11/2023 01:00 - 22/11/2023 02:00","CTA|SE","16713.00","16583.00"
"22/11/2023 02:00 - 22/11/2023 03:00","CTA|SE","16894.00","16562.00"
"22/11/2023 03:00 - 22/11/2023 04:00","CTA|SE","17332.00","16653.00"
"22/11/2023 04:00 - 22/11/2023 05:00","CTA|SE","18232.00","17128.00"
"22/11/2023 05:00 - 22/11/2023 06:00","CTA|SE","19702.00","18646.00"
"22/11/2023 06:00 - 22/11/2023 07:00","CTA|SE","21148.00","19874.00"
"22/11/2023 07:00 - 22/11/2023 08:00","CTA|SE","21398.00","20037.00"
"22/11/2023 08:00 - 22/11/2023 09:00","CTA|SE","21200.00","19976.00"
"22/11/2023 09:00 - 22/11/2023 10:00","CTA|SE","21266.00","19901.00"
"22/11/2023 10:00 - 22/11/2023 11:00","CTA|SE","20585.00","19859.00"
"22/11/2023 11:00 - 22/11/2023 12:00","CTA|SE","20400.00","19715.00"
"22/11/2023 12:00 - 22/11/2023 13:00","CTA|SE","20140.00","19630.00"
"22/11/2023 13:00 - 22/11/2023 14:00","CTA|SE","20335.00","19622.00"
"22/11/2023 14:00 - 22/11/2023 15:00","CTA|SE","21107.00","19824.00"
"22/11/2023 15:00 - 22/11/2023 16:00","CTA|SE","21523.00","20011.00"
"22/11/2023 16:00 - 22/11/2023 17:00","CTA|SE","21695.00","20013.00"
"22/11/2023 17:00 - 22/11/2023 18:00","CTA|SE","21173.00","19656.00"
"22/11/2023 18:00 - 22/11/2023 19:00","CTA|SE","20459.00","19124.00"
"22/11/2023 19:00 - 22/11/2023 20:00","CTA|SE","19592.00","18507.00"
"22/11/2023 20:00 - 22/11/2023 21:00","CTA|SE","18842.00","17794.00"
"22/11/2023 21:00 - 22/11/2023 22:00","CTA|SE","17703.00","16941.00"
"22/11/2023 22:00 - 22/11/2023 23:00","CTA|SE","16619.00","16212.00"
"22/11/2023 23:00 - 23/11/2023 00:00","CTA|SE","15629.00","15560.00"
"23/11/2023 00:00 - 23/11/2023 01:00","CTA|SE","15446.00","15238.00"
"23/11/2023 01:00 - 23/11/2023 02:00","CTA|SE","15286.00","15137.00"
"23/11/2023 02:00 - 23/11/2023 03:00","CTA|SE","14990.00","15063.00"
"23/11/2023 03:00 - 23/11/2023 04:00","CTA|SE","15030.00","15093.00"
"23/11/2023 04:00 - 23/11/2023 05:00","CTA|SE","15508.00","15629.00"
"23/11/2023 05:00 - 23/11/2023 06:00","CTA|SE","17148.00","17240.00"
"23/11/2023 06:00 - 23/11/2023 07:00","CTA|SE","18597.00","18257.00"
"23/11/2023 07:00 - 23/11/2023 08:00","CTA|SE","18786.00","18474.00"
"23/11/2023 08:00 - 23/11/2023 09:00","CTA|SE","19079.00","18486.00"
"23/11/2023 09:00 - 23/11/2023 10:00","CTA|SE","18969.00","18636.00"
"23/11/2023 10:00 - 23/11/2023 11:00","CTA|SE","18385.00","18721.00"
"23/11/2023 11:00 - 23/11/2023 12:00","CTA|SE","18530.00","18634.00"
"23/11/2023 12:00 - 23/11/2023 13:00","CTA|SE","18517.00","18546.00"
"23/11/2023 13:00 - 23/11/2023 14:00","CTA|SE","18718.00","18663.00"
"23/11/2023 14:00 - 23/11/2023 15:00","CTA|SE","19299.00","19026.00"
"23/11/2023 15:00 - 23/11/2023 16:00","CTA|SE","19575.00","19422.00"
"23/11/2023 16:00 - 23/11/2023 17:00","CTA|SE","19517.00","19614.00"
"23/11/2023 17:00 - 23/11/2023 18:00","CTA|SE","19239.00","19347.00"
"23/11/2023 18:00 - 23/11/2023 19:00","CTA|SE","19021.00","18920.00"
"23/11/2023 19:00 - 23/11/2023 20:00","CTA|SE","18497.00","18324.00"
"23/11/2023 20:00 - 23/11/2023 21:00","CTA|SE","17980.00","17796.00"
"23/11/2023 21:00 - 23/11/2023 22:00","CTA|SE","17368.00","17077.00"
"23/11/2023 22:00 - 23/11/2023 23:00","CTA|SE","15965.00","16455.00"
"23/11/2023 23:00 - 24/11/2023 00:00","CTA|SE","15523.00","16160.00"
"24/11/2023 00:00 - 24/11/2023 01:00","CTA|SE","15820.00","15927.00"
"24/11/2023 01:00 - 24/11/2023 02:00","CTA|SE","15624.00","15880.00"
"24/11/2023 02:00 - 24/11/2023 03:00","CTA|SE","15605.00","15894.00"
"24/11/2023 03:00 - 24/11/2023 04:00","CTA|SE","15737.00","16025.00"
"24/11/2023 04:00 - 24/11/2023 05:00","CTA|SE","16479.00","16553.00"
"24/11/2023 05:00 - 24/11/2023 06:00","CTA|SE","17957.00","18075.00"
"24/11/2023 06:00 - 24/11/2023 07:00","CTA|SE","19858.00","19697.00"
"24/11/2023 07:00 - 24/11/2023 08:00","CTA|SE","20249.00","19892.00"
"24/11/2023 08:00 - 24/11/2023 09:00","CTA|SE","19924.00","19875.00"
"24/11/2023 09:00 - 24/11/2023 10:00","CTA|SE","19821.00","19869.00"
"24/11/2023 10:00 - 24/11/2023 11:00","CTA|SE","19483.00","19713.00"
"24/11/2023 11:00 - 24/11/2023 12:00","CTA|SE","19211.00","19570.00"
"24/11/2023 12:00 - 24/11/2023 13:00","CTA|SE","19203.00","19458.00"
"24/11/2023 13:00 - 24/11/2023 14:00","CTA|SE","19444.00","19450.00"
"24/11/2023 14:00 - 24/11/2023 15:00","CTA|SE","19618.00","19682.00"
"24/11/2023 15:00 - 24/11/2023 16:00","CTA|SE","19497.00","20018.00"
"24/11/2023 16:00 - 24/11/2023 17:00","CTA|SE","19126.00","20110.00"
"24/11/2023 17:00 - 24/11/2023 18:00","CTA|SE","19022.00","19742.00"
"24/11/2023 18:00 - 24/11/2023 19:00","CTA|SE","18592.00","19022.00"
"24/11/2023 19:00 - 24/11/2023 20:00","CTA|SE","17991.00","18349.00"
"24/11/2023 20:00 - 24/11/2023 21:00","CTA|SE","17429.00","17880.00"
"24/11/2023 21:00 - 24/11/2023 22:00","CTA|SE","17005.00","17354.00"
"24/11/2023 22:00 - 24/11/2023 23:00","CTA|SE","16625.00","16795.00"
"24/11/2023 23:00 - 25/11/2023 00:00","CTA|SE","16057.00","16265.00"
"25/11/2023 00:00 - 25/11/2023 01:00","CTA|SE","16251.00","16096.00"
"25/11/2023 01:00 - 25/11/2023 02:00","CTA|SE","16815.00","16041.00"
"25/11/2023 02:00 - 25/11/2023 03:00","CTA|SE","15691.00","16033.00"
"25/11/2023 03:00 - 25/11/2023 04:00","CTA|SE","16199.00","16110.00"
"25/11/2023 04:00 - 25/11/2023 05:00","CTA|SE","16443.00","16376.00"
"25/11/2023 05:00 - 25/11/2023 06:00","CTA|SE","16870.00","16944.00"
"25/11/2023 06:00 - 25/11/2023 07:00","CTA|SE","17385.00","17452.00"
"25/11/2023 07:00 - 25/11/2023 08:00","CTA|SE","17509.00","18058.00"
"25/11/2023 08:00 - 25/11/2023 09:00","CTA|SE","18117.00","18611.00"
"25/11/2023 09:00 - 25/11/2023 10:00","CTA|SE","18247.00","18904.00"
"25/11/2023 10:00 - 25/11/2023 11:00","CTA|SE","18216.00","18975.00"
"25/11/2023 11:00 - 25/11/2023 12:00","CTA|SE","18325.00","18859.00"
"25/11/2023 12:00 - 25/11/2023 13:00","CTA|SE","18234.00","18967.00"
"25/11/2023 13:00 - 25/11/2023 14:00","CTA|SE","18543.00","19141.00"
"25/11/2023 14:00 - 25/11/2023 15:00","CTA|SE","19205.00","19507.00"
"25/11/2023 15:00 - 25/11/2023 16:00","CTA|SE","19478.00","20052.00"
"25/11/2023 16:00 - 25/11/2023 17:00","CTA|SE","19865.00","20220.00"
"25/11/2023 17:00 - 25/11/2023 18:00","CTA|SE","19418.00","20047.00"
"25/11/2023 18:00 - 25/11/2023 19:00","CTA|SE","19022.00","19586.00"
"25/11/2023 19:00 - 25/11/2023 20:00","CTA|SE","18696.00","19034.00"
"25/11/2023 20:00 - 25/11/2023 21:00","CTA|SE","18185.00","18607.00"
"25/11/2023 21:00 - 25/11/2023 22:00","CTA|SE","17658.00","18138.00"
"25/11/2023 22:00 - 25/11/2023 23:00","CTA|SE","17132.00","17668.00"
"25/11/2023 23:00 - 26/11/2023 00:00","CTA|SE","16861.00","17213.00"
"26/11/2023 00:00 - 26/11/2023 01:00","CTA|SE","16281.00","17111.00"
"26/11/2023 01:00 - 26/11/2023 02:00","CTA|SE","16482.00","16938.00"
"26/11/2023 02:00 - 26/11/2023 03:00","CTA|SE","16612.00","16948.00"
"26/11/2023 03:00 - 26/11/2023 04:00","CTA|SE","16649.00","16974.00"
"26/11/2023 04:00 - 26/11/2023 05:00","CTA|SE","16858.00","17108.00"
"26/11/2023 05:00 - 26/11/2023 06:00","CTA|SE","17057.00","17453.00"
"26/11/2023 06:00 - 26/11/2023 07:00","CTA|SE","17176.00","17984.00"
"26/11/2023 07:00 - 26/11/2023 08:00","CTA|SE","17894.00","18455.00"
"26/11/2023 08:00 - 26/11/2023 09:00","CTA|SE","18524.00","18855.00"
"26/11/2023 09:00 - 26/11/2023 10:00","CTA|SE","18695.00","19143.00"
"26/11/2023 10:00 - 26/11/2023 11:00","CTA|SE","18695.00","19230.00"
"26/11/2023 11:00 - 26/11/2023 12:00","CTA|SE","18467.00","19179.00"
"26/11/2023 12:00 - 26/11/2023 13:00","CTA|SE","18424.00","19166.00"
"26/11/2023 13:00 - 26/11/2023 14:00","CTA|SE","18940.00","19357.00"
"26/11/2023 14:00 - 26/11/2023 15:00","CTA|SE","19555.00","19881.00"
"26/11/2023 15:00 - 26/11/2023 16:00","CTA|SE","20465.00","20460.00"
"26/11/2023 16:00 - 26/11/2023 17:00","CTA|SE","20794.00","20692.00"
"26/11/2023 17:00 - 26/11/2023 18:00","CTA|SE","20512.00","20575.00"
"26/11/2023 18:00 - 26/11/2023 19:00","CTA|SE","20095.00","20255.00"
"26/11/2023 19:00 - 26/11/2023 20:00","CTA|SE","19401.00","19658.00"
"26/11/2023 20:00 - 26/11/2023 21:00","CTA|SE","19135.00","19218.00"
"26/11/2023 21:00 - 26/11/2023 22:00","CTA|SE","18499.00","18653.00"
"26/11/2023 22:00 - 26/11/2023 23:00","CTA|SE","17726.00","18030.00"
"26/11/2023 23:00 - 27/11/2023 00:00","CTA|SE","17421.00","17497.00"
"27/11/2023 00:00 - 27/11/2023 01:00","CTA|SE","17170.00","17352.00"
"27/11/2023 01:00 - 27/11/2023 02:00","CTA|SE","17297.00","17253.00"
"27/11/2023 02:00 - 27/11/2023 03:00","CTA|SE","17620.00","17304.00"
"27/11/2023 03:00 - 27/11/2023 04:00","CTA|SE","17878.00","17492.00"
"27/11/2023 04:00 - 27/11/2023 05:00","CTA|SE","18436.00","18149.00"
"27/11/2023 05:00 - 27/11/2023 06:00","CTA|SE","19819.00","19704.00"
"27/11/2023 06:00 - 27/11/2023 07:00","CTA|SE","21229.00","21030.00"
"27/11/2023 07:00 - 27/11/2023 08:00","CTA|SE","21794.00","21291.00"
"27/11/2023 08:00 - 27/11/2023 09:00","CTA|SE","22047.00","21427.00"
"27/11/2023 09:00 - 27/11/2023 10:00","CTA|SE","22118.00","21350.00"
"27/11/2023 10:00 - 27/11/2023 11:00","CTA|SE","21987.00","21278.00"
"27/11/2023 11:00 - 27/11/2023 12:00","CTA|SE","21765.00","21196.00"
"27/11/2023 12:00 - 27/11/2023 13:00","CTA|SE","21598.00","21153.00"
"27/11/2023 13:00 - 27/11/2023 14:00","CTA|SE","21501.00","21268.00"
"27/11/2023 14:00 - 27/11/2023 15:00","CTA|SE","22022.00","21680.00"
"27/11/2023 15:00 - 27/11/2023 16:00","CTA|SE","22633.00","21980.00"
"27/11/2023 16:00 - 27/11/2023 17:00","CTA|SE","22756.00","22098.00"
"27/11/2023 17:00 - 27/11/2023 18:00","CTA|SE","21947.00","21824.00"
"27/11/2023 18:00 - 27/11/2023 19:00","CTA|SE","21656.00","21461.00"
"27/11/2023 19:00 - 27/11/2023 20:00","CTA|SE","21565.00","20996.00"
"27/11/2023 20:00 - 27/11/2023 21:00","CTA|SE","20841.00","20359.00"
"27/11/2023 21:00 - 27/11/2023 22:00","CTA|SE","20317.00","19608.00"
"27/11/2023 22:00 - 27/11/2023 23:00","CTA|SE","19568.00","19019.00"
"27/11/2023 23:00 - 28/11/2023 00:00","CTA|SE","19026.00","18465.00"
"28/11/2023 00:00 - 28/11/2023 01:00","CTA|SE","19182.00","18121.00"
"28/11/2023 01:00 - 28/11/2023 02:00","CTA|SE","19180.00","18057.00"
"28/11/2023 02:00 - 28/11/2023 03:00","CTA|SE","19042.00","18181.00"
"28/11/2023 03:00 - 28/11/2023 04:00","CTA|SE","19155.00","18324.00"
"28/11/2023 04:00 - 28/11/2023 05:00","CTA|SE","19784.00","18956.00"
"28/11/2023 05:00 - 28/11/2023 06:00","CTA|SE","21396.00","20449.00"
"28/11/2023 06:00 - 28/11/2023 07:00","CTA|SE","22879.00","21701.00"
"28/11/2023 07:00 - 28/11/2023 08:00","CTA|SE","23284.00","22000.00"
"28/11/2023 08:00 - 28/11/2023 09:00","CTA|SE","23431.00","21976.00"
"28/11/2023 09:00 - 28/11/2023 10:00","CTA|SE","23332.00","22021.00"
"28/11/2023 10:00 - 28/11/2023 11:00","CTA|SE","22964.00","21958.00"
"28/11/2023 11:00 - 28/11/2023 12:00","CTA|SE","22861.00","21923.00"
"28/11/2023 12:00 - 28/11/2023 13:00","CTA|SE","22736.00","21886.00"
"28/11/2023 13:00 - 28/11/2023 14:00","CTA|SE","22846.00","21963.00"
"28/11/2023 14:00 - 28/11/2023 15:00","CTA|SE","23489.00","22172.00"
"28/11/2023 15:00 - 28/11/2023 16:00","CTA|SE","23579.00","22357.00"
"28/11/2023 16:00 - 28/11/2023 17:00","CTA|SE","23394.00","22399.00"
"28/11/2023 17:00 - 28/11/2023 18:00","CTA|SE","23017.00","22071.00"
"28/11/2023 18:00 - 28/11/2023 19:00","CTA|SE","22304.00","21675.00"
"28/11/2023 19:00 - 28/11/2023 20:00","CTA|SE","21594.00","21142.00"
"28/11/2023 20:00 - 28/11/2023 21:00","CTA|SE","20996.00","20453.00"
"28/11/2023 21:00 - 28/11/2023 22:00","CTA|SE","20234.00","19703.00"
"28/11/2023 22:00 - 28/11/2023 23:00","CTA|SE","19009.00","19003.00"
"28/11/2023 23:00 - 29/11/2023 00:00","CTA|SE","18688.00","18669.00"
"29/11/2023 00:00 - 29/11/2023 01:00","CTA|SE","19197.00","18467.00"
"29/11/2023 01:00 - 29/11/2023 02:00","CTA|SE","19412.00","18279.00"
"29/11/2023 02:00 - 29/11/2023 03:00","CTA|SE","18152.00","18262.00"
"29/11/2023 03:00 - 29/11/2023 04:00","CTA|SE","18066.00","18348.00"
"29/11/2023 04:00 - 29/11/2023 05:00","CTA|SE","18707.00","19000.00"
"29/11/2023 05:00 - 29/11/2023 06:00","CTA|SE","20471.00","20517.00"
"29/11/2023 06:00 - 29/11/2023 07:00","CTA|SE","22100.00","21540.00"
"29/11/2023 07:00 - 29/11/2023 08:00","CTA|SE","22459.00","21804.00"
"29/11/2023 08:00 - 29/11/2023 09:00","CTA|SE","22549.00","21844.00"
"29/11/2023 09:00 - 29/11/2023 10:00","CTA|SE","22189.00","21865.00"
"29/11/2023 10:00 - 29/11/2023 11:00","CTA|SE","21947.00","21802.00"
"29/11/2023 11:00 - 29/11/2023 12:00","CTA|SE","21585.00","21717.00"
"29/11/2023 12:00 - 29/11/2023 13:00","CTA|SE","21444.00","21593.00"
"29/11/2023 13:00 - 29/11/2023 14:00","CTA|SE","21435.00","21651.00"
"29/11/2023 14:00 - 29/11/2023 15:00","CTA|SE","21726.00","21931.00"
"29/11/2023 15:00 - 29/11/2023 16:00","CTA|SE","21625.00","22133.00"
"29/11/2023 16:00 - 29/11/2023 17:00","CTA|SE","21692.00","22195.00"
"29/11/2023 17:00 - 29/11/2023 18:00","CTA|SE","21098.00","21927.00"
"29/11/2023 18:00 - 29/11/2023 19:00","CTA|SE","20527.00","21619.00"
"29/11/2023 19:00 - 29/11/2023 20:00","CTA|SE","20563.00","21156.00"
"29/11/2023 20:00 - 29/11/2023 21:00","CTA|SE","20067.00","20488.00"
"29/11/2023 21:00 - 29/11/2023 22:00","CTA|SE","19415.00","19739.00"
"29/11/2023 22:00 - 29/11/2023 23:00","CTA|SE","18373.00","18943.00"
"29/11/2023 23:00 - 30/11/2023 00:00","CTA|SE","18166.00","18613.00"
"30/11/2023 00:00 - 30/11/2023 01:00","CTA|SE","17860.00","18444.00"
"30/11/2023 01:00 - 30/11/2023 02:00","CTA|SE","17923.00","18242.00"
"30/11/2023 02:00 - 30/11/2023 03:00","CTA|SE","17944.00","18135.00"
"30/11/2023 03:00 - 30/11/2023 04:00","CTA|SE","18060.00","18149.00"
"30/11/2023 04:00 - 30/11/2023 05:00","CTA|SE","18618.00","18759.00"
"30/11/2023 05:00 - 30/11/2023 06:00","CTA|SE","20186.00","20230.00"
"30/11/2023 06:00 - 30/11/2023 07:00","CTA|SE","21229.00","21640.00"
"30/11/2023 07:00 - 30/11/2023 08:00","CTA|SE","21514.00","21850.00"
"30/11/2023 08:00 - 30/11/2023 09:00","CTA|SE","21701.00","21820.00"
"30/11/2023 09:00 - 30/11/2023 10:00","CTA|SE","21746.00","21867.00"
"30/11/2023 10:00 - 30/11/2023 11:00","CTA|SE","21885.00","21801.00"
"30/11/2023 11:00 - 30/11/2023 12:00","CTA|SE","21753.00","21758.00"
"30/11/2023 12:00 - 30/11/2023 13:00","CTA|SE","21671.00","21678.00"
"30/11/2023 13:00 - 30/11/2023 14:00","CTA|SE","21685.00","21743.00"
"30/11/2023 14:00 - 30/11/2023 15:00","CTA|SE","21973.00","22012.00"
"30/11/2023 15:00 - 30/11/2023 16:00","CTA|SE","21791.00","22170.00"
"30/11/2023 16:00 - 30/11/2023 17:00","CTA|SE","21964.00","22238.00"
"30/11/2023 17:00 - 30/11/2023 18:00","CTA|SE","21744.00","21950.00"
"30/11/2023 18:00 - 30/11/2023 19:00","CTA|SE","21517.00","21490.00"
"30/11/2023 19:00 - 30/11/2023 20:00","CTA|SE","21136.00","21018.00"
"30/11/2023 20:00 - 30/11/2023 21:00","CTA|SE","20568.00","20288.00"
"30/11/2023 21:00 - 30/11/2023 22:00","CTA|SE","19780.00","19479.00"
"30/11/2023 22:00 - 30/11/2023 23:00","CTA|SE","18917.00","18718.00"
"30/11/2023 23:00 - 01/12/2023 00:00","CTA|SE","18480.00","18303.00"
"01/12/2023 00:00 - 01/12/2023 01:00","CTA|SE","18479.00","18118.00"
"01/12/2023 01:00 - 01/12/2023 02:00","CTA|SE","18215.00","18015.00"
"01/12/2023 02:00 - 01/12/2023 03:00","CTA|SE","17970.00","18002.00"
"01/12/2023 03:00 - 01/12/2023 04:00","CTA|SE","18063.00","18125.00"
"01/12/2023 04:00 - 01/12/2023 05:00","CTA|SE","18655.00","18675.00"
"01/12/2023 05:00 - 01/12/2023 06:00","CTA|SE","20401.00","20249.00"
"01/12/2023 06:00 - 01/12/2023 07:00","CTA|SE","21536.00","21541.00"
"01/12/2023 07:00 - 01/12/2023 08:00","CTA|SE","21847.00","21882.00"
"01/12/2023 08:00 - 01/12/2023 09:00","CTA|SE","21925.00","21929.00"
"01/12/2023 09:00 - 01/12/2023 10:00","CTA|SE","22074.00","21936.00"
"01/12/2023 10:00 - 01/12/2023 11:00","CTA|SE","21971.00","21801.00"
"01/12/2023 11:00 - 01/12/2023 12:00","CTA|SE","21786.00","21726.00"
"01/12/2023 12:00 - 01/12/2023 13:00","CTA|SE","21391.00","21565.00"
"01/12/2023 13:00 - 01/12/2023 14:00","CTA|SE","21239.00","21592.00"
"01/12/2023 14:00 - 01/12/2023 15:00","CTA|SE","21612.00","21768.00"
"01/12/2023 15:00 - 01/12/2023 16:00","CTA|SE","21856.00","22037.00"
"01/12/2023 16:00 - 01/12/2023 17:00","CTA|SE","21684.00","22107.00"
"01/12/2023 17:00 - 01/12/2023 18:00","CTA|SE","21246.00","21715.00"
"01/12/2023 18:00 - 01/12/2023 19:00","CTA|SE","20948.00","21256.00"
"01/12/2023 19:00 - 01/12/2023 20:00","CTA|SE","20620.00","20724.00"
"01/12/2023 20:00 - 01/12/2023 21:00","CTA|SE","20115.00","20192.00"
"01/12/2023 21:00 - 01/12/2023 22:00","CTA|SE","19545.00","19643.00"
"01/12/2023 22:00 - 01/12/2023 23:00","CTA|SE","19039.00","19093.00"
"01/12/2023 23:00 - 02/12/2023 00:00","CTA|SE","18746.00","18225.00"
"02/12/2023 00:00 - 02/12/2023 01:00","CTA|SE","18476.00","18059.00"
"02/12/2023 01:00 - 02/12/2023 02:00","CTA|SE","18497.00","18080.00"
"02/12/2023 02:00 - 02/12/2023 03:00","CTA|SE","18322.00","17961.00"
"02/12/2023 03:00 - 02/12/2023 04:00","CTA|SE","17962.00","18047.00"
"02/12/2023 04:00 - 02/12/2023 05:00","CTA|SE","17954.00","18196.00"
"02/12/2023 05:00 - 02/12/2023 06:00","CTA|SE","18556.00","18810.00"
"02/12/2023 06:00 - 02/12/2023 07:00","CTA|SE","19407.00","19340.00"
"02/12/2023 07:00 - 02/12/2023 08:00","CTA|SE","20068.00","19906.00"
"02/12/2023 08:00 - 02/12/2023 09:00","CTA|SE","20468.00","20354.00"
"02/12/2023 09:00 - 02/12/2023 10:00","CTA|SE","20822.00","20625.00"
"02/12/2023 10:00 - 02/12/2023 11:00","CTA|SE","20959.00","20651.00"
"02/12/2023 11:00 - 02/12/2023 12:00","CTA|SE","20913.00","20629.00"
"02/12/2023 12:00 - 02/12/2023 13:00","CTA|SE","20918.00","20575.00"
"02/12/2023 13:00 - 02/12/2023 14:00","CTA|SE","20782.00","20703.00"
"02/12/2023 14:00 - 02/12/2023 15:00","CTA|SE","21194.00","21146.00"
"02/12/2023 15:00 - 02/12/2023 16:00","CTA|SE","21454.00","21573.00"
"02/12/2023 16:00 - 02/12/2023 17:00","CTA|SE","21345.00","21625.00"
"02/12/2023 17:00 - 02/12/2023 18:00","CTA|SE","21108.00","21420.00"
"02/12/2023 18:00 - 02/12/2023 19:00","CTA|SE","20776.00","21000.00"
"02/12/2023 19:00 - 02/12/2023 20:00","CTA|SE","20556.00","20499.00"
"02/12/2023 20:00 - 02/12/2023 21:00","CTA|SE","20137.00","20063.00"
"02/12/2023 21:00 - 02/12/2023 22:00","CTA|SE","19539.00","19479.00"
"02/12/2023 22:00 - 02/12/2023 23:00","CTA|SE","19051.00","18983.00"
"02/12/2023 23:00 - 03/12/2023 00:00","CTA|SE","18508.00","18495.00"
"03/12/2023 00:00 - 03/12/2023 01:00","CTA|SE","18187.00","18329.00"
"03/12/2023 01:00 - 03/12/2023 02:00","CTA|SE","18213.00","18265.00"
"03/12/2023 02:00 - 03/12/2023 03:00","CTA|SE","18394.00","18259.00"
"03/12/2023 03:00 - 03/12/2023 04:00","CTA|SE","18397.00","18242.00"
"03/12/2023 04:00 - 03/12/2023 05:00","CTA|SE","18538.00","18379.00"
"03/12/2023 05:00 - 03/12/2023 06:00","CTA|SE","18759.00","18732.00"
"03/12/2023 06:00 - 03/12/2023 07:00","CTA|SE","19334.00","19104.00"
"03/12/2023 07:00 - 03/12/2023 08:00","CTA|SE","19662.00","19754.00"
"03/12/2023 08:00 - 03/12/2023 09:00","CTA|SE","20400.00","20306.00"
"03/12/2023 09:00 - 03/12/2023 10:00","CTA|SE","20725.00","20670.00"
"03/12/2023 10:00 - 03/12/2023 11:00","CTA|SE","20917.00","20687.00"
"03/12/2023 11:00 - 03/12/2023 12:00","CTA|SE","20820.00","20723.00"
"03/12/2023 12:00 - 03/12/2023 13:00","CTA|SE","20638.00","20729.00"
"03/12/2023 13:00 - 03/12/2023 14:00","CTA|SE","20673.00","20882.00"
"03/12/2023 14:00 - 03/12/2023 15:00","CTA|SE","21178.00","21242.00"
"03/12/2023 15:00 - 03/12/2023 16:00","CTA|SE","21556.00","21707.00"
"03/12/2023 16:00 - 03/12/2023 17:00","CTA|SE","21748.00","21868.00"
"03/12/2023 17:00 - 03/12/2023 18:00","CTA|SE","21737.00","21777.00"
"03/12/2023 18:00 - 03/12/2023 19:00","CTA|SE","21362.00","21402.00"
"03/12/2023 19:00 - 03/12/2023 20:00","CTA|SE","21208.00","20999.00"
"03/12/2023 20:00 - 03/12/2023 21:00","CTA|SE","20572.00","20535.00"
"03/12/2023 21:00 - 03/12/2023 22:00","CTA|SE","19981.00","19839.00"
"03/12/2023 22:00 - 03/12/2023 23:00","CTA|SE","19367.00","19308.00"
"03/12/2023 23:00 - 04/12/2023 00:00","CTA|SE","18986.00","18737.00"
"04/12/2023 00:00 - 04/12/2023 01:00","CTA|SE","18846.00","18635.00"
"04/12/2023 01:00 - 04/12/2023 02:00","CTA|SE","18706.00","18619.00"
"04/12/2023 02:00 - 04/12/2023 03:00","CTA|SE","18470.00","18713.00"
"04/12/2023 03:00 - 04/12/2023 04:00","CTA|SE","18417.00","19008.00"
"04/12/2023 04:00 - 04/12/2023 05:00","CTA|SE","19198.00","19653.00"
"04/12/2023 05:00 - 04/12/2023 06:00","CTA|SE","21252.00","21153.00"
"04/12/2023 06:00 - 04/12/2023 07:00","CTA|SE","22557.00","22526.00"
"04/12/2023 07:00 - 04/12/2023 08:00","CTA|SE","22689.00","22888.00"
"04/12/2023 08:00 - 04/12/2023 09:00","CTA|SE","22710.00","22979.00"
"04/12/2023 09:00 - 04/12/2023 10:00","CTA|SE","22862.00","22978.00"
"04/12/2023 10:00 - 04/12/2023 11:00","CTA|SE","22715.00","22888.00"
"04/12/2023 11:00 - 04/12/2023 12:00","CTA|SE","22534.00","22733.00"
"04/12/2023 12:00 - 04/12/2023 13:00","CTA|SE","22432.00","22644.00"
"04/12/2023 13:00 - 04/12/2023 14:00","CTA|SE","22470.00","22738.00"
"04/12/2023 14:00 - 04/12/2023 15:00","CTA|SE","23040.00","23151.00"
"04/12/2023 15:00 - 04/12/2023 16:00","CTA|SE","23459.00","23349.00"
"04/12/2023 16:00 - 04/12/2023 17:00","CTA|SE","23622.00","23451.00"
"04/12/2023 17:00 - 04/12/2023 18:00","CTA|SE","23103.00","23251.00"
"04/12/2023 18:00 - 04/12/2023 19:00","CTA|SE","22794.00","22838.00"
"04/12/2023 19:00 - 04/12/2023 20:00","CTA|SE","22202.00","22344.00"
"04/12/2023 20:00 - 04/12/2023 21:00","CTA|SE","21703.00","21749.00"
"04/12/2023 21:00 - 04/12/2023 22:00","CTA|SE","21057.00","21068.00"
"04/12/2023 22:00 - 04/12/2023 23:00","CTA|SE","20144.00","20343.00"
"04/12/2023 23:00 - 05/12/2023 00:00","CTA|SE","19556.00","19917.00"
"05/12/2023 00:00 - 05/12/2023 01:00","CTA|SE","19151.00","19738.00"
"05/12/2023 01:00 - 05/12/2023 02:00","CTA|SE","19075.00","19636.00"
"05/12/2023 02:00 - 05/12/2023 03:00","CTA|SE","18924.00","19580.00"
"05/12/2023 03:00 - 05/12/2023 04:00","CTA|SE","18960.00","19724.00"
"05/12/2023 04:00 - 05/12/2023 05:00","CTA|SE","19725.00","20363.00"
"05/12/2023 05:00 - 05/12/2023 06:00","CTA|SE","21365.00","22031.00"
"05/12/2023 06:00 - 05/12/2023 07:00","CTA|SE","22873.00","23103.00"
"05/12/2023 07:00 - 05/12/2023 08:00","CTA|SE","23168.00","23384.00"
"05/12/2023 08:00 - 05/12/2023 09:00","CTA|SE","23145.00","23325.00"
"05/12/2023 09:00 - 05/12/2023 10:00","CTA|SE","23113.00","23334.00"
"05/12/2023 10:00 - 05/12/2023 11:00","CTA|SE","23002.00","23154.00"
"05/12/2023 11:00 - 05/12/2023 12:00","CTA|SE","22950.00","23033.00"
"05/12/2023 12:00 - 05/12/2023 13:00","CTA|SE","22561.00","22955.00"
"05/12/2023 13:00 - 05/12/2023 14:00","CTA|SE","22569.00","22990.00"
"05/12/2023 14:00 - 05/12/2023 15:00","CTA|SE","23160.00","23359.00"
"05/12/2023 15:00 - 05/12/2023 16:00","CTA|SE","23348.00","23462.00"
"05/12/2023 16:00 - 05/12/2023 17:00","CTA|SE","23536.00","23494.00"
"05/12/2023 17:00 - 05/12/2023 18:00","CTA|SE","23422.00","23233.00"
"05/12/2023 18:00 - 05/12/2023 19:00","CTA|SE","23053.00","22780.00"
"05/12/2023 19:00 - 05/12/2023 20:00","CTA|SE","22475.00","22252.00"
"05/12/2023 20:00 - 05/12/2023 21:00","CTA|SE","21757.00","21639.00"
"05/12/2023 21:00 - 05/12/2023 22:00","CTA|SE","20860.00","20942.00"
"05/12/2023 22:00 - 05/12/2023 23:00","CTA|SE","19902.00","20121.00"
"05/12/2023 23:00 - 06/12/2023 00:00","CTA|SE","19054.00","19399.00"
"06/12/2023 00:00 - 06/12/2023 01:00","CTA|SE","18981.00","19189.00"
"06/12/2023 01:00 - 06/12/2023 02:00","CTA|SE","18925.00","19068.00"
"06/12/2023 02:00 - 06/12/2023 03:00","CTA|SE","19064.00","19039.00"
"06/12/2023 03:00 - 06/12/2023 04:00","CTA|SE","19045.00","19178.00"
"06/12/2023 04:00 - 06/12/2023 05:00","CTA|SE","19548.00","19704.00"
"06/12/2023 05:00 - 06/12/2023 06:00","CTA|SE","21391.00","21224.00"
"06/12/2023 06:00 - 06/12/2023 07:00","CTA|SE","22556.00","22551.00"
"06/12/2023 07:00 - 06/12/2023 08:00","CTA|SE","22876.00","22769.00"
"06/12/2023 08:00 - 06/12/2023 09:00","CTA|SE","23253.00","22763.00"
"06/12/2023 09:00 - 06/12/2023 10:00","CTA|SE","23048.00","22710.00"
"06/12/2023 10:00 - 06/12/2023 11:00","CTA|SE","23029.00","22663.00"
"06/12/2023 11:00 - 06/12/2023 12:00","CTA|SE","22735.00","22606.00"
"06/12/2023 12:00 - 06/12/2023 13:00","CTA|SE","22544.00","22522.00"
"06/12/2023 13:00 - 06/12/2023 14:00","CTA|SE","23092.00","22610.00"
"06/12/2023 14:00 - 06/12/2023 15:00","CTA|SE","23428.00","22893.00"
"06/12/2023 15:00 - 06/12/2023 16:00","CTA|SE","23884.00","22938.00"
"06/12/2023 16:00 - 06/12/2023 17:00","CTA|SE","24332.00","22922.00"
"06/12/2023 17:00 - 06/12/2023 18:00","CTA|SE","23517.00","22642.00"
"06/12/2023 18:00 - 06/12/2023 19:00","CTA|SE","22812.00","22241.00"
"06/12/2023 19:00 - 06/12/2023 20:00","CTA|SE","22247.00","21711.00"
"06/12/2023 20:00 - 06/12/2023 21:00","CTA|SE","21771.00","20987.00"
"06/12/2023 21:00 - 06/12/2023 22:00","CTA|SE","21110.00","20278.00"
"06/12/2023 22:00 - 06/12/2023 23:00","CTA|SE","20314.00","19479.00"
"06/12/2023 23:00 - 07/12/2023 00:00","CTA|SE","19600.00","19229.00"
"07/12/2023 00:00 - 07/12/2023 01:00","CTA|SE","19150.00","18992.00"
"07/12/2023 01:00 - 07/12/2023 02:00","CTA|SE","18843.00","18892.00"
"07/12/2023 02:00 - 07/12/2023 03:00","CTA|SE","18792.00","18795.00"
"07/12/2023 03:00 - 07/12/2023 04:00","CTA|SE","19000.00","18872.00"
"07/12/2023 04:00 - 07/12/2023 05:00","CTA|SE","19581.00","19339.00"
"07/12/2023 05:00 - 07/12/2023 06:00","CTA|SE","21280.00","20824.00"
"07/12/2023 06:00 - 07/12/2023 07:00","CTA|SE","22486.00","22120.00"
"07/12/2023 07:00 - 07/12/2023 08:00","CTA|SE","22681.00","22218.00"
"07/12/2023 08:00 - 07/12/2023 09:00","CTA|SE","22745.00","22214.00"
"07/12/2023 09:00 - 07/12/2023 10:00","CTA|SE","22718.00","22129.00"
"07/12/2023 10:00 - 07/12/2023 11:00","CTA|SE","22505.00","22062.00"
"07/12/2023 11:00 - 07/12/2023 12:00","CTA|SE","22458.00","21987.00"
"07/12/2023 12:00 - 07/12/2023 13:00","CTA|SE","22239.00","21904.00"
"07/12/2023 13:00 - 07/12/2023 14:00","CTA|SE","22130.00","21889.00"
"07/12/2023 14:00 - 07/12/2023 15:00","CTA|SE","22319.00","22136.00"
"07/12/2023 15:00 - 07/12/2023 16:00","CTA|SE","22596.00","22141.00"
"07/12/2023 16:00 - 07/12/2023 17:00","CTA|SE","22571.00","22125.00"
"07/12/2023 17:00 - 07/12/2023 18:00","CTA|SE","22028.00","21774.00"
"07/12/2023 18:00 - 07/12/2023 19:00","CTA|SE","21396.00","21356.00"
"07/12/2023 19:00 - 07/12/2023 20:00","CTA|SE","20762.00","20895.00"
"07/12/2023 20:00 - 07/12/2023 21:00","CTA|SE","20305.00","20294.00"
"07/12/2023 21:00 - 07/12/2023 22:00","CTA|SE","19590.00","19535.00"
"07/12/2023 22:00 - 07/12/2023 23:00","CTA|SE","18353.00","18695.00"
"07/12/2023 23:00 - 08/12/2023 00:00","CTA|SE","17816.00","18175.00"
"08/12/2023 00:00 - 08/12/2023 01:00","CTA|SE","17739.00","17863.00"
"08/12/2023 01:00 - 08/12/2023 02:00","CTA|SE","17552.00","17739.00"
"08/12/2023 02:00 - 08/12/2023 03:00","CTA|SE","17529.00","17726.00"
"08/12/2023 03:00 - 08/12/2023 04:00","CTA|SE","17643.00","17810.00"
"08/12/2023 04:00 - 08/12/2023 05:00","CTA|SE","18179.00","18334.00"
"08/12/2023 05:00 - 08/12/2023 06:00","CTA|SE","19659.00","19780.00"
"08/12/2023 06:00 - 08/12/2023 07:00","CTA|SE","21073.00","21024.00"
"08/12/2023 07:00 - 08/12/2023 08:00","CTA|SE","21354.00","21248.00"
"08/12/2023 08:00 - 08/12/2023 09:00","CTA|SE","21543.00","21253.00"
"08/12/2023 09:00 - 08/12/2023 10:00","CTA|SE","21649.00","21231.00"
"08/12/2023 10:00 - 08/12/2023 11:00","CTA|SE","21698.00","21148.00"
"08/12/2023 11:00 - 08/12/2023 12:00","CTA|SE","21317.00","20897.00"
"08/12/2023 12:00 - 08/12/2023 13:00","CTA|SE","20995.00","20639.00"
"08/12/2023 13:00 - 08/12/2023 14:00","CTA|SE","20879.00","20577.00"
"08/12/2023 14:00 - 08/12/2023 15:00","CTA|SE","21076.00","20772.00"
"08/12/2023 15:00 - 08/12/2023 16:00","CTA|SE","21248.00","20895.00"
"08/12/2023 16:00 - 08/12/2023 17:00","CTA|SE","21287.00","20840.00"
"08/12/2023 17:00 - 08/12/2023 18:00","CTA|SE","20850.00","20347.00"
"08/12/2023 18:00 - 08/12/2023 19:00","CTA|SE","20372.00","19731.00"
"08/12/2023 19:00 - 08/12/2023 20:00","CTA|SE","19667.00","19187.00"
"08/12/2023 20:00 - 08/12/2023 21:00","CTA|SE","18976.00","18645.00"
"08/12/2023 21:00 - 08/12/2023 22:00","CTA|SE","18518.00","18122.00"
"08/12/2023 22:00 - 08/12/2023 23:00","CTA|SE","18064.00","17540.00"
"08/12/2023 23:00 - 09/12/2023 00:00","CTA|SE","17553.00","16721.00"
"09/12/2023 00:00 - 09/12/2023 01:00","CTA|SE","17400.00","16479.00"
"09/12/2023 01:00 - 09/12/2023 02:00","CTA|SE","17237.00","16440.00"
"09/12/2023 02:00 - 09/12/2023 03:00","CTA|SE","17057.00","16387.00"
"09/12/2023 03:00 - 09/12/2023 04:00","CTA|SE","17036.00","16415.00"
"09/12/2023 04:00 - 09/12/2023 05:00","CTA|SE","17145.00","16497.00"
"09/12/2023 05:00 - 09/12/2023 06:00","CTA|SE","17521.00","17069.00"
"09/12/2023 06:00 - 09/12/2023 07:00","CTA|SE","18097.00","17634.00"
"09/12/2023 07:00 - 09/12/2023 08:00","CTA|SE","18653.00","18028.00"
"09/12/2023 08:00 - 09/12/2023 09:00","CTA|SE","19266.00","18550.00"
"09/12/2023 09:00 - 09/12/2023 10:00","CTA|SE","19744.00","18828.00"
"09/12/2023 10:00 - 09/12/2023 11:00","CTA|SE","20009.00","18997.00"
"09/12/2023 11:00 - 09/12/2023 12:00","CTA|SE","19813.00","19045.00"
"09/12/2023 12:00 - 09/12/2023 13:00","CTA|SE","19612.00","19006.00"
"09/12/2023 13:00 - 09/12/2023 14:00","CTA|SE","19735.00","19011.00"
"09/12/2023 14:00 - 09/12/2023 15:00","CTA|SE","20191.00","19323.00"
"09/12/2023 15:00 - 09/12/2023 16:00","CTA|SE","20335.00","19537.00"
"09/12/2023 16:00 - 09/12/2023 17:00","CTA|SE","20397.00","19578.00"
"09/12/2023 17:00 - 09/12/2023 18:00","CTA|SE","20091.00","19292.00"
"09/12/2023 18:00 - 09/12/2023 19:00","CTA|SE","19458.00","18839.00"
"09/12/2023 19:00 - 09/12/2023 20:00","CTA|SE","18804.00","18334.00"
"09/12/2023 20:00 - 09/12/2023 21:00","CTA|SE","18396.00","17838.00"
"09/12/2023 21:00 - 09/12/2023 22:00","CTA|SE","17898.00","17315.00"
"09/12/2023 22:00 - 09/12/2023 23:00","CTA|SE","17383.00","16761.00"
"09/12/2023 23:00 - 10/12/2023 00:00","CTA|SE","16987.00","16362.00"
"10/12/2023 00:00 - 10/12/2023 01:00","CTA|SE","16628.00","16110.00"
"10/12/2023 01:00 - 10/12/2023 02:00","CTA|SE","16442.00","16011.00"
"10/12/2023 02:00 - 10/12/2023 03:00","CTA|SE","16462.00","15973.00"
"10/12/2023 03:00 - 10/12/2023 04:00","CTA|SE","16501.00","15981.00"
"10/12/2023 04:00 - 10/12/2023 05:00","CTA|SE","16536.00","16141.00"
"10/12/2023 05:00 - 10/12/2023 06:00","CTA|SE","17059.00","16494.00"
"10/12/2023 06:00 - 10/12/2023 07:00","CTA|SE","17603.00","17127.00"
"10/12/2023 07:00 - 10/12/2023 08:00","CTA|SE","18176.00","17475.00"
"10/12/2023 08:00 - 10/12/2023 09:00","CTA|SE","18513.00","17990.00"
"10/12/2023 09:00 - 10/12/2023 10:00","CTA|SE","18939.00","18353.00"
"10/12/2023 10:00 - 10/12/2023 11:00","CTA|SE","19412.00","18636.00"
"10/12/2023 11:00 - 10/12/2023 12:00","CTA|SE","19509.00","18795.00"
"10/12/2023 12:00 - 10/12/2023 13:00","CTA|SE","19632.00","18807.00"
"10/12/2023 13:00 - 10/12/2023 14:00","CTA|SE","19629.00","18854.00"
"10/12/2023 14:00 - 10/12/2023 15:00","CTA|SE","19921.00","19204.00"
"10/12/2023 15:00 - 10/12/2023 16:00","CTA|SE","20223.00","19469.00"
"10/12/2023 16:00 - 10/12/2023 17:00","CTA|SE","20283.00","19713.00"
"10/12/2023 17:00 - 10/12/2023 18:00","CTA|SE","20194.00","19467.00"
"10/12/2023 18:00 - 10/12/2023 19:00","CTA|SE","19826.00","19097.00"
"10/12/2023 19:00 - 10/12/2023 20:00","CTA|SE","19403.00","18718.00"
"10/12/2023 20:00 - 10/12/2023 21:00","CTA|SE","18818.00","18197.00"
"10/12/2023 21:00 - 10/12/2023 22:00","CTA|SE","18315.00","17647.00"
"10/12/2023 22:00 - 10/12/2023 23:00","CTA|SE","17690.00","16993.00"
"10/12/2023 23:00 - 11/12/2023 00:00","CTA|SE","17221.00","16756.00"
"11/12/2023 00:00 - 11/12/2023 01:00","CTA|SE","16999.00","16559.00"
"11/12/2023 01:00 - 11/12/2023 02:00","CTA|SE","16835.00","16509.00"
"11/12/2023 02:00 - 11/12/2023 03:00","CTA|SE","16780.00","16562.00"
"11/12/2023 03:00 - 11/12/2023 04:00","CTA|SE","16924.00","16773.00"
"11/12/2023 04:00 - 11/12/2023 05:00","CTA|SE","17441.00","17373.00"
"11/12/2023 05:00 - 11/12/2023 06:00","CTA|SE","19374.00","19001.00"
"11/12/2023 06:00 - 11/12/2023 07:00","CTA|SE","21117.00","20215.00"
"11/12/2023 07:00 - 11/12/2023 08:00","CTA|SE","21498.00","20557.00"
"11/12/2023 08:00 - 11/12/2023 09:00","CTA|SE","21486.00","20667.00"
"11/12/2023 09:00 - 11/12/2023 10:00","CTA|SE","21466.00","20803.00"
"11/12/2023 10:00 - 11/12/2023 11:00","CTA|SE","21542.00","20881.00"
"11/12/2023 11:00 - 11/12/2023 12:00","CTA|SE","21374.00","20899.00"
"11/12/2023 12:00 - 11/12/2023 13:00","CTA|SE","21142.00","20860.00"
"11/12/2023 13:00 - 11/12/2023 14:00","CTA|SE","21204.00","20923.00"
"11/12/2023 14:00 - 11/12/2023 15:00","CTA|SE","21526.00","21169.00"
"11/12/2023 15:00 - 11/12/2023 16:00","CTA|SE","21539.00","21267.00"
"11/12/2023 16:00 - 11/12/2023 17:00","CTA|SE","21555.00","21353.00"
"11/12/2023 17:00 - 11/12/2023 18:00","CTA|SE","21184.00","20955.00"
"11/12/2023 18:00 - 11/12/2023 19:00","CTA|SE","20709.00","20526.00"
"11/12/2023 19:00 - 11/12/2023 20:00","CTA|SE","20029.00","20115.00"
"11/12/2023 20:00 - 11/12/2023 21:00","CTA|SE","19182.00","19459.00"
"11/12/2023 21:00 - 11/12/2023 22:00","CTA|SE","18366.00","18790.00"
"11/12/2023 22:00 - 11/12/2023 23:00","CTA|SE","17479.00","18051.00"
"11/12/2023 23:00 - 12/12/2023 00:00","CTA|SE","16903.00","17487.00"
"12/12/2023 00:00 - 12/12/2023 01:00","CTA|SE","16619.00","17314.00"
"12/12/2023 01:00 - 12/12/2023 02:00","CTA|SE","16680.00","17285.00"
"12/12/2023 02:00 - 12/12/2023 03:00","CTA|SE","16631.00","17301.00"
"12/12/2023 03:00 - 12/12/2023 04:00","CTA|SE","16898.00","17457.00"
"12/12/2023 04:00 - 12/12/2023 05:00","CTA|SE","17626.00","18159.00"
"12/12/2023 05:00 - 12/12/2023 06:00","CTA|SE","19220.00","19462.00"
"12/12/2023 06:00 - 12/12/2023 07:00","CTA|SE","20713.00","20906.00"
"12/12/2023 07:00 - 12/12/2023 08:00","CTA|SE","21091.00","21218.00"
"12/12/2023 08:00 - 12/12/2023 09:00","CTA|SE","20996.00","21325.00"
"12/12/2023 09:00 - 12/12/2023 10:00","CTA|SE","21025.00","21437.00"
"12/12/2023 10:00 - 12/12/2023 11:00","CTA|SE","21032.00","21479.00"
"12/12/2023 11:00 - 12/12/2023 12:00","CTA|SE","20959.00","21494.00"
"12/12/2023 12:00 - 12/12/2023 13:00","CTA|SE","20885.00","21425.00"
"12/12/2023 13:00 - 12/12/2023 14:00","CTA|SE","21002.00","21465.00"
"12/12/2023 14:00 - 12/12/2023 15:00","CTA|SE","21382.00","21799.00"
"12/12/2023 15:00 - 12/12/2023 16:00","CTA|SE","21545.00","21911.00"
"12/12/2023 16:00 - 12/12/2023 17:00","CTA|SE","21587.00","21877.00"
"12/12/2023 17:00 - 12/12/2023 18:00","CTA|SE","21365.00","21581.00"
"12/12/2023 18:00 - 12/12/2023 19:00","CTA|SE","20998.00","21171.00"
"12/12/2023 19:00 - 12/12/2023 20:00","CTA|SE","20521.00","20750.00"
"12/12/2023 20:00 - 12/12/2023 21:00","CTA|SE","19916.00","20074.00"
"12/12/2023 21:00 - 12/12/2023 22:00","CTA|SE","19063.00","19413.00"
"12/12/2023 22:00 - 12/12/2023 23:00","CTA|SE","18225.00","18622.00"
"12/12/2023 23:00 - 13/12/2023 00:00","CTA|SE","17699.00","18228.00"
"13/12/2023 00:00 - 13/12/2023 01:00","CTA|SE","17430.00","18035.00"
"13/12/2023 01:00 - 13/12/2023 02:00","CTA|SE","17197.00","18001.00"
"13/12/2023 02:00 - 13/12/2023 03:00","CTA|SE","17232.00","18014.00"
"13/12/2023 03:00 - 13/12/2023 04:00","CTA|SE","17339.00","18159.00"
"13/12/2023 04:00 - 13/12/2023 05:00","CTA|SE","18142.00","18630.00"
"13/12/2023 05:00 - 13/12/2023 06:00","CTA|SE","19875.00","20218.00"
"13/12/2023 06:00 - 13/12/2023 07:00","CTA|SE","21207.00","21577.00"
"13/12/2023 07:00 - 13/12/2023 08:00","CTA|SE","21544.00","21913.00"
"13/12/2023 08:00 - 13/12/2023 09:00","CTA|SE","21472.00","21967.00"
"13/12/2023 09:00 - 13/12/2023 10:00","CTA|SE","21417.00","21979.00"
"13/12/2023 10:00 - 13/12/2023 11:00","CTA|SE","21568.00","22012.00"
"13/12/2023 11:00 - 13/12/2023 12:00","CTA|SE","21570.00","22026.00"
"13/12/2023 12:00 - 13/12/2023 13:00","CTA|SE","21642.00","21954.00"
"13/12/2023 13:00 - 13/12/2023 14:00","CTA|SE","21679.00","22013.00"
"13/12/2023 14:00 - 13/12/2023 15:00","CTA|SE","22103.00","22331.00"
"13/12/2023 15:00 - 13/12/2023 16:00","CTA|SE","22415.00","22506.00"
"13/12/2023 16:00 - 13/12/2023 17:00","CTA|SE","22519.00","22571.00"
"13/12/2023 17:00 - 13/12/2023 18:00","CTA|SE","22078.00","22247.00"
"13/12/2023 18:00 - 13/12/2023 19:00","CTA|SE","21571.00","21915.00"
"13/12/2023 19:00 - 13/12/2023 20:00","CTA|SE","21001.00","21592.00"
"13/12/2023 20:00 - 13/12/2023 21:00","CTA|SE","20400.00","21057.00"
"13/12/2023 21:00 - 13/12/2023 22:00","CTA|SE","19461.00","20515.00"
"13/12/2023 22:00 - 13/12/2023 23:00","CTA|SE","18615.00","19652.00"
"13/12/2023 23:00 - 14/12/2023 00:00","CTA|SE","18106.00","18737.00"
"14/12/2023 00:00 - 14/12/2023 01:00","CTA|SE","17912.00","18607.00"
"14/12/2023 01:00 - 14/12/2023 02:00","CTA|SE","17841.00","18601.00"
"14/12/2023 02:00 - 14/12/2023 03:00","CTA|SE","17959.00","18726.00"
"14/12/2023 03:00 - 14/12/2023 04:00","CTA|SE","18059.00","19022.00"
"14/12/2023 04:00 - 14/12/2023 05:00","CTA|SE","18810.00","19695.00"
"14/12/2023 05:00 - 14/12/2023 06:00","CTA|SE","20667.00","21261.00"
"14/12/2023 06:00 - 14/12/2023 07:00","CTA|SE","22125.00","22516.00"
"14/12/2023 07:00 - 14/12/2023 08:00","CTA|SE","22420.00","22892.00"
"14/12/2023 08:00 - 14/12/2023 09:00","CTA|SE","22280.00","23018.00"
"14/12/2023 09:00 - 14/12/2023 10:00","CTA|SE","22433.00","23066.00"
"14/12/2023 10:00 - 14/12/2023 11:00","CTA|SE","22439.00","23021.00"
"14/12/2023 11:00 - 14/12/2023 12:00","CTA|SE","22243.00","22943.00"
"14/12/2023 12:00 - 14/12/2023 13:00","CTA|SE","22204.00","22789.00"
"14/12/2023 13:00 - 14/12/2023 14:00","CTA|SE","22109.00","22884.00"
"14/12/2023 14:00 - 14/12/2023 15:00","CTA|SE","22509.00","23313.00"
"14/12/2023 15:00 - 14/12/2023 16:00","CTA|SE","22578.00","23442.00"
"14/12/2023 16:00 - 14/12/2023 17:00","CTA|SE","22624.00","23488.00"
"14/12/2023 17:00 - 14/12/2023 18:00","CTA|SE","22194.00","23214.00"
"14/12/2023 18:00 - 14/12/2023 19:00","CTA|SE","21696.00","22811.00"
"14/12/2023 19:00 - 14/12/2023 20:00","CTA|SE","21164.00","22381.00"
"14/12/2023 20:00 - 14/12/2023 21:00","CTA|SE","20386.00","21663.00"
"14/12/2023 21:00 - 14/12/2023 22:00","CTA|SE","19686.00","20843.00"
"14/12/2023 22:00 - 14/12/2023 23:00","CTA|SE","18798.00","19838.00"
"14/12/2023 23:00 - 15/12/2023 00:00","CTA|SE","18294.00","18903.00"
"15/12/2023 00:00 - 15/12/2023 01:00","CTA|SE","18336.00","18583.00"
"15/12/2023 01:00 - 15/12/2023 02:00","CTA|SE","18316.00","18400.00"
"15/12/2023 02:00 - 15/12/2023 03:00","CTA|SE","18245.00","18399.00"
"15/12/2023 03:00 - 15/12/2023 04:00","CTA|SE","18230.00","18457.00"
"15/12/2023 04:00 - 15/12/2023 05:00","CTA|SE","18898.00","19070.00"
"15/12/2023 05:00 - 15/12/2023 06:00","CTA|SE","20133.00","20467.00"
"15/12/2023 06:00 - 15/12/2023 07:00","CTA|SE","21272.00","21727.00"
"15/12/2023 07:00 - 15/12/2023 08:00","CTA|SE","21785.00","21968.00"
"15/12/2023 08:00 - 15/12/2023 09:00","CTA|SE","21861.00","21973.00"
"15/12/2023 09:00 - 15/12/2023 10:00","CTA|SE","21819.00","21842.00"
"15/12/2023 10:00 - 15/12/2023 11:00","CTA|SE","21489.00","21789.00"
"15/12/2023 11:00 - 15/12/2023 12:00","CTA|SE","21479.00","21642.00"
"15/12/2023 12:00 - 15/12/2023 13:00","CTA|SE","20850.00","21323.00"
"15/12/2023 13:00 - 15/12/2023 14:00","CTA|SE","20415.00","21199.00"
"15/12/2023 14:00 - 15/12/2023 15:00","CTA|SE","20542.00","21315.00"
"15/12/2023 15:00 - 15/12/2023 16:00","CTA|SE","20567.00","21372.00"
"15/12/2023 16:00 - 15/12/2023 17:00","CTA|SE","20555.00","21262.00"
"15/12/2023 17:00 - 15/12/2023 18:00","CTA|SE","20008.00","20850.00"
"15/12/2023 18:00 - 15/12/2023 19:00","CTA|SE","19457.00","20165.00"
"15/12/2023 19:00 - 15/12/2023 20:00","CTA|SE","18528.00","19539.00"
"15/12/2023 20:00 - 15/12/2023 21:00","CTA|SE","18034.00","18987.00"
"15/12/2023 21:00 - 15/12/2023 22:00","CTA|SE","17508.00","18404.00"
"15/12/2023 22:00 - 15/12/2023 23:00","CTA|SE","16836.00","17912.00"
"15/12/2023 23:00 - 16/12/2023 00:00","CTA|SE","16123.00","17052.00"
"16/12/2023 00:00 - 16/12/2023 01:00","CTA|SE","15349.00","16790.00"
"16/12/2023 01:00 - 16/12/2023 02:00","CTA|SE","14968.00","16675.00"
"16/12/2023 02:00 - 16/12/2023 03:00","CTA|SE","15798.00","16527.00"
"16/12/2023 03:00 - 16/12/2023 04:00","CTA|SE","16062.00","16473.00"
"16/12/2023 04:00 - 16/12/2023 05:00","CTA|SE","16026.00","16531.00"
"16/12/2023 05:00 - 16/12/2023 06:00","CTA|SE","16319.00","16865.00"
"16/12/2023 06:00 - 16/12/2023 07:00","CTA|SE","16852.00","17198.00"
"16/12/2023 07:00 - 16/12/2023 08:00","CTA|SE","16759.00","17739.00"
"16/12/2023 08:00 - 16/12/2023 09:00","CTA|SE","17559.00","18125.00"
"16/12/2023 09:00 - 16/12/2023 10:00","CTA|SE","18733.00","18384.00"
"16/12/2023 10:00 - 16/12/2023 11:00","CTA|SE","18612.00","18554.00"
"16/12/2023 11:00 - 16/12/2023 12:00","CTA|SE","18666.00","18524.00"
"16/12/2023 12:00 - 16/12/2023 13:00","CTA|SE","18607.00","18390.00"
"16/12/2023 13:00 - 16/12/2023 14:00","CTA|SE","18614.00","18315.00"
"16/12/2023 14:00 - 16/12/2023 15:00","CTA|SE","18988.00","18507.00"
"16/12/2023 15:00 - 16/12/2023 16:00","CTA|SE","18873.00","18650.00"
"16/12/2023 16:00 - 16/12/2023 17:00","CTA|SE","18839.00","18578.00"
"16/12/2023 17:00 - 16/12/2023 18:00","CTA|SE","18487.00","18245.00"
"16/12/2023 18:00 - 16/12/2023 19:00","CTA|SE","17851.00","17716.00"
"16/12/2023 19:00 - 16/12/2023 20:00","CTA|SE","17321.00","17274.00"
"16/12/2023 20:00 - 16/12/2023 21:00","CTA|SE","16902.00","16776.00"
"16/12/2023 21:00 - 16/12/2023 22:00","CTA|SE","16249.00","16290.00"
"16/12/2023 22:00 - 16/12/2023 23:00","CTA|SE","16297.00","15843.00"
"16/12/2023 23:00 - 17/12/2023 00:00","CTA|SE","15424.00","15195.00"
"17/12/2023 00:00 - 17/12/2023 01:00","CTA|SE","15234.00","14909.00"
"17/12/2023 01:00 - 17/12/2023 02:00","CTA|SE","15258.00","14855.00"
"17/12/2023 02:00 - 17/12/2023 03:00","CTA|SE","15202.00","14672.00"
"17/12/2023 03:00 - 17/12/2023 04:00","CTA|SE","14950.00","14697.00"
"17/12/2023 04:00 - 17/12/2023 05:00","CTA|SE","14955.00","14837.00"
"17/12/2023 05:00 - 17/12/2023 06:00","CTA|SE","15336.00","15220.00"
"17/12/2023 06:00 - 17/12/2023 07:00","CTA|SE","15924.00","15744.00"
"17/12/2023 07:00 - 17/12/2023 08:00","CTA|SE","16518.00","16222.00"
"17/12/2023 08:00 - 17/12/2023 09:00","CTA|SE","16738.00","16731.00"
"17/12/2023 09:00 - 17/12/2023 10:00","CTA|SE","17107.00","17121.00"
"17/12/2023 10:00 - 17/12/2023 11:00","CTA|SE","17285.00","17415.00"
"17/12/2023 11:00 - 17/12/2023 12:00","CTA|SE","17035.00","17503.00"
"17/12/2023 12:00 - 17/12/2023 13:00","CTA|SE","16895.00","17474.00"
"17/12/2023 13:00 - 17/12/2023 14:00","CTA|SE","17595.00","17491.00"
"17/12/2023 14:00 - 17/12/2023 15:00","CTA|SE","17835.00","17798.00"
"17/12/2023 15:00 - 17/12/2023 16:00","CTA|SE","17793.00","18000.00"
"17/12/2023 16:00 - 17/12/2023 17:00","CTA|SE","17775.00","18064.00"
"17/12/2023 17:00 - 17/12/2023 18:00","CTA|SE","17686.00","17886.00"
"17/12/2023 18:00 - 17/12/2023 19:00","CTA|SE","17244.00","17601.00"
"17/12/2023 19:00 - 17/12/2023 20:00","CTA|SE","16898.00","17232.00"
"17/12/2023 20:00 - 17/12/2023 21:00","CTA|SE","16274.00","16729.00"
"17/12/2023 21:00 - 17/12/2023 22:00","CTA|SE","15703.00","16116.00"
"17/12/2023 22:00 - 17/12/2023 23:00","CTA|SE","15133.00","15560.00"
"17/12/2023 23:00 - 18/12/2023 00:00","CTA|SE","14124.00","15191.00"
"18/12/2023 00:00 - 18/12/2023 01:00","CTA|SE","14207.00","15006.00"
"18/12/2023 01:00 - 18/12/2023 02:00","CTA|SE","14077.00","14827.00"
"18/12/2023 02:00 - 18/12/2023 03:00","CTA|SE","14042.00","14829.00"
"18/12/2023 03:00 - 18/12/2023 04:00","CTA|SE","14182.00","15077.00"
"18/12/2023 04:00 - 18/12/2023 05:00","CTA|SE","15014.00","15716.00"
"18/12/2023 05:00 - 18/12/2023 06:00","CTA|SE","16650.00","17272.00"
"18/12/2023 06:00 - 18/12/2023 07:00","CTA|SE","18230.00","18560.00"
"18/12/2023 07:00 - 18/12/2023 08:00","CTA|SE","18610.00","18740.00"
"18/12/2023 08:00 - 18/12/2023 09:00","CTA|SE","18744.00","18831.00"
"18/12/2023 09:00 - 18/12/2023 10:00","CTA|SE","19091.00","18944.00"
"18/12/2023 10:00 - 18/12/2023 11:00","CTA|SE","19256.00","19013.00"
"18/12/2023 11:00 - 18/12/2023 12:00","CTA|SE","19323.00","18977.00"
"18/12/2023 12:00 - 18/12/2023 13:00","CTA|SE","19186.00","18998.00"
"18/12/2023 13:00 - 18/12/2023 14:00","CTA|SE","19429.00","19025.00"
"18/12/2023 14:00 - 18/12/2023 15:00","CTA|SE","19431.00","19360.00"
"18/12/2023 15:00 - 18/12/2023 16:00","CTA|SE","19700.00","19419.00"
"18/12/2023 16:00 - 18/12/2023 17:00","CTA|SE","19437.00","19417.00"
"18/12/2023 17:00 - 18/12/2023 18:00","CTA|SE","18883.00","19018.00"
"18/12/2023 18:00 - 18/12/2023 19:00","CTA|SE","18326.00","18558.00"
"18/12/2023 19:00 - 18/12/2023 20:00","CTA|SE","17869.00","18043.00"
"18/12/2023 20:00 - 18/12/2023 21:00","CTA|SE","17073.00","17364.00"
"18/12/2023 21:00 - 18/12/2023 22:00","CTA|SE","16201.00","16535.00"
"18/12/2023 22:00 - 18/12/2023 23:00","CTA|SE","15254.00","15821.00"
"18/12/2023 23:00 - 19/12/2023 00:00","CTA|SE","14987.00","15061.00"
"19/12/2023 00:00 - 19/12/2023 01:00","CTA|SE","14707.00","14821.00"
"19/12/2023 01:00 - 19/12/2023 02:00","CTA|SE","14468.00","14714.00"
"19/12/2023 02:00 - 19/12/2023 03:00","CTA|SE","14349.00","14698.00"
"19/12/2023 03:00 - 19/12/2023 04:00","CTA|SE","14700.00","14842.00"
"19/12/2023 04:00 - 19/12/2023 05:00","CTA|SE","15186.00","15537.00"
"19/12/2023 05:00 - 19/12/2023 06:00","CTA|SE","16871.00","17109.00"
"19/12/2023 06:00 - 19/12/2023 07:00","CTA|SE","18198.00","18724.00"
"19/12/2023 07:00 - 19/12/2023 08:00","CTA|SE","18970.00","18866.00"
"19/12/2023 08:00 - 19/12/2023 09:00","CTA|SE","18916.00","18968.00"
"19/12/2023 09:00 - 19/12/2023 10:00","CTA|SE","18959.00","19064.00"
"19/12/2023 10:00 - 19/12/2023 11:00","CTA|SE","18807.00","19120.00"
"19/12/2023 11:00 - 19/12/2023 12:00","CTA|SE","18657.00","19084.00"
"19/12/2023 12:00 - 19/12/2023 13:00","CTA|SE","18684.00","19002.00"
"19/12/2023 13:00 - 19/12/2023 14:00","CTA|SE","19084.00","19111.00"
"19/12/2023 14:00 - 19/12/2023 15:00","CTA|SE","19634.00","19612.00"
"19/12/2023 15:00 - 19/12/2023 16:00","CTA|SE","19884.00","19781.00"
"19/12/2023 16:00 - 19/12/2023 17:00","CTA|SE","19824.00","19812.00"
"19/12/2023 17:00 - 19/12/2023 18:00","CTA|SE","19777.00","19530.00"
"19/12/2023 18:00 - 19/12/2023 19:00","CTA|SE","19425.00","19075.00"
"19/12/2023 19:00 - 19/12/2023 20:00","CTA|SE","18815.00","18705.00"
"19/12/2023 20:00 - 19/12/2023 21:00","CTA|SE","18031.00","18142.00"
"19/12/2023 21:00 - 19/12/2023 22:00","CTA|SE","17415.00","17408.00"
"19/12/2023 22:00 - 19/12/2023 23:00","CTA|SE","16731.00","16671.00"
"19/12/2023 23:00 - 20/12/2023 00:00","CTA|SE","16408.00","16177.00"
"20/12/2023 00:00 - 20/12/2023 01:00","CTA|SE","15915.00","15905.00"
"20/12/2023 01:00 - 20/12/2023 02:00","CTA|SE","15558.00","15821.00"
"20/12/2023 02:00 - 20/12/2023 03:00","CTA|SE","15887.00","15826.00"
"20/12/2023 03:00 - 20/12/2023 04:00","CTA|SE","15956.00","15934.00"
"20/12/2023 04:00 - 20/12/2023 05:00","CTA|SE","16543.00","16508.00"
"20/12/2023 05:00 - 20/12/2023 06:00","CTA|SE","18037.00","17957.00"
"20/12/2023 06:00 - 20/12/2023 07:00","CTA|SE","19186.00","19281.00"
"20/12/2023 07:00 - 20/12/2023 08:00","CTA|SE","19762.00","19594.00"
"20/12/2023 08:00 - 20/12/2023 09:00","CTA|SE","19941.00","19636.00"
"20/12/2023 09:00 - 20/12/2023 10:00","CTA|SE","19927.00","19715.00"
"20/12/2023 10:00 - 20/12/2023 11:00","CTA|SE","19583.00","19748.00"
"20/12/2023 11:00 - 20/12/2023 12:00","CTA|SE","19870.00","19762.00"
"20/12/2023 12:00 - 20/12/2023 13:00","CTA|SE","19869.00","19763.00"
"20/12/2023 13:00 - 20/12/2023 14:00","CTA|SE","19903.00","19838.00"
"20/12/2023 14:00 - 20/12/2023 15:00","CTA|SE","20141.00","20230.00"
"20/12/2023 15:00 - 20/12/2023 16:00","CTA|SE","20258.00","20367.00"
"20/12/2023 16:00 - 20/12/2023 17:00","CTA|SE","20272.00","20417.00"
"20/12/2023 17:00 - 20/12/2023 18:00","CTA|SE","19924.00","20145.00"
"20/12/2023 18:00 - 20/12/2023 19:00","CTA|SE","19786.00","19703.00"
"20/12/2023 19:00 - 20/12/2023 20:00","CTA|SE","19177.00","19270.00"
"20/12/2023 20:00 - 20/12/2023 21:00","CTA|SE","18435.00","18726.00"
"20/12/2023 21:00 - 20/12/2023 22:00","CTA|SE","17712.00","18072.00"
"20/12/2023 22:00 - 20/12/2023 23:00","CTA|SE","16937.00","17279.00"
"20/12/2023 23:00 - 21/12/2023 00:00","CTA|SE","16552.00","16884.00"
"21/12/2023 00:00 - 21/12/2023 01:00","CTA|SE","16520.00","16746.00"
"21/12/2023 01:00 - 21/12/2023 02:00","CTA|SE","16517.00","16685.00"
"21/12/2023 02:00 - 21/12/2023 03:00","CTA|SE","16236.00","16712.00"
"21/12/2023 03:00 - 21/12/2023 04:00","CTA|SE","15989.00","16880.00"
"21/12/2023 04:00 - 21/12/2023 05:00","CTA|SE","16417.00","17466.00"
"21/12/2023 05:00 - 21/12/2023 06:00","CTA|SE","18229.00","18904.00"
"21/12/2023 06:00 - 21/12/2023 07:00","CTA|SE","19670.00","20235.00"
"21/12/2023 07:00 - 21/12/2023 08:00","CTA|SE","20577.00","20551.00"
"21/12/2023 08:00 - 21/12/2023 09:00","CTA|SE","20843.00","20484.00"
"21/12/2023 09:00 - 21/12/2023 10:00","CTA|SE","20991.00","20520.00"
"21/12/2023 10:00 - 21/12/2023 11:00","CTA|SE","20717.00","20410.00"
"21/12/2023 11:00 - 21/12/2023 12:00","CTA|SE","20511.00","20432.00"
"21/12/2023 12:00 - 21/12/2023 13:00","CTA|SE","20822.00","20356.00"
"21/12/2023 13:00 - 21/12/2023 14:00","CTA|SE","21177.00","20361.00"
"21/12/2023 14:00 - 21/12/2023 15:00","CTA|SE","21371.00","20600.00"
"21/12/2023 15:00 - 21/12/2023 16:00","CTA|SE","21342.00","20662.00"
"21/12/2023 16:00 - 21/12/2023 17:00","CTA|SE","21460.00","20662.00"
"21/12/2023 17:00 - 21/12/2023 18:00","CTA|SE","21035.00","20307.00"
"21/12/2023 18:00 - 21/12/2023 19:00","CTA|SE","20725.00","19900.00"
"21/12/2023 19:00 - 21/12/2023 20:00","CTA|SE","20314.00","19375.00"
"21/12/2023 20:00 - 21/12/2023 21:00","CTA|SE","19210.00","18772.00"
"21/12/2023 21:00 - 21/12/2023 22:00","CTA|SE","18390.00","18025.00"
"21/12/2023 22:00 - 21/12/2023 23:00","CTA|SE","17792.00","17317.00"
"21/12/2023 23:00 - 22/12/2023 00:00","CTA|SE","17352.00","16894.00"
"22/12/2023 00:00 - 22/12/2023 01:00","CTA|SE","17380.00","16689.00"
"22/12/2023 01:00 - 22/12/2023 02:00","CTA|SE","17105.00","16603.00"
"22/12/2023 02:00 - 22/12/2023 03:00","CTA|SE","17233.00","16636.00"
"22/12/2023 03:00 - 22/12/2023 04:00","CTA|SE","17163.00","16824.00"
"22/12/2023 04:00 - 22/12/2023 05:00","CTA|SE","17582.00","17396.00"
"22/12/2023 05:00 - 22/12/2023 06:00","CTA|SE","18959.00","18699.00"
"22/12/2023 06:00 - 22/12/2023 07:00","CTA|SE","20055.00","20091.00"
"22/12/2023 07:00 - 22/12/2023 08:00","CTA|SE","20673.00","20515.00"
"22/12/2023 08:00 - 22/12/2023 09:00","CTA|SE","20891.00","20564.00"
"22/12/2023 09:00 - 22/12/2023 10:00","CTA|SE","21023.00","20618.00"
"22/12/2023 10:00 - 22/12/2023 11:00","CTA|SE","20888.00","20622.00"
"22/12/2023 11:00 - 22/12/2023 12:00","CTA|SE","20780.00","20600.00"
"22/12/2023 12:00 - 22/12/2023 13:00","CTA|SE","20704.00","20450.00"
"22/12/2023 13:00 - 22/12/2023 14:00","CTA|SE","20608.00","20402.00"
"22/12/2023 14:00 - 22/12/2023 15:00","CTA|SE","20940.00","20616.00"
"22/12/2023 15:00 - 22/12/2023 16:00","CTA|SE","21250.00","20759.00"
"22/12/2023 16:00 - 22/12/2023 17:00","CTA|SE","21119.00","20732.00"
"22/12/2023 17:00 - 22/12/2023 18:00","CTA|SE","20590.00","20419.00"
"22/12/2023 18:00 - 22/12/2023 19:00","CTA|SE","19969.00","19896.00"
"22/12/2023 19:00 - 22/12/2023 20:00","CTA|SE","19437.00","19305.00"
"22/12/2023 20:00 - 22/12/2023 21:00","CTA|SE","18990.00","18809.00"
"22/12/2023 21:00 - 22/12/2023 22:00","CTA|SE","18466.00","18288.00"
"22/12/2023 22:00 - 22/12/2023 23:00","CTA|SE","18164.00","17731.00"
"22/12/2023 23:00 - 23/12/2023 00:00","CTA|SE","17898.00","17417.00"
"23/12/2023 00:00 - 23/12/2023 01:00","CTA|SE","17492.00","17190.00"
"23/12/2023 01:00 - 23/12/2023 02:00","CTA|SE","17353.00","17067.00"
"23/12/2023 02:00 - 23/12/2023 03:00","CTA|SE","17096.00","17112.00"
"23/12/2023 03:00 - 23/12/2023 04:00","CTA|SE","17334.00","17167.00"
"23/12/2023 04:00 - 23/12/2023 05:00","CTA|SE","17518.00","17315.00"
"23/12/2023 05:00 - 23/12/2023 06:00","CTA|SE","17603.00","17667.00"
"23/12/2023 06:00 - 23/12/2023 07:00","CTA|SE","18110.00","18218.00"
"23/12/2023 07:00 - 23/12/2023 08:00","CTA|SE","18648.00","18817.00"
"23/12/2023 08:00 - 23/12/2023 09:00","CTA|SE","19273.00","19290.00"
"23/12/2023 09:00 - 23/12/2023 10:00","CTA|SE","19705.00","19679.00"
"23/12/2023 10:00 - 23/12/2023 11:00","CTA|SE","19611.00","19764.00"
"23/12/2023 11:00 - 23/12/2023 12:00","CTA|SE","19700.00","19783.00"
"23/12/2023 12:00 - 23/12/2023 13:00","CTA|SE","19441.00","19720.00"
"23/12/2023 13:00 - 23/12/2023 14:00","CTA|SE","19697.00","19781.00"
"23/12/2023 14:00 - 23/12/2023 15:00","CTA|SE","20342.00","20168.00"
"23/12/2023 15:00 - 23/12/2023 16:00","CTA|SE","20650.00","20572.00"
"23/12/2023 16:00 - 23/12/2023 17:00","CTA|SE","20903.00","20672.00"
"23/12/2023 17:00 - 23/12/2023 18:00","CTA|SE","20619.00","20515.00"
"23/12/2023 18:00 - 23/12/2023 19:00","CTA|SE","20330.00","20153.00"
"23/12/2023 19:00 - 23/12/2023 20:00","CTA|SE","19791.00","19684.00"
"23/12/2023 20:00 - 23/12/2023 21:00","CTA|SE","18943.00","19272.00"
"23/12/2023 21:00 - 23/12/2023 22:00","CTA|SE","18530.00","18860.00"
"23/12/2023 22:00 - 23/12/2023 23:00","CTA|SE","18046.00","18337.00"
"23/12/2023 23:00 - 24/12/2023 00:00","CTA|SE","17456.00","18025.00"
"24/12/2023 00:00 - 24/12/2023 01:00","CTA|SE","17195.00","17778.00"
"24/12/2023 01:00 - 24/12/2023 02:00","CTA|SE","17022.00","17603.00"
"24/12/2023 02:00 - 24/12/2023 03:00","CTA|SE","17035.00","17586.00"
"24/12/2023 03:00 - 24/12/2023 04:00","CTA|SE","17017.00","17620.00"
"24/12/2023 04:00 - 24/12/2023 05:00","CTA|SE","17121.00","17787.00"
"24/12/2023 05:00 - 24/12/2023 06:00","CTA|SE","17449.00","18200.00"
"24/12/2023 06:00 - 24/12/2023 07:00","CTA|SE","18191.00","18641.00"
"24/12/2023 07:00 - 24/12/2023 08:00","CTA|SE","19165.00","19314.00"
"24/12/2023 08:00 - 24/12/2023 09:00","CTA|SE","19640.00","19683.00"
"24/12/2023 09:00 - 24/12/2023 10:00","CTA|SE","19785.00","19850.00"
"24/12/2023 10:00 - 24/12/2023 11:00","CTA|SE","19767.00","19851.00"
"24/12/2023 11:00 - 24/12/2023 12:00","CTA|SE","19918.00","19732.00"
"24/12/2023 12:00 - 24/12/2023 13:00","CTA|SE","19977.00","19491.00"
"24/12/2023 13:00 - 24/12/2023 14:00","CTA|SE","19843.00","19334.00"
"24/12/2023 14:00 - 24/12/2023 15:00","CTA|SE","20068.00","19394.00"
"24/12/2023 15:00 - 24/12/2023 16:00","CTA|SE","19765.00","19325.00"
"24/12/2023 16:00 - 24/12/2023 17:00","CTA|SE","18764.00","19019.00"
"24/12/2023 17:00 - 24/12/2023 18:00","CTA|SE","18217.00","18570.00"
"24/12/2023 18:00 - 24/12/2023 19:00","CTA|SE","17853.00","18216.00"
"24/12/2023 19:00 - 24/12/2023 20:00","CTA|SE","17433.00","17800.00"
"24/12/2023 20:00 - 24/12/2023 21:00","CTA|SE","16930.00","17391.00"
"24/12/2023 21:00 - 24/12/2023 22:00","CTA|SE","16496.00","16989.00"
"24/12/2023 22:00 - 24/12/2023 23:00","CTA|SE","16098.00","16599.00"
"24/12/2023 23:00 - 25/12/2023 00:00","CTA|SE","15718.00","16413.00"
"25/12/2023 00:00 - 25/12/2023 01:00","CTA|SE","15528.00","16174.00"
"25/12/2023 01:00 - 25/12/2023 02:00","CTA|SE","15402.00","16010.00"
"25/12/2023 02:00 - 25/12/2023 03:00","CTA|SE","15162.00","15902.00"
"25/12/2023 03:00 - 25/12/2023 04:00","CTA|SE","15205.00","15904.00"
"25/12/2023 04:00 - 25/12/2023 05:00","CTA|SE","15411.00","15999.00"
"25/12/2023 05:00 - 25/12/2023 06:00","CTA|SE","15909.00","16268.00"
"25/12/2023 06:00 - 25/12/2023 07:00","CTA|SE","16257.00","16602.00"
"25/12/2023 07:00 - 25/12/2023 08:00","CTA|SE","16702.00","17003.00"
"25/12/2023 08:00 - 25/12/2023 09:00","CTA|SE","17039.00","17276.00"
"25/12/2023 09:00 - 25/12/2023 10:00","CTA|SE","17469.00","17505.00"
"25/12/2023 10:00 - 25/12/2023 11:00","CTA|SE","17738.00","17708.00"
"25/12/2023 11:00 - 25/12/2023 12:00","CTA|SE","17784.00","17800.00"
"25/12/2023 12:00 - 25/12/2023 13:00","CTA|SE","17663.00","17811.00"
"25/12/2023 13:00 - 25/12/2023 14:00","CTA|SE","17864.00","17912.00"
"25/12/2023 14:00 - 25/12/2023 15:00","CTA|SE","18114.00","18205.00"
"25/12/2023 15:00 - 25/12/2023 16:00","CTA|SE","18536.00","18459.00"
"25/12/2023 16:00 - 25/12/2023 17:00","CTA|SE","18611.00","18492.00"
"25/12/2023 17:00 - 25/12/2023 18:00","CTA|SE","18416.00","18356.00"
"25/12/2023 18:00 - 25/12/2023 19:00","CTA|SE","18139.00","18094.00"
"25/12/2023 19:00 - 25/12/2023 20:00","CTA|SE","17537.00","17821.00"
"25/12/2023 20:00 - 25/12/2023 21:00","CTA|SE","17130.00","17515.00"
"25/12/2023 21:00 - 25/12/2023 22:00","CTA|SE","16620.00","17191.00"
"25/12/2023 22:00 - 25/12/2023 23:00","CTA|SE","16102.00","16678.00"
"25/12/2023 23:00 - 26/12/2023 00:00","CTA|SE","15929.00","16555.00"
"26/12/2023 00:00 - 26/12/2023 01:00","CTA|SE","15893.00","16394.00"
"26/12/2023 01:00 - 26/12/2023 02:00","CTA|SE","16076.00","16236.00"
"26/12/2023 02:00 - 26/12/2023 03:00","CTA|SE","16130.00","16195.00"
"26/12/2023 03:00 - 26/12/2023 04:00","CTA|SE","16015.00","16273.00"
"26/12/2023 04:00 - 26/12/2023 05:00","CTA|SE","15977.00","16390.00"
"26/12/2023 05:00 - 26/12/2023 06:00","CTA|SE","16598.00","16768.00"
"26/12/2023 06:00 - 26/12/2023 07:00","CTA|SE","17122.00","17406.00"
"26/12/2023 07:00 - 26/12/2023 08:00","CTA|SE","17944.00","17907.00"
"26/12/2023 08:00 - 26/12/2023 09:00","CTA|SE","18315.00","18419.00"
"26/12/2023 09:00 - 26/12/2023 10:00","CTA|SE","18587.00","18601.00"
"26/12/2023 10:00 - 26/12/2023 11:00","CTA|SE","18702.00","18620.00"
"26/12/2023 11:00 - 26/12/2023 12:00","CTA|SE","18648.00","18559.00"
"26/12/2023 12:00 - 26/12/2023 13:00","CTA|SE","18486.00","18437.00"
"26/12/2023 13:00 - 26/12/2023 14:00","CTA|SE","18760.00","18547.00"
"26/12/2023 14:00 - 26/12/2023 15:00","CTA|SE","19226.00","19051.00"
"26/12/2023 15:00 - 26/12/2023 16:00","CTA|SE","19882.00","19376.00"
"26/12/2023 16:00 - 26/12/2023 17:00","CTA|SE","19777.00","19371.00"
"26/12/2023 17:00 - 26/12/2023 18:00","CTA|SE","19716.00","19278.00"
"26/12/2023 18:00 - 26/12/2023 19:00","CTA|SE","19450.00","19006.00"
"26/12/2023 19:00 - 26/12/2023 20:00","CTA|SE","19164.00","18663.00"
"26/12/2023 20:00 - 26/12/2023 21:00","CTA|SE","18595.00","18167.00"
"26/12/2023 21:00 - 26/12/2023 22:00","CTA|SE","17942.00","17766.00"
"26/12/2023 22:00 - 26/12/2023 23:00","CTA|SE","17465.00","17255.00"
"26/12/2023 23:00 - 27/12/2023 00:00","CTA|SE","17476.00","17327.00"
"27/12/2023 00:00 - 27/12/2023 01:00","CTA|SE","17246.00","17091.00"
"27/12/2023 01:00 - 27/12/2023 02:00","CTA|SE","17020.00","17039.00"
"27/12/2023 02:00 - 27/12/2023 03:00","CTA|SE","16918.00","17004.00"
"27/12/2023 03:00 - 27/12/2023 04:00","CTA|SE","16715.00","17066.00"
"27/12/2023 04:00 - 27/12/2023 05:00","CTA|SE","17221.00","17545.00"
"27/12/2023 05:00 - 27/12/2023 06:00","CTA|SE","18166.00","18475.00"
"27/12/2023 06:00 - 27/12/2023 07:00","CTA|SE","19110.00","19465.00"
"27/12/2023 07:00 - 27/12/2023 08:00","CTA|SE","19141.00","20018.00"
"27/12/2023 08:00 - 27/12/2023 09:00","CTA|SE","19272.00","20223.00"
"27/12/2023 09:00 - 27/12/2023 10:00","CTA|SE","19203.00","20304.00"
"27/12/2023 10:00 - 27/12/2023 11:00","CTA|SE","19053.00","20202.00"
"27/12/2023 11:00 - 27/12/2023 12:00","CTA|SE","19008.00","20144.00"
"27/12/2023 12:00 - 27/12/2023 13:00","CTA|SE","19256.00","20066.00"
"27/12/2023 13:00 - 27/12/2023 14:00","CTA|SE","19602.00","20239.00"
"27/12/2023 14:00 - 27/12/2023 15:00","CTA|SE","19979.00","20773.00"
"27/12/2023 15:00 - 27/12/2023 16:00","CTA|SE","20750.00","21033.00"
"27/12/2023 16:00 - 27/12/2023 17:00","CTA|SE","21136.00","21060.00"
"27/12/2023 17:00 - 27/12/2023 18:00","CTA|SE","20993.00","20775.00"
"27/12/2023 18:00 - 27/12/2023 19:00","CTA|SE","20308.00","20515.00"
"27/12/2023 19:00 - 27/12/2023 20:00","CTA|SE","20059.00","20058.00"
"27/12/2023 20:00 - 27/12/2023 21:00","CTA|SE","19145.00","19489.00"
"27/12/2023 21:00 - 27/12/2023 22:00","CTA|SE","18271.00","18785.00"
"27/12/2023 22:00 - 27/12/2023 23:00","CTA|SE","17666.00","18221.00"
"27/12/2023 23:00 - 28/12/2023 00:00","CTA|SE","17275.00","17923.00"
"28/12/2023 00:00 - 28/12/2023 01:00","CTA|SE","17095.00","17483.00"
"28/12/2023 01:00 - 28/12/2023 02:00","CTA|SE","17202.00","17323.00"
"28/12/2023 02:00 - 28/12/2023 03:00","CTA|SE","17284.00","17217.00"
"28/12/2023 03:00 - 28/12/2023 04:00","CTA|SE","17214.00","17132.00"
"28/12/2023 04:00 - 28/12/2023 05:00","CTA|SE","17310.00","17494.00"
"28/12/2023 05:00 - 28/12/2023 06:00","CTA|SE","17810.00","18350.00"
"28/12/2023 06:00 - 28/12/2023 07:00","CTA|SE","18589.00","19274.00"
"28/12/2023 07:00 - 28/12/2023 08:00","CTA|SE","19159.00","19601.00"
"28/12/2023 08:00 - 28/12/2023 09:00","CTA|SE","18892.00","19681.00"
"28/12/2023 09:00 - 28/12/2023 10:00","CTA|SE","18885.00","19806.00"
"28/12/2023 10:00 - 28/12/2023 11:00","CTA|SE","18977.00","19797.00"
"28/12/2023 11:00 - 28/12/2023 12:00","CTA|SE","19330.00","19738.00"
"28/12/2023 12:00 - 28/12/2023 13:00","CTA|SE","19194.00","19649.00"
"28/12/2023 13:00 - 28/12/2023 14:00","CTA|SE","18888.00","19634.00"
"28/12/2023 14:00 - 28/12/2023 15:00","CTA|SE","19317.00","19767.00"
"28/12/2023 15:00 - 28/12/2023 16:00","CTA|SE","19394.00","19862.00"
"28/12/2023 16:00 - 28/12/2023 17:00","CTA|SE","19180.00","19746.00"
"28/12/2023 17:00 - 28/12/2023 18:00","CTA|SE","18575.00","19327.00"
"28/12/2023 18:00 - 28/12/2023 19:00","CTA|SE","17852.00","18839.00"
"28/12/2023 19:00 - 28/12/2023 20:00","CTA|SE","17400.00","18252.00"
"28/12/2023 20:00 - 28/12/2023 21:00","CTA|SE","16633.00","17693.00"
"28/12/2023 21:00 - 28/12/2023 22:00","CTA|SE","16047.00","17015.00"
"28/12/2023 22:00 - 28/12/2023 23:00","CTA|SE","15543.00","16508.00"
"28/12/2023 23:00 - 29/12/2023 00:00","CTA|SE","15045.00","16354.00"
"29/12/2023 00:00 - 29/12/2023 01:00","CTA|SE","14724.00","16051.00"
"29/12/2023 01:00 - 29/12/2023 02:00","CTA|SE","14534.00","15937.00"
"29/12/2023 02:00 - 29/12/2023 03:00","CTA|SE","14663.00","15868.00"
"29/12/2023 03:00 - 29/12/2023 04:00","CTA|SE","14883.00","15842.00"
"29/12/2023 04:00 - 29/12/2023 05:00","CTA|SE","15374.00","16192.00"
"29/12/2023 05:00 - 29/12/2023 06:00","CTA|SE","16212.00","17024.00"
"29/12/2023 06:00 - 29/12/2023 07:00","CTA|SE","17181.00","17989.00"
"29/12/2023 07:00 - 29/12/2023 08:00","CTA|SE","17764.00","18501.00"
"29/12/2023 08:00 - 29/12/2023 09:00","CTA|SE","18097.00","18696.00"
"29/12/2023 09:00 - 29/12/2023 10:00","CTA|SE","18171.00","18850.00"
"29/12/2023 10:00 - 29/12/2023 11:00","CTA|SE","18490.00","18879.00"
"29/12/2023 11:00 - 29/12/2023 12:00","CTA|SE","18732.00","18913.00"
"29/12/2023 12:00 - 29/12/2023 13:00","CTA|SE","18848.00","18906.00"
"29/12/2023 13:00 - 29/12/2023 14:00","CTA|SE","19009.00","18951.00"
"29/12/2023 14:00 - 29/12/2023 15:00","CTA|SE","19498.00","19188.00"
"29/12/2023 15:00 - 29/12/2023 16:00","CTA|SE","19516.00","19298.00"
"29/12/2023 16:00 - 29/12/2023 17:00","CTA|SE","19446.00","19319.00"
"29/12/2023 17:00 - 29/12/2023 18:00","CTA|SE","19213.00","18963.00"
"29/12/2023 18:00 - 29/12/2023 19:00","CTA|SE","18460.00","18426.00"
"29/12/2023 19:00 - 29/12/2023 20:00","CTA|SE","17879.00","17914.00"
"29/12/2023 20:00 - 29/12/2023 21:00","CTA|SE","17497.00","17424.00"
"29/12/2023 21:00 - 29/12/2023 22:00","CTA|SE","16951.00","16868.00"
"29/12/2023 22:00 - 29/12/2023 23:00","CTA|SE","17114.00","16405.00"
"29/12/2023 23:00 - 30/12/2023 00:00","CTA|SE","16865.00","15981.00"
"30/12/2023 00:00 - 30/12/2023 01:00","CTA|SE","15430.00","15801.00"
"30/12/2023 01:00 - 30/12/2023 02:00","CTA|SE","15447.00","15646.00"
"30/12/2023 02:00 - 30/12/2023 03:00","CTA|SE","15469.00","15623.00"
"30/12/2023 03:00 - 30/12/2023 04:00","CTA|SE","15363.00","15675.00"
"30/12/2023 04:00 - 30/12/2023 05:00","CTA|SE","15430.00","15891.00"
"30/12/2023 05:00 - 30/12/2023 06:00","CTA|SE","15725.00","16323.00"
"30/12/2023 06:00 - 30/12/2023 07:00","CTA|SE","15921.00","16862.00"
"30/12/2023 07:00 - 30/12/2023 08:00","CTA|SE","16506.00","17334.00"
"30/12/2023 08:00 - 30/12/2023 09:00","CTA|SE","17034.00","17726.00"
"30/12/2023 09:00 - 30/12/2023 10:00","CTA|SE","17664.00","18069.00"
"30/12/2023 10:00 - 30/12/2023 11:00","CTA|SE","17722.00","18217.00"
"30/12/2023 11:00 - 30/12/2023 12:00","CTA|SE","18089.00","18292.00"
"30/12/2023 12:00 - 30/12/2023 13:00","CTA|SE","18053.00","18293.00"
"30/12/2023 13:00 - 30/12/2023 14:00","CTA|SE","18214.00","18307.00"
"30/12/2023 14:00 - 30/12/2023 15:00","CTA|SE","18616.00","18606.00"
"30/12/2023 15:00 - 30/12/2023 16:00","CTA|SE","19105.00","19000.00"
"30/12/2023 16:00 - 30/12/2023 17:00","CTA|SE","19416.00","19137.00"
"30/12/2023 17:00 - 30/12/2023 18:00","CTA|SE","19085.00","18929.00"
"30/12/2023 18:00 - 30/12/2023 19:00","CTA|SE","18509.00","18508.00"
"30/12/2023 19:00 - 30/12/2023 20:00","CTA|SE","17890.00","18103.00"
"30/12/2023 20:00 - 30/12/2023 21:00","CTA|SE","17337.00","17782.00"
"30/12/2023 21:00 - 30/12/2023 22:00","CTA|SE","17026.00","17408.00"
"30/12/2023 22:00 - 30/12/2023 23:00","CTA|SE","16446.00","17001.00"
"30/12/2023 23:00 - 31/12/2023 00:00","CTA|SE","15967.00","16467.00"
"31/12/2023 00:00 - 31/12/2023 01:00","CTA|SE","15894.00","16111.00"
"31/12/2023 01:00 - 31/12/2023 02:00","CTA|SE","15676.00","16006.00"
"31/12/2023 02:00 - 31/12/2023 03:00","CTA|SE","15574.00","16007.00"
"31/12/2023 03:00 - 31/12/2023 04:00","CTA|SE","15647.00","16045.00"
"31/12/2023 04:00 - 31/12/2023 05:00","CTA|SE","15652.00","16203.00"
"31/12/2023 05:00 - 31/12/2023 06:00","CTA|SE","15900.00","16590.00"
"31/12/2023 06:00 - 31/12/2023 07:00","CTA|SE","16457.00","17091.00"
"31/12/2023 07:00 - 31/12/2023 08:00","CTA|SE","16976.00","17561.00"
"31/12/2023 08:00 - 31/12/2023 09:00","CTA|SE","17408.00","18014.00"
"31/12/2023 09:00 - 31/12/2023 10:00","CTA|SE","17978.00","18398.00"
"31/12/2023 10:00 - 31/12/2023 11:00","CTA|SE","18440.00","18586.00"
"31/12/2023 11:00 - 31/12/2023 12:00","CTA|SE","18466.00","18762.00"
"31/12/2023 12:00 - 31/12/2023 13:00","CTA|SE","18724.00","18824.00"
"31/12/2023 13:00 - 31/12/2023 14:00","CTA|SE","18877.00","19005.00"
"31/12/2023 14:00 - 31/12/2023 15:00","CTA|SE","19323.00","19439.00"
"31/12/2023 15:00 - 31/12/2023 16:00","CTA|SE","19836.00","19704.00"
"31/12/2023 16:00 - 31/12/2023 17:00","CTA|SE","19998.00","19675.00"
"31/12/2023 17:00 - 31/12/2023 18:00","CTA|SE","19625.00","19294.00"
"31/12/2023 18:00 - 31/12/2023 19:00","CTA|SE","18917.00","18742.00"
"31/12/2023 19:00 - 31/12/2023 20:00","CTA|SE","18251.00","18232.00"
"31/12/2023 20:00 - 31/12/2023 21:00","CTA|SE","17801.00","17869.00"
"31/12/2023 21:00 - 31/12/2023 22:00","CTA|SE","17233.00","17494.00"
"31/12/2023 22:00 - 31/12/2023 23:00","CTA|SE","16910.00","17160.00"
"31/12/2023 23:00 - 01/01/2024 00:00","CTA|SE","16961.00","16537.00"
